Vendor,device_type,model,mac_address,serial_number,band_type
Nokia,ONU,G-140W-C,AA:BB:01:00:00:01,SN-ONU-00001,dual_band
ZTE,Router,Archer C6,AA:BB:02:00:00:02,SN-Router-00002,single_band
TP-Link,Modem,MB8600,AA:BB:03:00:00:03,SN-Modem-00003,dual_band
Cisco,Access Point,EAP225,AA:BB:04:00:00:04,SN-AccessPoint-00004,single_band
Huawei,Switch,SG108,AA:BB:05:00:00:05,SN-Switch-00005,dual_band
Nokia,ONT,HG8145V5,AA:BB:06:00:00:06,SN-ONT-00006,single_band
ZTE,ONU,G-140W-C,AA:BB:07:00:00:07,SN-ONU-00007,dual_band
TP-Link,Router,Archer C6,AA:BB:08:00:00:08,SN-Router-00008,single_band
Cisco,Modem,MB8600,AA:BB:09:00:00:09,SN-Modem-00009,dual_band
Huawei,Access Point,EAP225,AA:BB:0A:00:00:0A,SN-AccessPoint-00010,single_band
Nokia,Switch,SG108,AA:BB:0B:00:00:0B,SN-Switch-00011,dual_band
ZTE,ONT,HG8145V5,AA:BB:0C:00:00:0C,SN-ONT-00012,single_band
TP-Link,ONU,G-140W-C,AA:BB:0D:00:00:0D,SN-ONU-00013,dual_band
Cisco,Router,Archer C6,AA:BB:0E:00:00:0E,SN-Router-00014,single_band
Huawei,Modem,MB8600,AA:BB:0F:00:00:0F,SN-Modem-00015,dual_band
Nokia,Access Point,EAP225,AA:BB:10:00:00:10,SN-AccessPoint-00016,single_band
ZTE,Switch,SG108,AA:BB:11:00:00:11,SN-Switch-00017,dual_band
TP-Link,ONT,HG8145V5,AA:BB:12:00:00:12,SN-ONT-00018,single_band
Cisco,ONU,G-140W-C,AA:BB:13:00:00:13,SN-ONU-00019,dual_band
Huawei,Router,Archer C6,AA:BB:14:00:00:14,SN-Router-00020,single_band
Nokia,Modem,MB8600,AA:BB:15:00:00:15,SN-Modem-00021,dual_band
ZTE,Access Point,EAP225,AA:BB:16:00:00:16,SN-AccessPoint-00022,single_band
TP-Link,Switch,SG108,AA:BB:17:00:00:17,SN-Switch-00023,dual_band
Cisco,ONT,HG8145V5,AA:BB:18:00:00:18,SN-ONT-00024,single_band
Huawei,ONU,G-140W-C,AA:BB:19:00:00:19,SN-ONU-00025,dual_band
Nokia,Router,Archer C6,AA:BB:1A:00:00:1A,SN-Router-00026,single_band
ZTE,Modem,MB8600,AA:BB:1B:00:00:1B,SN-Modem-00027,dual_band
TP-Link,Access Point,EAP225,AA:BB:1C:00:00:1C,SN-AccessPoint-00028,single_band
Cisco,Switch,SG108,AA:BB:1D:00:00:1D,SN-Switch-00029,dual_band
Huawei,ONT,HG8145V5,AA:BB:1E:00:00:1E,SN-ONT-00030,single_band
Nokia,ONU,G-140W-C,AA:BB:1F:00:00:1F,SN-ONU-00031,dual_band
ZTE,Router,Archer C6,AA:BB:20:00:00:20,SN-Router-00032,single_band
TP-Link,Modem,MB8600,AA:BB:21:00:00:21,SN-Modem-00033,dual_band
Cisco,Access Point,EAP225,AA:BB:22:00:00:22,SN-AccessPoint-00034,single_band
Huawei,Switch,SG108,AA:BB:23:00:00:23,SN-Switch-00035,dual_band
Nokia,ONT,HG8145V5,AA:BB:24:00:00:24,SN-ONT-00036,single_band
ZTE,ONU,G-140W-C,AA:BB:25:00:00:25,SN-ONU-00037,dual_band
TP-Link,Router,Archer C6,AA:BB:26:00:00:26,SN-Router-00038,single_band
Cisco,Modem,MB8600,AA:BB:27:00:00:27,SN-Modem-00039,dual_band
Huawei,Access Point,EAP225,AA:BB:28:00:00:28,SN-AccessPoint-00040,single_band
Nokia,Switch,SG108,AA:BB:29:00:00:29,SN-Switch-00041,dual_band
ZTE,ONT,HG8145V5,AA:BB:2A:00:00:2A,SN-ONT-00042,single_band
TP-Link,ONU,G-140W-C,AA:BB:2B:00:00:2B,SN-ONU-00043,dual_band
Cisco,Router,Archer C6,AA:BB:2C:00:00:2C,SN-Router-00044,single_band
Huawei,Modem,MB8600,AA:BB:2D:00:00:2D,SN-Modem-00045,dual_band
Nokia,Access Point,EAP225,AA:BB:2E:00:00:2E,SN-AccessPoint-00046,single_band
ZTE,Switch,SG108,AA:BB:2F:00:00:2F,SN-Switch-00047,dual_band
TP-Link,ONT,HG8145V5,AA:BB:30:00:00:30,SN-ONT-00048,single_band
Cisco,ONU,G-140W-C,AA:BB:31:00:00:31,SN-ONU-00049,dual_band
Huawei,Router,Archer C6,AA:BB:32:00:00:32,SN-Router-00050,single_band
Nokia,Modem,MB8600,AA:BB:33:00:00:33,SN-Modem-00051,dual_band
ZTE,Access Point,EAP225,AA:BB:34:00:00:34,SN-AccessPoint-00052,single_band
TP-Link,Switch,SG108,AA:BB:35:00:00:35,SN-Switch-00053,dual_band
Cisco,ONT,HG8145V5,AA:BB:36:00:00:36,SN-ONT-00054,single_band
Huawei,ONU,G-140W-C,AA:BB:37:00:00:37,SN-ONU-00055,dual_band
Nokia,Router,Archer C6,AA:BB:38:00:00:38,SN-Router-00056,single_band
ZTE,Modem,MB8600,AA:BB:39:00:00:39,SN-Modem-00057,dual_band
TP-Link,Access Point,EAP225,AA:BB:3A:00:00:3A,SN-AccessPoint-00058,single_band
Cisco,Switch,SG108,AA:BB:3B:00:00:3B,SN-Switch-00059,dual_band
Huawei,ONT,HG8145V5,AA:BB:3C:00:00:3C,SN-ONT-00060,single_band
Nokia,ONU,G-140W-C,AA:BB:3D:00:00:3D,SN-ONU-00061,dual_band
ZTE,Router,Archer C6,AA:BB:3E:00:00:3E,SN-Router-00062,single_band
TP-Link,Modem,MB8600,AA:BB:3F:00:00:3F,SN-Modem-00063,dual_band
Cisco,Access Point,EAP225,AA:BB:40:00:00:40,SN-AccessPoint-00064,single_band
Huawei,Switch,SG108,AA:BB:41:00:00:41,SN-Switch-00065,dual_band
Nokia,ONT,HG8145V5,AA:BB:42:00:00:42,SN-ONT-00066,single_band
ZTE,ONU,G-140W-C,AA:BB:43:00:00:43,SN-ONU-00067,dual_band
TP-Link,Router,Archer C6,AA:BB:44:00:00:44,SN-Router-00068,single_band
Cisco,Modem,MB8600,AA:BB:45:00:00:45,SN-Modem-00069,dual_band
Huawei,Access Point,EAP225,AA:BB:46:00:00:46,SN-AccessPoint-00070,single_band
Nokia,Switch,SG108,AA:BB:47:00:00:47,SN-Switch-00071,dual_band
ZTE,ONT,HG8145V5,AA:BB:48:00:00:48,SN-ONT-00072,single_band
TP-Link,ONU,G-140W-C,AA:BB:49:00:00:49,SN-ONU-00073,dual_band
Cisco,Router,Archer C6,AA:BB:4A:00:00:4A,SN-Router-00074,single_band
Huawei,Modem,MB8600,AA:BB:4B:00:00:4B,SN-Modem-00075,dual_band
Nokia,Access Point,EAP225,AA:BB:4C:00:00:4C,SN-AccessPoint-00076,single_band
ZTE,Switch,SG108,AA:BB:4D:00:00:4D,SN-Switch-00077,dual_band
TP-Link,ONT,HG8145V5,AA:BB:4E:00:00:4E,SN-ONT-00078,single_band
Cisco,ONU,G-140W-C,AA:BB:4F:00:00:4F,SN-ONU-00079,dual_band
Huawei,Router,Archer C6,AA:BB:50:00:00:50,SN-Router-00080,single_band
Nokia,Modem,MB8600,AA:BB:51:00:00:51,SN-Modem-00081,dual_band
ZTE,Access Point,EAP225,AA:BB:52:00:00:52,SN-AccessPoint-00082,single_band
TP-Link,Switch,SG108,AA:BB:53:00:00:53,SN-Switch-00083,dual_band
Cisco,ONT,HG8145V5,AA:BB:54:00:00:54,SN-ONT-00084,single_band
Huawei,ONU,G-140W-C,AA:BB:55:00:00:55,SN-ONU-00085,dual_band
Nokia,Router,Archer C6,AA:BB:56:00:00:56,SN-Router-00086,single_band
ZTE,Modem,MB8600,AA:BB:57:00:00:57,SN-Modem-00087,dual_band
TP-Link,Access Point,EAP225,AA:BB:58:00:00:58,SN-AccessPoint-00088,single_band
Cisco,Switch,SG108,AA:BB:59:00:00:59,SN-Switch-00089,dual_band
Huawei,ONT,HG8145V5,AA:BB:5A:00:00:5A,SN-ONT-00090,single_band
Nokia,ONU,G-140W-C,AA:BB:5B:00:00:5B,SN-ONU-00091,dual_band
ZTE,Router,Archer C6,AA:BB:5C:00:00:5C,SN-Router-00092,single_band
TP-Link,Modem,MB8600,AA:BB:5D:00:00:5D,SN-Modem-00093,dual_band
Cisco,Access Point,EAP225,AA:BB:5E:00:00:5E,SN-AccessPoint-00094,single_band
Huawei,Switch,SG108,AA:BB:5F:00:00:5F,SN-Switch-00095,dual_band
Nokia,ONT,HG8145V5,AA:BB:60:00:00:60,SN-ONT-00096,single_band
ZTE,ONU,G-140W-C,AA:BB:61:00:00:61,SN-ONU-00097,dual_band
TP-Link,Router,Archer C6,AA:BB:62:00:00:62,SN-Router-00098,single_band
Cisco,Modem,MB8600,AA:BB:63:00:00:63,SN-Modem-00099,dual_band
Huawei,Access Point,EAP225,AA:BB:64:00:00:64,SN-AccessPoint-00100,single_band
Nokia,Switch,SG108,AA:BB:65:00:00:65,SN-Switch-00101,dual_band
ZTE,ONT,HG8145V5,AA:BB:66:00:00:66,SN-ONT-00102,single_band
TP-Link,ONU,G-140W-C,AA:BB:67:00:00:67,SN-ONU-00103,dual_band
Cisco,Router,Archer C6,AA:BB:68:00:00:68,SN-Router-00104,single_band
Huawei,Modem,MB8600,AA:BB:69:00:00:69,SN-Modem-00105,dual_band
Nokia,Access Point,EAP225,AA:BB:6A:00:00:6A,SN-AccessPoint-00106,single_band
ZTE,Switch,SG108,AA:BB:6B:00:00:6B,SN-Switch-00107,dual_band
TP-Link,ONT,HG8145V5,AA:BB:6C:00:00:6C,SN-ONT-00108,single_band
Cisco,ONU,G-140W-C,AA:BB:6D:00:00:6D,SN-ONU-00109,dual_band
Huawei,Router,Archer C6,AA:BB:6E:00:00:6E,SN-Router-00110,single_band
Nokia,Modem,MB8600,AA:BB:6F:00:00:6F,SN-Modem-00111,dual_band
ZTE,Access Point,EAP225,AA:BB:70:00:00:70,SN-AccessPoint-00112,single_band
TP-Link,Switch,SG108,AA:BB:71:00:00:71,SN-Switch-00113,dual_band
Cisco,ONT,HG8145V5,AA:BB:72:00:00:72,SN-ONT-00114,single_band
Huawei,ONU,G-140W-C,AA:BB:73:00:00:73,SN-ONU-00115,dual_band
Nokia,Router,Archer C6,AA:BB:74:00:00:74,SN-Router-00116,single_band
ZTE,Modem,MB8600,AA:BB:75:00:00:75,SN-Modem-00117,dual_band
TP-Link,Access Point,EAP225,AA:BB:76:00:00:76,SN-AccessPoint-00118,single_band
Cisco,Switch,SG108,AA:BB:77:00:00:77,SN-Switch-00119,dual_band
Huawei,ONT,HG8145V5,AA:BB:78:00:00:78,SN-ONT-00120,single_band
Nokia,ONU,G-140W-C,AA:BB:79:00:00:79,SN-ONU-00121,dual_band
ZTE,Router,Archer C6,AA:BB:7A:00:00:7A,SN-Router-00122,single_band
TP-Link,Modem,MB8600,AA:BB:7B:00:00:7B,SN-Modem-00123,dual_band
Cisco,Access Point,EAP225,AA:BB:7C:00:00:7C,SN-AccessPoint-00124,single_band
Huawei,Switch,SG108,AA:BB:7D:00:00:7D,SN-Switch-00125,dual_band
Nokia,ONT,HG8145V5,AA:BB:7E:00:00:7E,SN-ONT-00126,single_band
ZTE,ONU,G-140W-C,AA:BB:7F:00:00:7F,SN-ONU-00127,dual_band
TP-Link,Router,Archer C6,AA:BB:80:00:00:80,SN-Router-00128,single_band
Cisco,Modem,MB8600,AA:BB:81:00:01:81,SN-Modem-00129,dual_band
Huawei,Access Point,EAP225,AA:BB:82:00:01:82,SN-AccessPoint-00130,single_band
Nokia,Switch,SG108,AA:BB:83:00:01:83,SN-Switch-00131,dual_band
ZTE,ONT,HG8145V5,AA:BB:84:00:01:84,SN-ONT-00132,single_band
TP-Link,ONU,G-140W-C,AA:BB:85:00:01:85,SN-ONU-00133,dual_band
Cisco,Router,Archer C6,AA:BB:86:00:01:86,SN-Router-00134,single_band
Huawei,Modem,MB8600,AA:BB:87:00:01:87,SN-Modem-00135,dual_band
Nokia,Access Point,EAP225,AA:BB:88:00:01:88,SN-AccessPoint-00136,single_band
ZTE,Switch,SG108,AA:BB:89:00:01:89,SN-Switch-00137,dual_band
TP-Link,ONT,HG8145V5,AA:BB:8A:00:01:8A,SN-ONT-00138,single_band
Cisco,ONU,G-140W-C,AA:BB:8B:00:01:8B,SN-ONU-00139,dual_band
Huawei,Router,Archer C6,AA:BB:8C:00:01:8C,SN-Router-00140,single_band
Nokia,Modem,MB8600,AA:BB:8D:00:01:8D,SN-Modem-00141,dual_band
ZTE,Access Point,EAP225,AA:BB:8E:00:01:8E,SN-AccessPoint-00142,single_band
TP-Link,Switch,SG108,AA:BB:8F:00:01:8F,SN-Switch-00143,dual_band
Cisco,ONT,HG8145V5,AA:BB:90:00:01:90,SN-ONT-00144,single_band
Huawei,ONU,G-140W-C,AA:BB:91:00:01:91,SN-ONU-00145,dual_band
Nokia,Router,Archer C6,AA:BB:92:00:01:92,SN-Router-00146,single_band
ZTE,Modem,MB8600,AA:BB:93:00:01:93,SN-Modem-00147,dual_band
TP-Link,Access Point,EAP225,AA:BB:94:00:01:94,SN-AccessPoint-00148,single_band
Cisco,Switch,SG108,AA:BB:95:00:01:95,SN-Switch-00149,dual_band
Huawei,ONT,HG8145V5,AA:BB:96:00:01:96,SN-ONT-00150,single_band
Nokia,ONU,G-140W-C,AA:BB:97:00:01:97,SN-ONU-00151,dual_band
ZTE,Router,Archer C6,AA:BB:98:00:01:98,SN-Router-00152,single_band
TP-Link,Modem,MB8600,AA:BB:99:00:01:99,SN-Modem-00153,dual_band
Cisco,Access Point,EAP225,AA:BB:9A:00:01:9A,SN-AccessPoint-00154,single_band
Huawei,Switch,SG108,AA:BB:9B:00:01:9B,SN-Switch-00155,dual_band
Nokia,ONT,HG8145V5,AA:BB:9C:00:01:9C,SN-ONT-00156,single_band
ZTE,ONU,G-140W-C,AA:BB:9D:00:01:9D,SN-ONU-00157,dual_band
TP-Link,Router,Archer C6,AA:BB:9E:00:01:9E,SN-Router-00158,single_band
Cisco,Modem,MB8600,AA:BB:9F:00:01:9F,SN-Modem-00159,dual_band
Huawei,Access Point,EAP225,AA:BB:A0:00:01:A0,SN-AccessPoint-00160,single_band
Nokia,Switch,SG108,AA:BB:A1:00:01:A1,SN-Switch-00161,dual_band
ZTE,ONT,HG8145V5,AA:BB:A2:00:01:A2,SN-ONT-00162,single_band
TP-Link,ONU,G-140W-C,AA:BB:A3:00:01:A3,SN-ONU-00163,dual_band
Cisco,Router,Archer C6,AA:BB:A4:00:01:A4,SN-Router-00164,single_band
Huawei,Modem,MB8600,AA:BB:A5:00:01:A5,SN-Modem-00165,dual_band
Nokia,Access Point,EAP225,AA:BB:A6:00:01:A6,SN-AccessPoint-00166,single_band
ZTE,Switch,SG108,AA:BB:A7:00:01:A7,SN-Switch-00167,dual_band
TP-Link,ONT,HG8145V5,AA:BB:A8:00:01:A8,SN-ONT-00168,single_band
Cisco,ONU,G-140W-C,AA:BB:A9:00:01:A9,SN-ONU-00169,dual_band
Huawei,Router,Archer C6,AA:BB:AA:00:01:AA,SN-Router-00170,single_band
Nokia,Modem,MB8600,AA:BB:AB:00:01:AB,SN-Modem-00171,dual_band
ZTE,Access Point,EAP225,AA:BB:AC:00:01:AC,SN-AccessPoint-00172,single_band
TP-Link,Switch,SG108,AA:BB:AD:00:01:AD,SN-Switch-00173,dual_band
Cisco,ONT,HG8145V5,AA:BB:AE:00:01:AE,SN-ONT-00174,single_band
Huawei,ONU,G-140W-C,AA:BB:AF:00:01:AF,SN-ONU-00175,dual_band
Nokia,Router,Archer C6,AA:BB:B0:00:01:B0,SN-Router-00176,single_band
ZTE,Modem,MB8600,AA:BB:B1:00:01:B1,SN-Modem-00177,dual_band
TP-Link,Access Point,EAP225,AA:BB:B2:00:01:B2,SN-AccessPoint-00178,single_band
Cisco,Switch,SG108,AA:BB:B3:00:01:B3,SN-Switch-00179,dual_band
Huawei,ONT,HG8145V5,AA:BB:B4:00:01:B4,SN-ONT-00180,single_band
Nokia,ONU,G-140W-C,AA:BB:B5:00:01:B5,SN-ONU-00181,dual_band
ZTE,Router,Archer C6,AA:BB:B6:00:01:B6,SN-Router-00182,single_band
TP-Link,Modem,MB8600,AA:BB:B7:00:01:B7,SN-Modem-00183,dual_band
Cisco,Access Point,EAP225,AA:BB:B8:00:01:B8,SN-AccessPoint-00184,single_band
Huawei,Switch,SG108,AA:BB:B9:00:01:B9,SN-Switch-00185,dual_band
Nokia,ONT,HG8145V5,AA:BB:BA:00:01:BA,SN-ONT-00186,single_band
ZTE,ONU,G-140W-C,AA:BB:BB:00:01:BB,SN-ONU-00187,dual_band
TP-Link,Router,Archer C6,AA:BB:BC:00:01:BC,SN-Router-00188,single_band
Cisco,Modem,MB8600,AA:BB:BD:00:01:BD,SN-Modem-00189,dual_band
Huawei,Access Point,EAP225,AA:BB:BE:00:01:BE,SN-AccessPoint-00190,single_band
Nokia,Switch,SG108,AA:BB:BF:00:01:BF,SN-Switch-00191,dual_band
ZTE,ONT,HG8145V5,AA:BB:C0:00:01:C0,SN-ONT-00192,single_band
TP-Link,ONU,G-140W-C,AA:BB:C1:00:01:C1,SN-ONU-00193,dual_band
Cisco,Router,Archer C6,AA:BB:C2:00:01:C2,SN-Router-00194,single_band
Huawei,Modem,MB8600,AA:BB:C3:00:01:C3,SN-Modem-00195,dual_band
Nokia,Access Point,EAP225,AA:BB:C4:00:01:C4,SN-AccessPoint-00196,single_band
ZTE,Switch,SG108,AA:BB:C5:00:01:C5,SN-Switch-00197,dual_band
TP-Link,ONT,HG8145V5,AA:BB:C6:00:01:C6,SN-ONT-00198,single_band
Cisco,ONU,G-140W-C,AA:BB:C7:00:01:C7,SN-ONU-00199,dual_band
Huawei,Router,Archer C6,AA:BB:C8:00:01:C8,SN-Router-00200,single_band
Nokia,Modem,MB8600,AA:BB:C9:00:01:C9,SN-Modem-00201,dual_band
ZTE,Access Point,EAP225,AA:BB:CA:00:01:CA,SN-AccessPoint-00202,single_band
TP-Link,Switch,SG108,AA:BB:CB:00:01:CB,SN-Switch-00203,dual_band
Cisco,ONT,HG8145V5,AA:BB:CC:00:01:CC,SN-ONT-00204,single_band
Huawei,ONU,G-140W-C,AA:BB:CD:00:01:CD,SN-ONU-00205,dual_band
Nokia,Router,Archer C6,AA:BB:CE:00:01:CE,SN-Router-00206,single_band
ZTE,Modem,MB8600,AA:BB:CF:00:01:CF,SN-Modem-00207,dual_band
TP-Link,Access Point,EAP225,AA:BB:D0:00:01:D0,SN-AccessPoint-00208,single_band
Cisco,Switch,SG108,AA:BB:D1:00:01:D1,SN-Switch-00209,dual_band
Huawei,ONT,HG8145V5,AA:BB:D2:00:01:D2,SN-ONT-00210,single_band
Nokia,ONU,G-140W-C,AA:BB:D3:00:01:D3,SN-ONU-00211,dual_band
ZTE,Router,Archer C6,AA:BB:D4:00:01:D4,SN-Router-00212,single_band
TP-Link,Modem,MB8600,AA:BB:D5:00:01:D5,SN-Modem-00213,dual_band
Cisco,Access Point,EAP225,AA:BB:D6:00:01:D6,SN-AccessPoint-00214,single_band
Huawei,Switch,SG108,AA:BB:D7:00:01:D7,SN-Switch-00215,dual_band
Nokia,ONT,HG8145V5,AA:BB:D8:00:01:D8,SN-ONT-00216,single_band
ZTE,ONU,G-140W-C,AA:BB:D9:00:01:D9,SN-ONU-00217,dual_band
TP-Link,Router,Archer C6,AA:BB:DA:00:01:DA,SN-Router-00218,single_band
Cisco,Modem,MB8600,AA:BB:DB:00:01:DB,SN-Modem-00219,dual_band
Huawei,Access Point,EAP225,AA:BB:DC:00:01:DC,SN-AccessPoint-00220,single_band
Nokia,Switch,SG108,AA:BB:DD:00:01:DD,SN-Switch-00221,dual_band
ZTE,ONT,HG8145V5,AA:BB:DE:00:01:DE,SN-ONT-00222,single_band
TP-Link,ONU,G-140W-C,AA:BB:DF:00:01:DF,SN-ONU-00223,dual_band
Cisco,Router,Archer C6,AA:BB:E0:00:01:E0,SN-Router-00224,single_band
Huawei,Modem,MB8600,AA:BB:E1:00:01:E1,SN-Modem-00225,dual_band
Nokia,Access Point,EAP225,AA:BB:E2:00:01:E2,SN-AccessPoint-00226,single_band
ZTE,Switch,SG108,AA:BB:E3:00:01:E3,SN-Switch-00227,dual_band
TP-Link,ONT,HG8145V5,AA:BB:E4:00:01:E4,SN-ONT-00228,single_band
Cisco,ONU,G-140W-C,AA:BB:E5:00:01:E5,SN-ONU-00229,dual_band
Huawei,Router,Archer C6,AA:BB:E6:00:01:E6,SN-Router-00230,single_band
Nokia,Modem,MB8600,AA:BB:E7:00:01:E7,SN-Modem-00231,dual_band
ZTE,Access Point,EAP225,AA:BB:E8:00:01:E8,SN-AccessPoint-00232,single_band
TP-Link,Switch,SG108,AA:BB:E9:00:01:E9,SN-Switch-00233,dual_band
Cisco,ONT,HG8145V5,AA:BB:EA:00:01:EA,SN-ONT-00234,single_band
Huawei,ONU,G-140W-C,AA:BB:EB:00:01:EB,SN-ONU-00235,dual_band
Nokia,Router,Archer C6,AA:BB:EC:00:01:EC,SN-Router-00236,single_band
ZTE,Modem,MB8600,AA:BB:ED:00:01:ED,SN-Modem-00237,dual_band
TP-Link,Access Point,EAP225,AA:BB:EE:00:01:EE,SN-AccessPoint-00238,single_band
Cisco,Switch,SG108,AA:BB:EF:00:01:EF,SN-Switch-00239,dual_band
Huawei,ONT,HG8145V5,AA:BB:F0:00:01:F0,SN-ONT-00240,single_band
Nokia,ONU,G-140W-C,AA:BB:F1:00:01:F1,SN-ONU-00241,dual_band
ZTE,Router,Archer C6,AA:BB:F2:00:01:F2,SN-Router-00242,single_band
TP-Link,Modem,MB8600,AA:BB:F3:00:01:F3,SN-Modem-00243,dual_band
Cisco,Access Point,EAP225,AA:BB:F4:00:01:F4,SN-AccessPoint-00244,single_band
Huawei,Switch,SG108,AA:BB:F5:00:01:F5,SN-Switch-00245,dual_band
Nokia,ONT,HG8145V5,AA:BB:F6:00:01:F6,SN-ONT-00246,single_band
ZTE,ONU,G-140W-C,AA:BB:F7:00:01:F7,SN-ONU-00247,dual_band
TP-Link,Router,Archer C6,AA:BB:F8:00:01:F8,SN-Router-00248,single_band
Cisco,Modem,MB8600,AA:BB:F9:00:01:F9,SN-Modem-00249,dual_band
Huawei,Access Point,EAP225,AA:BB:FA:00:01:FA,SN-AccessPoint-00250,single_band
Nokia,Switch,SG108,AA:BB:FB:00:01:FB,SN-Switch-00251,dual_band
ZTE,ONT,HG8145V5,AA:BB:FC:00:01:FC,SN-ONT-00252,single_band
TP-Link,ONU,G-140W-C,AA:BB:FD:00:01:FD,SN-ONU-00253,dual_band
Cisco,Router,Archer C6,AA:BB:FE:00:01:FE,SN-Router-00254,single_band
Huawei,Modem,MB8600,AA:BB:FF:00:01:FF,SN-Modem-00255,dual_band
Nokia,Access Point,EAP225,AA:BB:00:00:01:00,SN-AccessPoint-00256,single_band
ZTE,Switch,SG108,AA:BB:01:00:01:01,SN-Switch-00257,dual_band
TP-Link,ONT,HG8145V5,AA:BB:02:00:01:02,SN-ONT-00258,single_band
Cisco,ONU,G-140W-C,AA:BB:03:00:01:03,SN-ONU-00259,dual_band
Huawei,Router,Archer C6,AA:BB:04:00:01:04,SN-Router-00260,single_band
Nokia,Modem,MB8600,AA:BB:05:00:01:05,SN-Modem-00261,dual_band
ZTE,Access Point,EAP225,AA:BB:06:00:01:06,SN-AccessPoint-00262,single_band
TP-Link,Switch,SG108,AA:BB:07:00:01:07,SN-Switch-00263,dual_band
Cisco,ONT,HG8145V5,AA:BB:08:00:01:08,SN-ONT-00264,single_band
Huawei,ONU,G-140W-C,AA:BB:09:00:01:09,SN-ONU-00265,dual_band
Nokia,Router,Archer C6,AA:BB:0A:00:01:0A,SN-Router-00266,single_band
ZTE,Modem,MB8600,AA:BB:0B:00:01:0B,SN-Modem-00267,dual_band
TP-Link,Access Point,EAP225,AA:BB:0C:00:01:0C,SN-AccessPoint-00268,single_band
Cisco,Switch,SG108,AA:BB:0D:00:01:0D,SN-Switch-00269,dual_band
Huawei,ONT,HG8145V5,AA:BB:0E:00:01:0E,SN-ONT-00270,single_band
Nokia,ONU,G-140W-C,AA:BB:0F:00:01:0F,SN-ONU-00271,dual_band
ZTE,Router,Archer C6,AA:BB:10:00:01:10,SN-Router-00272,single_band
TP-Link,Modem,MB8600,AA:BB:11:00:01:11,SN-Modem-00273,dual_band
Cisco,Access Point,EAP225,AA:BB:12:00:01:12,SN-AccessPoint-00274,single_band
Huawei,Switch,SG108,AA:BB:13:00:01:13,SN-Switch-00275,dual_band
Nokia,ONT,HG8145V5,AA:BB:14:00:01:14,SN-ONT-00276,single_band
ZTE,ONU,G-140W-C,AA:BB:15:00:01:15,SN-ONU-00277,dual_band
TP-Link,Router,Archer C6,AA:BB:16:00:01:16,SN-Router-00278,single_band
Cisco,Modem,MB8600,AA:BB:17:00:01:17,SN-Modem-00279,dual_band
Huawei,Access Point,EAP225,AA:BB:18:00:01:18,SN-AccessPoint-00280,single_band
Nokia,Switch,SG108,AA:BB:19:00:01:19,SN-Switch-00281,dual_band
ZTE,ONT,HG8145V5,AA:BB:1A:00:01:1A,SN-ONT-00282,single_band
TP-Link,ONU,G-140W-C,AA:BB:1B:00:01:1B,SN-ONU-00283,dual_band
Cisco,Router,Archer C6,AA:BB:1C:00:01:1C,SN-Router-00284,single_band
Huawei,Modem,MB8600,AA:BB:1D:00:01:1D,SN-Modem-00285,dual_band
Nokia,Access Point,EAP225,AA:BB:1E:00:01:1E,SN-AccessPoint-00286,single_band
ZTE,Switch,SG108,AA:BB:1F:00:01:1F,SN-Switch-00287,dual_band
TP-Link,ONT,HG8145V5,AA:BB:20:00:01:20,SN-ONT-00288,single_band
Cisco,ONU,G-140W-C,AA:BB:21:00:01:21,SN-ONU-00289,dual_band
Huawei,Router,Archer C6,AA:BB:22:00:01:22,SN-Router-00290,single_band
Nokia,Modem,MB8600,AA:BB:23:00:01:23,SN-Modem-00291,dual_band
ZTE,Access Point,EAP225,AA:BB:24:00:01:24,SN-AccessPoint-00292,single_band
TP-Link,Switch,SG108,AA:BB:25:00:01:25,SN-Switch-00293,dual_band
Cisco,ONT,HG8145V5,AA:BB:26:00:01:26,SN-ONT-00294,single_band
Huawei,ONU,G-140W-C,AA:BB:27:00:01:27,SN-ONU-00295,dual_band
Nokia,Router,Archer C6,AA:BB:28:00:01:28,SN-Router-00296,single_band
ZTE,Modem,MB8600,AA:BB:29:00:01:29,SN-Modem-00297,dual_band
TP-Link,Access Point,EAP225,AA:BB:2A:00:01:2A,SN-AccessPoint-00298,single_band
Cisco,Switch,SG108,AA:BB:2B:00:01:2B,SN-Switch-00299,dual_band
Huawei,ONT,HG8145V5,AA:BB:2C:00:01:2C,SN-ONT-00300,single_band
Nokia,ONU,G-140W-C,AA:BB:2D:00:01:2D,SN-ONU-00301,dual_band
ZTE,Router,Archer C6,AA:BB:2E:00:01:2E,SN-Router-00302,single_band
TP-Link,Modem,MB8600,AA:BB:2F:00:01:2F,SN-Modem-00303,dual_band
Cisco,Access Point,EAP225,AA:BB:30:00:01:30,SN-AccessPoint-00304,single_band
Huawei,Switch,SG108,AA:BB:31:00:01:31,SN-Switch-00305,dual_band
Nokia,ONT,HG8145V5,AA:BB:32:00:01:32,SN-ONT-00306,single_band
ZTE,ONU,G-140W-C,AA:BB:33:00:01:33,SN-ONU-00307,dual_band
TP-Link,Router,Archer C6,AA:BB:34:00:01:34,SN-Router-00308,single_band
Cisco,Modem,MB8600,AA:BB:35:00:01:35,SN-Modem-00309,dual_band
Huawei,Access Point,EAP225,AA:BB:36:00:01:36,SN-AccessPoint-00310,single_band
Nokia,Switch,SG108,AA:BB:37:00:01:37,SN-Switch-00311,dual_band
ZTE,ONT,HG8145V5,AA:BB:38:00:01:38,SN-ONT-00312,single_band
TP-Link,ONU,G-140W-C,AA:BB:39:00:01:39,SN-ONU-00313,dual_band
Cisco,Router,Archer C6,AA:BB:3A:00:01:3A,SN-Router-00314,single_band
Huawei,Modem,MB8600,AA:BB:3B:00:01:3B,SN-Modem-00315,dual_band
Nokia,Access Point,EAP225,AA:BB:3C:00:01:3C,SN-AccessPoint-00316,single_band
ZTE,Switch,SG108,AA:BB:3D:00:01:3D,SN-Switch-00317,dual_band
TP-Link,ONT,HG8145V5,AA:BB:3E:00:01:3E,SN-ONT-00318,single_band
Cisco,ONU,G-140W-C,AA:BB:3F:00:01:3F,SN-ONU-00319,dual_band
Huawei,Router,Archer C6,AA:BB:40:00:01:40,SN-Router-00320,single_band
Nokia,Modem,MB8600,AA:BB:41:00:01:41,SN-Modem-00321,dual_band
ZTE,Access Point,EAP225,AA:BB:42:00:01:42,SN-AccessPoint-00322,single_band
TP-Link,Switch,SG108,AA:BB:43:00:01:43,SN-Switch-00323,dual_band
Cisco,ONT,HG8145V5,AA:BB:44:00:01:44,SN-ONT-00324,single_band
Huawei,ONU,G-140W-C,AA:BB:45:00:01:45,SN-ONU-00325,dual_band
Nokia,Router,Archer C6,AA:BB:46:00:01:46,SN-Router-00326,single_band
ZTE,Modem,MB8600,AA:BB:47:00:01:47,SN-Modem-00327,dual_band
TP-Link,Access Point,EAP225,AA:BB:48:00:01:48,SN-AccessPoint-00328,single_band
Cisco,Switch,SG108,AA:BB:49:00:01:49,SN-Switch-00329,dual_band
Huawei,ONT,HG8145V5,AA:BB:4A:00:01:4A,SN-ONT-00330,single_band
Nokia,ONU,G-140W-C,AA:BB:4B:00:01:4B,SN-ONU-00331,dual_band
ZTE,Router,Archer C6,AA:BB:4C:00:01:4C,SN-Router-00332,single_band
TP-Link,Modem,MB8600,AA:BB:4D:00:01:4D,SN-Modem-00333,dual_band
Cisco,Access Point,EAP225,AA:BB:4E:00:01:4E,SN-AccessPoint-00334,single_band
Huawei,Switch,SG108,AA:BB:4F:00:01:4F,SN-Switch-00335,dual_band
Nokia,ONT,HG8145V5,AA:BB:50:00:01:50,SN-ONT-00336,single_band
ZTE,ONU,G-140W-C,AA:BB:51:00:01:51,SN-ONU-00337,dual_band
TP-Link,Router,Archer C6,AA:BB:52:00:01:52,SN-Router-00338,single_band
Cisco,Modem,MB8600,AA:BB:53:00:01:53,SN-Modem-00339,dual_band
Huawei,Access Point,EAP225,AA:BB:54:00:01:54,SN-AccessPoint-00340,single_band
Nokia,Switch,SG108,AA:BB:55:00:01:55,SN-Switch-00341,dual_band
ZTE,ONT,HG8145V5,AA:BB:56:00:01:56,SN-ONT-00342,single_band
TP-Link,ONU,G-140W-C,AA:BB:57:00:01:57,SN-ONU-00343,dual_band
Cisco,Router,Archer C6,AA:BB:58:00:01:58,SN-Router-00344,single_band
Huawei,Modem,MB8600,AA:BB:59:00:01:59,SN-Modem-00345,dual_band
Nokia,Access Point,EAP225,AA:BB:5A:00:01:5A,SN-AccessPoint-00346,single_band
ZTE,Switch,SG108,AA:BB:5B:00:01:5B,SN-Switch-00347,dual_band
TP-Link,ONT,HG8145V5,AA:BB:5C:00:01:5C,SN-ONT-00348,single_band
Cisco,ONU,G-140W-C,AA:BB:5D:00:01:5D,SN-ONU-00349,dual_band
Huawei,Router,Archer C6,AA:BB:5E:00:01:5E,SN-Router-00350,single_band
Nokia,Modem,MB8600,AA:BB:5F:00:01:5F,SN-Modem-00351,dual_band
ZTE,Access Point,EAP225,AA:BB:60:00:01:60,SN-AccessPoint-00352,single_band
TP-Link,Switch,SG108,AA:BB:61:00:01:61,SN-Switch-00353,dual_band
Cisco,ONT,HG8145V5,AA:BB:62:00:01:62,SN-ONT-00354,single_band
Huawei,ONU,G-140W-C,AA:BB:63:00:01:63,SN-ONU-00355,dual_band
Nokia,Router,Archer C6,AA:BB:64:00:01:64,SN-Router-00356,single_band
ZTE,Modem,MB8600,AA:BB:65:00:01:65,SN-Modem-00357,dual_band
TP-Link,Access Point,EAP225,AA:BB:66:00:01:66,SN-AccessPoint-00358,single_band
Cisco,Switch,SG108,AA:BB:67:00:01:67,SN-Switch-00359,dual_band
Huawei,ONT,HG8145V5,AA:BB:68:00:01:68,SN-ONT-00360,single_band
Nokia,ONU,G-140W-C,AA:BB:69:00:01:69,SN-ONU-00361,dual_band
ZTE,Router,Archer C6,AA:BB:6A:00:01:6A,SN-Router-00362,single_band
TP-Link,Modem,MB8600,AA:BB:6B:00:01:6B,SN-Modem-00363,dual_band
Cisco,Access Point,EAP225,AA:BB:6C:00:01:6C,SN-AccessPoint-00364,single_band
Huawei,Switch,SG108,AA:BB:6D:00:01:6D,SN-Switch-00365,dual_band
Nokia,ONT,HG8145V5,AA:BB:6E:00:01:6E,SN-ONT-00366,single_band
ZTE,ONU,G-140W-C,AA:BB:6F:00:01:6F,SN-ONU-00367,dual_band
TP-Link,Router,Archer C6,AA:BB:70:00:01:70,SN-Router-00368,single_band
Cisco,Modem,MB8600,AA:BB:71:00:01:71,SN-Modem-00369,dual_band
Huawei,Access Point,EAP225,AA:BB:72:00:01:72,SN-AccessPoint-00370,single_band
Nokia,Switch,SG108,AA:BB:73:00:01:73,SN-Switch-00371,dual_band
ZTE,ONT,HG8145V5,AA:BB:74:00:01:74,SN-ONT-00372,single_band
TP-Link,ONU,G-140W-C,AA:BB:75:00:01:75,SN-ONU-00373,dual_band
Cisco,Router,Archer C6,AA:BB:76:00:01:76,SN-Router-00374,single_band
Huawei,Modem,MB8600,AA:BB:77:00:01:77,SN-Modem-00375,dual_band
Nokia,Access Point,EAP225,AA:BB:78:00:01:78,SN-AccessPoint-00376,single_band
ZTE,Switch,SG108,AA:BB:79:00:01:79,SN-Switch-00377,dual_band
TP-Link,ONT,HG8145V5,AA:BB:7A:00:01:7A,SN-ONT-00378,single_band
Cisco,ONU,G-140W-C,AA:BB:7B:00:01:7B,SN-ONU-00379,dual_band
Huawei,Router,Archer C6,AA:BB:7C:00:01:7C,SN-Router-00380,single_band
Nokia,Modem,MB8600,AA:BB:7D:00:01:7D,SN-Modem-00381,dual_band
ZTE,Access Point,EAP225,AA:BB:7E:00:01:7E,SN-AccessPoint-00382,single_band
TP-Link,Switch,SG108,AA:BB:7F:00:01:7F,SN-Switch-00383,dual_band
Cisco,ONT,HG8145V5,AA:BB:80:00:02:80,SN-ONT-00384,single_band
Huawei,ONU,G-140W-C,AA:BB:81:00:02:81,SN-ONU-00385,dual_band
Nokia,Router,Archer C6,AA:BB:82:00:02:82,SN-Router-00386,single_band
ZTE,Modem,MB8600,AA:BB:83:00:02:83,SN-Modem-00387,dual_band
TP-Link,Access Point,EAP225,AA:BB:84:00:02:84,SN-AccessPoint-00388,single_band
Cisco,Switch,SG108,AA:BB:85:00:02:85,SN-Switch-00389,dual_band
Huawei,ONT,HG8145V5,AA:BB:86:00:02:86,SN-ONT-00390,single_band
Nokia,ONU,G-140W-C,AA:BB:87:00:02:87,SN-ONU-00391,dual_band
ZTE,Router,Archer C6,AA:BB:88:00:02:88,SN-Router-00392,single_band
TP-Link,Modem,MB8600,AA:BB:89:00:02:89,SN-Modem-00393,dual_band
Cisco,Access Point,EAP225,AA:BB:8A:00:02:8A,SN-AccessPoint-00394,single_band
Huawei,Switch,SG108,AA:BB:8B:00:02:8B,SN-Switch-00395,dual_band
Nokia,ONT,HG8145V5,AA:BB:8C:00:02:8C,SN-ONT-00396,single_band
ZTE,ONU,G-140W-C,AA:BB:8D:00:02:8D,SN-ONU-00397,dual_band
TP-Link,Router,Archer C6,AA:BB:8E:00:02:8E,SN-Router-00398,single_band
Cisco,Modem,MB8600,AA:BB:8F:00:02:8F,SN-Modem-00399,dual_band
Huawei,Access Point,EAP225,AA:BB:90:00:02:90,SN-AccessPoint-00400,single_band
Nokia,Switch,SG108,AA:BB:91:00:02:91,SN-Switch-00401,dual_band
ZTE,ONT,HG8145V5,AA:BB:92:00:02:92,SN-ONT-00402,single_band
TP-Link,ONU,G-140W-C,AA:BB:93:00:02:93,SN-ONU-00403,dual_band
Cisco,Router,Archer C6,AA:BB:94:00:02:94,SN-Router-00404,single_band
Huawei,Modem,MB8600,AA:BB:95:00:02:95,SN-Modem-00405,dual_band
Nokia,Access Point,EAP225,AA:BB:96:00:02:96,SN-AccessPoint-00406,single_band
ZTE,Switch,SG108,AA:BB:97:00:02:97,SN-Switch-00407,dual_band
TP-Link,ONT,HG8145V5,AA:BB:98:00:02:98,SN-ONT-00408,single_band
Cisco,ONU,G-140W-C,AA:BB:99:00:02:99,SN-ONU-00409,dual_band
Huawei,Router,Archer C6,AA:BB:9A:00:02:9A,SN-Router-00410,single_band
Nokia,Modem,MB8600,AA:BB:9B:00:02:9B,SN-Modem-00411,dual_band
ZTE,Access Point,EAP225,AA:BB:9C:00:02:9C,SN-AccessPoint-00412,single_band
TP-Link,Switch,SG108,AA:BB:9D:00:02:9D,SN-Switch-00413,dual_band
Cisco,ONT,HG8145V5,AA:BB:9E:00:02:9E,SN-ONT-00414,single_band
Huawei,ONU,G-140W-C,AA:BB:9F:00:02:9F,SN-ONU-00415,dual_band
Nokia,Router,Archer C6,AA:BB:A0:00:02:A0,SN-Router-00416,single_band
ZTE,Modem,MB8600,AA:BB:A1:00:02:A1,SN-Modem-00417,dual_band
TP-Link,Access Point,EAP225,AA:BB:A2:00:02:A2,SN-AccessPoint-00418,single_band
Cisco,Switch,SG108,AA:BB:A3:00:02:A3,SN-Switch-00419,dual_band
Huawei,ONT,HG8145V5,AA:BB:A4:00:02:A4,SN-ONT-00420,single_band
Nokia,ONU,G-140W-C,AA:BB:A5:00:02:A5,SN-ONU-00421,dual_band
ZTE,Router,Archer C6,AA:BB:A6:00:02:A6,SN-Router-00422,single_band
TP-Link,Modem,MB8600,AA:BB:A7:00:02:A7,SN-Modem-00423,dual_band
Cisco,Access Point,EAP225,AA:BB:A8:00:02:A8,SN-AccessPoint-00424,single_band
Huawei,Switch,SG108,AA:BB:A9:00:02:A9,SN-Switch-00425,dual_band
Nokia,ONT,HG8145V5,AA:BB:AA:00:02:AA,SN-ONT-00426,single_band
ZTE,ONU,G-140W-C,AA:BB:AB:00:02:AB,SN-ONU-00427,dual_band
TP-Link,Router,Archer C6,AA:BB:AC:00:02:AC,SN-Router-00428,single_band
Cisco,Modem,MB8600,AA:BB:AD:00:02:AD,SN-Modem-00429,dual_band
Huawei,Access Point,EAP225,AA:BB:AE:00:02:AE,SN-AccessPoint-00430,single_band
Nokia,Switch,SG108,AA:BB:AF:00:02:AF,SN-Switch-00431,dual_band
ZTE,ONT,HG8145V5,AA:BB:B0:00:02:B0,SN-ONT-00432,single_band
TP-Link,ONU,G-140W-C,AA:BB:B1:00:02:B1,SN-ONU-00433,dual_band
Cisco,Router,Archer C6,AA:BB:B2:00:02:B2,SN-Router-00434,single_band
Huawei,Modem,MB8600,AA:BB:B3:00:02:B3,SN-Modem-00435,dual_band
Nokia,Access Point,EAP225,AA:BB:B4:00:02:B4,SN-AccessPoint-00436,single_band
ZTE,Switch,SG108,AA:BB:B5:00:02:B5,SN-Switch-00437,dual_band
TP-Link,ONT,HG8145V5,AA:BB:B6:00:02:B6,SN-ONT-00438,single_band
Cisco,ONU,G-140W-C,AA:BB:B7:00:02:B7,SN-ONU-00439,dual_band
Huawei,Router,Archer C6,AA:BB:B8:00:02:B8,SN-Router-00440,single_band
Nokia,Modem,MB8600,AA:BB:B9:00:02:B9,SN-Modem-00441,dual_band
ZTE,Access Point,EAP225,AA:BB:BA:00:02:BA,SN-AccessPoint-00442,single_band
TP-Link,Switch,SG108,AA:BB:BB:00:02:BB,SN-Switch-00443,dual_band
Cisco,ONT,HG8145V5,AA:BB:BC:00:02:BC,SN-ONT-00444,single_band
Huawei,ONU,G-140W-C,AA:BB:BD:00:02:BD,SN-ONU-00445,dual_band
Nokia,Router,Archer C6,AA:BB:BE:00:02:BE,SN-Router-00446,single_band
ZTE,Modem,MB8600,AA:BB:BF:00:02:BF,SN-Modem-00447,dual_band
TP-Link,Access Point,EAP225,AA:BB:C0:00:02:C0,SN-AccessPoint-00448,single_band
Cisco,Switch,SG108,AA:BB:C1:00:02:C1,SN-Switch-00449,dual_band
Huawei,ONT,HG8145V5,AA:BB:C2:00:02:C2,SN-ONT-00450,single_band
Nokia,ONU,G-140W-C,AA:BB:C3:00:02:C3,SN-ONU-00451,dual_band
ZTE,Router,Archer C6,AA:BB:C4:00:02:C4,SN-Router-00452,single_band
TP-Link,Modem,MB8600,AA:BB:C5:00:02:C5,SN-Modem-00453,dual_band
Cisco,Access Point,EAP225,AA:BB:C6:00:02:C6,SN-AccessPoint-00454,single_band
Huawei,Switch,SG108,AA:BB:C7:00:02:C7,SN-Switch-00455,dual_band
Nokia,ONT,HG8145V5,AA:BB:C8:00:02:C8,SN-ONT-00456,single_band
ZTE,ONU,G-140W-C,AA:BB:C9:00:02:C9,SN-ONU-00457,dual_band
TP-Link,Router,Archer C6,AA:BB:CA:00:02:CA,SN-Router-00458,single_band
Cisco,Modem,MB8600,AA:BB:CB:00:02:CB,SN-Modem-00459,dual_band
Huawei,Access Point,EAP225,AA:BB:CC:00:02:CC,SN-AccessPoint-00460,single_band
Nokia,Switch,SG108,AA:BB:CD:00:02:CD,SN-Switch-00461,dual_band
ZTE,ONT,HG8145V5,AA:BB:CE:00:02:CE,SN-ONT-00462,single_band
TP-Link,ONU,G-140W-C,AA:BB:CF:00:02:CF,SN-ONU-00463,dual_band
Cisco,Router,Archer C6,AA:BB:D0:00:02:D0,SN-Router-00464,single_band
Huawei,Modem,MB8600,AA:BB:D1:00:02:D1,SN-Modem-00465,dual_band
Nokia,Access Point,EAP225,AA:BB:D2:00:02:D2,SN-AccessPoint-00466,single_band
ZTE,Switch,SG108,AA:BB:D3:00:02:D3,SN-Switch-00467,dual_band
TP-Link,ONT,HG8145V5,AA:BB:D4:00:02:D4,SN-ONT-00468,single_band
Cisco,ONU,G-140W-C,AA:BB:D5:00:02:D5,SN-ONU-00469,dual_band
Huawei,Router,Archer C6,AA:BB:D6:00:02:D6,SN-Router-00470,single_band
Nokia,Modem,MB8600,AA:BB:D7:00:02:D7,SN-Modem-00471,dual_band
ZTE,Access Point,EAP225,AA:BB:D8:00:02:D8,SN-AccessPoint-00472,single_band
TP-Link,Switch,SG108,AA:BB:D9:00:02:D9,SN-Switch-00473,dual_band
Cisco,ONT,HG8145V5,AA:BB:DA:00:02:DA,SN-ONT-00474,single_band
Huawei,ONU,G-140W-C,AA:BB:DB:00:02:DB,SN-ONU-00475,dual_band
Nokia,Router,Archer C6,AA:BB:DC:00:02:DC,SN-Router-00476,single_band
ZTE,Modem,MB8600,AA:BB:DD:00:02:DD,SN-Modem-00477,dual_band
TP-Link,Access Point,EAP225,AA:BB:DE:00:02:DE,SN-AccessPoint-00478,single_band
Cisco,Switch,SG108,AA:BB:DF:00:02:DF,SN-Switch-00479,dual_band
Huawei,ONT,HG8145V5,AA:BB:E0:00:02:E0,SN-ONT-00480,single_band
Nokia,ONU,G-140W-C,AA:BB:E1:00:02:E1,SN-ONU-00481,dual_band
ZTE,Router,Archer C6,AA:BB:E2:00:02:E2,SN-Router-00482,single_band
TP-Link,Modem,MB8600,AA:BB:E3:00:02:E3,SN-Modem-00483,dual_band
Cisco,Access Point,EAP225,AA:BB:E4:00:02:E4,SN-AccessPoint-00484,single_band
Huawei,Switch,SG108,AA:BB:E5:00:02:E5,SN-Switch-00485,dual_band
Nokia,ONT,HG8145V5,AA:BB:E6:00:02:E6,SN-ONT-00486,single_band
ZTE,ONU,G-140W-C,AA:BB:E7:00:02:E7,SN-ONU-00487,dual_band
TP-Link,Router,Archer C6,AA:BB:E8:00:02:E8,SN-Router-00488,single_band
Cisco,Modem,MB8600,AA:BB:E9:00:02:E9,SN-Modem-00489,dual_band
Huawei,Access Point,EAP225,AA:BB:EA:00:02:EA,SN-AccessPoint-00490,single_band
Nokia,Switch,SG108,AA:BB:EB:00:02:EB,SN-Switch-00491,dual_band
ZTE,ONT,HG8145V5,AA:BB:EC:00:02:EC,SN-ONT-00492,single_band
TP-Link,ONU,G-140W-C,AA:BB:ED:00:02:ED,SN-ONU-00493,dual_band
Cisco,Router,Archer C6,AA:BB:EE:00:02:EE,SN-Router-00494,single_band
Huawei,Modem,MB8600,AA:BB:EF:00:02:EF,SN-Modem-00495,dual_band
Nokia,Access Point,EAP225,AA:BB:F0:00:02:F0,SN-AccessPoint-00496,single_band
ZTE,Switch,SG108,AA:BB:F1:00:02:F1,SN-Switch-00497,dual_band
TP-Link,ONT,HG8145V5,AA:BB:F2:00:02:F2,SN-ONT-00498,single_band
Cisco,ONU,G-140W-C,AA:BB:F3:00:02:F3,SN-ONU-00499,dual_band
Huawei,Router,Archer C6,AA:BB:F4:00:02:F4,SN-Router-00500,single_band
Nokia,Modem,MB8600,AA:BB:F5:00:02:F5,SN-Modem-00501,dual_band
ZTE,Access Point,EAP225,AA:BB:F6:00:02:F6,SN-AccessPoint-00502,single_band
TP-Link,Switch,SG108,AA:BB:F7:00:02:F7,SN-Switch-00503,dual_band
Cisco,ONT,HG8145V5,AA:BB:F8:00:02:F8,SN-ONT-00504,single_band
Huawei,ONU,G-140W-C,AA:BB:F9:00:02:F9,SN-ONU-00505,dual_band
Nokia,Router,Archer C6,AA:BB:FA:00:02:FA,SN-Router-00506,single_band
ZTE,Modem,MB8600,AA:BB:FB:00:02:FB,SN-Modem-00507,dual_band
TP-Link,Access Point,EAP225,AA:BB:FC:00:02:FC,SN-AccessPoint-00508,single_band
Cisco,Switch,SG108,AA:BB:FD:00:02:FD,SN-Switch-00509,dual_band
Huawei,ONT,HG8145V5,AA:BB:FE:00:02:FE,SN-ONT-00510,single_band
Nokia,ONU,G-140W-C,AA:BB:FF:00:02:FF,SN-ONU-00511,dual_band
ZTE,Router,Archer C6,AA:BB:00:00:02:00,SN-Router-00512,single_band
TP-Link,Modem,MB8600,AA:BB:01:00:02:01,SN-Modem-00513,dual_band
Cisco,Access Point,EAP225,AA:BB:02:00:02:02,SN-AccessPoint-00514,single_band
Huawei,Switch,SG108,AA:BB:03:00:02:03,SN-Switch-00515,dual_band
Nokia,ONT,HG8145V5,AA:BB:04:00:02:04,SN-ONT-00516,single_band
ZTE,ONU,G-140W-C,AA:BB:05:00:02:05,SN-ONU-00517,dual_band
TP-Link,Router,Archer C6,AA:BB:06:00:02:06,SN-Router-00518,single_band
Cisco,Modem,MB8600,AA:BB:07:00:02:07,SN-Modem-00519,dual_band
Huawei,Access Point,EAP225,AA:BB:08:00:02:08,SN-AccessPoint-00520,single_band
Nokia,Switch,SG108,AA:BB:09:00:02:09,SN-Switch-00521,dual_band
ZTE,ONT,HG8145V5,AA:BB:0A:00:02:0A,SN-ONT-00522,single_band
TP-Link,ONU,G-140W-C,AA:BB:0B:00:02:0B,SN-ONU-00523,dual_band
Cisco,Router,Archer C6,AA:BB:0C:00:02:0C,SN-Router-00524,single_band
Huawei,Modem,MB8600,AA:BB:0D:00:02:0D,SN-Modem-00525,dual_band
Nokia,Access Point,EAP225,AA:BB:0E:00:02:0E,SN-AccessPoint-00526,single_band
ZTE,Switch,SG108,AA:BB:0F:00:02:0F,SN-Switch-00527,dual_band
TP-Link,ONT,HG8145V5,AA:BB:10:00:02:10,SN-ONT-00528,single_band
Cisco,ONU,G-140W-C,AA:BB:11:00:02:11,SN-ONU-00529,dual_band
Huawei,Router,Archer C6,AA:BB:12:00:02:12,SN-Router-00530,single_band
Nokia,Modem,MB8600,AA:BB:13:00:02:13,SN-Modem-00531,dual_band
ZTE,Access Point,EAP225,AA:BB:14:00:02:14,SN-AccessPoint-00532,single_band
TP-Link,Switch,SG108,AA:BB:15:00:02:15,SN-Switch-00533,dual_band
Cisco,ONT,HG8145V5,AA:BB:16:00:02:16,SN-ONT-00534,single_band
Huawei,ONU,G-140W-C,AA:BB:17:00:02:17,SN-ONU-00535,dual_band
Nokia,Router,Archer C6,AA:BB:18:00:02:18,SN-Router-00536,single_band
ZTE,Modem,MB8600,AA:BB:19:00:02:19,SN-Modem-00537,dual_band
TP-Link,Access Point,EAP225,AA:BB:1A:00:02:1A,SN-AccessPoint-00538,single_band
Cisco,Switch,SG108,AA:BB:1B:00:02:1B,SN-Switch-00539,dual_band
Huawei,ONT,HG8145V5,AA:BB:1C:00:02:1C,SN-ONT-00540,single_band
Nokia,ONU,G-140W-C,AA:BB:1D:00:02:1D,SN-ONU-00541,dual_band
ZTE,Router,Archer C6,AA:BB:1E:00:02:1E,SN-Router-00542,single_band
TP-Link,Modem,MB8600,AA:BB:1F:00:02:1F,SN-Modem-00543,dual_band
Cisco,Access Point,EAP225,AA:BB:20:00:02:20,SN-AccessPoint-00544,single_band
Huawei,Switch,SG108,AA:BB:21:00:02:21,SN-Switch-00545,dual_band
Nokia,ONT,HG8145V5,AA:BB:22:00:02:22,SN-ONT-00546,single_band
ZTE,ONU,G-140W-C,AA:BB:23:00:02:23,SN-ONU-00547,dual_band
TP-Link,Router,Archer C6,AA:BB:24:00:02:24,SN-Router-00548,single_band
Cisco,Modem,MB8600,AA:BB:25:00:02:25,SN-Modem-00549,dual_band
Huawei,Access Point,EAP225,AA:BB:26:00:02:26,SN-AccessPoint-00550,single_band
Nokia,Switch,SG108,AA:BB:27:00:02:27,SN-Switch-00551,dual_band
ZTE,ONT,HG8145V5,AA:BB:28:00:02:28,SN-ONT-00552,single_band
TP-Link,ONU,G-140W-C,AA:BB:29:00:02:29,SN-ONU-00553,dual_band
Cisco,Router,Archer C6,AA:BB:2A:00:02:2A,SN-Router-00554,single_band
Huawei,Modem,MB8600,AA:BB:2B:00:02:2B,SN-Modem-00555,dual_band
Nokia,Access Point,EAP225,AA:BB:2C:00:02:2C,SN-AccessPoint-00556,single_band
ZTE,Switch,SG108,AA:BB:2D:00:02:2D,SN-Switch-00557,dual_band
TP-Link,ONT,HG8145V5,AA:BB:2E:00:02:2E,SN-ONT-00558,single_band
Cisco,ONU,G-140W-C,AA:BB:2F:00:02:2F,SN-ONU-00559,dual_band
Huawei,Router,Archer C6,AA:BB:30:00:02:30,SN-Router-00560,single_band
Nokia,Modem,MB8600,AA:BB:31:00:02:31,SN-Modem-00561,dual_band
ZTE,Access Point,EAP225,AA:BB:32:00:02:32,SN-AccessPoint-00562,single_band
TP-Link,Switch,SG108,AA:BB:33:00:02:33,SN-Switch-00563,dual_band
Cisco,ONT,HG8145V5,AA:BB:34:00:02:34,SN-ONT-00564,single_band
Huawei,ONU,G-140W-C,AA:BB:35:00:02:35,SN-ONU-00565,dual_band
Nokia,Router,Archer C6,AA:BB:36:00:02:36,SN-Router-00566,single_band
ZTE,Modem,MB8600,AA:BB:37:00:02:37,SN-Modem-00567,dual_band
TP-Link,Access Point,EAP225,AA:BB:38:00:02:38,SN-AccessPoint-00568,single_band
Cisco,Switch,SG108,AA:BB:39:00:02:39,SN-Switch-00569,dual_band
Huawei,ONT,HG8145V5,AA:BB:3A:00:02:3A,SN-ONT-00570,single_band
Nokia,ONU,G-140W-C,AA:BB:3B:00:02:3B,SN-ONU-00571,dual_band
ZTE,Router,Archer C6,AA:BB:3C:00:02:3C,SN-Router-00572,single_band
TP-Link,Modem,MB8600,AA:BB:3D:00:02:3D,SN-Modem-00573,dual_band
Cisco,Access Point,EAP225,AA:BB:3E:00:02:3E,SN-AccessPoint-00574,single_band
Huawei,Switch,SG108,AA:BB:3F:00:02:3F,SN-Switch-00575,dual_band
Nokia,ONT,HG8145V5,AA:BB:40:00:02:40,SN-ONT-00576,single_band
ZTE,ONU,G-140W-C,AA:BB:41:00:02:41,SN-ONU-00577,dual_band
TP-Link,Router,Archer C6,AA:BB:42:00:02:42,SN-Router-00578,single_band
Cisco,Modem,MB8600,AA:BB:43:00:02:43,SN-Modem-00579,dual_band
Huawei,Access Point,EAP225,AA:BB:44:00:02:44,SN-AccessPoint-00580,single_band
Nokia,Switch,SG108,AA:BB:45:00:02:45,SN-Switch-00581,dual_band
ZTE,ONT,HG8145V5,AA:BB:46:00:02:46,SN-ONT-00582,single_band
TP-Link,ONU,G-140W-C,AA:BB:47:00:02:47,SN-ONU-00583,dual_band
Cisco,Router,Archer C6,AA:BB:48:00:02:48,SN-Router-00584,single_band
Huawei,Modem,MB8600,AA:BB:49:00:02:49,SN-Modem-00585,dual_band
Nokia,Access Point,EAP225,AA:BB:4A:00:02:4A,SN-AccessPoint-00586,single_band
ZTE,Switch,SG108,AA:BB:4B:00:02:4B,SN-Switch-00587,dual_band
TP-Link,ONT,HG8145V5,AA:BB:4C:00:02:4C,SN-ONT-00588,single_band
Cisco,ONU,G-140W-C,AA:BB:4D:00:02:4D,SN-ONU-00589,dual_band
Huawei,Router,Archer C6,AA:BB:4E:00:02:4E,SN-Router-00590,single_band
Nokia,Modem,MB8600,AA:BB:4F:00:02:4F,SN-Modem-00591,dual_band
ZTE,Access Point,EAP225,AA:BB:50:00:02:50,SN-AccessPoint-00592,single_band
TP-Link,Switch,SG108,AA:BB:51:00:02:51,SN-Switch-00593,dual_band
Cisco,ONT,HG8145V5,AA:BB:52:00:02:52,SN-ONT-00594,single_band
Huawei,ONU,G-140W-C,AA:BB:53:00:02:53,SN-ONU-00595,dual_band
Nokia,Router,Archer C6,AA:BB:54:00:02:54,SN-Router-00596,single_band
ZTE,Modem,MB8600,AA:BB:55:00:02:55,SN-Modem-00597,dual_band
TP-Link,Access Point,EAP225,AA:BB:56:00:02:56,SN-AccessPoint-00598,single_band
Cisco,Switch,SG108,AA:BB:57:00:02:57,SN-Switch-00599,dual_band
Huawei,ONT,HG8145V5,AA:BB:58:00:02:58,SN-ONT-00600,single_band
Nokia,ONU,G-140W-C,AA:BB:59:00:02:59,SN-ONU-00601,dual_band
ZTE,Router,Archer C6,AA:BB:5A:00:02:5A,SN-Router-00602,single_band
TP-Link,Modem,MB8600,AA:BB:5B:00:02:5B,SN-Modem-00603,dual_band
Cisco,Access Point,EAP225,AA:BB:5C:00:02:5C,SN-AccessPoint-00604,single_band
Huawei,Switch,SG108,AA:BB:5D:00:02:5D,SN-Switch-00605,dual_band
Nokia,ONT,HG8145V5,AA:BB:5E:00:02:5E,SN-ONT-00606,single_band
ZTE,ONU,G-140W-C,AA:BB:5F:00:02:5F,SN-ONU-00607,dual_band
TP-Link,Router,Archer C6,AA:BB:60:00:02:60,SN-Router-00608,single_band
Cisco,Modem,MB8600,AA:BB:61:00:02:61,SN-Modem-00609,dual_band
Huawei,Access Point,EAP225,AA:BB:62:00:02:62,SN-AccessPoint-00610,single_band
Nokia,Switch,SG108,AA:BB:63:00:02:63,SN-Switch-00611,dual_band
ZTE,ONT,HG8145V5,AA:BB:64:00:02:64,SN-ONT-00612,single_band
TP-Link,ONU,G-140W-C,AA:BB:65:00:02:65,SN-ONU-00613,dual_band
Cisco,Router,Archer C6,AA:BB:66:00:02:66,SN-Router-00614,single_band
Huawei,Modem,MB8600,AA:BB:67:00:02:67,SN-Modem-00615,dual_band
Nokia,Access Point,EAP225,AA:BB:68:00:02:68,SN-AccessPoint-00616,single_band
ZTE,Switch,SG108,AA:BB:69:00:02:69,SN-Switch-00617,dual_band
TP-Link,ONT,HG8145V5,AA:BB:6A:00:02:6A,SN-ONT-00618,single_band
Cisco,ONU,G-140W-C,AA:BB:6B:00:02:6B,SN-ONU-00619,dual_band
Huawei,Router,Archer C6,AA:BB:6C:00:02:6C,SN-Router-00620,single_band
Nokia,Modem,MB8600,AA:BB:6D:00:02:6D,SN-Modem-00621,dual_band
ZTE,Access Point,EAP225,AA:BB:6E:00:02:6E,SN-AccessPoint-00622,single_band
TP-Link,Switch,SG108,AA:BB:6F:00:02:6F,SN-Switch-00623,dual_band
Cisco,ONT,HG8145V5,AA:BB:70:00:02:70,SN-ONT-00624,single_band
Huawei,ONU,G-140W-C,AA:BB:71:00:02:71,SN-ONU-00625,dual_band
Nokia,Router,Archer C6,AA:BB:72:00:02:72,SN-Router-00626,single_band
ZTE,Modem,MB8600,AA:BB:73:00:02:73,SN-Modem-00627,dual_band
TP-Link,Access Point,EAP225,AA:BB:74:00:02:74,SN-AccessPoint-00628,single_band
Cisco,Switch,SG108,AA:BB:75:00:02:75,SN-Switch-00629,dual_band
Huawei,ONT,HG8145V5,AA:BB:76:00:02:76,SN-ONT-00630,single_band
Nokia,ONU,G-140W-C,AA:BB:77:00:02:77,SN-ONU-00631,dual_band
ZTE,Router,Archer C6,AA:BB:78:00:02:78,SN-Router-00632,single_band
TP-Link,Modem,MB8600,AA:BB:79:00:02:79,SN-Modem-00633,dual_band
Cisco,Access Point,EAP225,AA:BB:7A:00:02:7A,SN-AccessPoint-00634,single_band
Huawei,Switch,SG108,AA:BB:7B:00:02:7B,SN-Switch-00635,dual_band
Nokia,ONT,HG8145V5,AA:BB:7C:00:02:7C,SN-ONT-00636,single_band
ZTE,ONU,G-140W-C,AA:BB:7D:00:02:7D,SN-ONU-00637,dual_band
TP-Link,Router,Archer C6,AA:BB:7E:00:02:7E,SN-Router-00638,single_band
Cisco,Modem,MB8600,AA:BB:7F:00:02:7F,SN-Modem-00639,dual_band
Huawei,Access Point,EAP225,AA:BB:80:00:02:80,SN-AccessPoint-00640,single_band
Nokia,Switch,SG108,AA:BB:81:00:03:81,SN-Switch-00641,dual_band
ZTE,ONT,HG8145V5,AA:BB:82:00:03:82,SN-ONT-00642,single_band
TP-Link,ONU,G-140W-C,AA:BB:83:00:03:83,SN-ONU-00643,dual_band
Cisco,Router,Archer C6,AA:BB:84:00:03:84,SN-Router-00644,single_band
Huawei,Modem,MB8600,AA:BB:85:00:03:85,SN-Modem-00645,dual_band
Nokia,Access Point,EAP225,AA:BB:86:00:03:86,SN-AccessPoint-00646,single_band
ZTE,Switch,SG108,AA:BB:87:00:03:87,SN-Switch-00647,dual_band
TP-Link,ONT,HG8145V5,AA:BB:88:00:03:88,SN-ONT-00648,single_band
Cisco,ONU,G-140W-C,AA:BB:89:00:03:89,SN-ONU-00649,dual_band
Huawei,Router,Archer C6,AA:BB:8A:00:03:8A,SN-Router-00650,single_band
Nokia,Modem,MB8600,AA:BB:8B:00:03:8B,SN-Modem-00651,dual_band
ZTE,Access Point,EAP225,AA:BB:8C:00:03:8C,SN-AccessPoint-00652,single_band
TP-Link,Switch,SG108,AA:BB:8D:00:03:8D,SN-Switch-00653,dual_band
Cisco,ONT,HG8145V5,AA:BB:8E:00:03:8E,SN-ONT-00654,single_band
Huawei,ONU,G-140W-C,AA:BB:8F:00:03:8F,SN-ONU-00655,dual_band
Nokia,Router,Archer C6,AA:BB:90:00:03:90,SN-Router-00656,single_band
ZTE,Modem,MB8600,AA:BB:91:00:03:91,SN-Modem-00657,dual_band
TP-Link,Access Point,EAP225,AA:BB:92:00:03:92,SN-AccessPoint-00658,single_band
Cisco,Switch,SG108,AA:BB:93:00:03:93,SN-Switch-00659,dual_band
Huawei,ONT,HG8145V5,AA:BB:94:00:03:94,SN-ONT-00660,single_band
Nokia,ONU,G-140W-C,AA:BB:95:00:03:95,SN-ONU-00661,dual_band
ZTE,Router,Archer C6,AA:BB:96:00:03:96,SN-Router-00662,single_band
TP-Link,Modem,MB8600,AA:BB:97:00:03:97,SN-Modem-00663,dual_band
Cisco,Access Point,EAP225,AA:BB:98:00:03:98,SN-AccessPoint-00664,single_band
Huawei,Switch,SG108,AA:BB:99:00:03:99,SN-Switch-00665,dual_band
Nokia,ONT,HG8145V5,AA:BB:9A:00:03:9A,SN-ONT-00666,single_band
ZTE,ONU,G-140W-C,AA:BB:9B:00:03:9B,SN-ONU-00667,dual_band
TP-Link,Router,Archer C6,AA:BB:9C:00:03:9C,SN-Router-00668,single_band
Cisco,Modem,MB8600,AA:BB:9D:00:03:9D,SN-Modem-00669,dual_band
Huawei,Access Point,EAP225,AA:BB:9E:00:03:9E,SN-AccessPoint-00670,single_band
Nokia,Switch,SG108,AA:BB:9F:00:03:9F,SN-Switch-00671,dual_band
ZTE,ONT,HG8145V5,AA:BB:A0:00:03:A0,SN-ONT-00672,single_band
TP-Link,ONU,G-140W-C,AA:BB:A1:00:03:A1,SN-ONU-00673,dual_band
Cisco,Router,Archer C6,AA:BB:A2:00:03:A2,SN-Router-00674,single_band
Huawei,Modem,MB8600,AA:BB:A3:00:03:A3,SN-Modem-00675,dual_band
Nokia,Access Point,EAP225,AA:BB:A4:00:03:A4,SN-AccessPoint-00676,single_band
ZTE,Switch,SG108,AA:BB:A5:00:03:A5,SN-Switch-00677,dual_band
TP-Link,ONT,HG8145V5,AA:BB:A6:00:03:A6,SN-ONT-00678,single_band
Cisco,ONU,G-140W-C,AA:BB:A7:00:03:A7,SN-ONU-00679,dual_band
Huawei,Router,Archer C6,AA:BB:A8:00:03:A8,SN-Router-00680,single_band
Nokia,Modem,MB8600,AA:BB:A9:00:03:A9,SN-Modem-00681,dual_band
ZTE,Access Point,EAP225,AA:BB:AA:00:03:AA,SN-AccessPoint-00682,single_band
TP-Link,Switch,SG108,AA:BB:AB:00:03:AB,SN-Switch-00683,dual_band
Cisco,ONT,HG8145V5,AA:BB:AC:00:03:AC,SN-ONT-00684,single_band
Huawei,ONU,G-140W-C,AA:BB:AD:00:03:AD,SN-ONU-00685,dual_band
Nokia,Router,Archer C6,AA:BB:AE:00:03:AE,SN-Router-00686,single_band
ZTE,Modem,MB8600,AA:BB:AF:00:03:AF,SN-Modem-00687,dual_band
TP-Link,Access Point,EAP225,AA:BB:B0:00:03:B0,SN-AccessPoint-00688,single_band
Cisco,Switch,SG108,AA:BB:B1:00:03:B1,SN-Switch-00689,dual_band
Huawei,ONT,HG8145V5,AA:BB:B2:00:03:B2,SN-ONT-00690,single_band
Nokia,ONU,G-140W-C,AA:BB:B3:00:03:B3,SN-ONU-00691,dual_band
ZTE,Router,Archer C6,AA:BB:B4:00:03:B4,SN-Router-00692,single_band
TP-Link,Modem,MB8600,AA:BB:B5:00:03:B5,SN-Modem-00693,dual_band
Cisco,Access Point,EAP225,AA:BB:B6:00:03:B6,SN-AccessPoint-00694,single_band
Huawei,Switch,SG108,AA:BB:B7:00:03:B7,SN-Switch-00695,dual_band
Nokia,ONT,HG8145V5,AA:BB:B8:00:03:B8,SN-ONT-00696,single_band
ZTE,ONU,G-140W-C,AA:BB:B9:00:03:B9,SN-ONU-00697,dual_band
TP-Link,Router,Archer C6,AA:BB:BA:00:03:BA,SN-Router-00698,single_band
Cisco,Modem,MB8600,AA:BB:BB:00:03:BB,SN-Modem-00699,dual_band
Huawei,Access Point,EAP225,AA:BB:BC:00:03:BC,SN-AccessPoint-00700,single_band
Nokia,Switch,SG108,AA:BB:BD:00:03:BD,SN-Switch-00701,dual_band
ZTE,ONT,HG8145V5,AA:BB:BE:00:03:BE,SN-ONT-00702,single_band
TP-Link,ONU,G-140W-C,AA:BB:BF:00:03:BF,SN-ONU-00703,dual_band
Cisco,Router,Archer C6,AA:BB:C0:00:03:C0,SN-Router-00704,single_band
Huawei,Modem,MB8600,AA:BB:C1:00:03:C1,SN-Modem-00705,dual_band
Nokia,Access Point,EAP225,AA:BB:C2:00:03:C2,SN-AccessPoint-00706,single_band
ZTE,Switch,SG108,AA:BB:C3:00:03:C3,SN-Switch-00707,dual_band
TP-Link,ONT,HG8145V5,AA:BB:C4:00:03:C4,SN-ONT-00708,single_band
Cisco,ONU,G-140W-C,AA:BB:C5:00:03:C5,SN-ONU-00709,dual_band
Huawei,Router,Archer C6,AA:BB:C6:00:03:C6,SN-Router-00710,single_band
Nokia,Modem,MB8600,AA:BB:C7:00:03:C7,SN-Modem-00711,dual_band
ZTE,Access Point,EAP225,AA:BB:C8:00:03:C8,SN-AccessPoint-00712,single_band
TP-Link,Switch,SG108,AA:BB:C9:00:03:C9,SN-Switch-00713,dual_band
Cisco,ONT,HG8145V5,AA:BB:CA:00:03:CA,SN-ONT-00714,single_band
Huawei,ONU,G-140W-C,AA:BB:CB:00:03:CB,SN-ONU-00715,dual_band
Nokia,Router,Archer C6,AA:BB:CC:00:03:CC,SN-Router-00716,single_band
ZTE,Modem,MB8600,AA:BB:CD:00:03:CD,SN-Modem-00717,dual_band
TP-Link,Access Point,EAP225,AA:BB:CE:00:03:CE,SN-AccessPoint-00718,single_band
Cisco,Switch,SG108,AA:BB:CF:00:03:CF,SN-Switch-00719,dual_band
Huawei,ONT,HG8145V5,AA:BB:D0:00:03:D0,SN-ONT-00720,single_band
Nokia,ONU,G-140W-C,AA:BB:D1:00:03:D1,SN-ONU-00721,dual_band
ZTE,Router,Archer C6,AA:BB:D2:00:03:D2,SN-Router-00722,single_band
TP-Link,Modem,MB8600,AA:BB:D3:00:03:D3,SN-Modem-00723,dual_band
Cisco,Access Point,EAP225,AA:BB:D4:00:03:D4,SN-AccessPoint-00724,single_band
Huawei,Switch,SG108,AA:BB:D5:00:03:D5,SN-Switch-00725,dual_band
Nokia,ONT,HG8145V5,AA:BB:D6:00:03:D6,SN-ONT-00726,single_band
ZTE,ONU,G-140W-C,AA:BB:D7:00:03:D7,SN-ONU-00727,dual_band
TP-Link,Router,Archer C6,AA:BB:D8:00:03:D8,SN-Router-00728,single_band
Cisco,Modem,MB8600,AA:BB:D9:00:03:D9,SN-Modem-00729,dual_band
Huawei,Access Point,EAP225,AA:BB:DA:00:03:DA,SN-AccessPoint-00730,single_band
Nokia,Switch,SG108,AA:BB:DB:00:03:DB,SN-Switch-00731,dual_band
ZTE,ONT,HG8145V5,AA:BB:DC:00:03:DC,SN-ONT-00732,single_band
TP-Link,ONU,G-140W-C,AA:BB:DD:00:03:DD,SN-ONU-00733,dual_band
Cisco,Router,Archer C6,AA:BB:DE:00:03:DE,SN-Router-00734,single_band
Huawei,Modem,MB8600,AA:BB:DF:00:03:DF,SN-Modem-00735,dual_band
Nokia,Access Point,EAP225,AA:BB:E0:00:03:E0,SN-AccessPoint-00736,single_band
ZTE,Switch,SG108,AA:BB:E1:00:03:E1,SN-Switch-00737,dual_band
TP-Link,ONT,HG8145V5,AA:BB:E2:00:03:E2,SN-ONT-00738,single_band
Cisco,ONU,G-140W-C,AA:BB:E3:00:03:E3,SN-ONU-00739,dual_band
Huawei,Router,Archer C6,AA:BB:E4:00:03:E4,SN-Router-00740,single_band
Nokia,Modem,MB8600,AA:BB:E5:00:03:E5,SN-Modem-00741,dual_band
ZTE,Access Point,EAP225,AA:BB:E6:00:03:E6,SN-AccessPoint-00742,single_band
TP-Link,Switch,SG108,AA:BB:E7:00:03:E7,SN-Switch-00743,dual_band
Cisco,ONT,HG8145V5,AA:BB:E8:00:03:E8,SN-ONT-00744,single_band
Huawei,ONU,G-140W-C,AA:BB:E9:00:03:E9,SN-ONU-00745,dual_band
Nokia,Router,Archer C6,AA:BB:EA:00:03:EA,SN-Router-00746,single_band
ZTE,Modem,MB8600,AA:BB:EB:00:03:EB,SN-Modem-00747,dual_band
TP-Link,Access Point,EAP225,AA:BB:EC:00:03:EC,SN-AccessPoint-00748,single_band
Cisco,Switch,SG108,AA:BB:ED:00:03:ED,SN-Switch-00749,dual_band
Huawei,ONT,HG8145V5,AA:BB:EE:00:03:EE,SN-ONT-00750,single_band
Nokia,ONU,G-140W-C,AA:BB:EF:00:03:EF,SN-ONU-00751,dual_band
ZTE,Router,Archer C6,AA:BB:F0:00:03:F0,SN-Router-00752,single_band
TP-Link,Modem,MB8600,AA:BB:F1:00:03:F1,SN-Modem-00753,dual_band
Cisco,Access Point,EAP225,AA:BB:F2:00:03:F2,SN-AccessPoint-00754,single_band
Huawei,Switch,SG108,AA:BB:F3:00:03:F3,SN-Switch-00755,dual_band
Nokia,ONT,HG8145V5,AA:BB:F4:00:03:F4,SN-ONT-00756,single_band
ZTE,ONU,G-140W-C,AA:BB:F5:00:03:F5,SN-ONU-00757,dual_band
TP-Link,Router,Archer C6,AA:BB:F6:00:03:F6,SN-Router-00758,single_band
Cisco,Modem,MB8600,AA:BB:F7:00:03:F7,SN-Modem-00759,dual_band
Huawei,Access Point,EAP225,AA:BB:F8:00:03:F8,SN-AccessPoint-00760,single_band
Nokia,Switch,SG108,AA:BB:F9:00:03:F9,SN-Switch-00761,dual_band
ZTE,ONT,HG8145V5,AA:BB:FA:00:03:FA,SN-ONT-00762,single_band
TP-Link,ONU,G-140W-C,AA:BB:FB:00:03:FB,SN-ONU-00763,dual_band
Cisco,Router,Archer C6,AA:BB:FC:00:03:FC,SN-Router-00764,single_band
Huawei,Modem,MB8600,AA:BB:FD:00:03:FD,SN-Modem-00765,dual_band
Nokia,Access Point,EAP225,AA:BB:FE:00:03:FE,SN-AccessPoint-00766,single_band
ZTE,Switch,SG108,AA:BB:FF:00:03:FF,SN-Switch-00767,dual_band
TP-Link,ONT,HG8145V5,AA:BB:00:00:03:00,SN-ONT-00768,single_band
Cisco,ONU,G-140W-C,AA:BB:01:00:03:01,SN-ONU-00769,dual_band
Huawei,Router,Archer C6,AA:BB:02:00:03:02,SN-Router-00770,single_band
Nokia,Modem,MB8600,AA:BB:03:00:03:03,SN-Modem-00771,dual_band
ZTE,Access Point,EAP225,AA:BB:04:00:03:04,SN-AccessPoint-00772,single_band
TP-Link,Switch,SG108,AA:BB:05:00:03:05,SN-Switch-00773,dual_band
Cisco,ONT,HG8145V5,AA:BB:06:00:03:06,SN-ONT-00774,single_band
Huawei,ONU,G-140W-C,AA:BB:07:00:03:07,SN-ONU-00775,dual_band
Nokia,Router,Archer C6,AA:BB:08:00:03:08,SN-Router-00776,single_band
ZTE,Modem,MB8600,AA:BB:09:00:03:09,SN-Modem-00777,dual_band
TP-Link,Access Point,EAP225,AA:BB:0A:00:03:0A,SN-AccessPoint-00778,single_band
Cisco,Switch,SG108,AA:BB:0B:00:03:0B,SN-Switch-00779,dual_band
Huawei,ONT,HG8145V5,AA:BB:0C:00:03:0C,SN-ONT-00780,single_band
Nokia,ONU,G-140W-C,AA:BB:0D:00:03:0D,SN-ONU-00781,dual_band
ZTE,Router,Archer C6,AA:BB:0E:00:03:0E,SN-Router-00782,single_band
TP-Link,Modem,MB8600,AA:BB:0F:00:03:0F,SN-Modem-00783,dual_band
Cisco,Access Point,EAP225,AA:BB:10:00:03:10,SN-AccessPoint-00784,single_band
Huawei,Switch,SG108,AA:BB:11:00:03:11,SN-Switch-00785,dual_band
Nokia,ONT,HG8145V5,AA:BB:12:00:03:12,SN-ONT-00786,single_band
ZTE,ONU,G-140W-C,AA:BB:13:00:03:13,SN-ONU-00787,dual_band
TP-Link,Router,Archer C6,AA:BB:14:00:03:14,SN-Router-00788,single_band
Cisco,Modem,MB8600,AA:BB:15:00:03:15,SN-Modem-00789,dual_band
Huawei,Access Point,EAP225,AA:BB:16:00:03:16,SN-AccessPoint-00790,single_band
Nokia,Switch,SG108,AA:BB:17:00:03:17,SN-Switch-00791,dual_band
ZTE,ONT,HG8145V5,AA:BB:18:00:03:18,SN-ONT-00792,single_band
TP-Link,ONU,G-140W-C,AA:BB:19:00:03:19,SN-ONU-00793,dual_band
Cisco,Router,Archer C6,AA:BB:1A:00:03:1A,SN-Router-00794,single_band
Huawei,Modem,MB8600,AA:BB:1B:00:03:1B,SN-Modem-00795,dual_band
Nokia,Access Point,EAP225,AA:BB:1C:00:03:1C,SN-AccessPoint-00796,single_band
ZTE,Switch,SG108,AA:BB:1D:00:03:1D,SN-Switch-00797,dual_band
TP-Link,ONT,HG8145V5,AA:BB:1E:00:03:1E,SN-ONT-00798,single_band
Cisco,ONU,G-140W-C,AA:BB:1F:00:03:1F,SN-ONU-00799,dual_band
Huawei,Router,Archer C6,AA:BB:20:00:03:20,SN-Router-00800,single_band
Nokia,Modem,MB8600,AA:BB:21:00:03:21,SN-Modem-00801,dual_band
ZTE,Access Point,EAP225,AA:BB:22:00:03:22,SN-AccessPoint-00802,single_band
TP-Link,Switch,SG108,AA:BB:23:00:03:23,SN-Switch-00803,dual_band
Cisco,ONT,HG8145V5,AA:BB:24:00:03:24,SN-ONT-00804,single_band
Huawei,ONU,G-140W-C,AA:BB:25:00:03:25,SN-ONU-00805,dual_band
Nokia,Router,Archer C6,AA:BB:26:00:03:26,SN-Router-00806,single_band
ZTE,Modem,MB8600,AA:BB:27:00:03:27,SN-Modem-00807,dual_band
TP-Link,Access Point,EAP225,AA:BB:28:00:03:28,SN-AccessPoint-00808,single_band
Cisco,Switch,SG108,AA:BB:29:00:03:29,SN-Switch-00809,dual_band
Huawei,ONT,HG8145V5,AA:BB:2A:00:03:2A,SN-ONT-00810,single_band
Nokia,ONU,G-140W-C,AA:BB:2B:00:03:2B,SN-ONU-00811,dual_band
ZTE,Router,Archer C6,AA:BB:2C:00:03:2C,SN-Router-00812,single_band
TP-Link,Modem,MB8600,AA:BB:2D:00:03:2D,SN-Modem-00813,dual_band
Cisco,Access Point,EAP225,AA:BB:2E:00:03:2E,SN-AccessPoint-00814,single_band
Huawei,Switch,SG108,AA:BB:2F:00:03:2F,SN-Switch-00815,dual_band
Nokia,ONT,HG8145V5,AA:BB:30:00:03:30,SN-ONT-00816,single_band
ZTE,ONU,G-140W-C,AA:BB:31:00:03:31,SN-ONU-00817,dual_band
TP-Link,Router,Archer C6,AA:BB:32:00:03:32,SN-Router-00818,single_band
Cisco,Modem,MB8600,AA:BB:33:00:03:33,SN-Modem-00819,dual_band
Huawei,Access Point,EAP225,AA:BB:34:00:03:34,SN-AccessPoint-00820,single_band
Nokia,Switch,SG108,AA:BB:35:00:03:35,SN-Switch-00821,dual_band
ZTE,ONT,HG8145V5,AA:BB:36:00:03:36,SN-ONT-00822,single_band
TP-Link,ONU,G-140W-C,AA:BB:37:00:03:37,SN-ONU-00823,dual_band
Cisco,Router,Archer C6,AA:BB:38:00:03:38,SN-Router-00824,single_band
Huawei,Modem,MB8600,AA:BB:39:00:03:39,SN-Modem-00825,dual_band
Nokia,Access Point,EAP225,AA:BB:3A:00:03:3A,SN-AccessPoint-00826,single_band
ZTE,Switch,SG108,AA:BB:3B:00:03:3B,SN-Switch-00827,dual_band
TP-Link,ONT,HG8145V5,AA:BB:3C:00:03:3C,SN-ONT-00828,single_band
Cisco,ONU,G-140W-C,AA:BB:3D:00:03:3D,SN-ONU-00829,dual_band
Huawei,Router,Archer C6,AA:BB:3E:00:03:3E,SN-Router-00830,single_band
Nokia,Modem,MB8600,AA:BB:3F:00:03:3F,SN-Modem-00831,dual_band
ZTE,Access Point,EAP225,AA:BB:40:00:03:40,SN-AccessPoint-00832,single_band
TP-Link,Switch,SG108,AA:BB:41:00:03:41,SN-Switch-00833,dual_band
Cisco,ONT,HG8145V5,AA:BB:42:00:03:42,SN-ONT-00834,single_band
Huawei,ONU,G-140W-C,AA:BB:43:00:03:43,SN-ONU-00835,dual_band
Nokia,Router,Archer C6,AA:BB:44:00:03:44,SN-Router-00836,single_band
ZTE,Modem,MB8600,AA:BB:45:00:03:45,SN-Modem-00837,dual_band
TP-Link,Access Point,EAP225,AA:BB:46:00:03:46,SN-AccessPoint-00838,single_band
Cisco,Switch,SG108,AA:BB:47:00:03:47,SN-Switch-00839,dual_band
Huawei,ONT,HG8145V5,AA:BB:48:00:03:48,SN-ONT-00840,single_band
Nokia,ONU,G-140W-C,AA:BB:49:00:03:49,SN-ONU-00841,dual_band
ZTE,Router,Archer C6,AA:BB:4A:00:03:4A,SN-Router-00842,single_band
TP-Link,Modem,MB8600,AA:BB:4B:00:03:4B,SN-Modem-00843,dual_band
Cisco,Access Point,EAP225,AA:BB:4C:00:03:4C,SN-AccessPoint-00844,single_band
Huawei,Switch,SG108,AA:BB:4D:00:03:4D,SN-Switch-00845,dual_band
Nokia,ONT,HG8145V5,AA:BB:4E:00:03:4E,SN-ONT-00846,single_band
ZTE,ONU,G-140W-C,AA:BB:4F:00:03:4F,SN-ONU-00847,dual_band
TP-Link,Router,Archer C6,AA:BB:50:00:03:50,SN-Router-00848,single_band
Cisco,Modem,MB8600,AA:BB:51:00:03:51,SN-Modem-00849,dual_band
Huawei,Access Point,EAP225,AA:BB:52:00:03:52,SN-AccessPoint-00850,single_band
Nokia,Switch,SG108,AA:BB:53:00:03:53,SN-Switch-00851,dual_band
ZTE,ONT,HG8145V5,AA:BB:54:00:03:54,SN-ONT-00852,single_band
TP-Link,ONU,G-140W-C,AA:BB:55:00:03:55,SN-ONU-00853,dual_band
Cisco,Router,Archer C6,AA:BB:56:00:03:56,SN-Router-00854,single_band
Huawei,Modem,MB8600,AA:BB:57:00:03:57,SN-Modem-00855,dual_band
Nokia,Access Point,EAP225,AA:BB:58:00:03:58,SN-AccessPoint-00856,single_band
ZTE,Switch,SG108,AA:BB:59:00:03:59,SN-Switch-00857,dual_band
TP-Link,ONT,HG8145V5,AA:BB:5A:00:03:5A,SN-ONT-00858,single_band
Cisco,ONU,G-140W-C,AA:BB:5B:00:03:5B,SN-ONU-00859,dual_band
Huawei,Router,Archer C6,AA:BB:5C:00:03:5C,SN-Router-00860,single_band
Nokia,Modem,MB8600,AA:BB:5D:00:03:5D,SN-Modem-00861,dual_band
ZTE,Access Point,EAP225,AA:BB:5E:00:03:5E,SN-AccessPoint-00862,single_band
TP-Link,Switch,SG108,AA:BB:5F:00:03:5F,SN-Switch-00863,dual_band
Cisco,ONT,HG8145V5,AA:BB:60:00:03:60,SN-ONT-00864,single_band
Huawei,ONU,G-140W-C,AA:BB:61:00:03:61,SN-ONU-00865,dual_band
Nokia,Router,Archer C6,AA:BB:62:00:03:62,SN-Router-00866,single_band
ZTE,Modem,MB8600,AA:BB:63:00:03:63,SN-Modem-00867,dual_band
TP-Link,Access Point,EAP225,AA:BB:64:00:03:64,SN-AccessPoint-00868,single_band
Cisco,Switch,SG108,AA:BB:65:00:03:65,SN-Switch-00869,dual_band
Huawei,ONT,HG8145V5,AA:BB:66:00:03:66,SN-ONT-00870,single_band
Nokia,ONU,G-140W-C,AA:BB:67:00:03:67,SN-ONU-00871,dual_band
ZTE,Router,Archer C6,AA:BB:68:00:03:68,SN-Router-00872,single_band
TP-Link,Modem,MB8600,AA:BB:69:00:03:69,SN-Modem-00873,dual_band
Cisco,Access Point,EAP225,AA:BB:6A:00:03:6A,SN-AccessPoint-00874,single_band
Huawei,Switch,SG108,AA:BB:6B:00:03:6B,SN-Switch-00875,dual_band
Nokia,ONT,HG8145V5,AA:BB:6C:00:03:6C,SN-ONT-00876,single_band
ZTE,ONU,G-140W-C,AA:BB:6D:00:03:6D,SN-ONU-00877,dual_band
TP-Link,Router,Archer C6,AA:BB:6E:00:03:6E,SN-Router-00878,single_band
Cisco,Modem,MB8600,AA:BB:6F:00:03:6F,SN-Modem-00879,dual_band
Huawei,Access Point,EAP225,AA:BB:70:00:03:70,SN-AccessPoint-00880,single_band
Nokia,Switch,SG108,AA:BB:71:00:03:71,SN-Switch-00881,dual_band
ZTE,ONT,HG8145V5,AA:BB:72:00:03:72,SN-ONT-00882,single_band
TP-Link,ONU,G-140W-C,AA:BB:73:00:03:73,SN-ONU-00883,dual_band
Cisco,Router,Archer C6,AA:BB:74:00:03:74,SN-Router-00884,single_band
Huawei,Modem,MB8600,AA:BB:75:00:03:75,SN-Modem-00885,dual_band
Nokia,Access Point,EAP225,AA:BB:76:00:03:76,SN-AccessPoint-00886,single_band
ZTE,Switch,SG108,AA:BB:77:00:03:77,SN-Switch-00887,dual_band
TP-Link,ONT,HG8145V5,AA:BB:78:00:03:78,SN-ONT-00888,single_band
Cisco,ONU,G-140W-C,AA:BB:79:00:03:79,SN-ONU-00889,dual_band
Huawei,Router,Archer C6,AA:BB:7A:00:03:7A,SN-Router-00890,single_band
Nokia,Modem,MB8600,AA:BB:7B:00:03:7B,SN-Modem-00891,dual_band
ZTE,Access Point,EAP225,AA:BB:7C:00:03:7C,SN-AccessPoint-00892,single_band
TP-Link,Switch,SG108,AA:BB:7D:00:03:7D,SN-Switch-00893,dual_band
Cisco,ONT,HG8145V5,AA:BB:7E:00:03:7E,SN-ONT-00894,single_band
Huawei,ONU,G-140W-C,AA:BB:7F:00:03:7F,SN-ONU-00895,dual_band
Nokia,Router,Archer C6,AA:BB:80:00:04:80,SN-Router-00896,single_band
ZTE,Modem,MB8600,AA:BB:81:00:04:81,SN-Modem-00897,dual_band
TP-Link,Access Point,EAP225,AA:BB:82:00:04:82,SN-AccessPoint-00898,single_band
Cisco,Switch,SG108,AA:BB:83:00:04:83,SN-Switch-00899,dual_band
Huawei,ONT,HG8145V5,AA:BB:84:00:04:84,SN-ONT-00900,single_band
Nokia,ONU,G-140W-C,AA:BB:85:00:04:85,SN-ONU-00901,dual_band
ZTE,Router,Archer C6,AA:BB:86:00:04:86,SN-Router-00902,single_band
TP-Link,Modem,MB8600,AA:BB:87:00:04:87,SN-Modem-00903,dual_band
Cisco,Access Point,EAP225,AA:BB:88:00:04:88,SN-AccessPoint-00904,single_band
Huawei,Switch,SG108,AA:BB:89:00:04:89,SN-Switch-00905,dual_band
Nokia,ONT,HG8145V5,AA:BB:8A:00:04:8A,SN-ONT-00906,single_band
ZTE,ONU,G-140W-C,AA:BB:8B:00:04:8B,SN-ONU-00907,dual_band
TP-Link,Router,Archer C6,AA:BB:8C:00:04:8C,SN-Router-00908,single_band
Cisco,Modem,MB8600,AA:BB:8D:00:04:8D,SN-Modem-00909,dual_band
Huawei,Access Point,EAP225,AA:BB:8E:00:04:8E,SN-AccessPoint-00910,single_band
Nokia,Switch,SG108,AA:BB:8F:00:04:8F,SN-Switch-00911,dual_band
ZTE,ONT,HG8145V5,AA:BB:90:00:04:90,SN-ONT-00912,single_band
TP-Link,ONU,G-140W-C,AA:BB:91:00:04:91,SN-ONU-00913,dual_band
Cisco,Router,Archer C6,AA:BB:92:00:04:92,SN-Router-00914,single_band
Huawei,Modem,MB8600,AA:BB:93:00:04:93,SN-Modem-00915,dual_band
Nokia,Access Point,EAP225,AA:BB:94:00:04:94,SN-AccessPoint-00916,single_band
ZTE,Switch,SG108,AA:BB:95:00:04:95,SN-Switch-00917,dual_band
TP-Link,ONT,HG8145V5,AA:BB:96:00:04:96,SN-ONT-00918,single_band
Cisco,ONU,G-140W-C,AA:BB:97:00:04:97,SN-ONU-00919,dual_band
Huawei,Router,Archer C6,AA:BB:98:00:04:98,SN-Router-00920,single_band
Nokia,Modem,MB8600,AA:BB:99:00:04:99,SN-Modem-00921,dual_band
ZTE,Access Point,EAP225,AA:BB:9A:00:04:9A,SN-AccessPoint-00922,single_band
TP-Link,Switch,SG108,AA:BB:9B:00:04:9B,SN-Switch-00923,dual_band
Cisco,ONT,HG8145V5,AA:BB:9C:00:04:9C,SN-ONT-00924,single_band
Huawei,ONU,G-140W-C,AA:BB:9D:00:04:9D,SN-ONU-00925,dual_band
Nokia,Router,Archer C6,AA:BB:9E:00:04:9E,SN-Router-00926,single_band
ZTE,Modem,MB8600,AA:BB:9F:00:04:9F,SN-Modem-00927,dual_band
TP-Link,Access Point,EAP225,AA:BB:A0:00:04:A0,SN-AccessPoint-00928,single_band
Cisco,Switch,SG108,AA:BB:A1:00:04:A1,SN-Switch-00929,dual_band
Huawei,ONT,HG8145V5,AA:BB:A2:00:04:A2,SN-ONT-00930,single_band
Nokia,ONU,G-140W-C,AA:BB:A3:00:04:A3,SN-ONU-00931,dual_band
ZTE,Router,Archer C6,AA:BB:A4:00:04:A4,SN-Router-00932,single_band
TP-Link,Modem,MB8600,AA:BB:A5:00:04:A5,SN-Modem-00933,dual_band
Cisco,Access Point,EAP225,AA:BB:A6:00:04:A6,SN-AccessPoint-00934,single_band
Huawei,Switch,SG108,AA:BB:A7:00:04:A7,SN-Switch-00935,dual_band
Nokia,ONT,HG8145V5,AA:BB:A8:00:04:A8,SN-ONT-00936,single_band
ZTE,ONU,G-140W-C,AA:BB:A9:00:04:A9,SN-ONU-00937,dual_band
TP-Link,Router,Archer C6,AA:BB:AA:00:04:AA,SN-Router-00938,single_band
Cisco,Modem,MB8600,AA:BB:AB:00:04:AB,SN-Modem-00939,dual_band
Huawei,Access Point,EAP225,AA:BB:AC:00:04:AC,SN-AccessPoint-00940,single_band
Nokia,Switch,SG108,AA:BB:AD:00:04:AD,SN-Switch-00941,dual_band
ZTE,ONT,HG8145V5,AA:BB:AE:00:04:AE,SN-ONT-00942,single_band
TP-Link,ONU,G-140W-C,AA:BB:AF:00:04:AF,SN-ONU-00943,dual_band
Cisco,Router,Archer C6,AA:BB:B0:00:04:B0,SN-Router-00944,single_band
Huawei,Modem,MB8600,AA:BB:B1:00:04:B1,SN-Modem-00945,dual_band
Nokia,Access Point,EAP225,AA:BB:B2:00:04:B2,SN-AccessPoint-00946,single_band
ZTE,Switch,SG108,AA:BB:B3:00:04:B3,SN-Switch-00947,dual_band
TP-Link,ONT,HG8145V5,AA:BB:B4:00:04:B4,SN-ONT-00948,single_band
Cisco,ONU,G-140W-C,AA:BB:B5:00:04:B5,SN-ONU-00949,dual_band
Huawei,Router,Archer C6,AA:BB:B6:00:04:B6,SN-Router-00950,single_band
Nokia,Modem,MB8600,AA:BB:B7:00:04:B7,SN-Modem-00951,dual_band
ZTE,Access Point,EAP225,AA:BB:B8:00:04:B8,SN-AccessPoint-00952,single_band
TP-Link,Switch,SG108,AA:BB:B9:00:04:B9,SN-Switch-00953,dual_band
Cisco,ONT,HG8145V5,AA:BB:BA:00:04:BA,SN-ONT-00954,single_band
Huawei,ONU,G-140W-C,AA:BB:BB:00:04:BB,SN-ONU-00955,dual_band
Nokia,Router,Archer C6,AA:BB:BC:00:04:BC,SN-Router-00956,single_band
ZTE,Modem,MB8600,AA:BB:BD:00:04:BD,SN-Modem-00957,dual_band
TP-Link,Access Point,EAP225,AA:BB:BE:00:04:BE,SN-AccessPoint-00958,single_band
Cisco,Switch,SG108,AA:BB:BF:00:04:BF,SN-Switch-00959,dual_band
Huawei,ONT,HG8145V5,AA:BB:C0:00:04:C0,SN-ONT-00960,single_band
Nokia,ONU,G-140W-C,AA:BB:C1:00:04:C1,SN-ONU-00961,dual_band
ZTE,Router,Archer C6,AA:BB:C2:00:04:C2,SN-Router-00962,single_band
TP-Link,Modem,MB8600,AA:BB:C3:00:04:C3,SN-Modem-00963,dual_band
Cisco,Access Point,EAP225,AA:BB:C4:00:04:C4,SN-AccessPoint-00964,single_band
Huawei,Switch,SG108,AA:BB:C5:00:04:C5,SN-Switch-00965,dual_band
Nokia,ONT,HG8145V5,AA:BB:C6:00:04:C6,SN-ONT-00966,single_band
ZTE,ONU,G-140W-C,AA:BB:C7:00:04:C7,SN-ONU-00967,dual_band
TP-Link,Router,Archer C6,AA:BB:C8:00:04:C8,SN-Router-00968,single_band
Cisco,Modem,MB8600,AA:BB:C9:00:04:C9,SN-Modem-00969,dual_band
Huawei,Access Point,EAP225,AA:BB:CA:00:04:CA,SN-AccessPoint-00970,single_band
Nokia,Switch,SG108,AA:BB:CB:00:04:CB,SN-Switch-00971,dual_band
ZTE,ONT,HG8145V5,AA:BB:CC:00:04:CC,SN-ONT-00972,single_band
TP-Link,ONU,G-140W-C,AA:BB:CD:00:04:CD,SN-ONU-00973,dual_band
Cisco,Router,Archer C6,AA:BB:CE:00:04:CE,SN-Router-00974,single_band
Huawei,Modem,MB8600,AA:BB:CF:00:04:CF,SN-Modem-00975,dual_band
Nokia,Access Point,EAP225,AA:BB:D0:00:04:D0,SN-AccessPoint-00976,single_band
ZTE,Switch,SG108,AA:BB:D1:00:04:D1,SN-Switch-00977,dual_band
TP-Link,ONT,HG8145V5,AA:BB:D2:00:04:D2,SN-ONT-00978,single_band
Cisco,ONU,G-140W-C,AA:BB:D3:00:04:D3,SN-ONU-00979,dual_band
Huawei,Router,Archer C6,AA:BB:D4:00:04:D4,SN-Router-00980,single_band
Nokia,Modem,MB8600,AA:BB:D5:00:04:D5,SN-Modem-00981,dual_band
ZTE,Access Point,EAP225,AA:BB:D6:00:04:D6,SN-AccessPoint-00982,single_band
TP-Link,Switch,SG108,AA:BB:D7:00:04:D7,SN-Switch-00983,dual_band
Cisco,ONT,HG8145V5,AA:BB:D8:00:04:D8,SN-ONT-00984,single_band
Huawei,ONU,G-140W-C,AA:BB:D9:00:04:D9,SN-ONU-00985,dual_band
Nokia,Router,Archer C6,AA:BB:DA:00:04:DA,SN-Router-00986,single_band
ZTE,Modem,MB8600,AA:BB:DB:00:04:DB,SN-Modem-00987,dual_band
TP-Link,Access Point,EAP225,AA:BB:DC:00:04:DC,SN-AccessPoint-00988,single_band
Cisco,Switch,SG108,AA:BB:DD:00:04:DD,SN-Switch-00989,dual_band
Huawei,ONT,HG8145V5,AA:BB:DE:00:04:DE,SN-ONT-00990,single_band
Nokia,ONU,G-140W-C,AA:BB:DF:00:04:DF,SN-ONU-00991,dual_band
ZTE,Router,Archer C6,AA:BB:E0:00:04:E0,SN-Router-00992,single_band
TP-Link,Modem,MB8600,AA:BB:E1:00:04:E1,SN-Modem-00993,dual_band
Cisco,Access Point,EAP225,AA:BB:E2:00:04:E2,SN-AccessPoint-00994,single_band
Huawei,Switch,SG108,AA:BB:E3:00:04:E3,SN-Switch-00995,dual_band
Nokia,ONT,HG8145V5,AA:BB:E4:00:04:E4,SN-ONT-00996,single_band
ZTE,ONU,G-140W-C,AA:BB:E5:00:04:E5,SN-ONU-00997,dual_band
TP-Link,Router,Archer C6,AA:BB:E6:00:04:E6,SN-Router-00998,single_band
Cisco,Modem,MB8600,AA:BB:E7:00:04:E7,SN-Modem-00999,dual_band
Huawei,Access Point,EAP225,AA:BB:E8:00:04:E8,SN-AccessPoint-01000,single_band
Nokia,Switch,SG108,AA:BB:E9:00:04:E9,SN-Switch-01001,dual_band
ZTE,ONT,HG8145V5,AA:BB:EA:00:04:EA,SN-ONT-01002,single_band
TP-Link,ONU,G-140W-C,AA:BB:EB:00:04:EB,SN-ONU-01003,dual_band
Cisco,Router,Archer C6,AA:BB:EC:00:04:EC,SN-Router-01004,single_band
Huawei,Modem,MB8600,AA:BB:ED:00:04:ED,SN-Modem-01005,dual_band
Nokia,Access Point,EAP225,AA:BB:EE:00:04:EE,SN-AccessPoint-01006,single_band
ZTE,Switch,SG108,AA:BB:EF:00:04:EF,SN-Switch-01007,dual_band
TP-Link,ONT,HG8145V5,AA:BB:F0:00:04:F0,SN-ONT-01008,single_band
Cisco,ONU,G-140W-C,AA:BB:F1:00:04:F1,SN-ONU-01009,dual_band
Huawei,Router,Archer C6,AA:BB:F2:00:04:F2,SN-Router-01010,single_band
Nokia,Modem,MB8600,AA:BB:F3:00:04:F3,SN-Modem-01011,dual_band
ZTE,Access Point,EAP225,AA:BB:F4:00:04:F4,SN-AccessPoint-01012,single_band
TP-Link,Switch,SG108,AA:BB:F5:00:04:F5,SN-Switch-01013,dual_band
Cisco,ONT,HG8145V5,AA:BB:F6:00:04:F6,SN-ONT-01014,single_band
Huawei,ONU,G-140W-C,AA:BB:F7:00:04:F7,SN-ONU-01015,dual_band
Nokia,Router,Archer C6,AA:BB:F8:00:04:F8,SN-Router-01016,single_band
ZTE,Modem,MB8600,AA:BB:F9:00:04:F9,SN-Modem-01017,dual_band
TP-Link,Access Point,EAP225,AA:BB:FA:00:04:FA,SN-AccessPoint-01018,single_band
Cisco,Switch,SG108,AA:BB:FB:00:04:FB,SN-Switch-01019,dual_band
Huawei,ONT,HG8145V5,AA:BB:FC:00:04:FC,SN-ONT-01020,single_band
Nokia,ONU,G-140W-C,AA:BB:FD:00:04:FD,SN-ONU-01021,dual_band
ZTE,Router,Archer C6,AA:BB:FE:00:04:FE,SN-Router-01022,single_band
TP-Link,Modem,MB8600,AA:BB:FF:00:04:FF,SN-Modem-01023,dual_band
Cisco,Access Point,EAP225,AA:BB:00:00:04:00,SN-AccessPoint-01024,single_band
Huawei,Switch,SG108,AA:BB:01:00:04:01,SN-Switch-01025,dual_band
Nokia,ONT,HG8145V5,AA:BB:02:00:04:02,SN-ONT-01026,single_band
ZTE,ONU,G-140W-C,AA:BB:03:00:04:03,SN-ONU-01027,dual_band
TP-Link,Router,Archer C6,AA:BB:04:00:04:04,SN-Router-01028,single_band
Cisco,Modem,MB8600,AA:BB:05:00:04:05,SN-Modem-01029,dual_band
Huawei,Access Point,EAP225,AA:BB:06:00:04:06,SN-AccessPoint-01030,single_band
Nokia,Switch,SG108,AA:BB:07:00:04:07,SN-Switch-01031,dual_band
ZTE,ONT,HG8145V5,AA:BB:08:00:04:08,SN-ONT-01032,single_band
TP-Link,ONU,G-140W-C,AA:BB:09:00:04:09,SN-ONU-01033,dual_band
Cisco,Router,Archer C6,AA:BB:0A:00:04:0A,SN-Router-01034,single_band
Huawei,Modem,MB8600,AA:BB:0B:00:04:0B,SN-Modem-01035,dual_band
Nokia,Access Point,EAP225,AA:BB:0C:00:04:0C,SN-AccessPoint-01036,single_band
ZTE,Switch,SG108,AA:BB:0D:00:04:0D,SN-Switch-01037,dual_band
TP-Link,ONT,HG8145V5,AA:BB:0E:00:04:0E,SN-ONT-01038,single_band
Cisco,ONU,G-140W-C,AA:BB:0F:00:04:0F,SN-ONU-01039,dual_band
Huawei,Router,Archer C6,AA:BB:10:00:04:10,SN-Router-01040,single_band
Nokia,Modem,MB8600,AA:BB:11:00:04:11,SN-Modem-01041,dual_band
ZTE,Access Point,EAP225,AA:BB:12:00:04:12,SN-AccessPoint-01042,single_band
TP-Link,Switch,SG108,AA:BB:13:00:04:13,SN-Switch-01043,dual_band
Cisco,ONT,HG8145V5,AA:BB:14:00:04:14,SN-ONT-01044,single_band
Huawei,ONU,G-140W-C,AA:BB:15:00:04:15,SN-ONU-01045,dual_band
Nokia,Router,Archer C6,AA:BB:16:00:04:16,SN-Router-01046,single_band
ZTE,Modem,MB8600,AA:BB:17:00:04:17,SN-Modem-01047,dual_band
TP-Link,Access Point,EAP225,AA:BB:18:00:04:18,SN-AccessPoint-01048,single_band
Cisco,Switch,SG108,AA:BB:19:00:04:19,SN-Switch-01049,dual_band
Huawei,ONT,HG8145V5,AA:BB:1A:00:04:1A,SN-ONT-01050,single_band
Nokia,ONU,G-140W-C,AA:BB:1B:00:04:1B,SN-ONU-01051,dual_band
ZTE,Router,Archer C6,AA:BB:1C:00:04:1C,SN-Router-01052,single_band
TP-Link,Modem,MB8600,AA:BB:1D:00:04:1D,SN-Modem-01053,dual_band
Cisco,Access Point,EAP225,AA:BB:1E:00:04:1E,SN-AccessPoint-01054,single_band
Huawei,Switch,SG108,AA:BB:1F:00:04:1F,SN-Switch-01055,dual_band
Nokia,ONT,HG8145V5,AA:BB:20:00:04:20,SN-ONT-01056,single_band
ZTE,ONU,G-140W-C,AA:BB:21:00:04:21,SN-ONU-01057,dual_band
TP-Link,Router,Archer C6,AA:BB:22:00:04:22,SN-Router-01058,single_band
Cisco,Modem,MB8600,AA:BB:23:00:04:23,SN-Modem-01059,dual_band
Huawei,Access Point,EAP225,AA:BB:24:00:04:24,SN-AccessPoint-01060,single_band
Nokia,Switch,SG108,AA:BB:25:00:04:25,SN-Switch-01061,dual_band
ZTE,ONT,HG8145V5,AA:BB:26:00:04:26,SN-ONT-01062,single_band
TP-Link,ONU,G-140W-C,AA:BB:27:00:04:27,SN-ONU-01063,dual_band
Cisco,Router,Archer C6,AA:BB:28:00:04:28,SN-Router-01064,single_band
Huawei,Modem,MB8600,AA:BB:29:00:04:29,SN-Modem-01065,dual_band
Nokia,Access Point,EAP225,AA:BB:2A:00:04:2A,SN-AccessPoint-01066,single_band
ZTE,Switch,SG108,AA:BB:2B:00:04:2B,SN-Switch-01067,dual_band
TP-Link,ONT,HG8145V5,AA:BB:2C:00:04:2C,SN-ONT-01068,single_band
Cisco,ONU,G-140W-C,AA:BB:2D:00:04:2D,SN-ONU-01069,dual_band
Huawei,Router,Archer C6,AA:BB:2E:00:04:2E,SN-Router-01070,single_band
Nokia,Modem,MB8600,AA:BB:2F:00:04:2F,SN-Modem-01071,dual_band
ZTE,Access Point,EAP225,AA:BB:30:00:04:30,SN-AccessPoint-01072,single_band
TP-Link,Switch,SG108,AA:BB:31:00:04:31,SN-Switch-01073,dual_band
Cisco,ONT,HG8145V5,AA:BB:32:00:04:32,SN-ONT-01074,single_band
Huawei,ONU,G-140W-C,AA:BB:33:00:04:33,SN-ONU-01075,dual_band
Nokia,Router,Archer C6,AA:BB:34:00:04:34,SN-Router-01076,single_band
ZTE,Modem,MB8600,AA:BB:35:00:04:35,SN-Modem-01077,dual_band
TP-Link,Access Point,EAP225,AA:BB:36:00:04:36,SN-AccessPoint-01078,single_band
Cisco,Switch,SG108,AA:BB:37:00:04:37,SN-Switch-01079,dual_band
Huawei,ONT,HG8145V5,AA:BB:38:00:04:38,SN-ONT-01080,single_band
Nokia,ONU,G-140W-C,AA:BB:39:00:04:39,SN-ONU-01081,dual_band
ZTE,Router,Archer C6,AA:BB:3A:00:04:3A,SN-Router-01082,single_band
TP-Link,Modem,MB8600,AA:BB:3B:00:04:3B,SN-Modem-01083,dual_band
Cisco,Access Point,EAP225,AA:BB:3C:00:04:3C,SN-AccessPoint-01084,single_band
Huawei,Switch,SG108,AA:BB:3D:00:04:3D,SN-Switch-01085,dual_band
Nokia,ONT,HG8145V5,AA:BB:3E:00:04:3E,SN-ONT-01086,single_band
ZTE,ONU,G-140W-C,AA:BB:3F:00:04:3F,SN-ONU-01087,dual_band
TP-Link,Router,Archer C6,AA:BB:40:00:04:40,SN-Router-01088,single_band
Cisco,Modem,MB8600,AA:BB:41:00:04:41,SN-Modem-01089,dual_band
Huawei,Access Point,EAP225,AA:BB:42:00:04:42,SN-AccessPoint-01090,single_band
Nokia,Switch,SG108,AA:BB:43:00:04:43,SN-Switch-01091,dual_band
ZTE,ONT,HG8145V5,AA:BB:44:00:04:44,SN-ONT-01092,single_band
TP-Link,ONU,G-140W-C,AA:BB:45:00:04:45,SN-ONU-01093,dual_band
Cisco,Router,Archer C6,AA:BB:46:00:04:46,SN-Router-01094,single_band
Huawei,Modem,MB8600,AA:BB:47:00:04:47,SN-Modem-01095,dual_band
Nokia,Access Point,EAP225,AA:BB:48:00:04:48,SN-AccessPoint-01096,single_band
ZTE,Switch,SG108,AA:BB:49:00:04:49,SN-Switch-01097,dual_band
TP-Link,ONT,HG8145V5,AA:BB:4A:00:04:4A,SN-ONT-01098,single_band
Cisco,ONU,G-140W-C,AA:BB:4B:00:04:4B,SN-ONU-01099,dual_band
Huawei,Router,Archer C6,AA:BB:4C:00:04:4C,SN-Router-01100,single_band
Nokia,Modem,MB8600,AA:BB:4D:00:04:4D,SN-Modem-01101,dual_band
ZTE,Access Point,EAP225,AA:BB:4E:00:04:4E,SN-AccessPoint-01102,single_band
TP-Link,Switch,SG108,AA:BB:4F:00:04:4F,SN-Switch-01103,dual_band
Cisco,ONT,HG8145V5,AA:BB:50:00:04:50,SN-ONT-01104,single_band
Huawei,ONU,G-140W-C,AA:BB:51:00:04:51,SN-ONU-01105,dual_band
Nokia,Router,Archer C6,AA:BB:52:00:04:52,SN-Router-01106,single_band
ZTE,Modem,MB8600,AA:BB:53:00:04:53,SN-Modem-01107,dual_band
TP-Link,Access Point,EAP225,AA:BB:54:00:04:54,SN-AccessPoint-01108,single_band
Cisco,Switch,SG108,AA:BB:55:00:04:55,SN-Switch-01109,dual_band
Huawei,ONT,HG8145V5,AA:BB:56:00:04:56,SN-ONT-01110,single_band
Nokia,ONU,G-140W-C,AA:BB:57:00:04:57,SN-ONU-01111,dual_band
ZTE,Router,Archer C6,AA:BB:58:00:04:58,SN-Router-01112,single_band
TP-Link,Modem,MB8600,AA:BB:59:00:04:59,SN-Modem-01113,dual_band
Cisco,Access Point,EAP225,AA:BB:5A:00:04:5A,SN-AccessPoint-01114,single_band
Huawei,Switch,SG108,AA:BB:5B:00:04:5B,SN-Switch-01115,dual_band
Nokia,ONT,HG8145V5,AA:BB:5C:00:04:5C,SN-ONT-01116,single_band
ZTE,ONU,G-140W-C,AA:BB:5D:00:04:5D,SN-ONU-01117,dual_band
TP-Link,Router,Archer C6,AA:BB:5E:00:04:5E,SN-Router-01118,single_band
Cisco,Modem,MB8600,AA:BB:5F:00:04:5F,SN-Modem-01119,dual_band
Huawei,Access Point,EAP225,AA:BB:60:00:04:60,SN-AccessPoint-01120,single_band
Nokia,Switch,SG108,AA:BB:61:00:04:61,SN-Switch-01121,dual_band
ZTE,ONT,HG8145V5,AA:BB:62:00:04:62,SN-ONT-01122,single_band
TP-Link,ONU,G-140W-C,AA:BB:63:00:04:63,SN-ONU-01123,dual_band
Cisco,Router,Archer C6,AA:BB:64:00:04:64,SN-Router-01124,single_band
Huawei,Modem,MB8600,AA:BB:65:00:04:65,SN-Modem-01125,dual_band
Nokia,Access Point,EAP225,AA:BB:66:00:04:66,SN-AccessPoint-01126,single_band
ZTE,Switch,SG108,AA:BB:67:00:04:67,SN-Switch-01127,dual_band
TP-Link,ONT,HG8145V5,AA:BB:68:00:04:68,SN-ONT-01128,single_band
Cisco,ONU,G-140W-C,AA:BB:69:00:04:69,SN-ONU-01129,dual_band
Huawei,Router,Archer C6,AA:BB:6A:00:04:6A,SN-Router-01130,single_band
Nokia,Modem,MB8600,AA:BB:6B:00:04:6B,SN-Modem-01131,dual_band
ZTE,Access Point,EAP225,AA:BB:6C:00:04:6C,SN-AccessPoint-01132,single_band
TP-Link,Switch,SG108,AA:BB:6D:00:04:6D,SN-Switch-01133,dual_band
Cisco,ONT,HG8145V5,AA:BB:6E:00:04:6E,SN-ONT-01134,single_band
Huawei,ONU,G-140W-C,AA:BB:6F:00:04:6F,SN-ONU-01135,dual_band
Nokia,Router,Archer C6,AA:BB:70:00:04:70,SN-Router-01136,single_band
ZTE,Modem,MB8600,AA:BB:71:00:04:71,SN-Modem-01137,dual_band
TP-Link,Access Point,EAP225,AA:BB:72:00:04:72,SN-AccessPoint-01138,single_band
Cisco,Switch,SG108,AA:BB:73:00:04:73,SN-Switch-01139,dual_band
Huawei,ONT,HG8145V5,AA:BB:74:00:04:74,SN-ONT-01140,single_band
Nokia,ONU,G-140W-C,AA:BB:75:00:04:75,SN-ONU-01141,dual_band
ZTE,Router,Archer C6,AA:BB:76:00:04:76,SN-Router-01142,single_band
TP-Link,Modem,MB8600,AA:BB:77:00:04:77,SN-Modem-01143,dual_band
Cisco,Access Point,EAP225,AA:BB:78:00:04:78,SN-AccessPoint-01144,single_band
Huawei,Switch,SG108,AA:BB:79:00:04:79,SN-Switch-01145,dual_band
Nokia,ONT,HG8145V5,AA:BB:7A:00:04:7A,SN-ONT-01146,single_band
ZTE,ONU,G-140W-C,AA:BB:7B:00:04:7B,SN-ONU-01147,dual_band
TP-Link,Router,Archer C6,AA:BB:7C:00:04:7C,SN-Router-01148,single_band
Cisco,Modem,MB8600,AA:BB:7D:00:04:7D,SN-Modem-01149,dual_band
Huawei,Access Point,EAP225,AA:BB:7E:00:04:7E,SN-AccessPoint-01150,single_band
Nokia,Switch,SG108,AA:BB:7F:00:04:7F,SN-Switch-01151,dual_band
ZTE,ONT,HG8145V5,AA:BB:80:00:04:80,SN-ONT-01152,single_band
TP-Link,ONU,G-140W-C,AA:BB:81:00:05:81,SN-ONU-01153,dual_band
Cisco,Router,Archer C6,AA:BB:82:00:05:82,SN-Router-01154,single_band
Huawei,Modem,MB8600,AA:BB:83:00:05:83,SN-Modem-01155,dual_band
Nokia,Access Point,EAP225,AA:BB:84:00:05:84,SN-AccessPoint-01156,single_band
ZTE,Switch,SG108,AA:BB:85:00:05:85,SN-Switch-01157,dual_band
TP-Link,ONT,HG8145V5,AA:BB:86:00:05:86,SN-ONT-01158,single_band
Cisco,ONU,G-140W-C,AA:BB:87:00:05:87,SN-ONU-01159,dual_band
Huawei,Router,Archer C6,AA:BB:88:00:05:88,SN-Router-01160,single_band
Nokia,Modem,MB8600,AA:BB:89:00:05:89,SN-Modem-01161,dual_band
ZTE,Access Point,EAP225,AA:BB:8A:00:05:8A,SN-AccessPoint-01162,single_band
TP-Link,Switch,SG108,AA:BB:8B:00:05:8B,SN-Switch-01163,dual_band
Cisco,ONT,HG8145V5,AA:BB:8C:00:05:8C,SN-ONT-01164,single_band
Huawei,ONU,G-140W-C,AA:BB:8D:00:05:8D,SN-ONU-01165,dual_band
Nokia,Router,Archer C6,AA:BB:8E:00:05:8E,SN-Router-01166,single_band
ZTE,Modem,MB8600,AA:BB:8F:00:05:8F,SN-Modem-01167,dual_band
TP-Link,Access Point,EAP225,AA:BB:90:00:05:90,SN-AccessPoint-01168,single_band
Cisco,Switch,SG108,AA:BB:91:00:05:91,SN-Switch-01169,dual_band
Huawei,ONT,HG8145V5,AA:BB:92:00:05:92,SN-ONT-01170,single_band
Nokia,ONU,G-140W-C,AA:BB:93:00:05:93,SN-ONU-01171,dual_band
ZTE,Router,Archer C6,AA:BB:94:00:05:94,SN-Router-01172,single_band
TP-Link,Modem,MB8600,AA:BB:95:00:05:95,SN-Modem-01173,dual_band
Cisco,Access Point,EAP225,AA:BB:96:00:05:96,SN-AccessPoint-01174,single_band
Huawei,Switch,SG108,AA:BB:97:00:05:97,SN-Switch-01175,dual_band
Nokia,ONT,HG8145V5,AA:BB:98:00:05:98,SN-ONT-01176,single_band
ZTE,ONU,G-140W-C,AA:BB:99:00:05:99,SN-ONU-01177,dual_band
TP-Link,Router,Archer C6,AA:BB:9A:00:05:9A,SN-Router-01178,single_band
Cisco,Modem,MB8600,AA:BB:9B:00:05:9B,SN-Modem-01179,dual_band
Huawei,Access Point,EAP225,AA:BB:9C:00:05:9C,SN-AccessPoint-01180,single_band
Nokia,Switch,SG108,AA:BB:9D:00:05:9D,SN-Switch-01181,dual_band
ZTE,ONT,HG8145V5,AA:BB:9E:00:05:9E,SN-ONT-01182,single_band
TP-Link,ONU,G-140W-C,AA:BB:9F:00:05:9F,SN-ONU-01183,dual_band
Cisco,Router,Archer C6,AA:BB:A0:00:05:A0,SN-Router-01184,single_band
Huawei,Modem,MB8600,AA:BB:A1:00:05:A1,SN-Modem-01185,dual_band
Nokia,Access Point,EAP225,AA:BB:A2:00:05:A2,SN-AccessPoint-01186,single_band
ZTE,Switch,SG108,AA:BB:A3:00:05:A3,SN-Switch-01187,dual_band
TP-Link,ONT,HG8145V5,AA:BB:A4:00:05:A4,SN-ONT-01188,single_band
Cisco,ONU,G-140W-C,AA:BB:A5:00:05:A5,SN-ONU-01189,dual_band
Huawei,Router,Archer C6,AA:BB:A6:00:05:A6,SN-Router-01190,single_band
Nokia,Modem,MB8600,AA:BB:A7:00:05:A7,SN-Modem-01191,dual_band
ZTE,Access Point,EAP225,AA:BB:A8:00:05:A8,SN-AccessPoint-01192,single_band
TP-Link,Switch,SG108,AA:BB:A9:00:05:A9,SN-Switch-01193,dual_band
Cisco,ONT,HG8145V5,AA:BB:AA:00:05:AA,SN-ONT-01194,single_band
Huawei,ONU,G-140W-C,AA:BB:AB:00:05:AB,SN-ONU-01195,dual_band
Nokia,Router,Archer C6,AA:BB:AC:00:05:AC,SN-Router-01196,single_band
ZTE,Modem,MB8600,AA:BB:AD:00:05:AD,SN-Modem-01197,dual_band
TP-Link,Access Point,EAP225,AA:BB:AE:00:05:AE,SN-AccessPoint-01198,single_band
Cisco,Switch,SG108,AA:BB:AF:00:05:AF,SN-Switch-01199,dual_band
Huawei,ONT,HG8145V5,AA:BB:B0:00:05:B0,SN-ONT-01200,single_band
Nokia,ONU,G-140W-C,AA:BB:B1:00:05:B1,SN-ONU-01201,dual_band
ZTE,Router,Archer C6,AA:BB:B2:00:05:B2,SN-Router-01202,single_band
TP-Link,Modem,MB8600,AA:BB:B3:00:05:B3,SN-Modem-01203,dual_band
Cisco,Access Point,EAP225,AA:BB:B4:00:05:B4,SN-AccessPoint-01204,single_band
Huawei,Switch,SG108,AA:BB:B5:00:05:B5,SN-Switch-01205,dual_band
Nokia,ONT,HG8145V5,AA:BB:B6:00:05:B6,SN-ONT-01206,single_band
ZTE,ONU,G-140W-C,AA:BB:B7:00:05:B7,SN-ONU-01207,dual_band
TP-Link,Router,Archer C6,AA:BB:B8:00:05:B8,SN-Router-01208,single_band
Cisco,Modem,MB8600,AA:BB:B9:00:05:B9,SN-Modem-01209,dual_band
Huawei,Access Point,EAP225,AA:BB:BA:00:05:BA,SN-AccessPoint-01210,single_band
Nokia,Switch,SG108,AA:BB:BB:00:05:BB,SN-Switch-01211,dual_band
ZTE,ONT,HG8145V5,AA:BB:BC:00:05:BC,SN-ONT-01212,single_band
TP-Link,ONU,G-140W-C,AA:BB:BD:00:05:BD,SN-ONU-01213,dual_band
Cisco,Router,Archer C6,AA:BB:BE:00:05:BE,SN-Router-01214,single_band
Huawei,Modem,MB8600,AA:BB:BF:00:05:BF,SN-Modem-01215,dual_band
Nokia,Access Point,EAP225,AA:BB:C0:00:05:C0,SN-AccessPoint-01216,single_band
ZTE,Switch,SG108,AA:BB:C1:00:05:C1,SN-Switch-01217,dual_band
TP-Link,ONT,HG8145V5,AA:BB:C2:00:05:C2,SN-ONT-01218,single_band
Cisco,ONU,G-140W-C,AA:BB:C3:00:05:C3,SN-ONU-01219,dual_band
Huawei,Router,Archer C6,AA:BB:C4:00:05:C4,SN-Router-01220,single_band
Nokia,Modem,MB8600,AA:BB:C5:00:05:C5,SN-Modem-01221,dual_band
ZTE,Access Point,EAP225,AA:BB:C6:00:05:C6,SN-AccessPoint-01222,single_band
TP-Link,Switch,SG108,AA:BB:C7:00:05:C7,SN-Switch-01223,dual_band
Cisco,ONT,HG8145V5,AA:BB:C8:00:05:C8,SN-ONT-01224,single_band
Huawei,ONU,G-140W-C,AA:BB:C9:00:05:C9,SN-ONU-01225,dual_band
Nokia,Router,Archer C6,AA:BB:CA:00:05:CA,SN-Router-01226,single_band
ZTE,Modem,MB8600,AA:BB:CB:00:05:CB,SN-Modem-01227,dual_band
TP-Link,Access Point,EAP225,AA:BB:CC:00:05:CC,SN-AccessPoint-01228,single_band
Cisco,Switch,SG108,AA:BB:CD:00:05:CD,SN-Switch-01229,dual_band
Huawei,ONT,HG8145V5,AA:BB:CE:00:05:CE,SN-ONT-01230,single_band
Nokia,ONU,G-140W-C,AA:BB:CF:00:05:CF,SN-ONU-01231,dual_band
ZTE,Router,Archer C6,AA:BB:D0:00:05:D0,SN-Router-01232,single_band
TP-Link,Modem,MB8600,AA:BB:D1:00:05:D1,SN-Modem-01233,dual_band
Cisco,Access Point,EAP225,AA:BB:D2:00:05:D2,SN-AccessPoint-01234,single_band
Huawei,Switch,SG108,AA:BB:D3:00:05:D3,SN-Switch-01235,dual_band
Nokia,ONT,HG8145V5,AA:BB:D4:00:05:D4,SN-ONT-01236,single_band
ZTE,ONU,G-140W-C,AA:BB:D5:00:05:D5,SN-ONU-01237,dual_band
TP-Link,Router,Archer C6,AA:BB:D6:00:05:D6,SN-Router-01238,single_band
Cisco,Modem,MB8600,AA:BB:D7:00:05:D7,SN-Modem-01239,dual_band
Huawei,Access Point,EAP225,AA:BB:D8:00:05:D8,SN-AccessPoint-01240,single_band
Nokia,Switch,SG108,AA:BB:D9:00:05:D9,SN-Switch-01241,dual_band
ZTE,ONT,HG8145V5,AA:BB:DA:00:05:DA,SN-ONT-01242,single_band
TP-Link,ONU,G-140W-C,AA:BB:DB:00:05:DB,SN-ONU-01243,dual_band
Cisco,Router,Archer C6,AA:BB:DC:00:05:DC,SN-Router-01244,single_band
Huawei,Modem,MB8600,AA:BB:DD:00:05:DD,SN-Modem-01245,dual_band
Nokia,Access Point,EAP225,AA:BB:DE:00:05:DE,SN-AccessPoint-01246,single_band
ZTE,Switch,SG108,AA:BB:DF:00:05:DF,SN-Switch-01247,dual_band
TP-Link,ONT,HG8145V5,AA:BB:E0:00:05:E0,SN-ONT-01248,single_band
Cisco,ONU,G-140W-C,AA:BB:E1:00:05:E1,SN-ONU-01249,dual_band
Huawei,Router,Archer C6,AA:BB:E2:00:05:E2,SN-Router-01250,single_band
Nokia,Modem,MB8600,AA:BB:E3:00:05:E3,SN-Modem-01251,dual_band
ZTE,Access Point,EAP225,AA:BB:E4:00:05:E4,SN-AccessPoint-01252,single_band
TP-Link,Switch,SG108,AA:BB:E5:00:05:E5,SN-Switch-01253,dual_band
Cisco,ONT,HG8145V5,AA:BB:E6:00:05:E6,SN-ONT-01254,single_band
Huawei,ONU,G-140W-C,AA:BB:E7:00:05:E7,SN-ONU-01255,dual_band
Nokia,Router,Archer C6,AA:BB:E8:00:05:E8,SN-Router-01256,single_band
ZTE,Modem,MB8600,AA:BB:E9:00:05:E9,SN-Modem-01257,dual_band
TP-Link,Access Point,EAP225,AA:BB:EA:00:05:EA,SN-AccessPoint-01258,single_band
Cisco,Switch,SG108,AA:BB:EB:00:05:EB,SN-Switch-01259,dual_band
Huawei,ONT,HG8145V5,AA:BB:EC:00:05:EC,SN-ONT-01260,single_band
Nokia,ONU,G-140W-C,AA:BB:ED:00:05:ED,SN-ONU-01261,dual_band
ZTE,Router,Archer C6,AA:BB:EE:00:05:EE,SN-Router-01262,single_band
TP-Link,Modem,MB8600,AA:BB:EF:00:05:EF,SN-Modem-01263,dual_band
Cisco,Access Point,EAP225,AA:BB:F0:00:05:F0,SN-AccessPoint-01264,single_band
Huawei,Switch,SG108,AA:BB:F1:00:05:F1,SN-Switch-01265,dual_band
Nokia,ONT,HG8145V5,AA:BB:F2:00:05:F2,SN-ONT-01266,single_band
ZTE,ONU,G-140W-C,AA:BB:F3:00:05:F3,SN-ONU-01267,dual_band
TP-Link,Router,Archer C6,AA:BB:F4:00:05:F4,SN-Router-01268,single_band
Cisco,Modem,MB8600,AA:BB:F5:00:05:F5,SN-Modem-01269,dual_band
Huawei,Access Point,EAP225,AA:BB:F6:00:05:F6,SN-AccessPoint-01270,single_band
Nokia,Switch,SG108,AA:BB:F7:00:05:F7,SN-Switch-01271,dual_band
ZTE,ONT,HG8145V5,AA:BB:F8:00:05:F8,SN-ONT-01272,single_band
TP-Link,ONU,G-140W-C,AA:BB:F9:00:05:F9,SN-ONU-01273,dual_band
Cisco,Router,Archer C6,AA:BB:FA:00:05:FA,SN-Router-01274,single_band
Huawei,Modem,MB8600,AA:BB:FB:00:05:FB,SN-Modem-01275,dual_band
Nokia,Access Point,EAP225,AA:BB:FC:00:05:FC,SN-AccessPoint-01276,single_band
ZTE,Switch,SG108,AA:BB:FD:00:05:FD,SN-Switch-01277,dual_band
TP-Link,ONT,HG8145V5,AA:BB:FE:00:05:FE,SN-ONT-01278,single_band
Cisco,ONU,G-140W-C,AA:BB:FF:00:05:FF,SN-ONU-01279,dual_band
Huawei,Router,Archer C6,AA:BB:00:00:05:00,SN-Router-01280,single_band
Nokia,Modem,MB8600,AA:BB:01:00:05:01,SN-Modem-01281,dual_band
ZTE,Access Point,EAP225,AA:BB:02:00:05:02,SN-AccessPoint-01282,single_band
TP-Link,Switch,SG108,AA:BB:03:00:05:03,SN-Switch-01283,dual_band
Cisco,ONT,HG8145V5,AA:BB:04:00:05:04,SN-ONT-01284,single_band
Huawei,ONU,G-140W-C,AA:BB:05:00:05:05,SN-ONU-01285,dual_band
Nokia,Router,Archer C6,AA:BB:06:00:05:06,SN-Router-01286,single_band
ZTE,Modem,MB8600,AA:BB:07:00:05:07,SN-Modem-01287,dual_band
TP-Link,Access Point,EAP225,AA:BB:08:00:05:08,SN-AccessPoint-01288,single_band
Cisco,Switch,SG108,AA:BB:09:00:05:09,SN-Switch-01289,dual_band
Huawei,ONT,HG8145V5,AA:BB:0A:00:05:0A,SN-ONT-01290,single_band
Nokia,ONU,G-140W-C,AA:BB:0B:00:05:0B,SN-ONU-01291,dual_band
ZTE,Router,Archer C6,AA:BB:0C:00:05:0C,SN-Router-01292,single_band
TP-Link,Modem,MB8600,AA:BB:0D:00:05:0D,SN-Modem-01293,dual_band
Cisco,Access Point,EAP225,AA:BB:0E:00:05:0E,SN-AccessPoint-01294,single_band
Huawei,Switch,SG108,AA:BB:0F:00:05:0F,SN-Switch-01295,dual_band
Nokia,ONT,HG8145V5,AA:BB:10:00:05:10,SN-ONT-01296,single_band
ZTE,ONU,G-140W-C,AA:BB:11:00:05:11,SN-ONU-01297,dual_band
TP-Link,Router,Archer C6,AA:BB:12:00:05:12,SN-Router-01298,single_band
Cisco,Modem,MB8600,AA:BB:13:00:05:13,SN-Modem-01299,dual_band
Huawei,Access Point,EAP225,AA:BB:14:00:05:14,SN-AccessPoint-01300,single_band
Nokia,Switch,SG108,AA:BB:15:00:05:15,SN-Switch-01301,dual_band
ZTE,ONT,HG8145V5,AA:BB:16:00:05:16,SN-ONT-01302,single_band
TP-Link,ONU,G-140W-C,AA:BB:17:00:05:17,SN-ONU-01303,dual_band
Cisco,Router,Archer C6,AA:BB:18:00:05:18,SN-Router-01304,single_band
Huawei,Modem,MB8600,AA:BB:19:00:05:19,SN-Modem-01305,dual_band
Nokia,Access Point,EAP225,AA:BB:1A:00:05:1A,SN-AccessPoint-01306,single_band
ZTE,Switch,SG108,AA:BB:1B:00:05:1B,SN-Switch-01307,dual_band
TP-Link,ONT,HG8145V5,AA:BB:1C:00:05:1C,SN-ONT-01308,single_band
Cisco,ONU,G-140W-C,AA:BB:1D:00:05:1D,SN-ONU-01309,dual_band
Huawei,Router,Archer C6,AA:BB:1E:00:05:1E,SN-Router-01310,single_band
Nokia,Modem,MB8600,AA:BB:1F:00:05:1F,SN-Modem-01311,dual_band
ZTE,Access Point,EAP225,AA:BB:20:00:05:20,SN-AccessPoint-01312,single_band
TP-Link,Switch,SG108,AA:BB:21:00:05:21,SN-Switch-01313,dual_band
Cisco,ONT,HG8145V5,AA:BB:22:00:05:22,SN-ONT-01314,single_band
Huawei,ONU,G-140W-C,AA:BB:23:00:05:23,SN-ONU-01315,dual_band
Nokia,Router,Archer C6,AA:BB:24:00:05:24,SN-Router-01316,single_band
ZTE,Modem,MB8600,AA:BB:25:00:05:25,SN-Modem-01317,dual_band
TP-Link,Access Point,EAP225,AA:BB:26:00:05:26,SN-AccessPoint-01318,single_band
Cisco,Switch,SG108,AA:BB:27:00:05:27,SN-Switch-01319,dual_band
Huawei,ONT,HG8145V5,AA:BB:28:00:05:28,SN-ONT-01320,single_band
Nokia,ONU,G-140W-C,AA:BB:29:00:05:29,SN-ONU-01321,dual_band
ZTE,Router,Archer C6,AA:BB:2A:00:05:2A,SN-Router-01322,single_band
TP-Link,Modem,MB8600,AA:BB:2B:00:05:2B,SN-Modem-01323,dual_band
Cisco,Access Point,EAP225,AA:BB:2C:00:05:2C,SN-AccessPoint-01324,single_band
Huawei,Switch,SG108,AA:BB:2D:00:05:2D,SN-Switch-01325,dual_band
Nokia,ONT,HG8145V5,AA:BB:2E:00:05:2E,SN-ONT-01326,single_band
ZTE,ONU,G-140W-C,AA:BB:2F:00:05:2F,SN-ONU-01327,dual_band
TP-Link,Router,Archer C6,AA:BB:30:00:05:30,SN-Router-01328,single_band
Cisco,Modem,MB8600,AA:BB:31:00:05:31,SN-Modem-01329,dual_band
Huawei,Access Point,EAP225,AA:BB:32:00:05:32,SN-AccessPoint-01330,single_band
Nokia,Switch,SG108,AA:BB:33:00:05:33,SN-Switch-01331,dual_band
ZTE,ONT,HG8145V5,AA:BB:34:00:05:34,SN-ONT-01332,single_band
TP-Link,ONU,G-140W-C,AA:BB:35:00:05:35,SN-ONU-01333,dual_band
Cisco,Router,Archer C6,AA:BB:36:00:05:36,SN-Router-01334,single_band
Huawei,Modem,MB8600,AA:BB:37:00:05:37,SN-Modem-01335,dual_band
Nokia,Access Point,EAP225,AA:BB:38:00:05:38,SN-AccessPoint-01336,single_band
ZTE,Switch,SG108,AA:BB:39:00:05:39,SN-Switch-01337,dual_band
TP-Link,ONT,HG8145V5,AA:BB:3A:00:05:3A,SN-ONT-01338,single_band
Cisco,ONU,G-140W-C,AA:BB:3B:00:05:3B,SN-ONU-01339,dual_band
Huawei,Router,Archer C6,AA:BB:3C:00:05:3C,SN-Router-01340,single_band
Nokia,Modem,MB8600,AA:BB:3D:00:05:3D,SN-Modem-01341,dual_band
ZTE,Access Point,EAP225,AA:BB:3E:00:05:3E,SN-AccessPoint-01342,single_band
TP-Link,Switch,SG108,AA:BB:3F:00:05:3F,SN-Switch-01343,dual_band
Cisco,ONT,HG8145V5,AA:BB:40:00:05:40,SN-ONT-01344,single_band
Huawei,ONU,G-140W-C,AA:BB:41:00:05:41,SN-ONU-01345,dual_band
Nokia,Router,Archer C6,AA:BB:42:00:05:42,SN-Router-01346,single_band
ZTE,Modem,MB8600,AA:BB:43:00:05:43,SN-Modem-01347,dual_band
TP-Link,Access Point,EAP225,AA:BB:44:00:05:44,SN-AccessPoint-01348,single_band
Cisco,Switch,SG108,AA:BB:45:00:05:45,SN-Switch-01349,dual_band
Huawei,ONT,HG8145V5,AA:BB:46:00:05:46,SN-ONT-01350,single_band
Nokia,ONU,G-140W-C,AA:BB:47:00:05:47,SN-ONU-01351,dual_band
ZTE,Router,Archer C6,AA:BB:48:00:05:48,SN-Router-01352,single_band
TP-Link,Modem,MB8600,AA:BB:49:00:05:49,SN-Modem-01353,dual_band
Cisco,Access Point,EAP225,AA:BB:4A:00:05:4A,SN-AccessPoint-01354,single_band
Huawei,Switch,SG108,AA:BB:4B:00:05:4B,SN-Switch-01355,dual_band
Nokia,ONT,HG8145V5,AA:BB:4C:00:05:4C,SN-ONT-01356,single_band
ZTE,ONU,G-140W-C,AA:BB:4D:00:05:4D,SN-ONU-01357,dual_band
TP-Link,Router,Archer C6,AA:BB:4E:00:05:4E,SN-Router-01358,single_band
Cisco,Modem,MB8600,AA:BB:4F:00:05:4F,SN-Modem-01359,dual_band
Huawei,Access Point,EAP225,AA:BB:50:00:05:50,SN-AccessPoint-01360,single_band
Nokia,Switch,SG108,AA:BB:51:00:05:51,SN-Switch-01361,dual_band
ZTE,ONT,HG8145V5,AA:BB:52:00:05:52,SN-ONT-01362,single_band
TP-Link,ONU,G-140W-C,AA:BB:53:00:05:53,SN-ONU-01363,dual_band
Cisco,Router,Archer C6,AA:BB:54:00:05:54,SN-Router-01364,single_band
Huawei,Modem,MB8600,AA:BB:55:00:05:55,SN-Modem-01365,dual_band
Nokia,Access Point,EAP225,AA:BB:56:00:05:56,SN-AccessPoint-01366,single_band
ZTE,Switch,SG108,AA:BB:57:00:05:57,SN-Switch-01367,dual_band
TP-Link,ONT,HG8145V5,AA:BB:58:00:05:58,SN-ONT-01368,single_band
Cisco,ONU,G-140W-C,AA:BB:59:00:05:59,SN-ONU-01369,dual_band
Huawei,Router,Archer C6,AA:BB:5A:00:05:5A,SN-Router-01370,single_band
Nokia,Modem,MB8600,AA:BB:5B:00:05:5B,SN-Modem-01371,dual_band
ZTE,Access Point,EAP225,AA:BB:5C:00:05:5C,SN-AccessPoint-01372,single_band
TP-Link,Switch,SG108,AA:BB:5D:00:05:5D,SN-Switch-01373,dual_band
Cisco,ONT,HG8145V5,AA:BB:5E:00:05:5E,SN-ONT-01374,single_band
Huawei,ONU,G-140W-C,AA:BB:5F:00:05:5F,SN-ONU-01375,dual_band
Nokia,Router,Archer C6,AA:BB:60:00:05:60,SN-Router-01376,single_band
ZTE,Modem,MB8600,AA:BB:61:00:05:61,SN-Modem-01377,dual_band
TP-Link,Access Point,EAP225,AA:BB:62:00:05:62,SN-AccessPoint-01378,single_band
Cisco,Switch,SG108,AA:BB:63:00:05:63,SN-Switch-01379,dual_band
Huawei,ONT,HG8145V5,AA:BB:64:00:05:64,SN-ONT-01380,single_band
Nokia,ONU,G-140W-C,AA:BB:65:00:05:65,SN-ONU-01381,dual_band
ZTE,Router,Archer C6,AA:BB:66:00:05:66,SN-Router-01382,single_band
TP-Link,Modem,MB8600,AA:BB:67:00:05:67,SN-Modem-01383,dual_band
Cisco,Access Point,EAP225,AA:BB:68:00:05:68,SN-AccessPoint-01384,single_band
Huawei,Switch,SG108,AA:BB:69:00:05:69,SN-Switch-01385,dual_band
Nokia,ONT,HG8145V5,AA:BB:6A:00:05:6A,SN-ONT-01386,single_band
ZTE,ONU,G-140W-C,AA:BB:6B:00:05:6B,SN-ONU-01387,dual_band
TP-Link,Router,Archer C6,AA:BB:6C:00:05:6C,SN-Router-01388,single_band
Cisco,Modem,MB8600,AA:BB:6D:00:05:6D,SN-Modem-01389,dual_band
Huawei,Access Point,EAP225,AA:BB:6E:00:05:6E,SN-AccessPoint-01390,single_band
Nokia,Switch,SG108,AA:BB:6F:00:05:6F,SN-Switch-01391,dual_band
ZTE,ONT,HG8145V5,AA:BB:70:00:05:70,SN-ONT-01392,single_band
TP-Link,ONU,G-140W-C,AA:BB:71:00:05:71,SN-ONU-01393,dual_band
Cisco,Router,Archer C6,AA:BB:72:00:05:72,SN-Router-01394,single_band
Huawei,Modem,MB8600,AA:BB:73:00:05:73,SN-Modem-01395,dual_band
Nokia,Access Point,EAP225,AA:BB:74:00:05:74,SN-AccessPoint-01396,single_band
ZTE,Switch,SG108,AA:BB:75:00:05:75,SN-Switch-01397,dual_band
TP-Link,ONT,HG8145V5,AA:BB:76:00:05:76,SN-ONT-01398,single_band
Cisco,ONU,G-140W-C,AA:BB:77:00:05:77,SN-ONU-01399,dual_band
Huawei,Router,Archer C6,AA:BB:78:00:05:78,SN-Router-01400,single_band
Nokia,Modem,MB8600,AA:BB:79:00:05:79,SN-Modem-01401,dual_band
ZTE,Access Point,EAP225,AA:BB:7A:00:05:7A,SN-AccessPoint-01402,single_band
TP-Link,Switch,SG108,AA:BB:7B:00:05:7B,SN-Switch-01403,dual_band
Cisco,ONT,HG8145V5,AA:BB:7C:00:05:7C,SN-ONT-01404,single_band
Huawei,ONU,G-140W-C,AA:BB:7D:00:05:7D,SN-ONU-01405,dual_band
Nokia,Router,Archer C6,AA:BB:7E:00:05:7E,SN-Router-01406,single_band
ZTE,Modem,MB8600,AA:BB:7F:00:05:7F,SN-Modem-01407,dual_band
TP-Link,Access Point,EAP225,AA:BB:80:00:06:80,SN-AccessPoint-01408,single_band
Cisco,Switch,SG108,AA:BB:81:00:06:81,SN-Switch-01409,dual_band
Huawei,ONT,HG8145V5,AA:BB:82:00:06:82,SN-ONT-01410,single_band
Nokia,ONU,G-140W-C,AA:BB:83:00:06:83,SN-ONU-01411,dual_band
ZTE,Router,Archer C6,AA:BB:84:00:06:84,SN-Router-01412,single_band
TP-Link,Modem,MB8600,AA:BB:85:00:06:85,SN-Modem-01413,dual_band
Cisco,Access Point,EAP225,AA:BB:86:00:06:86,SN-AccessPoint-01414,single_band
Huawei,Switch,SG108,AA:BB:87:00:06:87,SN-Switch-01415,dual_band
Nokia,ONT,HG8145V5,AA:BB:88:00:06:88,SN-ONT-01416,single_band
ZTE,ONU,G-140W-C,AA:BB:89:00:06:89,SN-ONU-01417,dual_band
TP-Link,Router,Archer C6,AA:BB:8A:00:06:8A,SN-Router-01418,single_band
Cisco,Modem,MB8600,AA:BB:8B:00:06:8B,SN-Modem-01419,dual_band
Huawei,Access Point,EAP225,AA:BB:8C:00:06:8C,SN-AccessPoint-01420,single_band
Nokia,Switch,SG108,AA:BB:8D:00:06:8D,SN-Switch-01421,dual_band
ZTE,ONT,HG8145V5,AA:BB:8E:00:06:8E,SN-ONT-01422,single_band
TP-Link,ONU,G-140W-C,AA:BB:8F:00:06:8F,SN-ONU-01423,dual_band
Cisco,Router,Archer C6,AA:BB:90:00:06:90,SN-Router-01424,single_band
Huawei,Modem,MB8600,AA:BB:91:00:06:91,SN-Modem-01425,dual_band
Nokia,Access Point,EAP225,AA:BB:92:00:06:92,SN-AccessPoint-01426,single_band
ZTE,Switch,SG108,AA:BB:93:00:06:93,SN-Switch-01427,dual_band
TP-Link,ONT,HG8145V5,AA:BB:94:00:06:94,SN-ONT-01428,single_band
Cisco,ONU,G-140W-C,AA:BB:95:00:06:95,SN-ONU-01429,dual_band
Huawei,Router,Archer C6,AA:BB:96:00:06:96,SN-Router-01430,single_band
Nokia,Modem,MB8600,AA:BB:97:00:06:97,SN-Modem-01431,dual_band
ZTE,Access Point,EAP225,AA:BB:98:00:06:98,SN-AccessPoint-01432,single_band
TP-Link,Switch,SG108,AA:BB:99:00:06:99,SN-Switch-01433,dual_band
Cisco,ONT,HG8145V5,AA:BB:9A:00:06:9A,SN-ONT-01434,single_band
Huawei,ONU,G-140W-C,AA:BB:9B:00:06:9B,SN-ONU-01435,dual_band
Nokia,Router,Archer C6,AA:BB:9C:00:06:9C,SN-Router-01436,single_band
ZTE,Modem,MB8600,AA:BB:9D:00:06:9D,SN-Modem-01437,dual_band
TP-Link,Access Point,EAP225,AA:BB:9E:00:06:9E,SN-AccessPoint-01438,single_band
Cisco,Switch,SG108,AA:BB:9F:00:06:9F,SN-Switch-01439,dual_band
Huawei,ONT,HG8145V5,AA:BB:A0:00:06:A0,SN-ONT-01440,single_band
Nokia,ONU,G-140W-C,AA:BB:A1:00:06:A1,SN-ONU-01441,dual_band
ZTE,Router,Archer C6,AA:BB:A2:00:06:A2,SN-Router-01442,single_band
TP-Link,Modem,MB8600,AA:BB:A3:00:06:A3,SN-Modem-01443,dual_band
Cisco,Access Point,EAP225,AA:BB:A4:00:06:A4,SN-AccessPoint-01444,single_band
Huawei,Switch,SG108,AA:BB:A5:00:06:A5,SN-Switch-01445,dual_band
Nokia,ONT,HG8145V5,AA:BB:A6:00:06:A6,SN-ONT-01446,single_band
ZTE,ONU,G-140W-C,AA:BB:A7:00:06:A7,SN-ONU-01447,dual_band
TP-Link,Router,Archer C6,AA:BB:A8:00:06:A8,SN-Router-01448,single_band
Cisco,Modem,MB8600,AA:BB:A9:00:06:A9,SN-Modem-01449,dual_band
Huawei,Access Point,EAP225,AA:BB:AA:00:06:AA,SN-AccessPoint-01450,single_band
Nokia,Switch,SG108,AA:BB:AB:00:06:AB,SN-Switch-01451,dual_band
ZTE,ONT,HG8145V5,AA:BB:AC:00:06:AC,SN-ONT-01452,single_band
TP-Link,ONU,G-140W-C,AA:BB:AD:00:06:AD,SN-ONU-01453,dual_band
Cisco,Router,Archer C6,AA:BB:AE:00:06:AE,SN-Router-01454,single_band
Huawei,Modem,MB8600,AA:BB:AF:00:06:AF,SN-Modem-01455,dual_band
Nokia,Access Point,EAP225,AA:BB:B0:00:06:B0,SN-AccessPoint-01456,single_band
ZTE,Switch,SG108,AA:BB:B1:00:06:B1,SN-Switch-01457,dual_band
TP-Link,ONT,HG8145V5,AA:BB:B2:00:06:B2,SN-ONT-01458,single_band
Cisco,ONU,G-140W-C,AA:BB:B3:00:06:B3,SN-ONU-01459,dual_band
Huawei,Router,Archer C6,AA:BB:B4:00:06:B4,SN-Router-01460,single_band
Nokia,Modem,MB8600,AA:BB:B5:00:06:B5,SN-Modem-01461,dual_band
ZTE,Access Point,EAP225,AA:BB:B6:00:06:B6,SN-AccessPoint-01462,single_band
TP-Link,Switch,SG108,AA:BB:B7:00:06:B7,SN-Switch-01463,dual_band
Cisco,ONT,HG8145V5,AA:BB:B8:00:06:B8,SN-ONT-01464,single_band
Huawei,ONU,G-140W-C,AA:BB:B9:00:06:B9,SN-ONU-01465,dual_band
Nokia,Router,Archer C6,AA:BB:BA:00:06:BA,SN-Router-01466,single_band
ZTE,Modem,MB8600,AA:BB:BB:00:06:BB,SN-Modem-01467,dual_band
TP-Link,Access Point,EAP225,AA:BB:BC:00:06:BC,SN-AccessPoint-01468,single_band
Cisco,Switch,SG108,AA:BB:BD:00:06:BD,SN-Switch-01469,dual_band
Huawei,ONT,HG8145V5,AA:BB:BE:00:06:BE,SN-ONT-01470,single_band
Nokia,ONU,G-140W-C,AA:BB:BF:00:06:BF,SN-ONU-01471,dual_band
ZTE,Router,Archer C6,AA:BB:C0:00:06:C0,SN-Router-01472,single_band
TP-Link,Modem,MB8600,AA:BB:C1:00:06:C1,SN-Modem-01473,dual_band
Cisco,Access Point,EAP225,AA:BB:C2:00:06:C2,SN-AccessPoint-01474,single_band
Huawei,Switch,SG108,AA:BB:C3:00:06:C3,SN-Switch-01475,dual_band
Nokia,ONT,HG8145V5,AA:BB:C4:00:06:C4,SN-ONT-01476,single_band
ZTE,ONU,G-140W-C,AA:BB:C5:00:06:C5,SN-ONU-01477,dual_band
TP-Link,Router,Archer C6,AA:BB:C6:00:06:C6,SN-Router-01478,single_band
Cisco,Modem,MB8600,AA:BB:C7:00:06:C7,SN-Modem-01479,dual_band
Huawei,Access Point,EAP225,AA:BB:C8:00:06:C8,SN-AccessPoint-01480,single_band
Nokia,Switch,SG108,AA:BB:C9:00:06:C9,SN-Switch-01481,dual_band
ZTE,ONT,HG8145V5,AA:BB:CA:00:06:CA,SN-ONT-01482,single_band
TP-Link,ONU,G-140W-C,AA:BB:CB:00:06:CB,SN-ONU-01483,dual_band
Cisco,Router,Archer C6,AA:BB:CC:00:06:CC,SN-Router-01484,single_band
Huawei,Modem,MB8600,AA:BB:CD:00:06:CD,SN-Modem-01485,dual_band
Nokia,Access Point,EAP225,AA:BB:CE:00:06:CE,SN-AccessPoint-01486,single_band
ZTE,Switch,SG108,AA:BB:CF:00:06:CF,SN-Switch-01487,dual_band
TP-Link,ONT,HG8145V5,AA:BB:D0:00:06:D0,SN-ONT-01488,single_band
Cisco,ONU,G-140W-C,AA:BB:D1:00:06:D1,SN-ONU-01489,dual_band
Huawei,Router,Archer C6,AA:BB:D2:00:06:D2,SN-Router-01490,single_band
Nokia,Modem,MB8600,AA:BB:D3:00:06:D3,SN-Modem-01491,dual_band
ZTE,Access Point,EAP225,AA:BB:D4:00:06:D4,SN-AccessPoint-01492,single_band
TP-Link,Switch,SG108,AA:BB:D5:00:06:D5,SN-Switch-01493,dual_band
Cisco,ONT,HG8145V5,AA:BB:D6:00:06:D6,SN-ONT-01494,single_band
Huawei,ONU,G-140W-C,AA:BB:D7:00:06:D7,SN-ONU-01495,dual_band
Nokia,Router,Archer C6,AA:BB:D8:00:06:D8,SN-Router-01496,single_band
ZTE,Modem,MB8600,AA:BB:D9:00:06:D9,SN-Modem-01497,dual_band
TP-Link,Access Point,EAP225,AA:BB:DA:00:06:DA,SN-AccessPoint-01498,single_band
Cisco,Switch,SG108,AA:BB:DB:00:06:DB,SN-Switch-01499,dual_band
Huawei,ONT,HG8145V5,AA:BB:DC:00:06:DC,SN-ONT-01500,single_band
Nokia,ONU,G-140W-C,AA:BB:DD:00:06:DD,SN-ONU-01501,dual_band
ZTE,Router,Archer C6,AA:BB:DE:00:06:DE,SN-Router-01502,single_band
TP-Link,Modem,MB8600,AA:BB:DF:00:06:DF,SN-Modem-01503,dual_band
Cisco,Access Point,EAP225,AA:BB:E0:00:06:E0,SN-AccessPoint-01504,single_band
Huawei,Switch,SG108,AA:BB:E1:00:06:E1,SN-Switch-01505,dual_band
Nokia,ONT,HG8145V5,AA:BB:E2:00:06:E2,SN-ONT-01506,single_band
ZTE,ONU,G-140W-C,AA:BB:E3:00:06:E3,SN-ONU-01507,dual_band
TP-Link,Router,Archer C6,AA:BB:E4:00:06:E4,SN-Router-01508,single_band
Cisco,Modem,MB8600,AA:BB:E5:00:06:E5,SN-Modem-01509,dual_band
Huawei,Access Point,EAP225,AA:BB:E6:00:06:E6,SN-AccessPoint-01510,single_band
Nokia,Switch,SG108,AA:BB:E7:00:06:E7,SN-Switch-01511,dual_band
ZTE,ONT,HG8145V5,AA:BB:E8:00:06:E8,SN-ONT-01512,single_band
TP-Link,ONU,G-140W-C,AA:BB:E9:00:06:E9,SN-ONU-01513,dual_band
Cisco,Router,Archer C6,AA:BB:EA:00:06:EA,SN-Router-01514,single_band
Huawei,Modem,MB8600,AA:BB:EB:00:06:EB,SN-Modem-01515,dual_band
Nokia,Access Point,EAP225,AA:BB:EC:00:06:EC,SN-AccessPoint-01516,single_band
ZTE,Switch,SG108,AA:BB:ED:00:06:ED,SN-Switch-01517,dual_band
TP-Link,ONT,HG8145V5,AA:BB:EE:00:06:EE,SN-ONT-01518,single_band
Cisco,ONU,G-140W-C,AA:BB:EF:00:06:EF,SN-ONU-01519,dual_band
Huawei,Router,Archer C6,AA:BB:F0:00:06:F0,SN-Router-01520,single_band
Nokia,Modem,MB8600,AA:BB:F1:00:06:F1,SN-Modem-01521,dual_band
ZTE,Access Point,EAP225,AA:BB:F2:00:06:F2,SN-AccessPoint-01522,single_band
TP-Link,Switch,SG108,AA:BB:F3:00:06:F3,SN-Switch-01523,dual_band
Cisco,ONT,HG8145V5,AA:BB:F4:00:06:F4,SN-ONT-01524,single_band
Huawei,ONU,G-140W-C,AA:BB:F5:00:06:F5,SN-ONU-01525,dual_band
Nokia,Router,Archer C6,AA:BB:F6:00:06:F6,SN-Router-01526,single_band
ZTE,Modem,MB8600,AA:BB:F7:00:06:F7,SN-Modem-01527,dual_band
TP-Link,Access Point,EAP225,AA:BB:F8:00:06:F8,SN-AccessPoint-01528,single_band
Cisco,Switch,SG108,AA:BB:F9:00:06:F9,SN-Switch-01529,dual_band
Huawei,ONT,HG8145V5,AA:BB:FA:00:06:FA,SN-ONT-01530,single_band
Nokia,ONU,G-140W-C,AA:BB:FB:00:06:FB,SN-ONU-01531,dual_band
ZTE,Router,Archer C6,AA:BB:FC:00:06:FC,SN-Router-01532,single_band
TP-Link,Modem,MB8600,AA:BB:FD:00:06:FD,SN-Modem-01533,dual_band
Cisco,Access Point,EAP225,AA:BB:FE:00:06:FE,SN-AccessPoint-01534,single_band
Huawei,Switch,SG108,AA:BB:FF:00:06:FF,SN-Switch-01535,dual_band
Nokia,ONT,HG8145V5,AA:BB:00:00:06:00,SN-ONT-01536,single_band
ZTE,ONU,G-140W-C,AA:BB:01:00:06:01,SN-ONU-01537,dual_band
TP-Link,Router,Archer C6,AA:BB:02:00:06:02,SN-Router-01538,single_band
Cisco,Modem,MB8600,AA:BB:03:00:06:03,SN-Modem-01539,dual_band
Huawei,Access Point,EAP225,AA:BB:04:00:06:04,SN-AccessPoint-01540,single_band
Nokia,Switch,SG108,AA:BB:05:00:06:05,SN-Switch-01541,dual_band
ZTE,ONT,HG8145V5,AA:BB:06:00:06:06,SN-ONT-01542,single_band
TP-Link,ONU,G-140W-C,AA:BB:07:00:06:07,SN-ONU-01543,dual_band
Cisco,Router,Archer C6,AA:BB:08:00:06:08,SN-Router-01544,single_band
Huawei,Modem,MB8600,AA:BB:09:00:06:09,SN-Modem-01545,dual_band
Nokia,Access Point,EAP225,AA:BB:0A:00:06:0A,SN-AccessPoint-01546,single_band
ZTE,Switch,SG108,AA:BB:0B:00:06:0B,SN-Switch-01547,dual_band
TP-Link,ONT,HG8145V5,AA:BB:0C:00:06:0C,SN-ONT-01548,single_band
Cisco,ONU,G-140W-C,AA:BB:0D:00:06:0D,SN-ONU-01549,dual_band
Huawei,Router,Archer C6,AA:BB:0E:00:06:0E,SN-Router-01550,single_band
Nokia,Modem,MB8600,AA:BB:0F:00:06:0F,SN-Modem-01551,dual_band
ZTE,Access Point,EAP225,AA:BB:10:00:06:10,SN-AccessPoint-01552,single_band
TP-Link,Switch,SG108,AA:BB:11:00:06:11,SN-Switch-01553,dual_band
Cisco,ONT,HG8145V5,AA:BB:12:00:06:12,SN-ONT-01554,single_band
Huawei,ONU,G-140W-C,AA:BB:13:00:06:13,SN-ONU-01555,dual_band
Nokia,Router,Archer C6,AA:BB:14:00:06:14,SN-Router-01556,single_band
ZTE,Modem,MB8600,AA:BB:15:00:06:15,SN-Modem-01557,dual_band
TP-Link,Access Point,EAP225,AA:BB:16:00:06:16,SN-AccessPoint-01558,single_band
Cisco,Switch,SG108,AA:BB:17:00:06:17,SN-Switch-01559,dual_band
Huawei,ONT,HG8145V5,AA:BB:18:00:06:18,SN-ONT-01560,single_band
Nokia,ONU,G-140W-C,AA:BB:19:00:06:19,SN-ONU-01561,dual_band
ZTE,Router,Archer C6,AA:BB:1A:00:06:1A,SN-Router-01562,single_band
TP-Link,Modem,MB8600,AA:BB:1B:00:06:1B,SN-Modem-01563,dual_band
Cisco,Access Point,EAP225,AA:BB:1C:00:06:1C,SN-AccessPoint-01564,single_band
Huawei,Switch,SG108,AA:BB:1D:00:06:1D,SN-Switch-01565,dual_band
Nokia,ONT,HG8145V5,AA:BB:1E:00:06:1E,SN-ONT-01566,single_band
ZTE,ONU,G-140W-C,AA:BB:1F:00:06:1F,SN-ONU-01567,dual_band
TP-Link,Router,Archer C6,AA:BB:20:00:06:20,SN-Router-01568,single_band
Cisco,Modem,MB8600,AA:BB:21:00:06:21,SN-Modem-01569,dual_band
Huawei,Access Point,EAP225,AA:BB:22:00:06:22,SN-AccessPoint-01570,single_band
Nokia,Switch,SG108,AA:BB:23:00:06:23,SN-Switch-01571,dual_band
ZTE,ONT,HG8145V5,AA:BB:24:00:06:24,SN-ONT-01572,single_band
TP-Link,ONU,G-140W-C,AA:BB:25:00:06:25,SN-ONU-01573,dual_band
Cisco,Router,Archer C6,AA:BB:26:00:06:26,SN-Router-01574,single_band
Huawei,Modem,MB8600,AA:BB:27:00:06:27,SN-Modem-01575,dual_band
Nokia,Access Point,EAP225,AA:BB:28:00:06:28,SN-AccessPoint-01576,single_band
ZTE,Switch,SG108,AA:BB:29:00:06:29,SN-Switch-01577,dual_band
TP-Link,ONT,HG8145V5,AA:BB:2A:00:06:2A,SN-ONT-01578,single_band
Cisco,ONU,G-140W-C,AA:BB:2B:00:06:2B,SN-ONU-01579,dual_band
Huawei,Router,Archer C6,AA:BB:2C:00:06:2C,SN-Router-01580,single_band
Nokia,Modem,MB8600,AA:BB:2D:00:06:2D,SN-Modem-01581,dual_band
ZTE,Access Point,EAP225,AA:BB:2E:00:06:2E,SN-AccessPoint-01582,single_band
TP-Link,Switch,SG108,AA:BB:2F:00:06:2F,SN-Switch-01583,dual_band
Cisco,ONT,HG8145V5,AA:BB:30:00:06:30,SN-ONT-01584,single_band
Huawei,ONU,G-140W-C,AA:BB:31:00:06:31,SN-ONU-01585,dual_band
Nokia,Router,Archer C6,AA:BB:32:00:06:32,SN-Router-01586,single_band
ZTE,Modem,MB8600,AA:BB:33:00:06:33,SN-Modem-01587,dual_band
TP-Link,Access Point,EAP225,AA:BB:34:00:06:34,SN-AccessPoint-01588,single_band
Cisco,Switch,SG108,AA:BB:35:00:06:35,SN-Switch-01589,dual_band
Huawei,ONT,HG8145V5,AA:BB:36:00:06:36,SN-ONT-01590,single_band
Nokia,ONU,G-140W-C,AA:BB:37:00:06:37,SN-ONU-01591,dual_band
ZTE,Router,Archer C6,AA:BB:38:00:06:38,SN-Router-01592,single_band
TP-Link,Modem,MB8600,AA:BB:39:00:06:39,SN-Modem-01593,dual_band
Cisco,Access Point,EAP225,AA:BB:3A:00:06:3A,SN-AccessPoint-01594,single_band
Huawei,Switch,SG108,AA:BB:3B:00:06:3B,SN-Switch-01595,dual_band
Nokia,ONT,HG8145V5,AA:BB:3C:00:06:3C,SN-ONT-01596,single_band
ZTE,ONU,G-140W-C,AA:BB:3D:00:06:3D,SN-ONU-01597,dual_band
TP-Link,Router,Archer C6,AA:BB:3E:00:06:3E,SN-Router-01598,single_band
Cisco,Modem,MB8600,AA:BB:3F:00:06:3F,SN-Modem-01599,dual_band
Huawei,Access Point,EAP225,AA:BB:40:00:06:40,SN-AccessPoint-01600,single_band
Nokia,Switch,SG108,AA:BB:41:00:06:41,SN-Switch-01601,dual_band
ZTE,ONT,HG8145V5,AA:BB:42:00:06:42,SN-ONT-01602,single_band
TP-Link,ONU,G-140W-C,AA:BB:43:00:06:43,SN-ONU-01603,dual_band
Cisco,Router,Archer C6,AA:BB:44:00:06:44,SN-Router-01604,single_band
Huawei,Modem,MB8600,AA:BB:45:00:06:45,SN-Modem-01605,dual_band
Nokia,Access Point,EAP225,AA:BB:46:00:06:46,SN-AccessPoint-01606,single_band
ZTE,Switch,SG108,AA:BB:47:00:06:47,SN-Switch-01607,dual_band
TP-Link,ONT,HG8145V5,AA:BB:48:00:06:48,SN-ONT-01608,single_band
Cisco,ONU,G-140W-C,AA:BB:49:00:06:49,SN-ONU-01609,dual_band
Huawei,Router,Archer C6,AA:BB:4A:00:06:4A,SN-Router-01610,single_band
Nokia,Modem,MB8600,AA:BB:4B:00:06:4B,SN-Modem-01611,dual_band
ZTE,Access Point,EAP225,AA:BB:4C:00:06:4C,SN-AccessPoint-01612,single_band
TP-Link,Switch,SG108,AA:BB:4D:00:06:4D,SN-Switch-01613,dual_band
Cisco,ONT,HG8145V5,AA:BB:4E:00:06:4E,SN-ONT-01614,single_band
Huawei,ONU,G-140W-C,AA:BB:4F:00:06:4F,SN-ONU-01615,dual_band
Nokia,Router,Archer C6,AA:BB:50:00:06:50,SN-Router-01616,single_band
ZTE,Modem,MB8600,AA:BB:51:00:06:51,SN-Modem-01617,dual_band
TP-Link,Access Point,EAP225,AA:BB:52:00:06:52,SN-AccessPoint-01618,single_band
Cisco,Switch,SG108,AA:BB:53:00:06:53,SN-Switch-01619,dual_band
Huawei,ONT,HG8145V5,AA:BB:54:00:06:54,SN-ONT-01620,single_band
Nokia,ONU,G-140W-C,AA:BB:55:00:06:55,SN-ONU-01621,dual_band
ZTE,Router,Archer C6,AA:BB:56:00:06:56,SN-Router-01622,single_band
TP-Link,Modem,MB8600,AA:BB:57:00:06:57,SN-Modem-01623,dual_band
Cisco,Access Point,EAP225,AA:BB:58:00:06:58,SN-AccessPoint-01624,single_band
Huawei,Switch,SG108,AA:BB:59:00:06:59,SN-Switch-01625,dual_band
Nokia,ONT,HG8145V5,AA:BB:5A:00:06:5A,SN-ONT-01626,single_band
ZTE,ONU,G-140W-C,AA:BB:5B:00:06:5B,SN-ONU-01627,dual_band
TP-Link,Router,Archer C6,AA:BB:5C:00:06:5C,SN-Router-01628,single_band
Cisco,Modem,MB8600,AA:BB:5D:00:06:5D,SN-Modem-01629,dual_band
Huawei,Access Point,EAP225,AA:BB:5E:00:06:5E,SN-AccessPoint-01630,single_band
Nokia,Switch,SG108,AA:BB:5F:00:06:5F,SN-Switch-01631,dual_band
ZTE,ONT,HG8145V5,AA:BB:60:00:06:60,SN-ONT-01632,single_band
TP-Link,ONU,G-140W-C,AA:BB:61:00:06:61,SN-ONU-01633,dual_band
Cisco,Router,Archer C6,AA:BB:62:00:06:62,SN-Router-01634,single_band
Huawei,Modem,MB8600,AA:BB:63:00:06:63,SN-Modem-01635,dual_band
Nokia,Access Point,EAP225,AA:BB:64:00:06:64,SN-AccessPoint-01636,single_band
ZTE,Switch,SG108,AA:BB:65:00:06:65,SN-Switch-01637,dual_band
TP-Link,ONT,HG8145V5,AA:BB:66:00:06:66,SN-ONT-01638,single_band
Cisco,ONU,G-140W-C,AA:BB:67:00:06:67,SN-ONU-01639,dual_band
Huawei,Router,Archer C6,AA:BB:68:00:06:68,SN-Router-01640,single_band
Nokia,Modem,MB8600,AA:BB:69:00:06:69,SN-Modem-01641,dual_band
ZTE,Access Point,EAP225,AA:BB:6A:00:06:6A,SN-AccessPoint-01642,single_band
TP-Link,Switch,SG108,AA:BB:6B:00:06:6B,SN-Switch-01643,dual_band
Cisco,ONT,HG8145V5,AA:BB:6C:00:06:6C,SN-ONT-01644,single_band
Huawei,ONU,G-140W-C,AA:BB:6D:00:06:6D,SN-ONU-01645,dual_band
Nokia,Router,Archer C6,AA:BB:6E:00:06:6E,SN-Router-01646,single_band
ZTE,Modem,MB8600,AA:BB:6F:00:06:6F,SN-Modem-01647,dual_band
TP-Link,Access Point,EAP225,AA:BB:70:00:06:70,SN-AccessPoint-01648,single_band
Cisco,Switch,SG108,AA:BB:71:00:06:71,SN-Switch-01649,dual_band
Huawei,ONT,HG8145V5,AA:BB:72:00:06:72,SN-ONT-01650,single_band
Nokia,ONU,G-140W-C,AA:BB:73:00:06:73,SN-ONU-01651,dual_band
ZTE,Router,Archer C6,AA:BB:74:00:06:74,SN-Router-01652,single_band
TP-Link,Modem,MB8600,AA:BB:75:00:06:75,SN-Modem-01653,dual_band
Cisco,Access Point,EAP225,AA:BB:76:00:06:76,SN-AccessPoint-01654,single_band
Huawei,Switch,SG108,AA:BB:77:00:06:77,SN-Switch-01655,dual_band
Nokia,ONT,HG8145V5,AA:BB:78:00:06:78,SN-ONT-01656,single_band
ZTE,ONU,G-140W-C,AA:BB:79:00:06:79,SN-ONU-01657,dual_band
TP-Link,Router,Archer C6,AA:BB:7A:00:06:7A,SN-Router-01658,single_band
Cisco,Modem,MB8600,AA:BB:7B:00:06:7B,SN-Modem-01659,dual_band
Huawei,Access Point,EAP225,AA:BB:7C:00:06:7C,SN-AccessPoint-01660,single_band
Nokia,Switch,SG108,AA:BB:7D:00:06:7D,SN-Switch-01661,dual_band
ZTE,ONT,HG8145V5,AA:BB:7E:00:06:7E,SN-ONT-01662,single_band
TP-Link,ONU,G-140W-C,AA:BB:7F:00:06:7F,SN-ONU-01663,dual_band
Cisco,Router,Archer C6,AA:BB:80:00:06:80,SN-Router-01664,single_band
Huawei,Modem,MB8600,AA:BB:81:00:07:81,SN-Modem-01665,dual_band
Nokia,Access Point,EAP225,AA:BB:82:00:07:82,SN-AccessPoint-01666,single_band
ZTE,Switch,SG108,AA:BB:83:00:07:83,SN-Switch-01667,dual_band
TP-Link,ONT,HG8145V5,AA:BB:84:00:07:84,SN-ONT-01668,single_band
Cisco,ONU,G-140W-C,AA:BB:85:00:07:85,SN-ONU-01669,dual_band
Huawei,Router,Archer C6,AA:BB:86:00:07:86,SN-Router-01670,single_band
Nokia,Modem,MB8600,AA:BB:87:00:07:87,SN-Modem-01671,dual_band
ZTE,Access Point,EAP225,AA:BB:88:00:07:88,SN-AccessPoint-01672,single_band
TP-Link,Switch,SG108,AA:BB:89:00:07:89,SN-Switch-01673,dual_band
Cisco,ONT,HG8145V5,AA:BB:8A:00:07:8A,SN-ONT-01674,single_band
Huawei,ONU,G-140W-C,AA:BB:8B:00:07:8B,SN-ONU-01675,dual_band
Nokia,Router,Archer C6,AA:BB:8C:00:07:8C,SN-Router-01676,single_band
ZTE,Modem,MB8600,AA:BB:8D:00:07:8D,SN-Modem-01677,dual_band
TP-Link,Access Point,EAP225,AA:BB:8E:00:07:8E,SN-AccessPoint-01678,single_band
Cisco,Switch,SG108,AA:BB:8F:00:07:8F,SN-Switch-01679,dual_band
Huawei,ONT,HG8145V5,AA:BB:90:00:07:90,SN-ONT-01680,single_band
Nokia,ONU,G-140W-C,AA:BB:91:00:07:91,SN-ONU-01681,dual_band
ZTE,Router,Archer C6,AA:BB:92:00:07:92,SN-Router-01682,single_band
TP-Link,Modem,MB8600,AA:BB:93:00:07:93,SN-Modem-01683,dual_band
Cisco,Access Point,EAP225,AA:BB:94:00:07:94,SN-AccessPoint-01684,single_band
Huawei,Switch,SG108,AA:BB:95:00:07:95,SN-Switch-01685,dual_band
Nokia,ONT,HG8145V5,AA:BB:96:00:07:96,SN-ONT-01686,single_band
ZTE,ONU,G-140W-C,AA:BB:97:00:07:97,SN-ONU-01687,dual_band
TP-Link,Router,Archer C6,AA:BB:98:00:07:98,SN-Router-01688,single_band
Cisco,Modem,MB8600,AA:BB:99:00:07:99,SN-Modem-01689,dual_band
Huawei,Access Point,EAP225,AA:BB:9A:00:07:9A,SN-AccessPoint-01690,single_band
Nokia,Switch,SG108,AA:BB:9B:00:07:9B,SN-Switch-01691,dual_band
ZTE,ONT,HG8145V5,AA:BB:9C:00:07:9C,SN-ONT-01692,single_band
TP-Link,ONU,G-140W-C,AA:BB:9D:00:07:9D,SN-ONU-01693,dual_band
Cisco,Router,Archer C6,AA:BB:9E:00:07:9E,SN-Router-01694,single_band
Huawei,Modem,MB8600,AA:BB:9F:00:07:9F,SN-Modem-01695,dual_band
Nokia,Access Point,EAP225,AA:BB:A0:00:07:A0,SN-AccessPoint-01696,single_band
ZTE,Switch,SG108,AA:BB:A1:00:07:A1,SN-Switch-01697,dual_band
TP-Link,ONT,HG8145V5,AA:BB:A2:00:07:A2,SN-ONT-01698,single_band
Cisco,ONU,G-140W-C,AA:BB:A3:00:07:A3,SN-ONU-01699,dual_band
Huawei,Router,Archer C6,AA:BB:A4:00:07:A4,SN-Router-01700,single_band
Nokia,Modem,MB8600,AA:BB:A5:00:07:A5,SN-Modem-01701,dual_band
ZTE,Access Point,EAP225,AA:BB:A6:00:07:A6,SN-AccessPoint-01702,single_band
TP-Link,Switch,SG108,AA:BB:A7:00:07:A7,SN-Switch-01703,dual_band
Cisco,ONT,HG8145V5,AA:BB:A8:00:07:A8,SN-ONT-01704,single_band
Huawei,ONU,G-140W-C,AA:BB:A9:00:07:A9,SN-ONU-01705,dual_band
Nokia,Router,Archer C6,AA:BB:AA:00:07:AA,SN-Router-01706,single_band
ZTE,Modem,MB8600,AA:BB:AB:00:07:AB,SN-Modem-01707,dual_band
TP-Link,Access Point,EAP225,AA:BB:AC:00:07:AC,SN-AccessPoint-01708,single_band
Cisco,Switch,SG108,AA:BB:AD:00:07:AD,SN-Switch-01709,dual_band
Huawei,ONT,HG8145V5,AA:BB:AE:00:07:AE,SN-ONT-01710,single_band
Nokia,ONU,G-140W-C,AA:BB:AF:00:07:AF,SN-ONU-01711,dual_band
ZTE,Router,Archer C6,AA:BB:B0:00:07:B0,SN-Router-01712,single_band
TP-Link,Modem,MB8600,AA:BB:B1:00:07:B1,SN-Modem-01713,dual_band
Cisco,Access Point,EAP225,AA:BB:B2:00:07:B2,SN-AccessPoint-01714,single_band
Huawei,Switch,SG108,AA:BB:B3:00:07:B3,SN-Switch-01715,dual_band
Nokia,ONT,HG8145V5,AA:BB:B4:00:07:B4,SN-ONT-01716,single_band
ZTE,ONU,G-140W-C,AA:BB:B5:00:07:B5,SN-ONU-01717,dual_band
TP-Link,Router,Archer C6,AA:BB:B6:00:07:B6,SN-Router-01718,single_band
Cisco,Modem,MB8600,AA:BB:B7:00:07:B7,SN-Modem-01719,dual_band
Huawei,Access Point,EAP225,AA:BB:B8:00:07:B8,SN-AccessPoint-01720,single_band
Nokia,Switch,SG108,AA:BB:B9:00:07:B9,SN-Switch-01721,dual_band
ZTE,ONT,HG8145V5,AA:BB:BA:00:07:BA,SN-ONT-01722,single_band
TP-Link,ONU,G-140W-C,AA:BB:BB:00:07:BB,SN-ONU-01723,dual_band
Cisco,Router,Archer C6,AA:BB:BC:00:07:BC,SN-Router-01724,single_band
Huawei,Modem,MB8600,AA:BB:BD:00:07:BD,SN-Modem-01725,dual_band
Nokia,Access Point,EAP225,AA:BB:BE:00:07:BE,SN-AccessPoint-01726,single_band
ZTE,Switch,SG108,AA:BB:BF:00:07:BF,SN-Switch-01727,dual_band
TP-Link,ONT,HG8145V5,AA:BB:C0:00:07:C0,SN-ONT-01728,single_band
Cisco,ONU,G-140W-C,AA:BB:C1:00:07:C1,SN-ONU-01729,dual_band
Huawei,Router,Archer C6,AA:BB:C2:00:07:C2,SN-Router-01730,single_band
Nokia,Modem,MB8600,AA:BB:C3:00:07:C3,SN-Modem-01731,dual_band
ZTE,Access Point,EAP225,AA:BB:C4:00:07:C4,SN-AccessPoint-01732,single_band
TP-Link,Switch,SG108,AA:BB:C5:00:07:C5,SN-Switch-01733,dual_band
Cisco,ONT,HG8145V5,AA:BB:C6:00:07:C6,SN-ONT-01734,single_band
Huawei,ONU,G-140W-C,AA:BB:C7:00:07:C7,SN-ONU-01735,dual_band
Nokia,Router,Archer C6,AA:BB:C8:00:07:C8,SN-Router-01736,single_band
ZTE,Modem,MB8600,AA:BB:C9:00:07:C9,SN-Modem-01737,dual_band
TP-Link,Access Point,EAP225,AA:BB:CA:00:07:CA,SN-AccessPoint-01738,single_band
Cisco,Switch,SG108,AA:BB:CB:00:07:CB,SN-Switch-01739,dual_band
Huawei,ONT,HG8145V5,AA:BB:CC:00:07:CC,SN-ONT-01740,single_band
Nokia,ONU,G-140W-C,AA:BB:CD:00:07:CD,SN-ONU-01741,dual_band
ZTE,Router,Archer C6,AA:BB:CE:00:07:CE,SN-Router-01742,single_band
TP-Link,Modem,MB8600,AA:BB:CF:00:07:CF,SN-Modem-01743,dual_band
Cisco,Access Point,EAP225,AA:BB:D0:00:07:D0,SN-AccessPoint-01744,single_band
Huawei,Switch,SG108,AA:BB:D1:00:07:D1,SN-Switch-01745,dual_band
Nokia,ONT,HG8145V5,AA:BB:D2:00:07:D2,SN-ONT-01746,single_band
ZTE,ONU,G-140W-C,AA:BB:D3:00:07:D3,SN-ONU-01747,dual_band
TP-Link,Router,Archer C6,AA:BB:D4:00:07:D4,SN-Router-01748,single_band
Cisco,Modem,MB8600,AA:BB:D5:00:07:D5,SN-Modem-01749,dual_band
Huawei,Access Point,EAP225,AA:BB:D6:00:07:D6,SN-AccessPoint-01750,single_band
Nokia,Switch,SG108,AA:BB:D7:00:07:D7,SN-Switch-01751,dual_band
ZTE,ONT,HG8145V5,AA:BB:D8:00:07:D8,SN-ONT-01752,single_band
TP-Link,ONU,G-140W-C,AA:BB:D9:00:07:D9,SN-ONU-01753,dual_band
Cisco,Router,Archer C6,AA:BB:DA:00:07:DA,SN-Router-01754,single_band
Huawei,Modem,MB8600,AA:BB:DB:00:07:DB,SN-Modem-01755,dual_band
Nokia,Access Point,EAP225,AA:BB:DC:00:07:DC,SN-AccessPoint-01756,single_band
ZTE,Switch,SG108,AA:BB:DD:00:07:DD,SN-Switch-01757,dual_band
TP-Link,ONT,HG8145V5,AA:BB:DE:00:07:DE,SN-ONT-01758,single_band
Cisco,ONU,G-140W-C,AA:BB:DF:00:07:DF,SN-ONU-01759,dual_band
Huawei,Router,Archer C6,AA:BB:E0:00:07:E0,SN-Router-01760,single_band
Nokia,Modem,MB8600,AA:BB:E1:00:07:E1,SN-Modem-01761,dual_band
ZTE,Access Point,EAP225,AA:BB:E2:00:07:E2,SN-AccessPoint-01762,single_band
TP-Link,Switch,SG108,AA:BB:E3:00:07:E3,SN-Switch-01763,dual_band
Cisco,ONT,HG8145V5,AA:BB:E4:00:07:E4,SN-ONT-01764,single_band
Huawei,ONU,G-140W-C,AA:BB:E5:00:07:E5,SN-ONU-01765,dual_band
Nokia,Router,Archer C6,AA:BB:E6:00:07:E6,SN-Router-01766,single_band
ZTE,Modem,MB8600,AA:BB:E7:00:07:E7,SN-Modem-01767,dual_band
TP-Link,Access Point,EAP225,AA:BB:E8:00:07:E8,SN-AccessPoint-01768,single_band
Cisco,Switch,SG108,AA:BB:E9:00:07:E9,SN-Switch-01769,dual_band
Huawei,ONT,HG8145V5,AA:BB:EA:00:07:EA,SN-ONT-01770,single_band
Nokia,ONU,G-140W-C,AA:BB:EB:00:07:EB,SN-ONU-01771,dual_band
ZTE,Router,Archer C6,AA:BB:EC:00:07:EC,SN-Router-01772,single_band
TP-Link,Modem,MB8600,AA:BB:ED:00:07:ED,SN-Modem-01773,dual_band
Cisco,Access Point,EAP225,AA:BB:EE:00:07:EE,SN-AccessPoint-01774,single_band
Huawei,Switch,SG108,AA:BB:EF:00:07:EF,SN-Switch-01775,dual_band
Nokia,ONT,HG8145V5,AA:BB:F0:00:07:F0,SN-ONT-01776,single_band
ZTE,ONU,G-140W-C,AA:BB:F1:00:07:F1,SN-ONU-01777,dual_band
TP-Link,Router,Archer C6,AA:BB:F2:00:07:F2,SN-Router-01778,single_band
Cisco,Modem,MB8600,AA:BB:F3:00:07:F3,SN-Modem-01779,dual_band
Huawei,Access Point,EAP225,AA:BB:F4:00:07:F4,SN-AccessPoint-01780,single_band
Nokia,Switch,SG108,AA:BB:F5:00:07:F5,SN-Switch-01781,dual_band
ZTE,ONT,HG8145V5,AA:BB:F6:00:07:F6,SN-ONT-01782,single_band
TP-Link,ONU,G-140W-C,AA:BB:F7:00:07:F7,SN-ONU-01783,dual_band
Cisco,Router,Archer C6,AA:BB:F8:00:07:F8,SN-Router-01784,single_band
Huawei,Modem,MB8600,AA:BB:F9:00:07:F9,SN-Modem-01785,dual_band
Nokia,Access Point,EAP225,AA:BB:FA:00:07:FA,SN-AccessPoint-01786,single_band
ZTE,Switch,SG108,AA:BB:FB:00:07:FB,SN-Switch-01787,dual_band
TP-Link,ONT,HG8145V5,AA:BB:FC:00:07:FC,SN-ONT-01788,single_band
Cisco,ONU,G-140W-C,AA:BB:FD:00:07:FD,SN-ONU-01789,dual_band
Huawei,Router,Archer C6,AA:BB:FE:00:07:FE,SN-Router-01790,single_band
Nokia,Modem,MB8600,AA:BB:FF:00:07:FF,SN-Modem-01791,dual_band
ZTE,Access Point,EAP225,AA:BB:00:00:07:00,SN-AccessPoint-01792,single_band
TP-Link,Switch,SG108,AA:BB:01:00:07:01,SN-Switch-01793,dual_band
Cisco,ONT,HG8145V5,AA:BB:02:00:07:02,SN-ONT-01794,single_band
Huawei,ONU,G-140W-C,AA:BB:03:00:07:03,SN-ONU-01795,dual_band
Nokia,Router,Archer C6,AA:BB:04:00:07:04,SN-Router-01796,single_band
ZTE,Modem,MB8600,AA:BB:05:00:07:05,SN-Modem-01797,dual_band
TP-Link,Access Point,EAP225,AA:BB:06:00:07:06,SN-AccessPoint-01798,single_band
Cisco,Switch,SG108,AA:BB:07:00:07:07,SN-Switch-01799,dual_band
Huawei,ONT,HG8145V5,AA:BB:08:00:07:08,SN-ONT-01800,single_band
Nokia,ONU,G-140W-C,AA:BB:09:00:07:09,SN-ONU-01801,dual_band
ZTE,Router,Archer C6,AA:BB:0A:00:07:0A,SN-Router-01802,single_band
TP-Link,Modem,MB8600,AA:BB:0B:00:07:0B,SN-Modem-01803,dual_band
Cisco,Access Point,EAP225,AA:BB:0C:00:07:0C,SN-AccessPoint-01804,single_band
Huawei,Switch,SG108,AA:BB:0D:00:07:0D,SN-Switch-01805,dual_band
Nokia,ONT,HG8145V5,AA:BB:0E:00:07:0E,SN-ONT-01806,single_band
ZTE,ONU,G-140W-C,AA:BB:0F:00:07:0F,SN-ONU-01807,dual_band
TP-Link,Router,Archer C6,AA:BB:10:00:07:10,SN-Router-01808,single_band
Cisco,Modem,MB8600,AA:BB:11:00:07:11,SN-Modem-01809,dual_band
Huawei,Access Point,EAP225,AA:BB:12:00:07:12,SN-AccessPoint-01810,single_band
Nokia,Switch,SG108,AA:BB:13:00:07:13,SN-Switch-01811,dual_band
ZTE,ONT,HG8145V5,AA:BB:14:00:07:14,SN-ONT-01812,single_band
TP-Link,ONU,G-140W-C,AA:BB:15:00:07:15,SN-ONU-01813,dual_band
Cisco,Router,Archer C6,AA:BB:16:00:07:16,SN-Router-01814,single_band
Huawei,Modem,MB8600,AA:BB:17:00:07:17,SN-Modem-01815,dual_band
Nokia,Access Point,EAP225,AA:BB:18:00:07:18,SN-AccessPoint-01816,single_band
ZTE,Switch,SG108,AA:BB:19:00:07:19,SN-Switch-01817,dual_band
TP-Link,ONT,HG8145V5,AA:BB:1A:00:07:1A,SN-ONT-01818,single_band
Cisco,ONU,G-140W-C,AA:BB:1B:00:07:1B,SN-ONU-01819,dual_band
Huawei,Router,Archer C6,AA:BB:1C:00:07:1C,SN-Router-01820,single_band
Nokia,Modem,MB8600,AA:BB:1D:00:07:1D,SN-Modem-01821,dual_band
ZTE,Access Point,EAP225,AA:BB:1E:00:07:1E,SN-AccessPoint-01822,single_band
TP-Link,Switch,SG108,AA:BB:1F:00:07:1F,SN-Switch-01823,dual_band
Cisco,ONT,HG8145V5,AA:BB:20:00:07:20,SN-ONT-01824,single_band
Huawei,ONU,G-140W-C,AA:BB:21:00:07:21,SN-ONU-01825,dual_band
Nokia,Router,Archer C6,AA:BB:22:00:07:22,SN-Router-01826,single_band
ZTE,Modem,MB8600,AA:BB:23:00:07:23,SN-Modem-01827,dual_band
TP-Link,Access Point,EAP225,AA:BB:24:00:07:24,SN-AccessPoint-01828,single_band
Cisco,Switch,SG108,AA:BB:25:00:07:25,SN-Switch-01829,dual_band
Huawei,ONT,HG8145V5,AA:BB:26:00:07:26,SN-ONT-01830,single_band
Nokia,ONU,G-140W-C,AA:BB:27:00:07:27,SN-ONU-01831,dual_band
ZTE,Router,Archer C6,AA:BB:28:00:07:28,SN-Router-01832,single_band
TP-Link,Modem,MB8600,AA:BB:29:00:07:29,SN-Modem-01833,dual_band
Cisco,Access Point,EAP225,AA:BB:2A:00:07:2A,SN-AccessPoint-01834,single_band
Huawei,Switch,SG108,AA:BB:2B:00:07:2B,SN-Switch-01835,dual_band
Nokia,ONT,HG8145V5,AA:BB:2C:00:07:2C,SN-ONT-01836,single_band
ZTE,ONU,G-140W-C,AA:BB:2D:00:07:2D,SN-ONU-01837,dual_band
TP-Link,Router,Archer C6,AA:BB:2E:00:07:2E,SN-Router-01838,single_band
Cisco,Modem,MB8600,AA:BB:2F:00:07:2F,SN-Modem-01839,dual_band
Huawei,Access Point,EAP225,AA:BB:30:00:07:30,SN-AccessPoint-01840,single_band
Nokia,Switch,SG108,AA:BB:31:00:07:31,SN-Switch-01841,dual_band
ZTE,ONT,HG8145V5,AA:BB:32:00:07:32,SN-ONT-01842,single_band
TP-Link,ONU,G-140W-C,AA:BB:33:00:07:33,SN-ONU-01843,dual_band
Cisco,Router,Archer C6,AA:BB:34:00:07:34,SN-Router-01844,single_band
Huawei,Modem,MB8600,AA:BB:35:00:07:35,SN-Modem-01845,dual_band
Nokia,Access Point,EAP225,AA:BB:36:00:07:36,SN-AccessPoint-01846,single_band
ZTE,Switch,SG108,AA:BB:37:00:07:37,SN-Switch-01847,dual_band
TP-Link,ONT,HG8145V5,AA:BB:38:00:07:38,SN-ONT-01848,single_band
Cisco,ONU,G-140W-C,AA:BB:39:00:07:39,SN-ONU-01849,dual_band
Huawei,Router,Archer C6,AA:BB:3A:00:07:3A,SN-Router-01850,single_band
Nokia,Modem,MB8600,AA:BB:3B:00:07:3B,SN-Modem-01851,dual_band
ZTE,Access Point,EAP225,AA:BB:3C:00:07:3C,SN-AccessPoint-01852,single_band
TP-Link,Switch,SG108,AA:BB:3D:00:07:3D,SN-Switch-01853,dual_band
Cisco,ONT,HG8145V5,AA:BB:3E:00:07:3E,SN-ONT-01854,single_band
Huawei,ONU,G-140W-C,AA:BB:3F:00:07:3F,SN-ONU-01855,dual_band
Nokia,Router,Archer C6,AA:BB:40:00:07:40,SN-Router-01856,single_band
ZTE,Modem,MB8600,AA:BB:41:00:07:41,SN-Modem-01857,dual_band
TP-Link,Access Point,EAP225,AA:BB:42:00:07:42,SN-AccessPoint-01858,single_band
Cisco,Switch,SG108,AA:BB:43:00:07:43,SN-Switch-01859,dual_band
Huawei,ONT,HG8145V5,AA:BB:44:00:07:44,SN-ONT-01860,single_band
Nokia,ONU,G-140W-C,AA:BB:45:00:07:45,SN-ONU-01861,dual_band
ZTE,Router,Archer C6,AA:BB:46:00:07:46,SN-Router-01862,single_band
TP-Link,Modem,MB8600,AA:BB:47:00:07:47,SN-Modem-01863,dual_band
Cisco,Access Point,EAP225,AA:BB:48:00:07:48,SN-AccessPoint-01864,single_band
Huawei,Switch,SG108,AA:BB:49:00:07:49,SN-Switch-01865,dual_band
Nokia,ONT,HG8145V5,AA:BB:4A:00:07:4A,SN-ONT-01866,single_band
ZTE,ONU,G-140W-C,AA:BB:4B:00:07:4B,SN-ONU-01867,dual_band
TP-Link,Router,Archer C6,AA:BB:4C:00:07:4C,SN-Router-01868,single_band
Cisco,Modem,MB8600,AA:BB:4D:00:07:4D,SN-Modem-01869,dual_band
Huawei,Access Point,EAP225,AA:BB:4E:00:07:4E,SN-AccessPoint-01870,single_band
Nokia,Switch,SG108,AA:BB:4F:00:07:4F,SN-Switch-01871,dual_band
ZTE,ONT,HG8145V5,AA:BB:50:00:07:50,SN-ONT-01872,single_band
TP-Link,ONU,G-140W-C,AA:BB:51:00:07:51,SN-ONU-01873,dual_band
Cisco,Router,Archer C6,AA:BB:52:00:07:52,SN-Router-01874,single_band
Huawei,Modem,MB8600,AA:BB:53:00:07:53,SN-Modem-01875,dual_band
Nokia,Access Point,EAP225,AA:BB:54:00:07:54,SN-AccessPoint-01876,single_band
ZTE,Switch,SG108,AA:BB:55:00:07:55,SN-Switch-01877,dual_band
TP-Link,ONT,HG8145V5,AA:BB:56:00:07:56,SN-ONT-01878,single_band
Cisco,ONU,G-140W-C,AA:BB:57:00:07:57,SN-ONU-01879,dual_band
Huawei,Router,Archer C6,AA:BB:58:00:07:58,SN-Router-01880,single_band
Nokia,Modem,MB8600,AA:BB:59:00:07:59,SN-Modem-01881,dual_band
ZTE,Access Point,EAP225,AA:BB:5A:00:07:5A,SN-AccessPoint-01882,single_band
TP-Link,Switch,SG108,AA:BB:5B:00:07:5B,SN-Switch-01883,dual_band
Cisco,ONT,HG8145V5,AA:BB:5C:00:07:5C,SN-ONT-01884,single_band
Huawei,ONU,G-140W-C,AA:BB:5D:00:07:5D,SN-ONU-01885,dual_band
Nokia,Router,Archer C6,AA:BB:5E:00:07:5E,SN-Router-01886,single_band
ZTE,Modem,MB8600,AA:BB:5F:00:07:5F,SN-Modem-01887,dual_band
TP-Link,Access Point,EAP225,AA:BB:60:00:07:60,SN-AccessPoint-01888,single_band
Cisco,Switch,SG108,AA:BB:61:00:07:61,SN-Switch-01889,dual_band
Huawei,ONT,HG8145V5,AA:BB:62:00:07:62,SN-ONT-01890,single_band
Nokia,ONU,G-140W-C,AA:BB:63:00:07:63,SN-ONU-01891,dual_band
ZTE,Router,Archer C6,AA:BB:64:00:07:64,SN-Router-01892,single_band
TP-Link,Modem,MB8600,AA:BB:65:00:07:65,SN-Modem-01893,dual_band
Cisco,Access Point,EAP225,AA:BB:66:00:07:66,SN-AccessPoint-01894,single_band
Huawei,Switch,SG108,AA:BB:67:00:07:67,SN-Switch-01895,dual_band
Nokia,ONT,HG8145V5,AA:BB:68:00:07:68,SN-ONT-01896,single_band
ZTE,ONU,G-140W-C,AA:BB:69:00:07:69,SN-ONU-01897,dual_band
TP-Link,Router,Archer C6,AA:BB:6A:00:07:6A,SN-Router-01898,single_band
Cisco,Modem,MB8600,AA:BB:6B:00:07:6B,SN-Modem-01899,dual_band
Huawei,Access Point,EAP225,AA:BB:6C:00:07:6C,SN-AccessPoint-01900,single_band
Nokia,Switch,SG108,AA:BB:6D:00:07:6D,SN-Switch-01901,dual_band
ZTE,ONT,HG8145V5,AA:BB:6E:00:07:6E,SN-ONT-01902,single_band
TP-Link,ONU,G-140W-C,AA:BB:6F:00:07:6F,SN-ONU-01903,dual_band
Cisco,Router,Archer C6,AA:BB:70:00:07:70,SN-Router-01904,single_band
Huawei,Modem,MB8600,AA:BB:71:00:07:71,SN-Modem-01905,dual_band
Nokia,Access Point,EAP225,AA:BB:72:00:07:72,SN-AccessPoint-01906,single_band
ZTE,Switch,SG108,AA:BB:73:00:07:73,SN-Switch-01907,dual_band
TP-Link,ONT,HG8145V5,AA:BB:74:00:07:74,SN-ONT-01908,single_band
Cisco,ONU,G-140W-C,AA:BB:75:00:07:75,SN-ONU-01909,dual_band
Huawei,Router,Archer C6,AA:BB:76:00:07:76,SN-Router-01910,single_band
Nokia,Modem,MB8600,AA:BB:77:00:07:77,SN-Modem-01911,dual_band
ZTE,Access Point,EAP225,AA:BB:78:00:07:78,SN-AccessPoint-01912,single_band
TP-Link,Switch,SG108,AA:BB:79:00:07:79,SN-Switch-01913,dual_band
Cisco,ONT,HG8145V5,AA:BB:7A:00:07:7A,SN-ONT-01914,single_band
Huawei,ONU,G-140W-C,AA:BB:7B:00:07:7B,SN-ONU-01915,dual_band
Nokia,Router,Archer C6,AA:BB:7C:00:07:7C,SN-Router-01916,single_band
ZTE,Modem,MB8600,AA:BB:7D:00:07:7D,SN-Modem-01917,dual_band
TP-Link,Access Point,EAP225,AA:BB:7E:00:07:7E,SN-AccessPoint-01918,single_band
Cisco,Switch,SG108,AA:BB:7F:00:07:7F,SN-Switch-01919,dual_band
Huawei,ONT,HG8145V5,AA:BB:80:00:08:80,SN-ONT-01920,single_band
Nokia,ONU,G-140W-C,AA:BB:81:00:08:81,SN-ONU-01921,dual_band
ZTE,Router,Archer C6,AA:BB:82:00:08:82,SN-Router-01922,single_band
TP-Link,Modem,MB8600,AA:BB:83:00:08:83,SN-Modem-01923,dual_band
Cisco,Access Point,EAP225,AA:BB:84:00:08:84,SN-AccessPoint-01924,single_band
Huawei,Switch,SG108,AA:BB:85:00:08:85,SN-Switch-01925,dual_band
Nokia,ONT,HG8145V5,AA:BB:86:00:08:86,SN-ONT-01926,single_band
ZTE,ONU,G-140W-C,AA:BB:87:00:08:87,SN-ONU-01927,dual_band
TP-Link,Router,Archer C6,AA:BB:88:00:08:88,SN-Router-01928,single_band
Cisco,Modem,MB8600,AA:BB:89:00:08:89,SN-Modem-01929,dual_band
Huawei,Access Point,EAP225,AA:BB:8A:00:08:8A,SN-AccessPoint-01930,single_band
Nokia,Switch,SG108,AA:BB:8B:00:08:8B,SN-Switch-01931,dual_band
ZTE,ONT,HG8145V5,AA:BB:8C:00:08:8C,SN-ONT-01932,single_band
TP-Link,ONU,G-140W-C,AA:BB:8D:00:08:8D,SN-ONU-01933,dual_band
Cisco,Router,Archer C6,AA:BB:8E:00:08:8E,SN-Router-01934,single_band
Huawei,Modem,MB8600,AA:BB:8F:00:08:8F,SN-Modem-01935,dual_band
Nokia,Access Point,EAP225,AA:BB:90:00:08:90,SN-AccessPoint-01936,single_band
ZTE,Switch,SG108,AA:BB:91:00:08:91,SN-Switch-01937,dual_band
TP-Link,ONT,HG8145V5,AA:BB:92:00:08:92,SN-ONT-01938,single_band
Cisco,ONU,G-140W-C,AA:BB:93:00:08:93,SN-ONU-01939,dual_band
Huawei,Router,Archer C6,AA:BB:94:00:08:94,SN-Router-01940,single_band
Nokia,Modem,MB8600,AA:BB:95:00:08:95,SN-Modem-01941,dual_band
ZTE,Access Point,EAP225,AA:BB:96:00:08:96,SN-AccessPoint-01942,single_band
TP-Link,Switch,SG108,AA:BB:97:00:08:97,SN-Switch-01943,dual_band
Cisco,ONT,HG8145V5,AA:BB:98:00:08:98,SN-ONT-01944,single_band
Huawei,ONU,G-140W-C,AA:BB:99:00:08:99,SN-ONU-01945,dual_band
Nokia,Router,Archer C6,AA:BB:9A:00:08:9A,SN-Router-01946,single_band
ZTE,Modem,MB8600,AA:BB:9B:00:08:9B,SN-Modem-01947,dual_band
TP-Link,Access Point,EAP225,AA:BB:9C:00:08:9C,SN-AccessPoint-01948,single_band
Cisco,Switch,SG108,AA:BB:9D:00:08:9D,SN-Switch-01949,dual_band
Huawei,ONT,HG8145V5,AA:BB:9E:00:08:9E,SN-ONT-01950,single_band
Nokia,ONU,G-140W-C,AA:BB:9F:00:08:9F,SN-ONU-01951,dual_band
ZTE,Router,Archer C6,AA:BB:A0:00:08:A0,SN-Router-01952,single_band
TP-Link,Modem,MB8600,AA:BB:A1:00:08:A1,SN-Modem-01953,dual_band
Cisco,Access Point,EAP225,AA:BB:A2:00:08:A2,SN-AccessPoint-01954,single_band
Huawei,Switch,SG108,AA:BB:A3:00:08:A3,SN-Switch-01955,dual_band
Nokia,ONT,HG8145V5,AA:BB:A4:00:08:A4,SN-ONT-01956,single_band
ZTE,ONU,G-140W-C,AA:BB:A5:00:08:A5,SN-ONU-01957,dual_band
TP-Link,Router,Archer C6,AA:BB:A6:00:08:A6,SN-Router-01958,single_band
Cisco,Modem,MB8600,AA:BB:A7:00:08:A7,SN-Modem-01959,dual_band
Huawei,Access Point,EAP225,AA:BB:A8:00:08:A8,SN-AccessPoint-01960,single_band
Nokia,Switch,SG108,AA:BB:A9:00:08:A9,SN-Switch-01961,dual_band
ZTE,ONT,HG8145V5,AA:BB:AA:00:08:AA,SN-ONT-01962,single_band
TP-Link,ONU,G-140W-C,AA:BB:AB:00:08:AB,SN-ONU-01963,dual_band
Cisco,Router,Archer C6,AA:BB:AC:00:08:AC,SN-Router-01964,single_band
Huawei,Modem,MB8600,AA:BB:AD:00:08:AD,SN-Modem-01965,dual_band
Nokia,Access Point,EAP225,AA:BB:AE:00:08:AE,SN-AccessPoint-01966,single_band
ZTE,Switch,SG108,AA:BB:AF:00:08:AF,SN-Switch-01967,dual_band
TP-Link,ONT,HG8145V5,AA:BB:B0:00:08:B0,SN-ONT-01968,single_band
Cisco,ONU,G-140W-C,AA:BB:B1:00:08:B1,SN-ONU-01969,dual_band
Huawei,Router,Archer C6,AA:BB:B2:00:08:B2,SN-Router-01970,single_band
Nokia,Modem,MB8600,AA:BB:B3:00:08:B3,SN-Modem-01971,dual_band
ZTE,Access Point,EAP225,AA:BB:B4:00:08:B4,SN-AccessPoint-01972,single_band
TP-Link,Switch,SG108,AA:BB:B5:00:08:B5,SN-Switch-01973,dual_band
Cisco,ONT,HG8145V5,AA:BB:B6:00:08:B6,SN-ONT-01974,single_band
Huawei,ONU,G-140W-C,AA:BB:B7:00:08:B7,SN-ONU-01975,dual_band
Nokia,Router,Archer C6,AA:BB:B8:00:08:B8,SN-Router-01976,single_band
ZTE,Modem,MB8600,AA:BB:B9:00:08:B9,SN-Modem-01977,dual_band
TP-Link,Access Point,EAP225,AA:BB:BA:00:08:BA,SN-AccessPoint-01978,single_band
Cisco,Switch,SG108,AA:BB:BB:00:08:BB,SN-Switch-01979,dual_band
Huawei,ONT,HG8145V5,AA:BB:BC:00:08:BC,SN-ONT-01980,single_band
Nokia,ONU,G-140W-C,AA:BB:BD:00:08:BD,SN-ONU-01981,dual_band
ZTE,Router,Archer C6,AA:BB:BE:00:08:BE,SN-Router-01982,single_band
TP-Link,Modem,MB8600,AA:BB:BF:00:08:BF,SN-Modem-01983,dual_band
Cisco,Access Point,EAP225,AA:BB:C0:00:08:C0,SN-AccessPoint-01984,single_band
Huawei,Switch,SG108,AA:BB:C1:00:08:C1,SN-Switch-01985,dual_band
Nokia,ONT,HG8145V5,AA:BB:C2:00:08:C2,SN-ONT-01986,single_band
ZTE,ONU,G-140W-C,AA:BB:C3:00:08:C3,SN-ONU-01987,dual_band
TP-Link,Router,Archer C6,AA:BB:C4:00:08:C4,SN-Router-01988,single_band
Cisco,Modem,MB8600,AA:BB:C5:00:08:C5,SN-Modem-01989,dual_band
Huawei,Access Point,EAP225,AA:BB:C6:00:08:C6,SN-AccessPoint-01990,single_band
Nokia,Switch,SG108,AA:BB:C7:00:08:C7,SN-Switch-01991,dual_band
ZTE,ONT,HG8145V5,AA:BB:C8:00:08:C8,SN-ONT-01992,single_band
TP-Link,ONU,G-140W-C,AA:BB:C9:00:08:C9,SN-ONU-01993,dual_band
Cisco,Router,Archer C6,AA:BB:CA:00:08:CA,SN-Router-01994,single_band
Huawei,Modem,MB8600,AA:BB:CB:00:08:CB,SN-Modem-01995,dual_band
Nokia,Access Point,EAP225,AA:BB:CC:00:08:CC,SN-AccessPoint-01996,single_band
ZTE,Switch,SG108,AA:BB:CD:00:08:CD,SN-Switch-01997,dual_band
TP-Link,ONT,HG8145V5,AA:BB:CE:00:08:CE,SN-ONT-01998,single_band
Cisco,ONU,G-140W-C,AA:BB:CF:00:08:CF,SN-ONU-01999,dual_band
Huawei,Router,Archer C6,AA:BB:D0:00:08:D0,SN-Router-02000,single_band
Nokia,Modem,MB8600,AA:BB:D1:00:08:D1,SN-Modem-02001,dual_band
ZTE,Access Point,EAP225,AA:BB:D2:00:08:D2,SN-AccessPoint-02002,single_band
TP-Link,Switch,SG108,AA:BB:D3:00:08:D3,SN-Switch-02003,dual_band
Cisco,ONT,HG8145V5,AA:BB:D4:00:08:D4,SN-ONT-02004,single_band
Huawei,ONU,G-140W-C,AA:BB:D5:00:08:D5,SN-ONU-02005,dual_band
Nokia,Router,Archer C6,AA:BB:D6:00:08:D6,SN-Router-02006,single_band
ZTE,Modem,MB8600,AA:BB:D7:00:08:D7,SN-Modem-02007,dual_band
TP-Link,Access Point,EAP225,AA:BB:D8:00:08:D8,SN-AccessPoint-02008,single_band
Cisco,Switch,SG108,AA:BB:D9:00:08:D9,SN-Switch-02009,dual_band
Huawei,ONT,HG8145V5,AA:BB:DA:00:08:DA,SN-ONT-02010,single_band
Nokia,ONU,G-140W-C,AA:BB:DB:00:08:DB,SN-ONU-02011,dual_band
ZTE,Router,Archer C6,AA:BB:DC:00:08:DC,SN-Router-02012,single_band
TP-Link,Modem,MB8600,AA:BB:DD:00:08:DD,SN-Modem-02013,dual_band
Cisco,Access Point,EAP225,AA:BB:DE:00:08:DE,SN-AccessPoint-02014,single_band
Huawei,Switch,SG108,AA:BB:DF:00:08:DF,SN-Switch-02015,dual_band
Nokia,ONT,HG8145V5,AA:BB:E0:00:08:E0,SN-ONT-02016,single_band
ZTE,ONU,G-140W-C,AA:BB:E1:00:08:E1,SN-ONU-02017,dual_band
TP-Link,Router,Archer C6,AA:BB:E2:00:08:E2,SN-Router-02018,single_band
Cisco,Modem,MB8600,AA:BB:E3:00:08:E3,SN-Modem-02019,dual_band
Huawei,Access Point,EAP225,AA:BB:E4:00:08:E4,SN-AccessPoint-02020,single_band
Nokia,Switch,SG108,AA:BB:E5:00:08:E5,SN-Switch-02021,dual_band
ZTE,ONT,HG8145V5,AA:BB:E6:00:08:E6,SN-ONT-02022,single_band
TP-Link,ONU,G-140W-C,AA:BB:E7:00:08:E7,SN-ONU-02023,dual_band
Cisco,Router,Archer C6,AA:BB:E8:00:08:E8,SN-Router-02024,single_band
Huawei,Modem,MB8600,AA:BB:E9:00:08:E9,SN-Modem-02025,dual_band
Nokia,Access Point,EAP225,AA:BB:EA:00:08:EA,SN-AccessPoint-02026,single_band
ZTE,Switch,SG108,AA:BB:EB:00:08:EB,SN-Switch-02027,dual_band
TP-Link,ONT,HG8145V5,AA:BB:EC:00:08:EC,SN-ONT-02028,single_band
Cisco,ONU,G-140W-C,AA:BB:ED:00:08:ED,SN-ONU-02029,dual_band
Huawei,Router,Archer C6,AA:BB:EE:00:08:EE,SN-Router-02030,single_band
Nokia,Modem,MB8600,AA:BB:EF:00:08:EF,SN-Modem-02031,dual_band
ZTE,Access Point,EAP225,AA:BB:F0:00:08:F0,SN-AccessPoint-02032,single_band
TP-Link,Switch,SG108,AA:BB:F1:00:08:F1,SN-Switch-02033,dual_band
Cisco,ONT,HG8145V5,AA:BB:F2:00:08:F2,SN-ONT-02034,single_band
Huawei,ONU,G-140W-C,AA:BB:F3:00:08:F3,SN-ONU-02035,dual_band
Nokia,Router,Archer C6,AA:BB:F4:00:08:F4,SN-Router-02036,single_band
ZTE,Modem,MB8600,AA:BB:F5:00:08:F5,SN-Modem-02037,dual_band
TP-Link,Access Point,EAP225,AA:BB:F6:00:08:F6,SN-AccessPoint-02038,single_band
Cisco,Switch,SG108,AA:BB:F7:00:08:F7,SN-Switch-02039,dual_band
Huawei,ONT,HG8145V5,AA:BB:F8:00:08:F8,SN-ONT-02040,single_band
Nokia,ONU,G-140W-C,AA:BB:F9:00:08:F9,SN-ONU-02041,dual_band
ZTE,Router,Archer C6,AA:BB:FA:00:08:FA,SN-Router-02042,single_band
TP-Link,Modem,MB8600,AA:BB:FB:00:08:FB,SN-Modem-02043,dual_band
Cisco,Access Point,EAP225,AA:BB:FC:00:08:FC,SN-AccessPoint-02044,single_band
Huawei,Switch,SG108,AA:BB:FD:00:08:FD,SN-Switch-02045,dual_band
Nokia,ONT,HG8145V5,AA:BB:FE:00:08:FE,SN-ONT-02046,single_band
ZTE,ONU,G-140W-C,AA:BB:FF:00:08:FF,SN-ONU-02047,dual_band
TP-Link,Router,Archer C6,AA:BB:00:00:08:00,SN-Router-02048,single_band
Cisco,Modem,MB8600,AA:BB:01:00:08:01,SN-Modem-02049,dual_band
Huawei,Access Point,EAP225,AA:BB:02:00:08:02,SN-AccessPoint-02050,single_band
Nokia,Switch,SG108,AA:BB:03:00:08:03,SN-Switch-02051,dual_band
ZTE,ONT,HG8145V5,AA:BB:04:00:08:04,SN-ONT-02052,single_band
TP-Link,ONU,G-140W-C,AA:BB:05:00:08:05,SN-ONU-02053,dual_band
Cisco,Router,Archer C6,AA:BB:06:00:08:06,SN-Router-02054,single_band
Huawei,Modem,MB8600,AA:BB:07:00:08:07,SN-Modem-02055,dual_band
Nokia,Access Point,EAP225,AA:BB:08:00:08:08,SN-AccessPoint-02056,single_band
ZTE,Switch,SG108,AA:BB:09:00:08:09,SN-Switch-02057,dual_band
TP-Link,ONT,HG8145V5,AA:BB:0A:00:08:0A,SN-ONT-02058,single_band
Cisco,ONU,G-140W-C,AA:BB:0B:00:08:0B,SN-ONU-02059,dual_band
Huawei,Router,Archer C6,AA:BB:0C:00:08:0C,SN-Router-02060,single_band
Nokia,Modem,MB8600,AA:BB:0D:00:08:0D,SN-Modem-02061,dual_band
ZTE,Access Point,EAP225,AA:BB:0E:00:08:0E,SN-AccessPoint-02062,single_band
TP-Link,Switch,SG108,AA:BB:0F:00:08:0F,SN-Switch-02063,dual_band
Cisco,ONT,HG8145V5,AA:BB:10:00:08:10,SN-ONT-02064,single_band
Huawei,ONU,G-140W-C,AA:BB:11:00:08:11,SN-ONU-02065,dual_band
Nokia,Router,Archer C6,AA:BB:12:00:08:12,SN-Router-02066,single_band
ZTE,Modem,MB8600,AA:BB:13:00:08:13,SN-Modem-02067,dual_band
TP-Link,Access Point,EAP225,AA:BB:14:00:08:14,SN-AccessPoint-02068,single_band
Cisco,Switch,SG108,AA:BB:15:00:08:15,SN-Switch-02069,dual_band
Huawei,ONT,HG8145V5,AA:BB:16:00:08:16,SN-ONT-02070,single_band
Nokia,ONU,G-140W-C,AA:BB:17:00:08:17,SN-ONU-02071,dual_band
ZTE,Router,Archer C6,AA:BB:18:00:08:18,SN-Router-02072,single_band
TP-Link,Modem,MB8600,AA:BB:19:00:08:19,SN-Modem-02073,dual_band
Cisco,Access Point,EAP225,AA:BB:1A:00:08:1A,SN-AccessPoint-02074,single_band
Huawei,Switch,SG108,AA:BB:1B:00:08:1B,SN-Switch-02075,dual_band
Nokia,ONT,HG8145V5,AA:BB:1C:00:08:1C,SN-ONT-02076,single_band
ZTE,ONU,G-140W-C,AA:BB:1D:00:08:1D,SN-ONU-02077,dual_band
TP-Link,Router,Archer C6,AA:BB:1E:00:08:1E,SN-Router-02078,single_band
Cisco,Modem,MB8600,AA:BB:1F:00:08:1F,SN-Modem-02079,dual_band
Huawei,Access Point,EAP225,AA:BB:20:00:08:20,SN-AccessPoint-02080,single_band
Nokia,Switch,SG108,AA:BB:21:00:08:21,SN-Switch-02081,dual_band
ZTE,ONT,HG8145V5,AA:BB:22:00:08:22,SN-ONT-02082,single_band
TP-Link,ONU,G-140W-C,AA:BB:23:00:08:23,SN-ONU-02083,dual_band
Cisco,Router,Archer C6,AA:BB:24:00:08:24,SN-Router-02084,single_band
Huawei,Modem,MB8600,AA:BB:25:00:08:25,SN-Modem-02085,dual_band
Nokia,Access Point,EAP225,AA:BB:26:00:08:26,SN-AccessPoint-02086,single_band
ZTE,Switch,SG108,AA:BB:27:00:08:27,SN-Switch-02087,dual_band
TP-Link,ONT,HG8145V5,AA:BB:28:00:08:28,SN-ONT-02088,single_band
Cisco,ONU,G-140W-C,AA:BB:29:00:08:29,SN-ONU-02089,dual_band
Huawei,Router,Archer C6,AA:BB:2A:00:08:2A,SN-Router-02090,single_band
Nokia,Modem,MB8600,AA:BB:2B:00:08:2B,SN-Modem-02091,dual_band
ZTE,Access Point,EAP225,AA:BB:2C:00:08:2C,SN-AccessPoint-02092,single_band
TP-Link,Switch,SG108,AA:BB:2D:00:08:2D,SN-Switch-02093,dual_band
Cisco,ONT,HG8145V5,AA:BB:2E:00:08:2E,SN-ONT-02094,single_band
Huawei,ONU,G-140W-C,AA:BB:2F:00:08:2F,SN-ONU-02095,dual_band
Nokia,Router,Archer C6,AA:BB:30:00:08:30,SN-Router-02096,single_band
ZTE,Modem,MB8600,AA:BB:31:00:08:31,SN-Modem-02097,dual_band
TP-Link,Access Point,EAP225,AA:BB:32:00:08:32,SN-AccessPoint-02098,single_band
Cisco,Switch,SG108,AA:BB:33:00:08:33,SN-Switch-02099,dual_band
Huawei,ONT,HG8145V5,AA:BB:34:00:08:34,SN-ONT-02100,single_band
Nokia,ONU,G-140W-C,AA:BB:35:00:08:35,SN-ONU-02101,dual_band
ZTE,Router,Archer C6,AA:BB:36:00:08:36,SN-Router-02102,single_band
TP-Link,Modem,MB8600,AA:BB:37:00:08:37,SN-Modem-02103,dual_band
Cisco,Access Point,EAP225,AA:BB:38:00:08:38,SN-AccessPoint-02104,single_band
Huawei,Switch,SG108,AA:BB:39:00:08:39,SN-Switch-02105,dual_band
Nokia,ONT,HG8145V5,AA:BB:3A:00:08:3A,SN-ONT-02106,single_band
ZTE,ONU,G-140W-C,AA:BB:3B:00:08:3B,SN-ONU-02107,dual_band
TP-Link,Router,Archer C6,AA:BB:3C:00:08:3C,SN-Router-02108,single_band
Cisco,Modem,MB8600,AA:BB:3D:00:08:3D,SN-Modem-02109,dual_band
Huawei,Access Point,EAP225,AA:BB:3E:00:08:3E,SN-AccessPoint-02110,single_band
Nokia,Switch,SG108,AA:BB:3F:00:08:3F,SN-Switch-02111,dual_band
ZTE,ONT,HG8145V5,AA:BB:40:00:08:40,SN-ONT-02112,single_band
TP-Link,ONU,G-140W-C,AA:BB:41:00:08:41,SN-ONU-02113,dual_band
Cisco,Router,Archer C6,AA:BB:42:00:08:42,SN-Router-02114,single_band
Huawei,Modem,MB8600,AA:BB:43:00:08:43,SN-Modem-02115,dual_band
Nokia,Access Point,EAP225,AA:BB:44:00:08:44,SN-AccessPoint-02116,single_band
ZTE,Switch,SG108,AA:BB:45:00:08:45,SN-Switch-02117,dual_band
TP-Link,ONT,HG8145V5,AA:BB:46:00:08:46,SN-ONT-02118,single_band
Cisco,ONU,G-140W-C,AA:BB:47:00:08:47,SN-ONU-02119,dual_band
Huawei,Router,Archer C6,AA:BB:48:00:08:48,SN-Router-02120,single_band
Nokia,Modem,MB8600,AA:BB:49:00:08:49,SN-Modem-02121,dual_band
ZTE,Access Point,EAP225,AA:BB:4A:00:08:4A,SN-AccessPoint-02122,single_band
TP-Link,Switch,SG108,AA:BB:4B:00:08:4B,SN-Switch-02123,dual_band
Cisco,ONT,HG8145V5,AA:BB:4C:00:08:4C,SN-ONT-02124,single_band
Huawei,ONU,G-140W-C,AA:BB:4D:00:08:4D,SN-ONU-02125,dual_band
Nokia,Router,Archer C6,AA:BB:4E:00:08:4E,SN-Router-02126,single_band
ZTE,Modem,MB8600,AA:BB:4F:00:08:4F,SN-Modem-02127,dual_band
TP-Link,Access Point,EAP225,AA:BB:50:00:08:50,SN-AccessPoint-02128,single_band
Cisco,Switch,SG108,AA:BB:51:00:08:51,SN-Switch-02129,dual_band
Huawei,ONT,HG8145V5,AA:BB:52:00:08:52,SN-ONT-02130,single_band
Nokia,ONU,G-140W-C,AA:BB:53:00:08:53,SN-ONU-02131,dual_band
ZTE,Router,Archer C6,AA:BB:54:00:08:54,SN-Router-02132,single_band
TP-Link,Modem,MB8600,AA:BB:55:00:08:55,SN-Modem-02133,dual_band
Cisco,Access Point,EAP225,AA:BB:56:00:08:56,SN-AccessPoint-02134,single_band
Huawei,Switch,SG108,AA:BB:57:00:08:57,SN-Switch-02135,dual_band
Nokia,ONT,HG8145V5,AA:BB:58:00:08:58,SN-ONT-02136,single_band
ZTE,ONU,G-140W-C,AA:BB:59:00:08:59,SN-ONU-02137,dual_band
TP-Link,Router,Archer C6,AA:BB:5A:00:08:5A,SN-Router-02138,single_band
Cisco,Modem,MB8600,AA:BB:5B:00:08:5B,SN-Modem-02139,dual_band
Huawei,Access Point,EAP225,AA:BB:5C:00:08:5C,SN-AccessPoint-02140,single_band
Nokia,Switch,SG108,AA:BB:5D:00:08:5D,SN-Switch-02141,dual_band
ZTE,ONT,HG8145V5,AA:BB:5E:00:08:5E,SN-ONT-02142,single_band
TP-Link,ONU,G-140W-C,AA:BB:5F:00:08:5F,SN-ONU-02143,dual_band
Cisco,Router,Archer C6,AA:BB:60:00:08:60,SN-Router-02144,single_band
Huawei,Modem,MB8600,AA:BB:61:00:08:61,SN-Modem-02145,dual_band
Nokia,Access Point,EAP225,AA:BB:62:00:08:62,SN-AccessPoint-02146,single_band
ZTE,Switch,SG108,AA:BB:63:00:08:63,SN-Switch-02147,dual_band
TP-Link,ONT,HG8145V5,AA:BB:64:00:08:64,SN-ONT-02148,single_band
Cisco,ONU,G-140W-C,AA:BB:65:00:08:65,SN-ONU-02149,dual_band
Huawei,Router,Archer C6,AA:BB:66:00:08:66,SN-Router-02150,single_band
Nokia,Modem,MB8600,AA:BB:67:00:08:67,SN-Modem-02151,dual_band
ZTE,Access Point,EAP225,AA:BB:68:00:08:68,SN-AccessPoint-02152,single_band
TP-Link,Switch,SG108,AA:BB:69:00:08:69,SN-Switch-02153,dual_band
Cisco,ONT,HG8145V5,AA:BB:6A:00:08:6A,SN-ONT-02154,single_band
Huawei,ONU,G-140W-C,AA:BB:6B:00:08:6B,SN-ONU-02155,dual_band
Nokia,Router,Archer C6,AA:BB:6C:00:08:6C,SN-Router-02156,single_band
ZTE,Modem,MB8600,AA:BB:6D:00:08:6D,SN-Modem-02157,dual_band
TP-Link,Access Point,EAP225,AA:BB:6E:00:08:6E,SN-AccessPoint-02158,single_band
Cisco,Switch,SG108,AA:BB:6F:00:08:6F,SN-Switch-02159,dual_band
Huawei,ONT,HG8145V5,AA:BB:70:00:08:70,SN-ONT-02160,single_band
Nokia,ONU,G-140W-C,AA:BB:71:00:08:71,SN-ONU-02161,dual_band
ZTE,Router,Archer C6,AA:BB:72:00:08:72,SN-Router-02162,single_band
TP-Link,Modem,MB8600,AA:BB:73:00:08:73,SN-Modem-02163,dual_band
Cisco,Access Point,EAP225,AA:BB:74:00:08:74,SN-AccessPoint-02164,single_band
Huawei,Switch,SG108,AA:BB:75:00:08:75,SN-Switch-02165,dual_band
Nokia,ONT,HG8145V5,AA:BB:76:00:08:76,SN-ONT-02166,single_band
ZTE,ONU,G-140W-C,AA:BB:77:00:08:77,SN-ONU-02167,dual_band
TP-Link,Router,Archer C6,AA:BB:78:00:08:78,SN-Router-02168,single_band
Cisco,Modem,MB8600,AA:BB:79:00:08:79,SN-Modem-02169,dual_band
Huawei,Access Point,EAP225,AA:BB:7A:00:08:7A,SN-AccessPoint-02170,single_band
Nokia,Switch,SG108,AA:BB:7B:00:08:7B,SN-Switch-02171,dual_band
ZTE,ONT,HG8145V5,AA:BB:7C:00:08:7C,SN-ONT-02172,single_band
TP-Link,ONU,G-140W-C,AA:BB:7D:00:08:7D,SN-ONU-02173,dual_band
Cisco,Router,Archer C6,AA:BB:7E:00:08:7E,SN-Router-02174,single_band
Huawei,Modem,MB8600,AA:BB:7F:00:08:7F,SN-Modem-02175,dual_band
Nokia,Access Point,EAP225,AA:BB:80:00:08:80,SN-AccessPoint-02176,single_band
ZTE,Switch,SG108,AA:BB:81:00:09:81,SN-Switch-02177,dual_band
TP-Link,ONT,HG8145V5,AA:BB:82:00:09:82,SN-ONT-02178,single_band
Cisco,ONU,G-140W-C,AA:BB:83:00:09:83,SN-ONU-02179,dual_band
Huawei,Router,Archer C6,AA:BB:84:00:09:84,SN-Router-02180,single_band
Nokia,Modem,MB8600,AA:BB:85:00:09:85,SN-Modem-02181,dual_band
ZTE,Access Point,EAP225,AA:BB:86:00:09:86,SN-AccessPoint-02182,single_band
TP-Link,Switch,SG108,AA:BB:87:00:09:87,SN-Switch-02183,dual_band
Cisco,ONT,HG8145V5,AA:BB:88:00:09:88,SN-ONT-02184,single_band
Huawei,ONU,G-140W-C,AA:BB:89:00:09:89,SN-ONU-02185,dual_band
Nokia,Router,Archer C6,AA:BB:8A:00:09:8A,SN-Router-02186,single_band
ZTE,Modem,MB8600,AA:BB:8B:00:09:8B,SN-Modem-02187,dual_band
TP-Link,Access Point,EAP225,AA:BB:8C:00:09:8C,SN-AccessPoint-02188,single_band
Cisco,Switch,SG108,AA:BB:8D:00:09:8D,SN-Switch-02189,dual_band
Huawei,ONT,HG8145V5,AA:BB:8E:00:09:8E,SN-ONT-02190,single_band
Nokia,ONU,G-140W-C,AA:BB:8F:00:09:8F,SN-ONU-02191,dual_band
ZTE,Router,Archer C6,AA:BB:90:00:09:90,SN-Router-02192,single_band
TP-Link,Modem,MB8600,AA:BB:91:00:09:91,SN-Modem-02193,dual_band
Cisco,Access Point,EAP225,AA:BB:92:00:09:92,SN-AccessPoint-02194,single_band
Huawei,Switch,SG108,AA:BB:93:00:09:93,SN-Switch-02195,dual_band
Nokia,ONT,HG8145V5,AA:BB:94:00:09:94,SN-ONT-02196,single_band
ZTE,ONU,G-140W-C,AA:BB:95:00:09:95,SN-ONU-02197,dual_band
TP-Link,Router,Archer C6,AA:BB:96:00:09:96,SN-Router-02198,single_band
Cisco,Modem,MB8600,AA:BB:97:00:09:97,SN-Modem-02199,dual_band
Huawei,Access Point,EAP225,AA:BB:98:00:09:98,SN-AccessPoint-02200,single_band
Nokia,Switch,SG108,AA:BB:99:00:09:99,SN-Switch-02201,dual_band
ZTE,ONT,HG8145V5,AA:BB:9A:00:09:9A,SN-ONT-02202,single_band
TP-Link,ONU,G-140W-C,AA:BB:9B:00:09:9B,SN-ONU-02203,dual_band
Cisco,Router,Archer C6,AA:BB:9C:00:09:9C,SN-Router-02204,single_band
Huawei,Modem,MB8600,AA:BB:9D:00:09:9D,SN-Modem-02205,dual_band
Nokia,Access Point,EAP225,AA:BB:9E:00:09:9E,SN-AccessPoint-02206,single_band
ZTE,Switch,SG108,AA:BB:9F:00:09:9F,SN-Switch-02207,dual_band
TP-Link,ONT,HG8145V5,AA:BB:A0:00:09:A0,SN-ONT-02208,single_band
Cisco,ONU,G-140W-C,AA:BB:A1:00:09:A1,SN-ONU-02209,dual_band
Huawei,Router,Archer C6,AA:BB:A2:00:09:A2,SN-Router-02210,single_band
Nokia,Modem,MB8600,AA:BB:A3:00:09:A3,SN-Modem-02211,dual_band
ZTE,Access Point,EAP225,AA:BB:A4:00:09:A4,SN-AccessPoint-02212,single_band
TP-Link,Switch,SG108,AA:BB:A5:00:09:A5,SN-Switch-02213,dual_band
Cisco,ONT,HG8145V5,AA:BB:A6:00:09:A6,SN-ONT-02214,single_band
Huawei,ONU,G-140W-C,AA:BB:A7:00:09:A7,SN-ONU-02215,dual_band
Nokia,Router,Archer C6,AA:BB:A8:00:09:A8,SN-Router-02216,single_band
ZTE,Modem,MB8600,AA:BB:A9:00:09:A9,SN-Modem-02217,dual_band
TP-Link,Access Point,EAP225,AA:BB:AA:00:09:AA,SN-AccessPoint-02218,single_band
Cisco,Switch,SG108,AA:BB:AB:00:09:AB,SN-Switch-02219,dual_band
Huawei,ONT,HG8145V5,AA:BB:AC:00:09:AC,SN-ONT-02220,single_band
Nokia,ONU,G-140W-C,AA:BB:AD:00:09:AD,SN-ONU-02221,dual_band
ZTE,Router,Archer C6,AA:BB:AE:00:09:AE,SN-Router-02222,single_band
TP-Link,Modem,MB8600,AA:BB:AF:00:09:AF,SN-Modem-02223,dual_band
Cisco,Access Point,EAP225,AA:BB:B0:00:09:B0,SN-AccessPoint-02224,single_band
Huawei,Switch,SG108,AA:BB:B1:00:09:B1,SN-Switch-02225,dual_band
Nokia,ONT,HG8145V5,AA:BB:B2:00:09:B2,SN-ONT-02226,single_band
ZTE,ONU,G-140W-C,AA:BB:B3:00:09:B3,SN-ONU-02227,dual_band
TP-Link,Router,Archer C6,AA:BB:B4:00:09:B4,SN-Router-02228,single_band
Cisco,Modem,MB8600,AA:BB:B5:00:09:B5,SN-Modem-02229,dual_band
Huawei,Access Point,EAP225,AA:BB:B6:00:09:B6,SN-AccessPoint-02230,single_band
Nokia,Switch,SG108,AA:BB:B7:00:09:B7,SN-Switch-02231,dual_band
ZTE,ONT,HG8145V5,AA:BB:B8:00:09:B8,SN-ONT-02232,single_band
TP-Link,ONU,G-140W-C,AA:BB:B9:00:09:B9,SN-ONU-02233,dual_band
Cisco,Router,Archer C6,AA:BB:BA:00:09:BA,SN-Router-02234,single_band
Huawei,Modem,MB8600,AA:BB:BB:00:09:BB,SN-Modem-02235,dual_band
Nokia,Access Point,EAP225,AA:BB:BC:00:09:BC,SN-AccessPoint-02236,single_band
ZTE,Switch,SG108,AA:BB:BD:00:09:BD,SN-Switch-02237,dual_band
TP-Link,ONT,HG8145V5,AA:BB:BE:00:09:BE,SN-ONT-02238,single_band
Cisco,ONU,G-140W-C,AA:BB:BF:00:09:BF,SN-ONU-02239,dual_band
Huawei,Router,Archer C6,AA:BB:C0:00:09:C0,SN-Router-02240,single_band
Nokia,Modem,MB8600,AA:BB:C1:00:09:C1,SN-Modem-02241,dual_band
ZTE,Access Point,EAP225,AA:BB:C2:00:09:C2,SN-AccessPoint-02242,single_band
TP-Link,Switch,SG108,AA:BB:C3:00:09:C3,SN-Switch-02243,dual_band
Cisco,ONT,HG8145V5,AA:BB:C4:00:09:C4,SN-ONT-02244,single_band
Huawei,ONU,G-140W-C,AA:BB:C5:00:09:C5,SN-ONU-02245,dual_band
Nokia,Router,Archer C6,AA:BB:C6:00:09:C6,SN-Router-02246,single_band
ZTE,Modem,MB8600,AA:BB:C7:00:09:C7,SN-Modem-02247,dual_band
TP-Link,Access Point,EAP225,AA:BB:C8:00:09:C8,SN-AccessPoint-02248,single_band
Cisco,Switch,SG108,AA:BB:C9:00:09:C9,SN-Switch-02249,dual_band
Huawei,ONT,HG8145V5,AA:BB:CA:00:09:CA,SN-ONT-02250,single_band
Nokia,ONU,G-140W-C,AA:BB:CB:00:09:CB,SN-ONU-02251,dual_band
ZTE,Router,Archer C6,AA:BB:CC:00:09:CC,SN-Router-02252,single_band
TP-Link,Modem,MB8600,AA:BB:CD:00:09:CD,SN-Modem-02253,dual_band
Cisco,Access Point,EAP225,AA:BB:CE:00:09:CE,SN-AccessPoint-02254,single_band
Huawei,Switch,SG108,AA:BB:CF:00:09:CF,SN-Switch-02255,dual_band
Nokia,ONT,HG8145V5,AA:BB:D0:00:09:D0,SN-ONT-02256,single_band
ZTE,ONU,G-140W-C,AA:BB:D1:00:09:D1,SN-ONU-02257,dual_band
TP-Link,Router,Archer C6,AA:BB:D2:00:09:D2,SN-Router-02258,single_band
Cisco,Modem,MB8600,AA:BB:D3:00:09:D3,SN-Modem-02259,dual_band
Huawei,Access Point,EAP225,AA:BB:D4:00:09:D4,SN-AccessPoint-02260,single_band
Nokia,Switch,SG108,AA:BB:D5:00:09:D5,SN-Switch-02261,dual_band
ZTE,ONT,HG8145V5,AA:BB:D6:00:09:D6,SN-ONT-02262,single_band
TP-Link,ONU,G-140W-C,AA:BB:D7:00:09:D7,SN-ONU-02263,dual_band
Cisco,Router,Archer C6,AA:BB:D8:00:09:D8,SN-Router-02264,single_band
Huawei,Modem,MB8600,AA:BB:D9:00:09:D9,SN-Modem-02265,dual_band
Nokia,Access Point,EAP225,AA:BB:DA:00:09:DA,SN-AccessPoint-02266,single_band
ZTE,Switch,SG108,AA:BB:DB:00:09:DB,SN-Switch-02267,dual_band
TP-Link,ONT,HG8145V5,AA:BB:DC:00:09:DC,SN-ONT-02268,single_band
Cisco,ONU,G-140W-C,AA:BB:DD:00:09:DD,SN-ONU-02269,dual_band
Huawei,Router,Archer C6,AA:BB:DE:00:09:DE,SN-Router-02270,single_band
Nokia,Modem,MB8600,AA:BB:DF:00:09:DF,SN-Modem-02271,dual_band
ZTE,Access Point,EAP225,AA:BB:E0:00:09:E0,SN-AccessPoint-02272,single_band
TP-Link,Switch,SG108,AA:BB:E1:00:09:E1,SN-Switch-02273,dual_band
Cisco,ONT,HG8145V5,AA:BB:E2:00:09:E2,SN-ONT-02274,single_band
Huawei,ONU,G-140W-C,AA:BB:E3:00:09:E3,SN-ONU-02275,dual_band
Nokia,Router,Archer C6,AA:BB:E4:00:09:E4,SN-Router-02276,single_band
ZTE,Modem,MB8600,AA:BB:E5:00:09:E5,SN-Modem-02277,dual_band
TP-Link,Access Point,EAP225,AA:BB:E6:00:09:E6,SN-AccessPoint-02278,single_band
Cisco,Switch,SG108,AA:BB:E7:00:09:E7,SN-Switch-02279,dual_band
Huawei,ONT,HG8145V5,AA:BB:E8:00:09:E8,SN-ONT-02280,single_band
Nokia,ONU,G-140W-C,AA:BB:E9:00:09:E9,SN-ONU-02281,dual_band
ZTE,Router,Archer C6,AA:BB:EA:00:09:EA,SN-Router-02282,single_band
TP-Link,Modem,MB8600,AA:BB:EB:00:09:EB,SN-Modem-02283,dual_band
Cisco,Access Point,EAP225,AA:BB:EC:00:09:EC,SN-AccessPoint-02284,single_band
Huawei,Switch,SG108,AA:BB:ED:00:09:ED,SN-Switch-02285,dual_band
Nokia,ONT,HG8145V5,AA:BB:EE:00:09:EE,SN-ONT-02286,single_band
ZTE,ONU,G-140W-C,AA:BB:EF:00:09:EF,SN-ONU-02287,dual_band
TP-Link,Router,Archer C6,AA:BB:F0:00:09:F0,SN-Router-02288,single_band
Cisco,Modem,MB8600,AA:BB:F1:00:09:F1,SN-Modem-02289,dual_band
Huawei,Access Point,EAP225,AA:BB:F2:00:09:F2,SN-AccessPoint-02290,single_band
Nokia,Switch,SG108,AA:BB:F3:00:09:F3,SN-Switch-02291,dual_band
ZTE,ONT,HG8145V5,AA:BB:F4:00:09:F4,SN-ONT-02292,single_band
TP-Link,ONU,G-140W-C,AA:BB:F5:00:09:F5,SN-ONU-02293,dual_band
Cisco,Router,Archer C6,AA:BB:F6:00:09:F6,SN-Router-02294,single_band
Huawei,Modem,MB8600,AA:BB:F7:00:09:F7,SN-Modem-02295,dual_band
Nokia,Access Point,EAP225,AA:BB:F8:00:09:F8,SN-AccessPoint-02296,single_band
ZTE,Switch,SG108,AA:BB:F9:00:09:F9,SN-Switch-02297,dual_band
TP-Link,ONT,HG8145V5,AA:BB:FA:00:09:FA,SN-ONT-02298,single_band
Cisco,ONU,G-140W-C,AA:BB:FB:00:09:FB,SN-ONU-02299,dual_band
Huawei,Router,Archer C6,AA:BB:FC:00:09:FC,SN-Router-02300,single_band
Nokia,Modem,MB8600,AA:BB:FD:00:09:FD,SN-Modem-02301,dual_band
ZTE,Access Point,EAP225,AA:BB:FE:00:09:FE,SN-AccessPoint-02302,single_band
TP-Link,Switch,SG108,AA:BB:FF:00:09:FF,SN-Switch-02303,dual_band
Cisco,ONT,HG8145V5,AA:BB:00:00:09:00,SN-ONT-02304,single_band
Huawei,ONU,G-140W-C,AA:BB:01:00:09:01,SN-ONU-02305,dual_band
Nokia,Router,Archer C6,AA:BB:02:00:09:02,SN-Router-02306,single_band
ZTE,Modem,MB8600,AA:BB:03:00:09:03,SN-Modem-02307,dual_band
TP-Link,Access Point,EAP225,AA:BB:04:00:09:04,SN-AccessPoint-02308,single_band
Cisco,Switch,SG108,AA:BB:05:00:09:05,SN-Switch-02309,dual_band
Huawei,ONT,HG8145V5,AA:BB:06:00:09:06,SN-ONT-02310,single_band
Nokia,ONU,G-140W-C,AA:BB:07:00:09:07,SN-ONU-02311,dual_band
ZTE,Router,Archer C6,AA:BB:08:00:09:08,SN-Router-02312,single_band
TP-Link,Modem,MB8600,AA:BB:09:00:09:09,SN-Modem-02313,dual_band
Cisco,Access Point,EAP225,AA:BB:0A:00:09:0A,SN-AccessPoint-02314,single_band
Huawei,Switch,SG108,AA:BB:0B:00:09:0B,SN-Switch-02315,dual_band
Nokia,ONT,HG8145V5,AA:BB:0C:00:09:0C,SN-ONT-02316,single_band
ZTE,ONU,G-140W-C,AA:BB:0D:00:09:0D,SN-ONU-02317,dual_band
TP-Link,Router,Archer C6,AA:BB:0E:00:09:0E,SN-Router-02318,single_band
Cisco,Modem,MB8600,AA:BB:0F:00:09:0F,SN-Modem-02319,dual_band
Huawei,Access Point,EAP225,AA:BB:10:00:09:10,SN-AccessPoint-02320,single_band
Nokia,Switch,SG108,AA:BB:11:00:09:11,SN-Switch-02321,dual_band
ZTE,ONT,HG8145V5,AA:BB:12:00:09:12,SN-ONT-02322,single_band
TP-Link,ONU,G-140W-C,AA:BB:13:00:09:13,SN-ONU-02323,dual_band
Cisco,Router,Archer C6,AA:BB:14:00:09:14,SN-Router-02324,single_band
Huawei,Modem,MB8600,AA:BB:15:00:09:15,SN-Modem-02325,dual_band
Nokia,Access Point,EAP225,AA:BB:16:00:09:16,SN-AccessPoint-02326,single_band
ZTE,Switch,SG108,AA:BB:17:00:09:17,SN-Switch-02327,dual_band
TP-Link,ONT,HG8145V5,AA:BB:18:00:09:18,SN-ONT-02328,single_band
Cisco,ONU,G-140W-C,AA:BB:19:00:09:19,SN-ONU-02329,dual_band
Huawei,Router,Archer C6,AA:BB:1A:00:09:1A,SN-Router-02330,single_band
Nokia,Modem,MB8600,AA:BB:1B:00:09:1B,SN-Modem-02331,dual_band
ZTE,Access Point,EAP225,AA:BB:1C:00:09:1C,SN-AccessPoint-02332,single_band
TP-Link,Switch,SG108,AA:BB:1D:00:09:1D,SN-Switch-02333,dual_band
Cisco,ONT,HG8145V5,AA:BB:1E:00:09:1E,SN-ONT-02334,single_band
Huawei,ONU,G-140W-C,AA:BB:1F:00:09:1F,SN-ONU-02335,dual_band
Nokia,Router,Archer C6,AA:BB:20:00:09:20,SN-Router-02336,single_band
ZTE,Modem,MB8600,AA:BB:21:00:09:21,SN-Modem-02337,dual_band
TP-Link,Access Point,EAP225,AA:BB:22:00:09:22,SN-AccessPoint-02338,single_band
Cisco,Switch,SG108,AA:BB:23:00:09:23,SN-Switch-02339,dual_band
Huawei,ONT,HG8145V5,AA:BB:24:00:09:24,SN-ONT-02340,single_band
Nokia,ONU,G-140W-C,AA:BB:25:00:09:25,SN-ONU-02341,dual_band
ZTE,Router,Archer C6,AA:BB:26:00:09:26,SN-Router-02342,single_band
TP-Link,Modem,MB8600,AA:BB:27:00:09:27,SN-Modem-02343,dual_band
Cisco,Access Point,EAP225,AA:BB:28:00:09:28,SN-AccessPoint-02344,single_band
Huawei,Switch,SG108,AA:BB:29:00:09:29,SN-Switch-02345,dual_band
Nokia,ONT,HG8145V5,AA:BB:2A:00:09:2A,SN-ONT-02346,single_band
ZTE,ONU,G-140W-C,AA:BB:2B:00:09:2B,SN-ONU-02347,dual_band
TP-Link,Router,Archer C6,AA:BB:2C:00:09:2C,SN-Router-02348,single_band
Cisco,Modem,MB8600,AA:BB:2D:00:09:2D,SN-Modem-02349,dual_band
Huawei,Access Point,EAP225,AA:BB:2E:00:09:2E,SN-AccessPoint-02350,single_band
Nokia,Switch,SG108,AA:BB:2F:00:09:2F,SN-Switch-02351,dual_band
ZTE,ONT,HG8145V5,AA:BB:30:00:09:30,SN-ONT-02352,single_band
TP-Link,ONU,G-140W-C,AA:BB:31:00:09:31,SN-ONU-02353,dual_band
Cisco,Router,Archer C6,AA:BB:32:00:09:32,SN-Router-02354,single_band
Huawei,Modem,MB8600,AA:BB:33:00:09:33,SN-Modem-02355,dual_band
Nokia,Access Point,EAP225,AA:BB:34:00:09:34,SN-AccessPoint-02356,single_band
ZTE,Switch,SG108,AA:BB:35:00:09:35,SN-Switch-02357,dual_band
TP-Link,ONT,HG8145V5,AA:BB:36:00:09:36,SN-ONT-02358,single_band
Cisco,ONU,G-140W-C,AA:BB:37:00:09:37,SN-ONU-02359,dual_band
Huawei,Router,Archer C6,AA:BB:38:00:09:38,SN-Router-02360,single_band
Nokia,Modem,MB8600,AA:BB:39:00:09:39,SN-Modem-02361,dual_band
ZTE,Access Point,EAP225,AA:BB:3A:00:09:3A,SN-AccessPoint-02362,single_band
TP-Link,Switch,SG108,AA:BB:3B:00:09:3B,SN-Switch-02363,dual_band
Cisco,ONT,HG8145V5,AA:BB:3C:00:09:3C,SN-ONT-02364,single_band
Huawei,ONU,G-140W-C,AA:BB:3D:00:09:3D,SN-ONU-02365,dual_band
Nokia,Router,Archer C6,AA:BB:3E:00:09:3E,SN-Router-02366,single_band
ZTE,Modem,MB8600,AA:BB:3F:00:09:3F,SN-Modem-02367,dual_band
TP-Link,Access Point,EAP225,AA:BB:40:00:09:40,SN-AccessPoint-02368,single_band
Cisco,Switch,SG108,AA:BB:41:00:09:41,SN-Switch-02369,dual_band
Huawei,ONT,HG8145V5,AA:BB:42:00:09:42,SN-ONT-02370,single_band
Nokia,ONU,G-140W-C,AA:BB:43:00:09:43,SN-ONU-02371,dual_band
ZTE,Router,Archer C6,AA:BB:44:00:09:44,SN-Router-02372,single_band
TP-Link,Modem,MB8600,AA:BB:45:00:09:45,SN-Modem-02373,dual_band
Cisco,Access Point,EAP225,AA:BB:46:00:09:46,SN-AccessPoint-02374,single_band
Huawei,Switch,SG108,AA:BB:47:00:09:47,SN-Switch-02375,dual_band
Nokia,ONT,HG8145V5,AA:BB:48:00:09:48,SN-ONT-02376,single_band
ZTE,ONU,G-140W-C,AA:BB:49:00:09:49,SN-ONU-02377,dual_band
TP-Link,Router,Archer C6,AA:BB:4A:00:09:4A,SN-Router-02378,single_band
Cisco,Modem,MB8600,AA:BB:4B:00:09:4B,SN-Modem-02379,dual_band
Huawei,Access Point,EAP225,AA:BB:4C:00:09:4C,SN-AccessPoint-02380,single_band
Nokia,Switch,SG108,AA:BB:4D:00:09:4D,SN-Switch-02381,dual_band
ZTE,ONT,HG8145V5,AA:BB:4E:00:09:4E,SN-ONT-02382,single_band
TP-Link,ONU,G-140W-C,AA:BB:4F:00:09:4F,SN-ONU-02383,dual_band
Cisco,Router,Archer C6,AA:BB:50:00:09:50,SN-Router-02384,single_band
Huawei,Modem,MB8600,AA:BB:51:00:09:51,SN-Modem-02385,dual_band
Nokia,Access Point,EAP225,AA:BB:52:00:09:52,SN-AccessPoint-02386,single_band
ZTE,Switch,SG108,AA:BB:53:00:09:53,SN-Switch-02387,dual_band
TP-Link,ONT,HG8145V5,AA:BB:54:00:09:54,SN-ONT-02388,single_band
Cisco,ONU,G-140W-C,AA:BB:55:00:09:55,SN-ONU-02389,dual_band
Huawei,Router,Archer C6,AA:BB:56:00:09:56,SN-Router-02390,single_band
Nokia,Modem,MB8600,AA:BB:57:00:09:57,SN-Modem-02391,dual_band
ZTE,Access Point,EAP225,AA:BB:58:00:09:58,SN-AccessPoint-02392,single_band
TP-Link,Switch,SG108,AA:BB:59:00:09:59,SN-Switch-02393,dual_band
Cisco,ONT,HG8145V5,AA:BB:5A:00:09:5A,SN-ONT-02394,single_band
Huawei,ONU,G-140W-C,AA:BB:5B:00:09:5B,SN-ONU-02395,dual_band
Nokia,Router,Archer C6,AA:BB:5C:00:09:5C,SN-Router-02396,single_band
ZTE,Modem,MB8600,AA:BB:5D:00:09:5D,SN-Modem-02397,dual_band
TP-Link,Access Point,EAP225,AA:BB:5E:00:09:5E,SN-AccessPoint-02398,single_band
Cisco,Switch,SG108,AA:BB:5F:00:09:5F,SN-Switch-02399,dual_band
Huawei,ONT,HG8145V5,AA:BB:60:00:09:60,SN-ONT-02400,single_band
Nokia,ONU,G-140W-C,AA:BB:61:00:09:61,SN-ONU-02401,dual_band
ZTE,Router,Archer C6,AA:BB:62:00:09:62,SN-Router-02402,single_band
TP-Link,Modem,MB8600,AA:BB:63:00:09:63,SN-Modem-02403,dual_band
Cisco,Access Point,EAP225,AA:BB:64:00:09:64,SN-AccessPoint-02404,single_band
Huawei,Switch,SG108,AA:BB:65:00:09:65,SN-Switch-02405,dual_band
Nokia,ONT,HG8145V5,AA:BB:66:00:09:66,SN-ONT-02406,single_band
ZTE,ONU,G-140W-C,AA:BB:67:00:09:67,SN-ONU-02407,dual_band
TP-Link,Router,Archer C6,AA:BB:68:00:09:68,SN-Router-02408,single_band
Cisco,Modem,MB8600,AA:BB:69:00:09:69,SN-Modem-02409,dual_band
Huawei,Access Point,EAP225,AA:BB:6A:00:09:6A,SN-AccessPoint-02410,single_band
Nokia,Switch,SG108,AA:BB:6B:00:09:6B,SN-Switch-02411,dual_band
ZTE,ONT,HG8145V5,AA:BB:6C:00:09:6C,SN-ONT-02412,single_band
TP-Link,ONU,G-140W-C,AA:BB:6D:00:09:6D,SN-ONU-02413,dual_band
Cisco,Router,Archer C6,AA:BB:6E:00:09:6E,SN-Router-02414,single_band
Huawei,Modem,MB8600,AA:BB:6F:00:09:6F,SN-Modem-02415,dual_band
Nokia,Access Point,EAP225,AA:BB:70:00:09:70,SN-AccessPoint-02416,single_band
ZTE,Switch,SG108,AA:BB:71:00:09:71,SN-Switch-02417,dual_band
TP-Link,ONT,HG8145V5,AA:BB:72:00:09:72,SN-ONT-02418,single_band
Cisco,ONU,G-140W-C,AA:BB:73:00:09:73,SN-ONU-02419,dual_band
Huawei,Router,Archer C6,AA:BB:74:00:09:74,SN-Router-02420,single_band
Nokia,Modem,MB8600,AA:BB:75:00:09:75,SN-Modem-02421,dual_band
ZTE,Access Point,EAP225,AA:BB:76:00:09:76,SN-AccessPoint-02422,single_band
TP-Link,Switch,SG108,AA:BB:77:00:09:77,SN-Switch-02423,dual_band
Cisco,ONT,HG8145V5,AA:BB:78:00:09:78,SN-ONT-02424,single_band
Huawei,ONU,G-140W-C,AA:BB:79:00:09:79,SN-ONU-02425,dual_band
Nokia,Router,Archer C6,AA:BB:7A:00:09:7A,SN-Router-02426,single_band
ZTE,Modem,MB8600,AA:BB:7B:00:09:7B,SN-Modem-02427,dual_band
TP-Link,Access Point,EAP225,AA:BB:7C:00:09:7C,SN-AccessPoint-02428,single_band
Cisco,Switch,SG108,AA:BB:7D:00:09:7D,SN-Switch-02429,dual_band
Huawei,ONT,HG8145V5,AA:BB:7E:00:09:7E,SN-ONT-02430,single_band
Nokia,ONU,G-140W-C,AA:BB:7F:00:09:7F,SN-ONU-02431,dual_band
ZTE,Router,Archer C6,AA:BB:80:00:0A:80,SN-Router-02432,single_band
TP-Link,Modem,MB8600,AA:BB:81:00:0A:81,SN-Modem-02433,dual_band
Cisco,Access Point,EAP225,AA:BB:82:00:0A:82,SN-AccessPoint-02434,single_band
Huawei,Switch,SG108,AA:BB:83:00:0A:83,SN-Switch-02435,dual_band
Nokia,ONT,HG8145V5,AA:BB:84:00:0A:84,SN-ONT-02436,single_band
ZTE,ONU,G-140W-C,AA:BB:85:00:0A:85,SN-ONU-02437,dual_band
TP-Link,Router,Archer C6,AA:BB:86:00:0A:86,SN-Router-02438,single_band
Cisco,Modem,MB8600,AA:BB:87:00:0A:87,SN-Modem-02439,dual_band
Huawei,Access Point,EAP225,AA:BB:88:00:0A:88,SN-AccessPoint-02440,single_band
Nokia,Switch,SG108,AA:BB:89:00:0A:89,SN-Switch-02441,dual_band
ZTE,ONT,HG8145V5,AA:BB:8A:00:0A:8A,SN-ONT-02442,single_band
TP-Link,ONU,G-140W-C,AA:BB:8B:00:0A:8B,SN-ONU-02443,dual_band
Cisco,Router,Archer C6,AA:BB:8C:00:0A:8C,SN-Router-02444,single_band
Huawei,Modem,MB8600,AA:BB:8D:00:0A:8D,SN-Modem-02445,dual_band
Nokia,Access Point,EAP225,AA:BB:8E:00:0A:8E,SN-AccessPoint-02446,single_band
ZTE,Switch,SG108,AA:BB:8F:00:0A:8F,SN-Switch-02447,dual_band
TP-Link,ONT,HG8145V5,AA:BB:90:00:0A:90,SN-ONT-02448,single_band
Cisco,ONU,G-140W-C,AA:BB:91:00:0A:91,SN-ONU-02449,dual_band
Huawei,Router,Archer C6,AA:BB:92:00:0A:92,SN-Router-02450,single_band
Nokia,Modem,MB8600,AA:BB:93:00:0A:93,SN-Modem-02451,dual_band
ZTE,Access Point,EAP225,AA:BB:94:00:0A:94,SN-AccessPoint-02452,single_band
TP-Link,Switch,SG108,AA:BB:95:00:0A:95,SN-Switch-02453,dual_band
Cisco,ONT,HG8145V5,AA:BB:96:00:0A:96,SN-ONT-02454,single_band
Huawei,ONU,G-140W-C,AA:BB:97:00:0A:97,SN-ONU-02455,dual_band
Nokia,Router,Archer C6,AA:BB:98:00:0A:98,SN-Router-02456,single_band
ZTE,Modem,MB8600,AA:BB:99:00:0A:99,SN-Modem-02457,dual_band
TP-Link,Access Point,EAP225,AA:BB:9A:00:0A:9A,SN-AccessPoint-02458,single_band
Cisco,Switch,SG108,AA:BB:9B:00:0A:9B,SN-Switch-02459,dual_band
Huawei,ONT,HG8145V5,AA:BB:9C:00:0A:9C,SN-ONT-02460,single_band
Nokia,ONU,G-140W-C,AA:BB:9D:00:0A:9D,SN-ONU-02461,dual_band
ZTE,Router,Archer C6,AA:BB:9E:00:0A:9E,SN-Router-02462,single_band
TP-Link,Modem,MB8600,AA:BB:9F:00:0A:9F,SN-Modem-02463,dual_band
Cisco,Access Point,EAP225,AA:BB:A0:00:0A:A0,SN-AccessPoint-02464,single_band
Huawei,Switch,SG108,AA:BB:A1:00:0A:A1,SN-Switch-02465,dual_band
Nokia,ONT,HG8145V5,AA:BB:A2:00:0A:A2,SN-ONT-02466,single_band
ZTE,ONU,G-140W-C,AA:BB:A3:00:0A:A3,SN-ONU-02467,dual_band
TP-Link,Router,Archer C6,AA:BB:A4:00:0A:A4,SN-Router-02468,single_band
Cisco,Modem,MB8600,AA:BB:A5:00:0A:A5,SN-Modem-02469,dual_band
Huawei,Access Point,EAP225,AA:BB:A6:00:0A:A6,SN-AccessPoint-02470,single_band
Nokia,Switch,SG108,AA:BB:A7:00:0A:A7,SN-Switch-02471,dual_band
ZTE,ONT,HG8145V5,AA:BB:A8:00:0A:A8,SN-ONT-02472,single_band
TP-Link,ONU,G-140W-C,AA:BB:A9:00:0A:A9,SN-ONU-02473,dual_band
Cisco,Router,Archer C6,AA:BB:AA:00:0A:AA,SN-Router-02474,single_band
Huawei,Modem,MB8600,AA:BB:AB:00:0A:AB,SN-Modem-02475,dual_band
Nokia,Access Point,EAP225,AA:BB:AC:00:0A:AC,SN-AccessPoint-02476,single_band
ZTE,Switch,SG108,AA:BB:AD:00:0A:AD,SN-Switch-02477,dual_band
TP-Link,ONT,HG8145V5,AA:BB:AE:00:0A:AE,SN-ONT-02478,single_band
Cisco,ONU,G-140W-C,AA:BB:AF:00:0A:AF,SN-ONU-02479,dual_band
Huawei,Router,Archer C6,AA:BB:B0:00:0A:B0,SN-Router-02480,single_band
Nokia,Modem,MB8600,AA:BB:B1:00:0A:B1,SN-Modem-02481,dual_band
ZTE,Access Point,EAP225,AA:BB:B2:00:0A:B2,SN-AccessPoint-02482,single_band
TP-Link,Switch,SG108,AA:BB:B3:00:0A:B3,SN-Switch-02483,dual_band
Cisco,ONT,HG8145V5,AA:BB:B4:00:0A:B4,SN-ONT-02484,single_band
Huawei,ONU,G-140W-C,AA:BB:B5:00:0A:B5,SN-ONU-02485,dual_band
Nokia,Router,Archer C6,AA:BB:B6:00:0A:B6,SN-Router-02486,single_band
ZTE,Modem,MB8600,AA:BB:B7:00:0A:B7,SN-Modem-02487,dual_band
TP-Link,Access Point,EAP225,AA:BB:B8:00:0A:B8,SN-AccessPoint-02488,single_band
Cisco,Switch,SG108,AA:BB:B9:00:0A:B9,SN-Switch-02489,dual_band
Huawei,ONT,HG8145V5,AA:BB:BA:00:0A:BA,SN-ONT-02490,single_band
Nokia,ONU,G-140W-C,AA:BB:BB:00:0A:BB,SN-ONU-02491,dual_band
ZTE,Router,Archer C6,AA:BB:BC:00:0A:BC,SN-Router-02492,single_band
TP-Link,Modem,MB8600,AA:BB:BD:00:0A:BD,SN-Modem-02493,dual_band
Cisco,Access Point,EAP225,AA:BB:BE:00:0A:BE,SN-AccessPoint-02494,single_band
Huawei,Switch,SG108,AA:BB:BF:00:0A:BF,SN-Switch-02495,dual_band
Nokia,ONT,HG8145V5,AA:BB:C0:00:0A:C0,SN-ONT-02496,single_band
ZTE,ONU,G-140W-C,AA:BB:C1:00:0A:C1,SN-ONU-02497,dual_band
TP-Link,Router,Archer C6,AA:BB:C2:00:0A:C2,SN-Router-02498,single_band
Cisco,Modem,MB8600,AA:BB:C3:00:0A:C3,SN-Modem-02499,dual_band
Huawei,Access Point,EAP225,AA:BB:C4:00:0A:C4,SN-AccessPoint-02500,single_band
Nokia,Switch,SG108,AA:BB:C5:00:0A:C5,SN-Switch-02501,dual_band
ZTE,ONT,HG8145V5,AA:BB:C6:00:0A:C6,SN-ONT-02502,single_band
TP-Link,ONU,G-140W-C,AA:BB:C7:00:0A:C7,SN-ONU-02503,dual_band
Cisco,Router,Archer C6,AA:BB:C8:00:0A:C8,SN-Router-02504,single_band
Huawei,Modem,MB8600,AA:BB:C9:00:0A:C9,SN-Modem-02505,dual_band
Nokia,Access Point,EAP225,AA:BB:CA:00:0A:CA,SN-AccessPoint-02506,single_band
ZTE,Switch,SG108,AA:BB:CB:00:0A:CB,SN-Switch-02507,dual_band
TP-Link,ONT,HG8145V5,AA:BB:CC:00:0A:CC,SN-ONT-02508,single_band
Cisco,ONU,G-140W-C,AA:BB:CD:00:0A:CD,SN-ONU-02509,dual_band
Huawei,Router,Archer C6,AA:BB:CE:00:0A:CE,SN-Router-02510,single_band
Nokia,Modem,MB8600,AA:BB:CF:00:0A:CF,SN-Modem-02511,dual_band
ZTE,Access Point,EAP225,AA:BB:D0:00:0A:D0,SN-AccessPoint-02512,single_band
TP-Link,Switch,SG108,AA:BB:D1:00:0A:D1,SN-Switch-02513,dual_band
Cisco,ONT,HG8145V5,AA:BB:D2:00:0A:D2,SN-ONT-02514,single_band
Huawei,ONU,G-140W-C,AA:BB:D3:00:0A:D3,SN-ONU-02515,dual_band
Nokia,Router,Archer C6,AA:BB:D4:00:0A:D4,SN-Router-02516,single_band
ZTE,Modem,MB8600,AA:BB:D5:00:0A:D5,SN-Modem-02517,dual_band
TP-Link,Access Point,EAP225,AA:BB:D6:00:0A:D6,SN-AccessPoint-02518,single_band
Cisco,Switch,SG108,AA:BB:D7:00:0A:D7,SN-Switch-02519,dual_band
Huawei,ONT,HG8145V5,AA:BB:D8:00:0A:D8,SN-ONT-02520,single_band
Nokia,ONU,G-140W-C,AA:BB:D9:00:0A:D9,SN-ONU-02521,dual_band
ZTE,Router,Archer C6,AA:BB:DA:00:0A:DA,SN-Router-02522,single_band
TP-Link,Modem,MB8600,AA:BB:DB:00:0A:DB,SN-Modem-02523,dual_band
Cisco,Access Point,EAP225,AA:BB:DC:00:0A:DC,SN-AccessPoint-02524,single_band
Huawei,Switch,SG108,AA:BB:DD:00:0A:DD,SN-Switch-02525,dual_band
Nokia,ONT,HG8145V5,AA:BB:DE:00:0A:DE,SN-ONT-02526,single_band
ZTE,ONU,G-140W-C,AA:BB:DF:00:0A:DF,SN-ONU-02527,dual_band
TP-Link,Router,Archer C6,AA:BB:E0:00:0A:E0,SN-Router-02528,single_band
Cisco,Modem,MB8600,AA:BB:E1:00:0A:E1,SN-Modem-02529,dual_band
Huawei,Access Point,EAP225,AA:BB:E2:00:0A:E2,SN-AccessPoint-02530,single_band
Nokia,Switch,SG108,AA:BB:E3:00:0A:E3,SN-Switch-02531,dual_band
ZTE,ONT,HG8145V5,AA:BB:E4:00:0A:E4,SN-ONT-02532,single_band
TP-Link,ONU,G-140W-C,AA:BB:E5:00:0A:E5,SN-ONU-02533,dual_band
Cisco,Router,Archer C6,AA:BB:E6:00:0A:E6,SN-Router-02534,single_band
Huawei,Modem,MB8600,AA:BB:E7:00:0A:E7,SN-Modem-02535,dual_band
Nokia,Access Point,EAP225,AA:BB:E8:00:0A:E8,SN-AccessPoint-02536,single_band
ZTE,Switch,SG108,AA:BB:E9:00:0A:E9,SN-Switch-02537,dual_band
TP-Link,ONT,HG8145V5,AA:BB:EA:00:0A:EA,SN-ONT-02538,single_band
Cisco,ONU,G-140W-C,AA:BB:EB:00:0A:EB,SN-ONU-02539,dual_band
Huawei,Router,Archer C6,AA:BB:EC:00:0A:EC,SN-Router-02540,single_band
Nokia,Modem,MB8600,AA:BB:ED:00:0A:ED,SN-Modem-02541,dual_band
ZTE,Access Point,EAP225,AA:BB:EE:00:0A:EE,SN-AccessPoint-02542,single_band
TP-Link,Switch,SG108,AA:BB:EF:00:0A:EF,SN-Switch-02543,dual_band
Cisco,ONT,HG8145V5,AA:BB:F0:00:0A:F0,SN-ONT-02544,single_band
Huawei,ONU,G-140W-C,AA:BB:F1:00:0A:F1,SN-ONU-02545,dual_band
Nokia,Router,Archer C6,AA:BB:F2:00:0A:F2,SN-Router-02546,single_band
ZTE,Modem,MB8600,AA:BB:F3:00:0A:F3,SN-Modem-02547,dual_band
TP-Link,Access Point,EAP225,AA:BB:F4:00:0A:F4,SN-AccessPoint-02548,single_band
Cisco,Switch,SG108,AA:BB:F5:00:0A:F5,SN-Switch-02549,dual_band
Huawei,ONT,HG8145V5,AA:BB:F6:00:0A:F6,SN-ONT-02550,single_band
Nokia,ONU,G-140W-C,AA:BB:F7:00:0A:F7,SN-ONU-02551,dual_band
ZTE,Router,Archer C6,AA:BB:F8:00:0A:F8,SN-Router-02552,single_band
TP-Link,Modem,MB8600,AA:BB:F9:00:0A:F9,SN-Modem-02553,dual_band
Cisco,Access Point,EAP225,AA:BB:FA:00:0A:FA,SN-AccessPoint-02554,single_band
Huawei,Switch,SG108,AA:BB:FB:00:0A:FB,SN-Switch-02555,dual_band
Nokia,ONT,HG8145V5,AA:BB:FC:00:0A:FC,SN-ONT-02556,single_band
ZTE,ONU,G-140W-C,AA:BB:FD:00:0A:FD,SN-ONU-02557,dual_band
TP-Link,Router,Archer C6,AA:BB:FE:00:0A:FE,SN-Router-02558,single_band
Cisco,Modem,MB8600,AA:BB:FF:00:0A:FF,SN-Modem-02559,dual_band
Huawei,Access Point,EAP225,AA:BB:00:00:0A:00,SN-AccessPoint-02560,single_band
Nokia,Switch,SG108,AA:BB:01:00:0A:01,SN-Switch-02561,dual_band
ZTE,ONT,HG8145V5,AA:BB:02:00:0A:02,SN-ONT-02562,single_band
TP-Link,ONU,G-140W-C,AA:BB:03:00:0A:03,SN-ONU-02563,dual_band
Cisco,Router,Archer C6,AA:BB:04:00:0A:04,SN-Router-02564,single_band
Huawei,Modem,MB8600,AA:BB:05:00:0A:05,SN-Modem-02565,dual_band
Nokia,Access Point,EAP225,AA:BB:06:00:0A:06,SN-AccessPoint-02566,single_band
ZTE,Switch,SG108,AA:BB:07:00:0A:07,SN-Switch-02567,dual_band
TP-Link,ONT,HG8145V5,AA:BB:08:00:0A:08,SN-ONT-02568,single_band
Cisco,ONU,G-140W-C,AA:BB:09:00:0A:09,SN-ONU-02569,dual_band
Huawei,Router,Archer C6,AA:BB:0A:00:0A:0A,SN-Router-02570,single_band
Nokia,Modem,MB8600,AA:BB:0B:00:0A:0B,SN-Modem-02571,dual_band
ZTE,Access Point,EAP225,AA:BB:0C:00:0A:0C,SN-AccessPoint-02572,single_band
TP-Link,Switch,SG108,AA:BB:0D:00:0A:0D,SN-Switch-02573,dual_band
Cisco,ONT,HG8145V5,AA:BB:0E:00:0A:0E,SN-ONT-02574,single_band
Huawei,ONU,G-140W-C,AA:BB:0F:00:0A:0F,SN-ONU-02575,dual_band
Nokia,Router,Archer C6,AA:BB:10:00:0A:10,SN-Router-02576,single_band
ZTE,Modem,MB8600,AA:BB:11:00:0A:11,SN-Modem-02577,dual_band
TP-Link,Access Point,EAP225,AA:BB:12:00:0A:12,SN-AccessPoint-02578,single_band
Cisco,Switch,SG108,AA:BB:13:00:0A:13,SN-Switch-02579,dual_band
Huawei,ONT,HG8145V5,AA:BB:14:00:0A:14,SN-ONT-02580,single_band
Nokia,ONU,G-140W-C,AA:BB:15:00:0A:15,SN-ONU-02581,dual_band
ZTE,Router,Archer C6,AA:BB:16:00:0A:16,SN-Router-02582,single_band
TP-Link,Modem,MB8600,AA:BB:17:00:0A:17,SN-Modem-02583,dual_band
Cisco,Access Point,EAP225,AA:BB:18:00:0A:18,SN-AccessPoint-02584,single_band
Huawei,Switch,SG108,AA:BB:19:00:0A:19,SN-Switch-02585,dual_band
Nokia,ONT,HG8145V5,AA:BB:1A:00:0A:1A,SN-ONT-02586,single_band
ZTE,ONU,G-140W-C,AA:BB:1B:00:0A:1B,SN-ONU-02587,dual_band
TP-Link,Router,Archer C6,AA:BB:1C:00:0A:1C,SN-Router-02588,single_band
Cisco,Modem,MB8600,AA:BB:1D:00:0A:1D,SN-Modem-02589,dual_band
Huawei,Access Point,EAP225,AA:BB:1E:00:0A:1E,SN-AccessPoint-02590,single_band
Nokia,Switch,SG108,AA:BB:1F:00:0A:1F,SN-Switch-02591,dual_band
ZTE,ONT,HG8145V5,AA:BB:20:00:0A:20,SN-ONT-02592,single_band
TP-Link,ONU,G-140W-C,AA:BB:21:00:0A:21,SN-ONU-02593,dual_band
Cisco,Router,Archer C6,AA:BB:22:00:0A:22,SN-Router-02594,single_band
Huawei,Modem,MB8600,AA:BB:23:00:0A:23,SN-Modem-02595,dual_band
Nokia,Access Point,EAP225,AA:BB:24:00:0A:24,SN-AccessPoint-02596,single_band
ZTE,Switch,SG108,AA:BB:25:00:0A:25,SN-Switch-02597,dual_band
TP-Link,ONT,HG8145V5,AA:BB:26:00:0A:26,SN-ONT-02598,single_band
Cisco,ONU,G-140W-C,AA:BB:27:00:0A:27,SN-ONU-02599,dual_band
Huawei,Router,Archer C6,AA:BB:28:00:0A:28,SN-Router-02600,single_band
Nokia,Modem,MB8600,AA:BB:29:00:0A:29,SN-Modem-02601,dual_band
ZTE,Access Point,EAP225,AA:BB:2A:00:0A:2A,SN-AccessPoint-02602,single_band
TP-Link,Switch,SG108,AA:BB:2B:00:0A:2B,SN-Switch-02603,dual_band
Cisco,ONT,HG8145V5,AA:BB:2C:00:0A:2C,SN-ONT-02604,single_band
Huawei,ONU,G-140W-C,AA:BB:2D:00:0A:2D,SN-ONU-02605,dual_band
Nokia,Router,Archer C6,AA:BB:2E:00:0A:2E,SN-Router-02606,single_band
ZTE,Modem,MB8600,AA:BB:2F:00:0A:2F,SN-Modem-02607,dual_band
TP-Link,Access Point,EAP225,AA:BB:30:00:0A:30,SN-AccessPoint-02608,single_band
Cisco,Switch,SG108,AA:BB:31:00:0A:31,SN-Switch-02609,dual_band
Huawei,ONT,HG8145V5,AA:BB:32:00:0A:32,SN-ONT-02610,single_band
Nokia,ONU,G-140W-C,AA:BB:33:00:0A:33,SN-ONU-02611,dual_band
ZTE,Router,Archer C6,AA:BB:34:00:0A:34,SN-Router-02612,single_band
TP-Link,Modem,MB8600,AA:BB:35:00:0A:35,SN-Modem-02613,dual_band
Cisco,Access Point,EAP225,AA:BB:36:00:0A:36,SN-AccessPoint-02614,single_band
Huawei,Switch,SG108,AA:BB:37:00:0A:37,SN-Switch-02615,dual_band
Nokia,ONT,HG8145V5,AA:BB:38:00:0A:38,SN-ONT-02616,single_band
ZTE,ONU,G-140W-C,AA:BB:39:00:0A:39,SN-ONU-02617,dual_band
TP-Link,Router,Archer C6,AA:BB:3A:00:0A:3A,SN-Router-02618,single_band
Cisco,Modem,MB8600,AA:BB:3B:00:0A:3B,SN-Modem-02619,dual_band
Huawei,Access Point,EAP225,AA:BB:3C:00:0A:3C,SN-AccessPoint-02620,single_band
Nokia,Switch,SG108,AA:BB:3D:00:0A:3D,SN-Switch-02621,dual_band
ZTE,ONT,HG8145V5,AA:BB:3E:00:0A:3E,SN-ONT-02622,single_band
TP-Link,ONU,G-140W-C,AA:BB:3F:00:0A:3F,SN-ONU-02623,dual_band
Cisco,Router,Archer C6,AA:BB:40:00:0A:40,SN-Router-02624,single_band
Huawei,Modem,MB8600,AA:BB:41:00:0A:41,SN-Modem-02625,dual_band
Nokia,Access Point,EAP225,AA:BB:42:00:0A:42,SN-AccessPoint-02626,single_band
ZTE,Switch,SG108,AA:BB:43:00:0A:43,SN-Switch-02627,dual_band
TP-Link,ONT,HG8145V5,AA:BB:44:00:0A:44,SN-ONT-02628,single_band
Cisco,ONU,G-140W-C,AA:BB:45:00:0A:45,SN-ONU-02629,dual_band
Huawei,Router,Archer C6,AA:BB:46:00:0A:46,SN-Router-02630,single_band
Nokia,Modem,MB8600,AA:BB:47:00:0A:47,SN-Modem-02631,dual_band
ZTE,Access Point,EAP225,AA:BB:48:00:0A:48,SN-AccessPoint-02632,single_band
TP-Link,Switch,SG108,AA:BB:49:00:0A:49,SN-Switch-02633,dual_band
Cisco,ONT,HG8145V5,AA:BB:4A:00:0A:4A,SN-ONT-02634,single_band
Huawei,ONU,G-140W-C,AA:BB:4B:00:0A:4B,SN-ONU-02635,dual_band
Nokia,Router,Archer C6,AA:BB:4C:00:0A:4C,SN-Router-02636,single_band
ZTE,Modem,MB8600,AA:BB:4D:00:0A:4D,SN-Modem-02637,dual_band
TP-Link,Access Point,EAP225,AA:BB:4E:00:0A:4E,SN-AccessPoint-02638,single_band
Cisco,Switch,SG108,AA:BB:4F:00:0A:4F,SN-Switch-02639,dual_band
Huawei,ONT,HG8145V5,AA:BB:50:00:0A:50,SN-ONT-02640,single_band
Nokia,ONU,G-140W-C,AA:BB:51:00:0A:51,SN-ONU-02641,dual_band
ZTE,Router,Archer C6,AA:BB:52:00:0A:52,SN-Router-02642,single_band
TP-Link,Modem,MB8600,AA:BB:53:00:0A:53,SN-Modem-02643,dual_band
Cisco,Access Point,EAP225,AA:BB:54:00:0A:54,SN-AccessPoint-02644,single_band
Huawei,Switch,SG108,AA:BB:55:00:0A:55,SN-Switch-02645,dual_band
Nokia,ONT,HG8145V5,AA:BB:56:00:0A:56,SN-ONT-02646,single_band
ZTE,ONU,G-140W-C,AA:BB:57:00:0A:57,SN-ONU-02647,dual_band
TP-Link,Router,Archer C6,AA:BB:58:00:0A:58,SN-Router-02648,single_band
Cisco,Modem,MB8600,AA:BB:59:00:0A:59,SN-Modem-02649,dual_band
Huawei,Access Point,EAP225,AA:BB:5A:00:0A:5A,SN-AccessPoint-02650,single_band
Nokia,Switch,SG108,AA:BB:5B:00:0A:5B,SN-Switch-02651,dual_band
ZTE,ONT,HG8145V5,AA:BB:5C:00:0A:5C,SN-ONT-02652,single_band
TP-Link,ONU,G-140W-C,AA:BB:5D:00:0A:5D,SN-ONU-02653,dual_band
Cisco,Router,Archer C6,AA:BB:5E:00:0A:5E,SN-Router-02654,single_band
Huawei,Modem,MB8600,AA:BB:5F:00:0A:5F,SN-Modem-02655,dual_band
Nokia,Access Point,EAP225,AA:BB:60:00:0A:60,SN-AccessPoint-02656,single_band
ZTE,Switch,SG108,AA:BB:61:00:0A:61,SN-Switch-02657,dual_band
TP-Link,ONT,HG8145V5,AA:BB:62:00:0A:62,SN-ONT-02658,single_band
Cisco,ONU,G-140W-C,AA:BB:63:00:0A:63,SN-ONU-02659,dual_band
Huawei,Router,Archer C6,AA:BB:64:00:0A:64,SN-Router-02660,single_band
Nokia,Modem,MB8600,AA:BB:65:00:0A:65,SN-Modem-02661,dual_band
ZTE,Access Point,EAP225,AA:BB:66:00:0A:66,SN-AccessPoint-02662,single_band
TP-Link,Switch,SG108,AA:BB:67:00:0A:67,SN-Switch-02663,dual_band
Cisco,ONT,HG8145V5,AA:BB:68:00:0A:68,SN-ONT-02664,single_band
Huawei,ONU,G-140W-C,AA:BB:69:00:0A:69,SN-ONU-02665,dual_band
Nokia,Router,Archer C6,AA:BB:6A:00:0A:6A,SN-Router-02666,single_band
ZTE,Modem,MB8600,AA:BB:6B:00:0A:6B,SN-Modem-02667,dual_band
TP-Link,Access Point,EAP225,AA:BB:6C:00:0A:6C,SN-AccessPoint-02668,single_band
Cisco,Switch,SG108,AA:BB:6D:00:0A:6D,SN-Switch-02669,dual_band
Huawei,ONT,HG8145V5,AA:BB:6E:00:0A:6E,SN-ONT-02670,single_band
Nokia,ONU,G-140W-C,AA:BB:6F:00:0A:6F,SN-ONU-02671,dual_band
ZTE,Router,Archer C6,AA:BB:70:00:0A:70,SN-Router-02672,single_band
TP-Link,Modem,MB8600,AA:BB:71:00:0A:71,SN-Modem-02673,dual_band
Cisco,Access Point,EAP225,AA:BB:72:00:0A:72,SN-AccessPoint-02674,single_band
Huawei,Switch,SG108,AA:BB:73:00:0A:73,SN-Switch-02675,dual_band
Nokia,ONT,HG8145V5,AA:BB:74:00:0A:74,SN-ONT-02676,single_band
ZTE,ONU,G-140W-C,AA:BB:75:00:0A:75,SN-ONU-02677,dual_band
TP-Link,Router,Archer C6,AA:BB:76:00:0A:76,SN-Router-02678,single_band
Cisco,Modem,MB8600,AA:BB:77:00:0A:77,SN-Modem-02679,dual_band
Huawei,Access Point,EAP225,AA:BB:78:00:0A:78,SN-AccessPoint-02680,single_band
Nokia,Switch,SG108,AA:BB:79:00:0A:79,SN-Switch-02681,dual_band
ZTE,ONT,HG8145V5,AA:BB:7A:00:0A:7A,SN-ONT-02682,single_band
TP-Link,ONU,G-140W-C,AA:BB:7B:00:0A:7B,SN-ONU-02683,dual_band
Cisco,Router,Archer C6,AA:BB:7C:00:0A:7C,SN-Router-02684,single_band
Huawei,Modem,MB8600,AA:BB:7D:00:0A:7D,SN-Modem-02685,dual_band
Nokia,Access Point,EAP225,AA:BB:7E:00:0A:7E,SN-AccessPoint-02686,single_band
ZTE,Switch,SG108,AA:BB:7F:00:0A:7F,SN-Switch-02687,dual_band
TP-Link,ONT,HG8145V5,AA:BB:80:00:0A:80,SN-ONT-02688,single_band
Cisco,ONU,G-140W-C,AA:BB:81:00:0B:81,SN-ONU-02689,dual_band
Huawei,Router,Archer C6,AA:BB:82:00:0B:82,SN-Router-02690,single_band
Nokia,Modem,MB8600,AA:BB:83:00:0B:83,SN-Modem-02691,dual_band
ZTE,Access Point,EAP225,AA:BB:84:00:0B:84,SN-AccessPoint-02692,single_band
TP-Link,Switch,SG108,AA:BB:85:00:0B:85,SN-Switch-02693,dual_band
Cisco,ONT,HG8145V5,AA:BB:86:00:0B:86,SN-ONT-02694,single_band
Huawei,ONU,G-140W-C,AA:BB:87:00:0B:87,SN-ONU-02695,dual_band
Nokia,Router,Archer C6,AA:BB:88:00:0B:88,SN-Router-02696,single_band
ZTE,Modem,MB8600,AA:BB:89:00:0B:89,SN-Modem-02697,dual_band
TP-Link,Access Point,EAP225,AA:BB:8A:00:0B:8A,SN-AccessPoint-02698,single_band
Cisco,Switch,SG108,AA:BB:8B:00:0B:8B,SN-Switch-02699,dual_band
Huawei,ONT,HG8145V5,AA:BB:8C:00:0B:8C,SN-ONT-02700,single_band
Nokia,ONU,G-140W-C,AA:BB:8D:00:0B:8D,SN-ONU-02701,dual_band
ZTE,Router,Archer C6,AA:BB:8E:00:0B:8E,SN-Router-02702,single_band
TP-Link,Modem,MB8600,AA:BB:8F:00:0B:8F,SN-Modem-02703,dual_band
Cisco,Access Point,EAP225,AA:BB:90:00:0B:90,SN-AccessPoint-02704,single_band
Huawei,Switch,SG108,AA:BB:91:00:0B:91,SN-Switch-02705,dual_band
Nokia,ONT,HG8145V5,AA:BB:92:00:0B:92,SN-ONT-02706,single_band
ZTE,ONU,G-140W-C,AA:BB:93:00:0B:93,SN-ONU-02707,dual_band
TP-Link,Router,Archer C6,AA:BB:94:00:0B:94,SN-Router-02708,single_band
Cisco,Modem,MB8600,AA:BB:95:00:0B:95,SN-Modem-02709,dual_band
Huawei,Access Point,EAP225,AA:BB:96:00:0B:96,SN-AccessPoint-02710,single_band
Nokia,Switch,SG108,AA:BB:97:00:0B:97,SN-Switch-02711,dual_band
ZTE,ONT,HG8145V5,AA:BB:98:00:0B:98,SN-ONT-02712,single_band
TP-Link,ONU,G-140W-C,AA:BB:99:00:0B:99,SN-ONU-02713,dual_band
Cisco,Router,Archer C6,AA:BB:9A:00:0B:9A,SN-Router-02714,single_band
Huawei,Modem,MB8600,AA:BB:9B:00:0B:9B,SN-Modem-02715,dual_band
Nokia,Access Point,EAP225,AA:BB:9C:00:0B:9C,SN-AccessPoint-02716,single_band
ZTE,Switch,SG108,AA:BB:9D:00:0B:9D,SN-Switch-02717,dual_band
TP-Link,ONT,HG8145V5,AA:BB:9E:00:0B:9E,SN-ONT-02718,single_band
Cisco,ONU,G-140W-C,AA:BB:9F:00:0B:9F,SN-ONU-02719,dual_band
Huawei,Router,Archer C6,AA:BB:A0:00:0B:A0,SN-Router-02720,single_band
Nokia,Modem,MB8600,AA:BB:A1:00:0B:A1,SN-Modem-02721,dual_band
ZTE,Access Point,EAP225,AA:BB:A2:00:0B:A2,SN-AccessPoint-02722,single_band
TP-Link,Switch,SG108,AA:BB:A3:00:0B:A3,SN-Switch-02723,dual_band
Cisco,ONT,HG8145V5,AA:BB:A4:00:0B:A4,SN-ONT-02724,single_band
Huawei,ONU,G-140W-C,AA:BB:A5:00:0B:A5,SN-ONU-02725,dual_band
Nokia,Router,Archer C6,AA:BB:A6:00:0B:A6,SN-Router-02726,single_band
ZTE,Modem,MB8600,AA:BB:A7:00:0B:A7,SN-Modem-02727,dual_band
TP-Link,Access Point,EAP225,AA:BB:A8:00:0B:A8,SN-AccessPoint-02728,single_band
Cisco,Switch,SG108,AA:BB:A9:00:0B:A9,SN-Switch-02729,dual_band
Huawei,ONT,HG8145V5,AA:BB:AA:00:0B:AA,SN-ONT-02730,single_band
Nokia,ONU,G-140W-C,AA:BB:AB:00:0B:AB,SN-ONU-02731,dual_band
ZTE,Router,Archer C6,AA:BB:AC:00:0B:AC,SN-Router-02732,single_band
TP-Link,Modem,MB8600,AA:BB:AD:00:0B:AD,SN-Modem-02733,dual_band
Cisco,Access Point,EAP225,AA:BB:AE:00:0B:AE,SN-AccessPoint-02734,single_band
Huawei,Switch,SG108,AA:BB:AF:00:0B:AF,SN-Switch-02735,dual_band
Nokia,ONT,HG8145V5,AA:BB:B0:00:0B:B0,SN-ONT-02736,single_band
ZTE,ONU,G-140W-C,AA:BB:B1:00:0B:B1,SN-ONU-02737,dual_band
TP-Link,Router,Archer C6,AA:BB:B2:00:0B:B2,SN-Router-02738,single_band
Cisco,Modem,MB8600,AA:BB:B3:00:0B:B3,SN-Modem-02739,dual_band
Huawei,Access Point,EAP225,AA:BB:B4:00:0B:B4,SN-AccessPoint-02740,single_band
Nokia,Switch,SG108,AA:BB:B5:00:0B:B5,SN-Switch-02741,dual_band
ZTE,ONT,HG8145V5,AA:BB:B6:00:0B:B6,SN-ONT-02742,single_band
TP-Link,ONU,G-140W-C,AA:BB:B7:00:0B:B7,SN-ONU-02743,dual_band
Cisco,Router,Archer C6,AA:BB:B8:00:0B:B8,SN-Router-02744,single_band
Huawei,Modem,MB8600,AA:BB:B9:00:0B:B9,SN-Modem-02745,dual_band
Nokia,Access Point,EAP225,AA:BB:BA:00:0B:BA,SN-AccessPoint-02746,single_band
ZTE,Switch,SG108,AA:BB:BB:00:0B:BB,SN-Switch-02747,dual_band
TP-Link,ONT,HG8145V5,AA:BB:BC:00:0B:BC,SN-ONT-02748,single_band
Cisco,ONU,G-140W-C,AA:BB:BD:00:0B:BD,SN-ONU-02749,dual_band
Huawei,Router,Archer C6,AA:BB:BE:00:0B:BE,SN-Router-02750,single_band
Nokia,Modem,MB8600,AA:BB:BF:00:0B:BF,SN-Modem-02751,dual_band
ZTE,Access Point,EAP225,AA:BB:C0:00:0B:C0,SN-AccessPoint-02752,single_band
TP-Link,Switch,SG108,AA:BB:C1:00:0B:C1,SN-Switch-02753,dual_band
Cisco,ONT,HG8145V5,AA:BB:C2:00:0B:C2,SN-ONT-02754,single_band
Huawei,ONU,G-140W-C,AA:BB:C3:00:0B:C3,SN-ONU-02755,dual_band
Nokia,Router,Archer C6,AA:BB:C4:00:0B:C4,SN-Router-02756,single_band
ZTE,Modem,MB8600,AA:BB:C5:00:0B:C5,SN-Modem-02757,dual_band
TP-Link,Access Point,EAP225,AA:BB:C6:00:0B:C6,SN-AccessPoint-02758,single_band
Cisco,Switch,SG108,AA:BB:C7:00:0B:C7,SN-Switch-02759,dual_band
Huawei,ONT,HG8145V5,AA:BB:C8:00:0B:C8,SN-ONT-02760,single_band
Nokia,ONU,G-140W-C,AA:BB:C9:00:0B:C9,SN-ONU-02761,dual_band
ZTE,Router,Archer C6,AA:BB:CA:00:0B:CA,SN-Router-02762,single_band
TP-Link,Modem,MB8600,AA:BB:CB:00:0B:CB,SN-Modem-02763,dual_band
Cisco,Access Point,EAP225,AA:BB:CC:00:0B:CC,SN-AccessPoint-02764,single_band
Huawei,Switch,SG108,AA:BB:CD:00:0B:CD,SN-Switch-02765,dual_band
Nokia,ONT,HG8145V5,AA:BB:CE:00:0B:CE,SN-ONT-02766,single_band
ZTE,ONU,G-140W-C,AA:BB:CF:00:0B:CF,SN-ONU-02767,dual_band
TP-Link,Router,Archer C6,AA:BB:D0:00:0B:D0,SN-Router-02768,single_band
Cisco,Modem,MB8600,AA:BB:D1:00:0B:D1,SN-Modem-02769,dual_band
Huawei,Access Point,EAP225,AA:BB:D2:00:0B:D2,SN-AccessPoint-02770,single_band
Nokia,Switch,SG108,AA:BB:D3:00:0B:D3,SN-Switch-02771,dual_band
ZTE,ONT,HG8145V5,AA:BB:D4:00:0B:D4,SN-ONT-02772,single_band
TP-Link,ONU,G-140W-C,AA:BB:D5:00:0B:D5,SN-ONU-02773,dual_band
Cisco,Router,Archer C6,AA:BB:D6:00:0B:D6,SN-Router-02774,single_band
Huawei,Modem,MB8600,AA:BB:D7:00:0B:D7,SN-Modem-02775,dual_band
Nokia,Access Point,EAP225,AA:BB:D8:00:0B:D8,SN-AccessPoint-02776,single_band
ZTE,Switch,SG108,AA:BB:D9:00:0B:D9,SN-Switch-02777,dual_band
TP-Link,ONT,HG8145V5,AA:BB:DA:00:0B:DA,SN-ONT-02778,single_band
Cisco,ONU,G-140W-C,AA:BB:DB:00:0B:DB,SN-ONU-02779,dual_band
Huawei,Router,Archer C6,AA:BB:DC:00:0B:DC,SN-Router-02780,single_band
Nokia,Modem,MB8600,AA:BB:DD:00:0B:DD,SN-Modem-02781,dual_band
ZTE,Access Point,EAP225,AA:BB:DE:00:0B:DE,SN-AccessPoint-02782,single_band
TP-Link,Switch,SG108,AA:BB:DF:00:0B:DF,SN-Switch-02783,dual_band
Cisco,ONT,HG8145V5,AA:BB:E0:00:0B:E0,SN-ONT-02784,single_band
Huawei,ONU,G-140W-C,AA:BB:E1:00:0B:E1,SN-ONU-02785,dual_band
Nokia,Router,Archer C6,AA:BB:E2:00:0B:E2,SN-Router-02786,single_band
ZTE,Modem,MB8600,AA:BB:E3:00:0B:E3,SN-Modem-02787,dual_band
TP-Link,Access Point,EAP225,AA:BB:E4:00:0B:E4,SN-AccessPoint-02788,single_band
Cisco,Switch,SG108,AA:BB:E5:00:0B:E5,SN-Switch-02789,dual_band
Huawei,ONT,HG8145V5,AA:BB:E6:00:0B:E6,SN-ONT-02790,single_band
Nokia,ONU,G-140W-C,AA:BB:E7:00:0B:E7,SN-ONU-02791,dual_band
ZTE,Router,Archer C6,AA:BB:E8:00:0B:E8,SN-Router-02792,single_band
TP-Link,Modem,MB8600,AA:BB:E9:00:0B:E9,SN-Modem-02793,dual_band
Cisco,Access Point,EAP225,AA:BB:EA:00:0B:EA,SN-AccessPoint-02794,single_band
Huawei,Switch,SG108,AA:BB:EB:00:0B:EB,SN-Switch-02795,dual_band
Nokia,ONT,HG8145V5,AA:BB:EC:00:0B:EC,SN-ONT-02796,single_band
ZTE,ONU,G-140W-C,AA:BB:ED:00:0B:ED,SN-ONU-02797,dual_band
TP-Link,Router,Archer C6,AA:BB:EE:00:0B:EE,SN-Router-02798,single_band
Cisco,Modem,MB8600,AA:BB:EF:00:0B:EF,SN-Modem-02799,dual_band
Huawei,Access Point,EAP225,AA:BB:F0:00:0B:F0,SN-AccessPoint-02800,single_band
Nokia,Switch,SG108,AA:BB:F1:00:0B:F1,SN-Switch-02801,dual_band
ZTE,ONT,HG8145V5,AA:BB:F2:00:0B:F2,SN-ONT-02802,single_band
TP-Link,ONU,G-140W-C,AA:BB:F3:00:0B:F3,SN-ONU-02803,dual_band
Cisco,Router,Archer C6,AA:BB:F4:00:0B:F4,SN-Router-02804,single_band
Huawei,Modem,MB8600,AA:BB:F5:00:0B:F5,SN-Modem-02805,dual_band
Nokia,Access Point,EAP225,AA:BB:F6:00:0B:F6,SN-AccessPoint-02806,single_band
ZTE,Switch,SG108,AA:BB:F7:00:0B:F7,SN-Switch-02807,dual_band
TP-Link,ONT,HG8145V5,AA:BB:F8:00:0B:F8,SN-ONT-02808,single_band
Cisco,ONU,G-140W-C,AA:BB:F9:00:0B:F9,SN-ONU-02809,dual_band
Huawei,Router,Archer C6,AA:BB:FA:00:0B:FA,SN-Router-02810,single_band
Nokia,Modem,MB8600,AA:BB:FB:00:0B:FB,SN-Modem-02811,dual_band
ZTE,Access Point,EAP225,AA:BB:FC:00:0B:FC,SN-AccessPoint-02812,single_band
TP-Link,Switch,SG108,AA:BB:FD:00:0B:FD,SN-Switch-02813,dual_band
Cisco,ONT,HG8145V5,AA:BB:FE:00:0B:FE,SN-ONT-02814,single_band
Huawei,ONU,G-140W-C,AA:BB:FF:00:0B:FF,SN-ONU-02815,dual_band
Nokia,Router,Archer C6,AA:BB:00:00:0B:00,SN-Router-02816,single_band
ZTE,Modem,MB8600,AA:BB:01:00:0B:01,SN-Modem-02817,dual_band
TP-Link,Access Point,EAP225,AA:BB:02:00:0B:02,SN-AccessPoint-02818,single_band
Cisco,Switch,SG108,AA:BB:03:00:0B:03,SN-Switch-02819,dual_band
Huawei,ONT,HG8145V5,AA:BB:04:00:0B:04,SN-ONT-02820,single_band
Nokia,ONU,G-140W-C,AA:BB:05:00:0B:05,SN-ONU-02821,dual_band
ZTE,Router,Archer C6,AA:BB:06:00:0B:06,SN-Router-02822,single_band
TP-Link,Modem,MB8600,AA:BB:07:00:0B:07,SN-Modem-02823,dual_band
Cisco,Access Point,EAP225,AA:BB:08:00:0B:08,SN-AccessPoint-02824,single_band
Huawei,Switch,SG108,AA:BB:09:00:0B:09,SN-Switch-02825,dual_band
Nokia,ONT,HG8145V5,AA:BB:0A:00:0B:0A,SN-ONT-02826,single_band
ZTE,ONU,G-140W-C,AA:BB:0B:00:0B:0B,SN-ONU-02827,dual_band
TP-Link,Router,Archer C6,AA:BB:0C:00:0B:0C,SN-Router-02828,single_band
Cisco,Modem,MB8600,AA:BB:0D:00:0B:0D,SN-Modem-02829,dual_band
Huawei,Access Point,EAP225,AA:BB:0E:00:0B:0E,SN-AccessPoint-02830,single_band
Nokia,Switch,SG108,AA:BB:0F:00:0B:0F,SN-Switch-02831,dual_band
ZTE,ONT,HG8145V5,AA:BB:10:00:0B:10,SN-ONT-02832,single_band
TP-Link,ONU,G-140W-C,AA:BB:11:00:0B:11,SN-ONU-02833,dual_band
Cisco,Router,Archer C6,AA:BB:12:00:0B:12,SN-Router-02834,single_band
Huawei,Modem,MB8600,AA:BB:13:00:0B:13,SN-Modem-02835,dual_band
Nokia,Access Point,EAP225,AA:BB:14:00:0B:14,SN-AccessPoint-02836,single_band
ZTE,Switch,SG108,AA:BB:15:00:0B:15,SN-Switch-02837,dual_band
TP-Link,ONT,HG8145V5,AA:BB:16:00:0B:16,SN-ONT-02838,single_band
Cisco,ONU,G-140W-C,AA:BB:17:00:0B:17,SN-ONU-02839,dual_band
Huawei,Router,Archer C6,AA:BB:18:00:0B:18,SN-Router-02840,single_band
Nokia,Modem,MB8600,AA:BB:19:00:0B:19,SN-Modem-02841,dual_band
ZTE,Access Point,EAP225,AA:BB:1A:00:0B:1A,SN-AccessPoint-02842,single_band
TP-Link,Switch,SG108,AA:BB:1B:00:0B:1B,SN-Switch-02843,dual_band
Cisco,ONT,HG8145V5,AA:BB:1C:00:0B:1C,SN-ONT-02844,single_band
Huawei,ONU,G-140W-C,AA:BB:1D:00:0B:1D,SN-ONU-02845,dual_band
Nokia,Router,Archer C6,AA:BB:1E:00:0B:1E,SN-Router-02846,single_band
ZTE,Modem,MB8600,AA:BB:1F:00:0B:1F,SN-Modem-02847,dual_band
TP-Link,Access Point,EAP225,AA:BB:20:00:0B:20,SN-AccessPoint-02848,single_band
Cisco,Switch,SG108,AA:BB:21:00:0B:21,SN-Switch-02849,dual_band
Huawei,ONT,HG8145V5,AA:BB:22:00:0B:22,SN-ONT-02850,single_band
Nokia,ONU,G-140W-C,AA:BB:23:00:0B:23,SN-ONU-02851,dual_band
ZTE,Router,Archer C6,AA:BB:24:00:0B:24,SN-Router-02852,single_band
TP-Link,Modem,MB8600,AA:BB:25:00:0B:25,SN-Modem-02853,dual_band
Cisco,Access Point,EAP225,AA:BB:26:00:0B:26,SN-AccessPoint-02854,single_band
Huawei,Switch,SG108,AA:BB:27:00:0B:27,SN-Switch-02855,dual_band
Nokia,ONT,HG8145V5,AA:BB:28:00:0B:28,SN-ONT-02856,single_band
ZTE,ONU,G-140W-C,AA:BB:29:00:0B:29,SN-ONU-02857,dual_band
TP-Link,Router,Archer C6,AA:BB:2A:00:0B:2A,SN-Router-02858,single_band
Cisco,Modem,MB8600,AA:BB:2B:00:0B:2B,SN-Modem-02859,dual_band
Huawei,Access Point,EAP225,AA:BB:2C:00:0B:2C,SN-AccessPoint-02860,single_band
Nokia,Switch,SG108,AA:BB:2D:00:0B:2D,SN-Switch-02861,dual_band
ZTE,ONT,HG8145V5,AA:BB:2E:00:0B:2E,SN-ONT-02862,single_band
TP-Link,ONU,G-140W-C,AA:BB:2F:00:0B:2F,SN-ONU-02863,dual_band
Cisco,Router,Archer C6,AA:BB:30:00:0B:30,SN-Router-02864,single_band
Huawei,Modem,MB8600,AA:BB:31:00:0B:31,SN-Modem-02865,dual_band
Nokia,Access Point,EAP225,AA:BB:32:00:0B:32,SN-AccessPoint-02866,single_band
ZTE,Switch,SG108,AA:BB:33:00:0B:33,SN-Switch-02867,dual_band
TP-Link,ONT,HG8145V5,AA:BB:34:00:0B:34,SN-ONT-02868,single_band
Cisco,ONU,G-140W-C,AA:BB:35:00:0B:35,SN-ONU-02869,dual_band
Huawei,Router,Archer C6,AA:BB:36:00:0B:36,SN-Router-02870,single_band
Nokia,Modem,MB8600,AA:BB:37:00:0B:37,SN-Modem-02871,dual_band
ZTE,Access Point,EAP225,AA:BB:38:00:0B:38,SN-AccessPoint-02872,single_band
TP-Link,Switch,SG108,AA:BB:39:00:0B:39,SN-Switch-02873,dual_band
Cisco,ONT,HG8145V5,AA:BB:3A:00:0B:3A,SN-ONT-02874,single_band
Huawei,ONU,G-140W-C,AA:BB:3B:00:0B:3B,SN-ONU-02875,dual_band
Nokia,Router,Archer C6,AA:BB:3C:00:0B:3C,SN-Router-02876,single_band
ZTE,Modem,MB8600,AA:BB:3D:00:0B:3D,SN-Modem-02877,dual_band
TP-Link,Access Point,EAP225,AA:BB:3E:00:0B:3E,SN-AccessPoint-02878,single_band
Cisco,Switch,SG108,AA:BB:3F:00:0B:3F,SN-Switch-02879,dual_band
Huawei,ONT,HG8145V5,AA:BB:40:00:0B:40,SN-ONT-02880,single_band
Nokia,ONU,G-140W-C,AA:BB:41:00:0B:41,SN-ONU-02881,dual_band
ZTE,Router,Archer C6,AA:BB:42:00:0B:42,SN-Router-02882,single_band
TP-Link,Modem,MB8600,AA:BB:43:00:0B:43,SN-Modem-02883,dual_band
Cisco,Access Point,EAP225,AA:BB:44:00:0B:44,SN-AccessPoint-02884,single_band
Huawei,Switch,SG108,AA:BB:45:00:0B:45,SN-Switch-02885,dual_band
Nokia,ONT,HG8145V5,AA:BB:46:00:0B:46,SN-ONT-02886,single_band
ZTE,ONU,G-140W-C,AA:BB:47:00:0B:47,SN-ONU-02887,dual_band
TP-Link,Router,Archer C6,AA:BB:48:00:0B:48,SN-Router-02888,single_band
Cisco,Modem,MB8600,AA:BB:49:00:0B:49,SN-Modem-02889,dual_band
Huawei,Access Point,EAP225,AA:BB:4A:00:0B:4A,SN-AccessPoint-02890,single_band
Nokia,Switch,SG108,AA:BB:4B:00:0B:4B,SN-Switch-02891,dual_band
ZTE,ONT,HG8145V5,AA:BB:4C:00:0B:4C,SN-ONT-02892,single_band
TP-Link,ONU,G-140W-C,AA:BB:4D:00:0B:4D,SN-ONU-02893,dual_band
Cisco,Router,Archer C6,AA:BB:4E:00:0B:4E,SN-Router-02894,single_band
Huawei,Modem,MB8600,AA:BB:4F:00:0B:4F,SN-Modem-02895,dual_band
Nokia,Access Point,EAP225,AA:BB:50:00:0B:50,SN-AccessPoint-02896,single_band
ZTE,Switch,SG108,AA:BB:51:00:0B:51,SN-Switch-02897,dual_band
TP-Link,ONT,HG8145V5,AA:BB:52:00:0B:52,SN-ONT-02898,single_band
Cisco,ONU,G-140W-C,AA:BB:53:00:0B:53,SN-ONU-02899,dual_band
Huawei,Router,Archer C6,AA:BB:54:00:0B:54,SN-Router-02900,single_band
Nokia,Modem,MB8600,AA:BB:55:00:0B:55,SN-Modem-02901,dual_band
ZTE,Access Point,EAP225,AA:BB:56:00:0B:56,SN-AccessPoint-02902,single_band
TP-Link,Switch,SG108,AA:BB:57:00:0B:57,SN-Switch-02903,dual_band
Cisco,ONT,HG8145V5,AA:BB:58:00:0B:58,SN-ONT-02904,single_band
Huawei,ONU,G-140W-C,AA:BB:59:00:0B:59,SN-ONU-02905,dual_band
Nokia,Router,Archer C6,AA:BB:5A:00:0B:5A,SN-Router-02906,single_band
ZTE,Modem,MB8600,AA:BB:5B:00:0B:5B,SN-Modem-02907,dual_band
TP-Link,Access Point,EAP225,AA:BB:5C:00:0B:5C,SN-AccessPoint-02908,single_band
Cisco,Switch,SG108,AA:BB:5D:00:0B:5D,SN-Switch-02909,dual_band
Huawei,ONT,HG8145V5,AA:BB:5E:00:0B:5E,SN-ONT-02910,single_band
Nokia,ONU,G-140W-C,AA:BB:5F:00:0B:5F,SN-ONU-02911,dual_band
ZTE,Router,Archer C6,AA:BB:60:00:0B:60,SN-Router-02912,single_band
TP-Link,Modem,MB8600,AA:BB:61:00:0B:61,SN-Modem-02913,dual_band
Cisco,Access Point,EAP225,AA:BB:62:00:0B:62,SN-AccessPoint-02914,single_band
Huawei,Switch,SG108,AA:BB:63:00:0B:63,SN-Switch-02915,dual_band
Nokia,ONT,HG8145V5,AA:BB:64:00:0B:64,SN-ONT-02916,single_band
ZTE,ONU,G-140W-C,AA:BB:65:00:0B:65,SN-ONU-02917,dual_band
TP-Link,Router,Archer C6,AA:BB:66:00:0B:66,SN-Router-02918,single_band
Cisco,Modem,MB8600,AA:BB:67:00:0B:67,SN-Modem-02919,dual_band
Huawei,Access Point,EAP225,AA:BB:68:00:0B:68,SN-AccessPoint-02920,single_band
Nokia,Switch,SG108,AA:BB:69:00:0B:69,SN-Switch-02921,dual_band
ZTE,ONT,HG8145V5,AA:BB:6A:00:0B:6A,SN-ONT-02922,single_band
TP-Link,ONU,G-140W-C,AA:BB:6B:00:0B:6B,SN-ONU-02923,dual_band
Cisco,Router,Archer C6,AA:BB:6C:00:0B:6C,SN-Router-02924,single_band
Huawei,Modem,MB8600,AA:BB:6D:00:0B:6D,SN-Modem-02925,dual_band
Nokia,Access Point,EAP225,AA:BB:6E:00:0B:6E,SN-AccessPoint-02926,single_band
ZTE,Switch,SG108,AA:BB:6F:00:0B:6F,SN-Switch-02927,dual_band
TP-Link,ONT,HG8145V5,AA:BB:70:00:0B:70,SN-ONT-02928,single_band
Cisco,ONU,G-140W-C,AA:BB:71:00:0B:71,SN-ONU-02929,dual_band
Huawei,Router,Archer C6,AA:BB:72:00:0B:72,SN-Router-02930,single_band
Nokia,Modem,MB8600,AA:BB:73:00:0B:73,SN-Modem-02931,dual_band
ZTE,Access Point,EAP225,AA:BB:74:00:0B:74,SN-AccessPoint-02932,single_band
TP-Link,Switch,SG108,AA:BB:75:00:0B:75,SN-Switch-02933,dual_band
Cisco,ONT,HG8145V5,AA:BB:76:00:0B:76,SN-ONT-02934,single_band
Huawei,ONU,G-140W-C,AA:BB:77:00:0B:77,SN-ONU-02935,dual_band
Nokia,Router,Archer C6,AA:BB:78:00:0B:78,SN-Router-02936,single_band
ZTE,Modem,MB8600,AA:BB:79:00:0B:79,SN-Modem-02937,dual_band
TP-Link,Access Point,EAP225,AA:BB:7A:00:0B:7A,SN-AccessPoint-02938,single_band
Cisco,Switch,SG108,AA:BB:7B:00:0B:7B,SN-Switch-02939,dual_band
Huawei,ONT,HG8145V5,AA:BB:7C:00:0B:7C,SN-ONT-02940,single_band
Nokia,ONU,G-140W-C,AA:BB:7D:00:0B:7D,SN-ONU-02941,dual_band
ZTE,Router,Archer C6,AA:BB:7E:00:0B:7E,SN-Router-02942,single_band
TP-Link,Modem,MB8600,AA:BB:7F:00:0B:7F,SN-Modem-02943,dual_band
Cisco,Access Point,EAP225,AA:BB:80:00:0C:80,SN-AccessPoint-02944,single_band
Huawei,Switch,SG108,AA:BB:81:00:0C:81,SN-Switch-02945,dual_band
Nokia,ONT,HG8145V5,AA:BB:82:00:0C:82,SN-ONT-02946,single_band
ZTE,ONU,G-140W-C,AA:BB:83:00:0C:83,SN-ONU-02947,dual_band
TP-Link,Router,Archer C6,AA:BB:84:00:0C:84,SN-Router-02948,single_band
Cisco,Modem,MB8600,AA:BB:85:00:0C:85,SN-Modem-02949,dual_band
Huawei,Access Point,EAP225,AA:BB:86:00:0C:86,SN-AccessPoint-02950,single_band
Nokia,Switch,SG108,AA:BB:87:00:0C:87,SN-Switch-02951,dual_band
ZTE,ONT,HG8145V5,AA:BB:88:00:0C:88,SN-ONT-02952,single_band
TP-Link,ONU,G-140W-C,AA:BB:89:00:0C:89,SN-ONU-02953,dual_band
Cisco,Router,Archer C6,AA:BB:8A:00:0C:8A,SN-Router-02954,single_band
Huawei,Modem,MB8600,AA:BB:8B:00:0C:8B,SN-Modem-02955,dual_band
Nokia,Access Point,EAP225,AA:BB:8C:00:0C:8C,SN-AccessPoint-02956,single_band
ZTE,Switch,SG108,AA:BB:8D:00:0C:8D,SN-Switch-02957,dual_band
TP-Link,ONT,HG8145V5,AA:BB:8E:00:0C:8E,SN-ONT-02958,single_band
Cisco,ONU,G-140W-C,AA:BB:8F:00:0C:8F,SN-ONU-02959,dual_band
Huawei,Router,Archer C6,AA:BB:90:00:0C:90,SN-Router-02960,single_band
Nokia,Modem,MB8600,AA:BB:91:00:0C:91,SN-Modem-02961,dual_band
ZTE,Access Point,EAP225,AA:BB:92:00:0C:92,SN-AccessPoint-02962,single_band
TP-Link,Switch,SG108,AA:BB:93:00:0C:93,SN-Switch-02963,dual_band
Cisco,ONT,HG8145V5,AA:BB:94:00:0C:94,SN-ONT-02964,single_band
Huawei,ONU,G-140W-C,AA:BB:95:00:0C:95,SN-ONU-02965,dual_band
Nokia,Router,Archer C6,AA:BB:96:00:0C:96,SN-Router-02966,single_band
ZTE,Modem,MB8600,AA:BB:97:00:0C:97,SN-Modem-02967,dual_band
TP-Link,Access Point,EAP225,AA:BB:98:00:0C:98,SN-AccessPoint-02968,single_band
Cisco,Switch,SG108,AA:BB:99:00:0C:99,SN-Switch-02969,dual_band
Huawei,ONT,HG8145V5,AA:BB:9A:00:0C:9A,SN-ONT-02970,single_band
Nokia,ONU,G-140W-C,AA:BB:9B:00:0C:9B,SN-ONU-02971,dual_band
ZTE,Router,Archer C6,AA:BB:9C:00:0C:9C,SN-Router-02972,single_band
TP-Link,Modem,MB8600,AA:BB:9D:00:0C:9D,SN-Modem-02973,dual_band
Cisco,Access Point,EAP225,AA:BB:9E:00:0C:9E,SN-AccessPoint-02974,single_band
Huawei,Switch,SG108,AA:BB:9F:00:0C:9F,SN-Switch-02975,dual_band
Nokia,ONT,HG8145V5,AA:BB:A0:00:0C:A0,SN-ONT-02976,single_band
ZTE,ONU,G-140W-C,AA:BB:A1:00:0C:A1,SN-ONU-02977,dual_band
TP-Link,Router,Archer C6,AA:BB:A2:00:0C:A2,SN-Router-02978,single_band
Cisco,Modem,MB8600,AA:BB:A3:00:0C:A3,SN-Modem-02979,dual_band
Huawei,Access Point,EAP225,AA:BB:A4:00:0C:A4,SN-AccessPoint-02980,single_band
Nokia,Switch,SG108,AA:BB:A5:00:0C:A5,SN-Switch-02981,dual_band
ZTE,ONT,HG8145V5,AA:BB:A6:00:0C:A6,SN-ONT-02982,single_band
TP-Link,ONU,G-140W-C,AA:BB:A7:00:0C:A7,SN-ONU-02983,dual_band
Cisco,Router,Archer C6,AA:BB:A8:00:0C:A8,SN-Router-02984,single_band
Huawei,Modem,MB8600,AA:BB:A9:00:0C:A9,SN-Modem-02985,dual_band
Nokia,Access Point,EAP225,AA:BB:AA:00:0C:AA,SN-AccessPoint-02986,single_band
ZTE,Switch,SG108,AA:BB:AB:00:0C:AB,SN-Switch-02987,dual_band
TP-Link,ONT,HG8145V5,AA:BB:AC:00:0C:AC,SN-ONT-02988,single_band
Cisco,ONU,G-140W-C,AA:BB:AD:00:0C:AD,SN-ONU-02989,dual_band
Huawei,Router,Archer C6,AA:BB:AE:00:0C:AE,SN-Router-02990,single_band
Nokia,Modem,MB8600,AA:BB:AF:00:0C:AF,SN-Modem-02991,dual_band
ZTE,Access Point,EAP225,AA:BB:B0:00:0C:B0,SN-AccessPoint-02992,single_band
TP-Link,Switch,SG108,AA:BB:B1:00:0C:B1,SN-Switch-02993,dual_band
Cisco,ONT,HG8145V5,AA:BB:B2:00:0C:B2,SN-ONT-02994,single_band
Huawei,ONU,G-140W-C,AA:BB:B3:00:0C:B3,SN-ONU-02995,dual_band
Nokia,Router,Archer C6,AA:BB:B4:00:0C:B4,SN-Router-02996,single_band
ZTE,Modem,MB8600,AA:BB:B5:00:0C:B5,SN-Modem-02997,dual_band
TP-Link,Access Point,EAP225,AA:BB:B6:00:0C:B6,SN-AccessPoint-02998,single_band
Cisco,Switch,SG108,AA:BB:B7:00:0C:B7,SN-Switch-02999,dual_band
Huawei,ONT,HG8145V5,AA:BB:B8:00:0C:B8,SN-ONT-03000,single_band
Nokia,ONU,G-140W-C,AA:BB:B9:00:0C:B9,SN-ONU-03001,dual_band
ZTE,Router,Archer C6,AA:BB:BA:00:0C:BA,SN-Router-03002,single_band
TP-Link,Modem,MB8600,AA:BB:BB:00:0C:BB,SN-Modem-03003,dual_band
Cisco,Access Point,EAP225,AA:BB:BC:00:0C:BC,SN-AccessPoint-03004,single_band
Huawei,Switch,SG108,AA:BB:BD:00:0C:BD,SN-Switch-03005,dual_band
Nokia,ONT,HG8145V5,AA:BB:BE:00:0C:BE,SN-ONT-03006,single_band
ZTE,ONU,G-140W-C,AA:BB:BF:00:0C:BF,SN-ONU-03007,dual_band
TP-Link,Router,Archer C6,AA:BB:C0:00:0C:C0,SN-Router-03008,single_band
Cisco,Modem,MB8600,AA:BB:C1:00:0C:C1,SN-Modem-03009,dual_band
Huawei,Access Point,EAP225,AA:BB:C2:00:0C:C2,SN-AccessPoint-03010,single_band
Nokia,Switch,SG108,AA:BB:C3:00:0C:C3,SN-Switch-03011,dual_band
ZTE,ONT,HG8145V5,AA:BB:C4:00:0C:C4,SN-ONT-03012,single_band
TP-Link,ONU,G-140W-C,AA:BB:C5:00:0C:C5,SN-ONU-03013,dual_band
Cisco,Router,Archer C6,AA:BB:C6:00:0C:C6,SN-Router-03014,single_band
Huawei,Modem,MB8600,AA:BB:C7:00:0C:C7,SN-Modem-03015,dual_band
Nokia,Access Point,EAP225,AA:BB:C8:00:0C:C8,SN-AccessPoint-03016,single_band
ZTE,Switch,SG108,AA:BB:C9:00:0C:C9,SN-Switch-03017,dual_band
TP-Link,ONT,HG8145V5,AA:BB:CA:00:0C:CA,SN-ONT-03018,single_band
Cisco,ONU,G-140W-C,AA:BB:CB:00:0C:CB,SN-ONU-03019,dual_band
Huawei,Router,Archer C6,AA:BB:CC:00:0C:CC,SN-Router-03020,single_band
Nokia,Modem,MB8600,AA:BB:CD:00:0C:CD,SN-Modem-03021,dual_band
ZTE,Access Point,EAP225,AA:BB:CE:00:0C:CE,SN-AccessPoint-03022,single_band
TP-Link,Switch,SG108,AA:BB:CF:00:0C:CF,SN-Switch-03023,dual_band
Cisco,ONT,HG8145V5,AA:BB:D0:00:0C:D0,SN-ONT-03024,single_band
Huawei,ONU,G-140W-C,AA:BB:D1:00:0C:D1,SN-ONU-03025,dual_band
Nokia,Router,Archer C6,AA:BB:D2:00:0C:D2,SN-Router-03026,single_band
ZTE,Modem,MB8600,AA:BB:D3:00:0C:D3,SN-Modem-03027,dual_band
TP-Link,Access Point,EAP225,AA:BB:D4:00:0C:D4,SN-AccessPoint-03028,single_band
Cisco,Switch,SG108,AA:BB:D5:00:0C:D5,SN-Switch-03029,dual_band
Huawei,ONT,HG8145V5,AA:BB:D6:00:0C:D6,SN-ONT-03030,single_band
Nokia,ONU,G-140W-C,AA:BB:D7:00:0C:D7,SN-ONU-03031,dual_band
ZTE,Router,Archer C6,AA:BB:D8:00:0C:D8,SN-Router-03032,single_band
TP-Link,Modem,MB8600,AA:BB:D9:00:0C:D9,SN-Modem-03033,dual_band
Cisco,Access Point,EAP225,AA:BB:DA:00:0C:DA,SN-AccessPoint-03034,single_band
Huawei,Switch,SG108,AA:BB:DB:00:0C:DB,SN-Switch-03035,dual_band
Nokia,ONT,HG8145V5,AA:BB:DC:00:0C:DC,SN-ONT-03036,single_band
ZTE,ONU,G-140W-C,AA:BB:DD:00:0C:DD,SN-ONU-03037,dual_band
TP-Link,Router,Archer C6,AA:BB:DE:00:0C:DE,SN-Router-03038,single_band
Cisco,Modem,MB8600,AA:BB:DF:00:0C:DF,SN-Modem-03039,dual_band
Huawei,Access Point,EAP225,AA:BB:E0:00:0C:E0,SN-AccessPoint-03040,single_band
Nokia,Switch,SG108,AA:BB:E1:00:0C:E1,SN-Switch-03041,dual_band
ZTE,ONT,HG8145V5,AA:BB:E2:00:0C:E2,SN-ONT-03042,single_band
TP-Link,ONU,G-140W-C,AA:BB:E3:00:0C:E3,SN-ONU-03043,dual_band
Cisco,Router,Archer C6,AA:BB:E4:00:0C:E4,SN-Router-03044,single_band
Huawei,Modem,MB8600,AA:BB:E5:00:0C:E5,SN-Modem-03045,dual_band
Nokia,Access Point,EAP225,AA:BB:E6:00:0C:E6,SN-AccessPoint-03046,single_band
ZTE,Switch,SG108,AA:BB:E7:00:0C:E7,SN-Switch-03047,dual_band
TP-Link,ONT,HG8145V5,AA:BB:E8:00:0C:E8,SN-ONT-03048,single_band
Cisco,ONU,G-140W-C,AA:BB:E9:00:0C:E9,SN-ONU-03049,dual_band
Huawei,Router,Archer C6,AA:BB:EA:00:0C:EA,SN-Router-03050,single_band
Nokia,Modem,MB8600,AA:BB:EB:00:0C:EB,SN-Modem-03051,dual_band
ZTE,Access Point,EAP225,AA:BB:EC:00:0C:EC,SN-AccessPoint-03052,single_band
TP-Link,Switch,SG108,AA:BB:ED:00:0C:ED,SN-Switch-03053,dual_band
Cisco,ONT,HG8145V5,AA:BB:EE:00:0C:EE,SN-ONT-03054,single_band
Huawei,ONU,G-140W-C,AA:BB:EF:00:0C:EF,SN-ONU-03055,dual_band
Nokia,Router,Archer C6,AA:BB:F0:00:0C:F0,SN-Router-03056,single_band
ZTE,Modem,MB8600,AA:BB:F1:00:0C:F1,SN-Modem-03057,dual_band
TP-Link,Access Point,EAP225,AA:BB:F2:00:0C:F2,SN-AccessPoint-03058,single_band
Cisco,Switch,SG108,AA:BB:F3:00:0C:F3,SN-Switch-03059,dual_band
Huawei,ONT,HG8145V5,AA:BB:F4:00:0C:F4,SN-ONT-03060,single_band
Nokia,ONU,G-140W-C,AA:BB:F5:00:0C:F5,SN-ONU-03061,dual_band
ZTE,Router,Archer C6,AA:BB:F6:00:0C:F6,SN-Router-03062,single_band
TP-Link,Modem,MB8600,AA:BB:F7:00:0C:F7,SN-Modem-03063,dual_band
Cisco,Access Point,EAP225,AA:BB:F8:00:0C:F8,SN-AccessPoint-03064,single_band
Huawei,Switch,SG108,AA:BB:F9:00:0C:F9,SN-Switch-03065,dual_band
Nokia,ONT,HG8145V5,AA:BB:FA:00:0C:FA,SN-ONT-03066,single_band
ZTE,ONU,G-140W-C,AA:BB:FB:00:0C:FB,SN-ONU-03067,dual_band
TP-Link,Router,Archer C6,AA:BB:FC:00:0C:FC,SN-Router-03068,single_band
Cisco,Modem,MB8600,AA:BB:FD:00:0C:FD,SN-Modem-03069,dual_band
Huawei,Access Point,EAP225,AA:BB:FE:00:0C:FE,SN-AccessPoint-03070,single_band
Nokia,Switch,SG108,AA:BB:FF:00:0C:FF,SN-Switch-03071,dual_band
ZTE,ONT,HG8145V5,AA:BB:00:00:0C:00,SN-ONT-03072,single_band
TP-Link,ONU,G-140W-C,AA:BB:01:00:0C:01,SN-ONU-03073,dual_band
Cisco,Router,Archer C6,AA:BB:02:00:0C:02,SN-Router-03074,single_band
Huawei,Modem,MB8600,AA:BB:03:00:0C:03,SN-Modem-03075,dual_band
Nokia,Access Point,EAP225,AA:BB:04:00:0C:04,SN-AccessPoint-03076,single_band
ZTE,Switch,SG108,AA:BB:05:00:0C:05,SN-Switch-03077,dual_band
TP-Link,ONT,HG8145V5,AA:BB:06:00:0C:06,SN-ONT-03078,single_band
Cisco,ONU,G-140W-C,AA:BB:07:00:0C:07,SN-ONU-03079,dual_band
Huawei,Router,Archer C6,AA:BB:08:00:0C:08,SN-Router-03080,single_band
Nokia,Modem,MB8600,AA:BB:09:00:0C:09,SN-Modem-03081,dual_band
ZTE,Access Point,EAP225,AA:BB:0A:00:0C:0A,SN-AccessPoint-03082,single_band
TP-Link,Switch,SG108,AA:BB:0B:00:0C:0B,SN-Switch-03083,dual_band
Cisco,ONT,HG8145V5,AA:BB:0C:00:0C:0C,SN-ONT-03084,single_band
Huawei,ONU,G-140W-C,AA:BB:0D:00:0C:0D,SN-ONU-03085,dual_band
Nokia,Router,Archer C6,AA:BB:0E:00:0C:0E,SN-Router-03086,single_band
ZTE,Modem,MB8600,AA:BB:0F:00:0C:0F,SN-Modem-03087,dual_band
TP-Link,Access Point,EAP225,AA:BB:10:00:0C:10,SN-AccessPoint-03088,single_band
Cisco,Switch,SG108,AA:BB:11:00:0C:11,SN-Switch-03089,dual_band
Huawei,ONT,HG8145V5,AA:BB:12:00:0C:12,SN-ONT-03090,single_band
Nokia,ONU,G-140W-C,AA:BB:13:00:0C:13,SN-ONU-03091,dual_band
ZTE,Router,Archer C6,AA:BB:14:00:0C:14,SN-Router-03092,single_band
TP-Link,Modem,MB8600,AA:BB:15:00:0C:15,SN-Modem-03093,dual_band
Cisco,Access Point,EAP225,AA:BB:16:00:0C:16,SN-AccessPoint-03094,single_band
Huawei,Switch,SG108,AA:BB:17:00:0C:17,SN-Switch-03095,dual_band
Nokia,ONT,HG8145V5,AA:BB:18:00:0C:18,SN-ONT-03096,single_band
ZTE,ONU,G-140W-C,AA:BB:19:00:0C:19,SN-ONU-03097,dual_band
TP-Link,Router,Archer C6,AA:BB:1A:00:0C:1A,SN-Router-03098,single_band
Cisco,Modem,MB8600,AA:BB:1B:00:0C:1B,SN-Modem-03099,dual_band
Huawei,Access Point,EAP225,AA:BB:1C:00:0C:1C,SN-AccessPoint-03100,single_band
Nokia,Switch,SG108,AA:BB:1D:00:0C:1D,SN-Switch-03101,dual_band
ZTE,ONT,HG8145V5,AA:BB:1E:00:0C:1E,SN-ONT-03102,single_band
TP-Link,ONU,G-140W-C,AA:BB:1F:00:0C:1F,SN-ONU-03103,dual_band
Cisco,Router,Archer C6,AA:BB:20:00:0C:20,SN-Router-03104,single_band
Huawei,Modem,MB8600,AA:BB:21:00:0C:21,SN-Modem-03105,dual_band
Nokia,Access Point,EAP225,AA:BB:22:00:0C:22,SN-AccessPoint-03106,single_band
ZTE,Switch,SG108,AA:BB:23:00:0C:23,SN-Switch-03107,dual_band
TP-Link,ONT,HG8145V5,AA:BB:24:00:0C:24,SN-ONT-03108,single_band
Cisco,ONU,G-140W-C,AA:BB:25:00:0C:25,SN-ONU-03109,dual_band
Huawei,Router,Archer C6,AA:BB:26:00:0C:26,SN-Router-03110,single_band
Nokia,Modem,MB8600,AA:BB:27:00:0C:27,SN-Modem-03111,dual_band
ZTE,Access Point,EAP225,AA:BB:28:00:0C:28,SN-AccessPoint-03112,single_band
TP-Link,Switch,SG108,AA:BB:29:00:0C:29,SN-Switch-03113,dual_band
Cisco,ONT,HG8145V5,AA:BB:2A:00:0C:2A,SN-ONT-03114,single_band
Huawei,ONU,G-140W-C,AA:BB:2B:00:0C:2B,SN-ONU-03115,dual_band
Nokia,Router,Archer C6,AA:BB:2C:00:0C:2C,SN-Router-03116,single_band
ZTE,Modem,MB8600,AA:BB:2D:00:0C:2D,SN-Modem-03117,dual_band
TP-Link,Access Point,EAP225,AA:BB:2E:00:0C:2E,SN-AccessPoint-03118,single_band
Cisco,Switch,SG108,AA:BB:2F:00:0C:2F,SN-Switch-03119,dual_band
Huawei,ONT,HG8145V5,AA:BB:30:00:0C:30,SN-ONT-03120,single_band
Nokia,ONU,G-140W-C,AA:BB:31:00:0C:31,SN-ONU-03121,dual_band
ZTE,Router,Archer C6,AA:BB:32:00:0C:32,SN-Router-03122,single_band
TP-Link,Modem,MB8600,AA:BB:33:00:0C:33,SN-Modem-03123,dual_band
Cisco,Access Point,EAP225,AA:BB:34:00:0C:34,SN-AccessPoint-03124,single_band
Huawei,Switch,SG108,AA:BB:35:00:0C:35,SN-Switch-03125,dual_band
Nokia,ONT,HG8145V5,AA:BB:36:00:0C:36,SN-ONT-03126,single_band
ZTE,ONU,G-140W-C,AA:BB:37:00:0C:37,SN-ONU-03127,dual_band
TP-Link,Router,Archer C6,AA:BB:38:00:0C:38,SN-Router-03128,single_band
Cisco,Modem,MB8600,AA:BB:39:00:0C:39,SN-Modem-03129,dual_band
Huawei,Access Point,EAP225,AA:BB:3A:00:0C:3A,SN-AccessPoint-03130,single_band
Nokia,Switch,SG108,AA:BB:3B:00:0C:3B,SN-Switch-03131,dual_band
ZTE,ONT,HG8145V5,AA:BB:3C:00:0C:3C,SN-ONT-03132,single_band
TP-Link,ONU,G-140W-C,AA:BB:3D:00:0C:3D,SN-ONU-03133,dual_band
Cisco,Router,Archer C6,AA:BB:3E:00:0C:3E,SN-Router-03134,single_band
Huawei,Modem,MB8600,AA:BB:3F:00:0C:3F,SN-Modem-03135,dual_band
Nokia,Access Point,EAP225,AA:BB:40:00:0C:40,SN-AccessPoint-03136,single_band
ZTE,Switch,SG108,AA:BB:41:00:0C:41,SN-Switch-03137,dual_band
TP-Link,ONT,HG8145V5,AA:BB:42:00:0C:42,SN-ONT-03138,single_band
Cisco,ONU,G-140W-C,AA:BB:43:00:0C:43,SN-ONU-03139,dual_band
Huawei,Router,Archer C6,AA:BB:44:00:0C:44,SN-Router-03140,single_band
Nokia,Modem,MB8600,AA:BB:45:00:0C:45,SN-Modem-03141,dual_band
ZTE,Access Point,EAP225,AA:BB:46:00:0C:46,SN-AccessPoint-03142,single_band
TP-Link,Switch,SG108,AA:BB:47:00:0C:47,SN-Switch-03143,dual_band
Cisco,ONT,HG8145V5,AA:BB:48:00:0C:48,SN-ONT-03144,single_band
Huawei,ONU,G-140W-C,AA:BB:49:00:0C:49,SN-ONU-03145,dual_band
Nokia,Router,Archer C6,AA:BB:4A:00:0C:4A,SN-Router-03146,single_band
ZTE,Modem,MB8600,AA:BB:4B:00:0C:4B,SN-Modem-03147,dual_band
TP-Link,Access Point,EAP225,AA:BB:4C:00:0C:4C,SN-AccessPoint-03148,single_band
Cisco,Switch,SG108,AA:BB:4D:00:0C:4D,SN-Switch-03149,dual_band
Huawei,ONT,HG8145V5,AA:BB:4E:00:0C:4E,SN-ONT-03150,single_band
Nokia,ONU,G-140W-C,AA:BB:4F:00:0C:4F,SN-ONU-03151,dual_band
ZTE,Router,Archer C6,AA:BB:50:00:0C:50,SN-Router-03152,single_band
TP-Link,Modem,MB8600,AA:BB:51:00:0C:51,SN-Modem-03153,dual_band
Cisco,Access Point,EAP225,AA:BB:52:00:0C:52,SN-AccessPoint-03154,single_band
Huawei,Switch,SG108,AA:BB:53:00:0C:53,SN-Switch-03155,dual_band
Nokia,ONT,HG8145V5,AA:BB:54:00:0C:54,SN-ONT-03156,single_band
ZTE,ONU,G-140W-C,AA:BB:55:00:0C:55,SN-ONU-03157,dual_band
TP-Link,Router,Archer C6,AA:BB:56:00:0C:56,SN-Router-03158,single_band
Cisco,Modem,MB8600,AA:BB:57:00:0C:57,SN-Modem-03159,dual_band
Huawei,Access Point,EAP225,AA:BB:58:00:0C:58,SN-AccessPoint-03160,single_band
Nokia,Switch,SG108,AA:BB:59:00:0C:59,SN-Switch-03161,dual_band
ZTE,ONT,HG8145V5,AA:BB:5A:00:0C:5A,SN-ONT-03162,single_band
TP-Link,ONU,G-140W-C,AA:BB:5B:00:0C:5B,SN-ONU-03163,dual_band
Cisco,Router,Archer C6,AA:BB:5C:00:0C:5C,SN-Router-03164,single_band
Huawei,Modem,MB8600,AA:BB:5D:00:0C:5D,SN-Modem-03165,dual_band
Nokia,Access Point,EAP225,AA:BB:5E:00:0C:5E,SN-AccessPoint-03166,single_band
ZTE,Switch,SG108,AA:BB:5F:00:0C:5F,SN-Switch-03167,dual_band
TP-Link,ONT,HG8145V5,AA:BB:60:00:0C:60,SN-ONT-03168,single_band
Cisco,ONU,G-140W-C,AA:BB:61:00:0C:61,SN-ONU-03169,dual_band
Huawei,Router,Archer C6,AA:BB:62:00:0C:62,SN-Router-03170,single_band
Nokia,Modem,MB8600,AA:BB:63:00:0C:63,SN-Modem-03171,dual_band
ZTE,Access Point,EAP225,AA:BB:64:00:0C:64,SN-AccessPoint-03172,single_band
TP-Link,Switch,SG108,AA:BB:65:00:0C:65,SN-Switch-03173,dual_band
Cisco,ONT,HG8145V5,AA:BB:66:00:0C:66,SN-ONT-03174,single_band
Huawei,ONU,G-140W-C,AA:BB:67:00:0C:67,SN-ONU-03175,dual_band
Nokia,Router,Archer C6,AA:BB:68:00:0C:68,SN-Router-03176,single_band
ZTE,Modem,MB8600,AA:BB:69:00:0C:69,SN-Modem-03177,dual_band
TP-Link,Access Point,EAP225,AA:BB:6A:00:0C:6A,SN-AccessPoint-03178,single_band
Cisco,Switch,SG108,AA:BB:6B:00:0C:6B,SN-Switch-03179,dual_band
Huawei,ONT,HG8145V5,AA:BB:6C:00:0C:6C,SN-ONT-03180,single_band
Nokia,ONU,G-140W-C,AA:BB:6D:00:0C:6D,SN-ONU-03181,dual_band
ZTE,Router,Archer C6,AA:BB:6E:00:0C:6E,SN-Router-03182,single_band
TP-Link,Modem,MB8600,AA:BB:6F:00:0C:6F,SN-Modem-03183,dual_band
Cisco,Access Point,EAP225,AA:BB:70:00:0C:70,SN-AccessPoint-03184,single_band
Huawei,Switch,SG108,AA:BB:71:00:0C:71,SN-Switch-03185,dual_band
Nokia,ONT,HG8145V5,AA:BB:72:00:0C:72,SN-ONT-03186,single_band
ZTE,ONU,G-140W-C,AA:BB:73:00:0C:73,SN-ONU-03187,dual_band
TP-Link,Router,Archer C6,AA:BB:74:00:0C:74,SN-Router-03188,single_band
Cisco,Modem,MB8600,AA:BB:75:00:0C:75,SN-Modem-03189,dual_band
Huawei,Access Point,EAP225,AA:BB:76:00:0C:76,SN-AccessPoint-03190,single_band
Nokia,Switch,SG108,AA:BB:77:00:0C:77,SN-Switch-03191,dual_band
ZTE,ONT,HG8145V5,AA:BB:78:00:0C:78,SN-ONT-03192,single_band
TP-Link,ONU,G-140W-C,AA:BB:79:00:0C:79,SN-ONU-03193,dual_band
Cisco,Router,Archer C6,AA:BB:7A:00:0C:7A,SN-Router-03194,single_band
Huawei,Modem,MB8600,AA:BB:7B:00:0C:7B,SN-Modem-03195,dual_band
Nokia,Access Point,EAP225,AA:BB:7C:00:0C:7C,SN-AccessPoint-03196,single_band
ZTE,Switch,SG108,AA:BB:7D:00:0C:7D,SN-Switch-03197,dual_band
TP-Link,ONT,HG8145V5,AA:BB:7E:00:0C:7E,SN-ONT-03198,single_band
Cisco,ONU,G-140W-C,AA:BB:7F:00:0C:7F,SN-ONU-03199,dual_band
Huawei,Router,Archer C6,AA:BB:80:00:0C:80,SN-Router-03200,single_band
Nokia,Modem,MB8600,AA:BB:81:00:0D:81,SN-Modem-03201,dual_band
ZTE,Access Point,EAP225,AA:BB:82:00:0D:82,SN-AccessPoint-03202,single_band
TP-Link,Switch,SG108,AA:BB:83:00:0D:83,SN-Switch-03203,dual_band
Cisco,ONT,HG8145V5,AA:BB:84:00:0D:84,SN-ONT-03204,single_band
Huawei,ONU,G-140W-C,AA:BB:85:00:0D:85,SN-ONU-03205,dual_band
Nokia,Router,Archer C6,AA:BB:86:00:0D:86,SN-Router-03206,single_band
ZTE,Modem,MB8600,AA:BB:87:00:0D:87,SN-Modem-03207,dual_band
TP-Link,Access Point,EAP225,AA:BB:88:00:0D:88,SN-AccessPoint-03208,single_band
Cisco,Switch,SG108,AA:BB:89:00:0D:89,SN-Switch-03209,dual_band
Huawei,ONT,HG8145V5,AA:BB:8A:00:0D:8A,SN-ONT-03210,single_band
Nokia,ONU,G-140W-C,AA:BB:8B:00:0D:8B,SN-ONU-03211,dual_band
ZTE,Router,Archer C6,AA:BB:8C:00:0D:8C,SN-Router-03212,single_band
TP-Link,Modem,MB8600,AA:BB:8D:00:0D:8D,SN-Modem-03213,dual_band
Cisco,Access Point,EAP225,AA:BB:8E:00:0D:8E,SN-AccessPoint-03214,single_band
Huawei,Switch,SG108,AA:BB:8F:00:0D:8F,SN-Switch-03215,dual_band
Nokia,ONT,HG8145V5,AA:BB:90:00:0D:90,SN-ONT-03216,single_band
ZTE,ONU,G-140W-C,AA:BB:91:00:0D:91,SN-ONU-03217,dual_band
TP-Link,Router,Archer C6,AA:BB:92:00:0D:92,SN-Router-03218,single_band
Cisco,Modem,MB8600,AA:BB:93:00:0D:93,SN-Modem-03219,dual_band
Huawei,Access Point,EAP225,AA:BB:94:00:0D:94,SN-AccessPoint-03220,single_band
Nokia,Switch,SG108,AA:BB:95:00:0D:95,SN-Switch-03221,dual_band
ZTE,ONT,HG8145V5,AA:BB:96:00:0D:96,SN-ONT-03222,single_band
TP-Link,ONU,G-140W-C,AA:BB:97:00:0D:97,SN-ONU-03223,dual_band
Cisco,Router,Archer C6,AA:BB:98:00:0D:98,SN-Router-03224,single_band
Huawei,Modem,MB8600,AA:BB:99:00:0D:99,SN-Modem-03225,dual_band
Nokia,Access Point,EAP225,AA:BB:9A:00:0D:9A,SN-AccessPoint-03226,single_band
ZTE,Switch,SG108,AA:BB:9B:00:0D:9B,SN-Switch-03227,dual_band
TP-Link,ONT,HG8145V5,AA:BB:9C:00:0D:9C,SN-ONT-03228,single_band
Cisco,ONU,G-140W-C,AA:BB:9D:00:0D:9D,SN-ONU-03229,dual_band
Huawei,Router,Archer C6,AA:BB:9E:00:0D:9E,SN-Router-03230,single_band
Nokia,Modem,MB8600,AA:BB:9F:00:0D:9F,SN-Modem-03231,dual_band
ZTE,Access Point,EAP225,AA:BB:A0:00:0D:A0,SN-AccessPoint-03232,single_band
TP-Link,Switch,SG108,AA:BB:A1:00:0D:A1,SN-Switch-03233,dual_band
Cisco,ONT,HG8145V5,AA:BB:A2:00:0D:A2,SN-ONT-03234,single_band
Huawei,ONU,G-140W-C,AA:BB:A3:00:0D:A3,SN-ONU-03235,dual_band
Nokia,Router,Archer C6,AA:BB:A4:00:0D:A4,SN-Router-03236,single_band
ZTE,Modem,MB8600,AA:BB:A5:00:0D:A5,SN-Modem-03237,dual_band
TP-Link,Access Point,EAP225,AA:BB:A6:00:0D:A6,SN-AccessPoint-03238,single_band
Cisco,Switch,SG108,AA:BB:A7:00:0D:A7,SN-Switch-03239,dual_band
Huawei,ONT,HG8145V5,AA:BB:A8:00:0D:A8,SN-ONT-03240,single_band
Nokia,ONU,G-140W-C,AA:BB:A9:00:0D:A9,SN-ONU-03241,dual_band
ZTE,Router,Archer C6,AA:BB:AA:00:0D:AA,SN-Router-03242,single_band
TP-Link,Modem,MB8600,AA:BB:AB:00:0D:AB,SN-Modem-03243,dual_band
Cisco,Access Point,EAP225,AA:BB:AC:00:0D:AC,SN-AccessPoint-03244,single_band
Huawei,Switch,SG108,AA:BB:AD:00:0D:AD,SN-Switch-03245,dual_band
Nokia,ONT,HG8145V5,AA:BB:AE:00:0D:AE,SN-ONT-03246,single_band
ZTE,ONU,G-140W-C,AA:BB:AF:00:0D:AF,SN-ONU-03247,dual_band
TP-Link,Router,Archer C6,AA:BB:B0:00:0D:B0,SN-Router-03248,single_band
Cisco,Modem,MB8600,AA:BB:B1:00:0D:B1,SN-Modem-03249,dual_band
Huawei,Access Point,EAP225,AA:BB:B2:00:0D:B2,SN-AccessPoint-03250,single_band
Nokia,Switch,SG108,AA:BB:B3:00:0D:B3,SN-Switch-03251,dual_band
ZTE,ONT,HG8145V5,AA:BB:B4:00:0D:B4,SN-ONT-03252,single_band
TP-Link,ONU,G-140W-C,AA:BB:B5:00:0D:B5,SN-ONU-03253,dual_band
Cisco,Router,Archer C6,AA:BB:B6:00:0D:B6,SN-Router-03254,single_band
Huawei,Modem,MB8600,AA:BB:B7:00:0D:B7,SN-Modem-03255,dual_band
Nokia,Access Point,EAP225,AA:BB:B8:00:0D:B8,SN-AccessPoint-03256,single_band
ZTE,Switch,SG108,AA:BB:B9:00:0D:B9,SN-Switch-03257,dual_band
TP-Link,ONT,HG8145V5,AA:BB:BA:00:0D:BA,SN-ONT-03258,single_band
Cisco,ONU,G-140W-C,AA:BB:BB:00:0D:BB,SN-ONU-03259,dual_band
Huawei,Router,Archer C6,AA:BB:BC:00:0D:BC,SN-Router-03260,single_band
Nokia,Modem,MB8600,AA:BB:BD:00:0D:BD,SN-Modem-03261,dual_band
ZTE,Access Point,EAP225,AA:BB:BE:00:0D:BE,SN-AccessPoint-03262,single_band
TP-Link,Switch,SG108,AA:BB:BF:00:0D:BF,SN-Switch-03263,dual_band
Cisco,ONT,HG8145V5,AA:BB:C0:00:0D:C0,SN-ONT-03264,single_band
Huawei,ONU,G-140W-C,AA:BB:C1:00:0D:C1,SN-ONU-03265,dual_band
Nokia,Router,Archer C6,AA:BB:C2:00:0D:C2,SN-Router-03266,single_band
ZTE,Modem,MB8600,AA:BB:C3:00:0D:C3,SN-Modem-03267,dual_band
TP-Link,Access Point,EAP225,AA:BB:C4:00:0D:C4,SN-AccessPoint-03268,single_band
Cisco,Switch,SG108,AA:BB:C5:00:0D:C5,SN-Switch-03269,dual_band
Huawei,ONT,HG8145V5,AA:BB:C6:00:0D:C6,SN-ONT-03270,single_band
Nokia,ONU,G-140W-C,AA:BB:C7:00:0D:C7,SN-ONU-03271,dual_band
ZTE,Router,Archer C6,AA:BB:C8:00:0D:C8,SN-Router-03272,single_band
TP-Link,Modem,MB8600,AA:BB:C9:00:0D:C9,SN-Modem-03273,dual_band
Cisco,Access Point,EAP225,AA:BB:CA:00:0D:CA,SN-AccessPoint-03274,single_band
Huawei,Switch,SG108,AA:BB:CB:00:0D:CB,SN-Switch-03275,dual_band
Nokia,ONT,HG8145V5,AA:BB:CC:00:0D:CC,SN-ONT-03276,single_band
ZTE,ONU,G-140W-C,AA:BB:CD:00:0D:CD,SN-ONU-03277,dual_band
TP-Link,Router,Archer C6,AA:BB:CE:00:0D:CE,SN-Router-03278,single_band
Cisco,Modem,MB8600,AA:BB:CF:00:0D:CF,SN-Modem-03279,dual_band
Huawei,Access Point,EAP225,AA:BB:D0:00:0D:D0,SN-AccessPoint-03280,single_band
Nokia,Switch,SG108,AA:BB:D1:00:0D:D1,SN-Switch-03281,dual_band
ZTE,ONT,HG8145V5,AA:BB:D2:00:0D:D2,SN-ONT-03282,single_band
TP-Link,ONU,G-140W-C,AA:BB:D3:00:0D:D3,SN-ONU-03283,dual_band
Cisco,Router,Archer C6,AA:BB:D4:00:0D:D4,SN-Router-03284,single_band
Huawei,Modem,MB8600,AA:BB:D5:00:0D:D5,SN-Modem-03285,dual_band
Nokia,Access Point,EAP225,AA:BB:D6:00:0D:D6,SN-AccessPoint-03286,single_band
ZTE,Switch,SG108,AA:BB:D7:00:0D:D7,SN-Switch-03287,dual_band
TP-Link,ONT,HG8145V5,AA:BB:D8:00:0D:D8,SN-ONT-03288,single_band
Cisco,ONU,G-140W-C,AA:BB:D9:00:0D:D9,SN-ONU-03289,dual_band
Huawei,Router,Archer C6,AA:BB:DA:00:0D:DA,SN-Router-03290,single_band
Nokia,Modem,MB8600,AA:BB:DB:00:0D:DB,SN-Modem-03291,dual_band
ZTE,Access Point,EAP225,AA:BB:DC:00:0D:DC,SN-AccessPoint-03292,single_band
TP-Link,Switch,SG108,AA:BB:DD:00:0D:DD,SN-Switch-03293,dual_band
Cisco,ONT,HG8145V5,AA:BB:DE:00:0D:DE,SN-ONT-03294,single_band
Huawei,ONU,G-140W-C,AA:BB:DF:00:0D:DF,SN-ONU-03295,dual_band
Nokia,Router,Archer C6,AA:BB:E0:00:0D:E0,SN-Router-03296,single_band
ZTE,Modem,MB8600,AA:BB:E1:00:0D:E1,SN-Modem-03297,dual_band
TP-Link,Access Point,EAP225,AA:BB:E2:00:0D:E2,SN-AccessPoint-03298,single_band
Cisco,Switch,SG108,AA:BB:E3:00:0D:E3,SN-Switch-03299,dual_band
Huawei,ONT,HG8145V5,AA:BB:E4:00:0D:E4,SN-ONT-03300,single_band
Nokia,ONU,G-140W-C,AA:BB:E5:00:0D:E5,SN-ONU-03301,dual_band
ZTE,Router,Archer C6,AA:BB:E6:00:0D:E6,SN-Router-03302,single_band
TP-Link,Modem,MB8600,AA:BB:E7:00:0D:E7,SN-Modem-03303,dual_band
Cisco,Access Point,EAP225,AA:BB:E8:00:0D:E8,SN-AccessPoint-03304,single_band
Huawei,Switch,SG108,AA:BB:E9:00:0D:E9,SN-Switch-03305,dual_band
Nokia,ONT,HG8145V5,AA:BB:EA:00:0D:EA,SN-ONT-03306,single_band
ZTE,ONU,G-140W-C,AA:BB:EB:00:0D:EB,SN-ONU-03307,dual_band
TP-Link,Router,Archer C6,AA:BB:EC:00:0D:EC,SN-Router-03308,single_band
Cisco,Modem,MB8600,AA:BB:ED:00:0D:ED,SN-Modem-03309,dual_band
Huawei,Access Point,EAP225,AA:BB:EE:00:0D:EE,SN-AccessPoint-03310,single_band
Nokia,Switch,SG108,AA:BB:EF:00:0D:EF,SN-Switch-03311,dual_band
ZTE,ONT,HG8145V5,AA:BB:F0:00:0D:F0,SN-ONT-03312,single_band
TP-Link,ONU,G-140W-C,AA:BB:F1:00:0D:F1,SN-ONU-03313,dual_band
Cisco,Router,Archer C6,AA:BB:F2:00:0D:F2,SN-Router-03314,single_band
Huawei,Modem,MB8600,AA:BB:F3:00:0D:F3,SN-Modem-03315,dual_band
Nokia,Access Point,EAP225,AA:BB:F4:00:0D:F4,SN-AccessPoint-03316,single_band
ZTE,Switch,SG108,AA:BB:F5:00:0D:F5,SN-Switch-03317,dual_band
TP-Link,ONT,HG8145V5,AA:BB:F6:00:0D:F6,SN-ONT-03318,single_band
Cisco,ONU,G-140W-C,AA:BB:F7:00:0D:F7,SN-ONU-03319,dual_band
Huawei,Router,Archer C6,AA:BB:F8:00:0D:F8,SN-Router-03320,single_band
Nokia,Modem,MB8600,AA:BB:F9:00:0D:F9,SN-Modem-03321,dual_band
ZTE,Access Point,EAP225,AA:BB:FA:00:0D:FA,SN-AccessPoint-03322,single_band
TP-Link,Switch,SG108,AA:BB:FB:00:0D:FB,SN-Switch-03323,dual_band
Cisco,ONT,HG8145V5,AA:BB:FC:00:0D:FC,SN-ONT-03324,single_band
Huawei,ONU,G-140W-C,AA:BB:FD:00:0D:FD,SN-ONU-03325,dual_band
Nokia,Router,Archer C6,AA:BB:FE:00:0D:FE,SN-Router-03326,single_band
ZTE,Modem,MB8600,AA:BB:FF:00:0D:FF,SN-Modem-03327,dual_band
TP-Link,Access Point,EAP225,AA:BB:00:00:0D:00,SN-AccessPoint-03328,single_band
Cisco,Switch,SG108,AA:BB:01:00:0D:01,SN-Switch-03329,dual_band
Huawei,ONT,HG8145V5,AA:BB:02:00:0D:02,SN-ONT-03330,single_band
Nokia,ONU,G-140W-C,AA:BB:03:00:0D:03,SN-ONU-03331,dual_band
ZTE,Router,Archer C6,AA:BB:04:00:0D:04,SN-Router-03332,single_band
TP-Link,Modem,MB8600,AA:BB:05:00:0D:05,SN-Modem-03333,dual_band
Cisco,Access Point,EAP225,AA:BB:06:00:0D:06,SN-AccessPoint-03334,single_band
Huawei,Switch,SG108,AA:BB:07:00:0D:07,SN-Switch-03335,dual_band
Nokia,ONT,HG8145V5,AA:BB:08:00:0D:08,SN-ONT-03336,single_band
ZTE,ONU,G-140W-C,AA:BB:09:00:0D:09,SN-ONU-03337,dual_band
TP-Link,Router,Archer C6,AA:BB:0A:00:0D:0A,SN-Router-03338,single_band
Cisco,Modem,MB8600,AA:BB:0B:00:0D:0B,SN-Modem-03339,dual_band
Huawei,Access Point,EAP225,AA:BB:0C:00:0D:0C,SN-AccessPoint-03340,single_band
Nokia,Switch,SG108,AA:BB:0D:00:0D:0D,SN-Switch-03341,dual_band
ZTE,ONT,HG8145V5,AA:BB:0E:00:0D:0E,SN-ONT-03342,single_band
TP-Link,ONU,G-140W-C,AA:BB:0F:00:0D:0F,SN-ONU-03343,dual_band
Cisco,Router,Archer C6,AA:BB:10:00:0D:10,SN-Router-03344,single_band
Huawei,Modem,MB8600,AA:BB:11:00:0D:11,SN-Modem-03345,dual_band
Nokia,Access Point,EAP225,AA:BB:12:00:0D:12,SN-AccessPoint-03346,single_band
ZTE,Switch,SG108,AA:BB:13:00:0D:13,SN-Switch-03347,dual_band
TP-Link,ONT,HG8145V5,AA:BB:14:00:0D:14,SN-ONT-03348,single_band
Cisco,ONU,G-140W-C,AA:BB:15:00:0D:15,SN-ONU-03349,dual_band
Huawei,Router,Archer C6,AA:BB:16:00:0D:16,SN-Router-03350,single_band
Nokia,Modem,MB8600,AA:BB:17:00:0D:17,SN-Modem-03351,dual_band
ZTE,Access Point,EAP225,AA:BB:18:00:0D:18,SN-AccessPoint-03352,single_band
TP-Link,Switch,SG108,AA:BB:19:00:0D:19,SN-Switch-03353,dual_band
Cisco,ONT,HG8145V5,AA:BB:1A:00:0D:1A,SN-ONT-03354,single_band
Huawei,ONU,G-140W-C,AA:BB:1B:00:0D:1B,SN-ONU-03355,dual_band
Nokia,Router,Archer C6,AA:BB:1C:00:0D:1C,SN-Router-03356,single_band
ZTE,Modem,MB8600,AA:BB:1D:00:0D:1D,SN-Modem-03357,dual_band
TP-Link,Access Point,EAP225,AA:BB:1E:00:0D:1E,SN-AccessPoint-03358,single_band
Cisco,Switch,SG108,AA:BB:1F:00:0D:1F,SN-Switch-03359,dual_band
Huawei,ONT,HG8145V5,AA:BB:20:00:0D:20,SN-ONT-03360,single_band
Nokia,ONU,G-140W-C,AA:BB:21:00:0D:21,SN-ONU-03361,dual_band
ZTE,Router,Archer C6,AA:BB:22:00:0D:22,SN-Router-03362,single_band
TP-Link,Modem,MB8600,AA:BB:23:00:0D:23,SN-Modem-03363,dual_band
Cisco,Access Point,EAP225,AA:BB:24:00:0D:24,SN-AccessPoint-03364,single_band
Huawei,Switch,SG108,AA:BB:25:00:0D:25,SN-Switch-03365,dual_band
Nokia,ONT,HG8145V5,AA:BB:26:00:0D:26,SN-ONT-03366,single_band
ZTE,ONU,G-140W-C,AA:BB:27:00:0D:27,SN-ONU-03367,dual_band
TP-Link,Router,Archer C6,AA:BB:28:00:0D:28,SN-Router-03368,single_band
Cisco,Modem,MB8600,AA:BB:29:00:0D:29,SN-Modem-03369,dual_band
Huawei,Access Point,EAP225,AA:BB:2A:00:0D:2A,SN-AccessPoint-03370,single_band
Nokia,Switch,SG108,AA:BB:2B:00:0D:2B,SN-Switch-03371,dual_band
ZTE,ONT,HG8145V5,AA:BB:2C:00:0D:2C,SN-ONT-03372,single_band
TP-Link,ONU,G-140W-C,AA:BB:2D:00:0D:2D,SN-ONU-03373,dual_band
Cisco,Router,Archer C6,AA:BB:2E:00:0D:2E,SN-Router-03374,single_band
Huawei,Modem,MB8600,AA:BB:2F:00:0D:2F,SN-Modem-03375,dual_band
Nokia,Access Point,EAP225,AA:BB:30:00:0D:30,SN-AccessPoint-03376,single_band
ZTE,Switch,SG108,AA:BB:31:00:0D:31,SN-Switch-03377,dual_band
TP-Link,ONT,HG8145V5,AA:BB:32:00:0D:32,SN-ONT-03378,single_band
Cisco,ONU,G-140W-C,AA:BB:33:00:0D:33,SN-ONU-03379,dual_band
Huawei,Router,Archer C6,AA:BB:34:00:0D:34,SN-Router-03380,single_band
Nokia,Modem,MB8600,AA:BB:35:00:0D:35,SN-Modem-03381,dual_band
ZTE,Access Point,EAP225,AA:BB:36:00:0D:36,SN-AccessPoint-03382,single_band
TP-Link,Switch,SG108,AA:BB:37:00:0D:37,SN-Switch-03383,dual_band
Cisco,ONT,HG8145V5,AA:BB:38:00:0D:38,SN-ONT-03384,single_band
Huawei,ONU,G-140W-C,AA:BB:39:00:0D:39,SN-ONU-03385,dual_band
Nokia,Router,Archer C6,AA:BB:3A:00:0D:3A,SN-Router-03386,single_band
ZTE,Modem,MB8600,AA:BB:3B:00:0D:3B,SN-Modem-03387,dual_band
TP-Link,Access Point,EAP225,AA:BB:3C:00:0D:3C,SN-AccessPoint-03388,single_band
Cisco,Switch,SG108,AA:BB:3D:00:0D:3D,SN-Switch-03389,dual_band
Huawei,ONT,HG8145V5,AA:BB:3E:00:0D:3E,SN-ONT-03390,single_band
Nokia,ONU,G-140W-C,AA:BB:3F:00:0D:3F,SN-ONU-03391,dual_band
ZTE,Router,Archer C6,AA:BB:40:00:0D:40,SN-Router-03392,single_band
TP-Link,Modem,MB8600,AA:BB:41:00:0D:41,SN-Modem-03393,dual_band
Cisco,Access Point,EAP225,AA:BB:42:00:0D:42,SN-AccessPoint-03394,single_band
Huawei,Switch,SG108,AA:BB:43:00:0D:43,SN-Switch-03395,dual_band
Nokia,ONT,HG8145V5,AA:BB:44:00:0D:44,SN-ONT-03396,single_band
ZTE,ONU,G-140W-C,AA:BB:45:00:0D:45,SN-ONU-03397,dual_band
TP-Link,Router,Archer C6,AA:BB:46:00:0D:46,SN-Router-03398,single_band
Cisco,Modem,MB8600,AA:BB:47:00:0D:47,SN-Modem-03399,dual_band
Huawei,Access Point,EAP225,AA:BB:48:00:0D:48,SN-AccessPoint-03400,single_band
Nokia,Switch,SG108,AA:BB:49:00:0D:49,SN-Switch-03401,dual_band
ZTE,ONT,HG8145V5,AA:BB:4A:00:0D:4A,SN-ONT-03402,single_band
TP-Link,ONU,G-140W-C,AA:BB:4B:00:0D:4B,SN-ONU-03403,dual_band
Cisco,Router,Archer C6,AA:BB:4C:00:0D:4C,SN-Router-03404,single_band
Huawei,Modem,MB8600,AA:BB:4D:00:0D:4D,SN-Modem-03405,dual_band
Nokia,Access Point,EAP225,AA:BB:4E:00:0D:4E,SN-AccessPoint-03406,single_band
ZTE,Switch,SG108,AA:BB:4F:00:0D:4F,SN-Switch-03407,dual_band
TP-Link,ONT,HG8145V5,AA:BB:50:00:0D:50,SN-ONT-03408,single_band
Cisco,ONU,G-140W-C,AA:BB:51:00:0D:51,SN-ONU-03409,dual_band
Huawei,Router,Archer C6,AA:BB:52:00:0D:52,SN-Router-03410,single_band
Nokia,Modem,MB8600,AA:BB:53:00:0D:53,SN-Modem-03411,dual_band
ZTE,Access Point,EAP225,AA:BB:54:00:0D:54,SN-AccessPoint-03412,single_band
TP-Link,Switch,SG108,AA:BB:55:00:0D:55,SN-Switch-03413,dual_band
Cisco,ONT,HG8145V5,AA:BB:56:00:0D:56,SN-ONT-03414,single_band
Huawei,ONU,G-140W-C,AA:BB:57:00:0D:57,SN-ONU-03415,dual_band
Nokia,Router,Archer C6,AA:BB:58:00:0D:58,SN-Router-03416,single_band
ZTE,Modem,MB8600,AA:BB:59:00:0D:59,SN-Modem-03417,dual_band
TP-Link,Access Point,EAP225,AA:BB:5A:00:0D:5A,SN-AccessPoint-03418,single_band
Cisco,Switch,SG108,AA:BB:5B:00:0D:5B,SN-Switch-03419,dual_band
Huawei,ONT,HG8145V5,AA:BB:5C:00:0D:5C,SN-ONT-03420,single_band
Nokia,ONU,G-140W-C,AA:BB:5D:00:0D:5D,SN-ONU-03421,dual_band
ZTE,Router,Archer C6,AA:BB:5E:00:0D:5E,SN-Router-03422,single_band
TP-Link,Modem,MB8600,AA:BB:5F:00:0D:5F,SN-Modem-03423,dual_band
Cisco,Access Point,EAP225,AA:BB:60:00:0D:60,SN-AccessPoint-03424,single_band
Huawei,Switch,SG108,AA:BB:61:00:0D:61,SN-Switch-03425,dual_band
Nokia,ONT,HG8145V5,AA:BB:62:00:0D:62,SN-ONT-03426,single_band
ZTE,ONU,G-140W-C,AA:BB:63:00:0D:63,SN-ONU-03427,dual_band
TP-Link,Router,Archer C6,AA:BB:64:00:0D:64,SN-Router-03428,single_band
Cisco,Modem,MB8600,AA:BB:65:00:0D:65,SN-Modem-03429,dual_band
Huawei,Access Point,EAP225,AA:BB:66:00:0D:66,SN-AccessPoint-03430,single_band
Nokia,Switch,SG108,AA:BB:67:00:0D:67,SN-Switch-03431,dual_band
ZTE,ONT,HG8145V5,AA:BB:68:00:0D:68,SN-ONT-03432,single_band
TP-Link,ONU,G-140W-C,AA:BB:69:00:0D:69,SN-ONU-03433,dual_band
Cisco,Router,Archer C6,AA:BB:6A:00:0D:6A,SN-Router-03434,single_band
Huawei,Modem,MB8600,AA:BB:6B:00:0D:6B,SN-Modem-03435,dual_band
Nokia,Access Point,EAP225,AA:BB:6C:00:0D:6C,SN-AccessPoint-03436,single_band
ZTE,Switch,SG108,AA:BB:6D:00:0D:6D,SN-Switch-03437,dual_band
TP-Link,ONT,HG8145V5,AA:BB:6E:00:0D:6E,SN-ONT-03438,single_band
Cisco,ONU,G-140W-C,AA:BB:6F:00:0D:6F,SN-ONU-03439,dual_band
Huawei,Router,Archer C6,AA:BB:70:00:0D:70,SN-Router-03440,single_band
Nokia,Modem,MB8600,AA:BB:71:00:0D:71,SN-Modem-03441,dual_band
ZTE,Access Point,EAP225,AA:BB:72:00:0D:72,SN-AccessPoint-03442,single_band
TP-Link,Switch,SG108,AA:BB:73:00:0D:73,SN-Switch-03443,dual_band
Cisco,ONT,HG8145V5,AA:BB:74:00:0D:74,SN-ONT-03444,single_band
Huawei,ONU,G-140W-C,AA:BB:75:00:0D:75,SN-ONU-03445,dual_band
Nokia,Router,Archer C6,AA:BB:76:00:0D:76,SN-Router-03446,single_band
ZTE,Modem,MB8600,AA:BB:77:00:0D:77,SN-Modem-03447,dual_band
TP-Link,Access Point,EAP225,AA:BB:78:00:0D:78,SN-AccessPoint-03448,single_band
Cisco,Switch,SG108,AA:BB:79:00:0D:79,SN-Switch-03449,dual_band
Huawei,ONT,HG8145V5,AA:BB:7A:00:0D:7A,SN-ONT-03450,single_band
Nokia,ONU,G-140W-C,AA:BB:7B:00:0D:7B,SN-ONU-03451,dual_band
ZTE,Router,Archer C6,AA:BB:7C:00:0D:7C,SN-Router-03452,single_band
TP-Link,Modem,MB8600,AA:BB:7D:00:0D:7D,SN-Modem-03453,dual_band
Cisco,Access Point,EAP225,AA:BB:7E:00:0D:7E,SN-AccessPoint-03454,single_band
Huawei,Switch,SG108,AA:BB:7F:00:0D:7F,SN-Switch-03455,dual_band
Nokia,ONT,HG8145V5,AA:BB:80:00:0E:80,SN-ONT-03456,single_band
ZTE,ONU,G-140W-C,AA:BB:81:00:0E:81,SN-ONU-03457,dual_band
TP-Link,Router,Archer C6,AA:BB:82:00:0E:82,SN-Router-03458,single_band
Cisco,Modem,MB8600,AA:BB:83:00:0E:83,SN-Modem-03459,dual_band
Huawei,Access Point,EAP225,AA:BB:84:00:0E:84,SN-AccessPoint-03460,single_band
Nokia,Switch,SG108,AA:BB:85:00:0E:85,SN-Switch-03461,dual_band
ZTE,ONT,HG8145V5,AA:BB:86:00:0E:86,SN-ONT-03462,single_band
TP-Link,ONU,G-140W-C,AA:BB:87:00:0E:87,SN-ONU-03463,dual_band
Cisco,Router,Archer C6,AA:BB:88:00:0E:88,SN-Router-03464,single_band
Huawei,Modem,MB8600,AA:BB:89:00:0E:89,SN-Modem-03465,dual_band
Nokia,Access Point,EAP225,AA:BB:8A:00:0E:8A,SN-AccessPoint-03466,single_band
ZTE,Switch,SG108,AA:BB:8B:00:0E:8B,SN-Switch-03467,dual_band
TP-Link,ONT,HG8145V5,AA:BB:8C:00:0E:8C,SN-ONT-03468,single_band
Cisco,ONU,G-140W-C,AA:BB:8D:00:0E:8D,SN-ONU-03469,dual_band
Huawei,Router,Archer C6,AA:BB:8E:00:0E:8E,SN-Router-03470,single_band
Nokia,Modem,MB8600,AA:BB:8F:00:0E:8F,SN-Modem-03471,dual_band
ZTE,Access Point,EAP225,AA:BB:90:00:0E:90,SN-AccessPoint-03472,single_band
TP-Link,Switch,SG108,AA:BB:91:00:0E:91,SN-Switch-03473,dual_band
Cisco,ONT,HG8145V5,AA:BB:92:00:0E:92,SN-ONT-03474,single_band
Huawei,ONU,G-140W-C,AA:BB:93:00:0E:93,SN-ONU-03475,dual_band
Nokia,Router,Archer C6,AA:BB:94:00:0E:94,SN-Router-03476,single_band
ZTE,Modem,MB8600,AA:BB:95:00:0E:95,SN-Modem-03477,dual_band
TP-Link,Access Point,EAP225,AA:BB:96:00:0E:96,SN-AccessPoint-03478,single_band
Cisco,Switch,SG108,AA:BB:97:00:0E:97,SN-Switch-03479,dual_band
Huawei,ONT,HG8145V5,AA:BB:98:00:0E:98,SN-ONT-03480,single_band
Nokia,ONU,G-140W-C,AA:BB:99:00:0E:99,SN-ONU-03481,dual_band
ZTE,Router,Archer C6,AA:BB:9A:00:0E:9A,SN-Router-03482,single_band
TP-Link,Modem,MB8600,AA:BB:9B:00:0E:9B,SN-Modem-03483,dual_band
Cisco,Access Point,EAP225,AA:BB:9C:00:0E:9C,SN-AccessPoint-03484,single_band
Huawei,Switch,SG108,AA:BB:9D:00:0E:9D,SN-Switch-03485,dual_band
Nokia,ONT,HG8145V5,AA:BB:9E:00:0E:9E,SN-ONT-03486,single_band
ZTE,ONU,G-140W-C,AA:BB:9F:00:0E:9F,SN-ONU-03487,dual_band
TP-Link,Router,Archer C6,AA:BB:A0:00:0E:A0,SN-Router-03488,single_band
Cisco,Modem,MB8600,AA:BB:A1:00:0E:A1,SN-Modem-03489,dual_band
Huawei,Access Point,EAP225,AA:BB:A2:00:0E:A2,SN-AccessPoint-03490,single_band
Nokia,Switch,SG108,AA:BB:A3:00:0E:A3,SN-Switch-03491,dual_band
ZTE,ONT,HG8145V5,AA:BB:A4:00:0E:A4,SN-ONT-03492,single_band
TP-Link,ONU,G-140W-C,AA:BB:A5:00:0E:A5,SN-ONU-03493,dual_band
Cisco,Router,Archer C6,AA:BB:A6:00:0E:A6,SN-Router-03494,single_band
Huawei,Modem,MB8600,AA:BB:A7:00:0E:A7,SN-Modem-03495,dual_band
Nokia,Access Point,EAP225,AA:BB:A8:00:0E:A8,SN-AccessPoint-03496,single_band
ZTE,Switch,SG108,AA:BB:A9:00:0E:A9,SN-Switch-03497,dual_band
TP-Link,ONT,HG8145V5,AA:BB:AA:00:0E:AA,SN-ONT-03498,single_band
Cisco,ONU,G-140W-C,AA:BB:AB:00:0E:AB,SN-ONU-03499,dual_band
Huawei,Router,Archer C6,AA:BB:AC:00:0E:AC,SN-Router-03500,single_band
Nokia,Modem,MB8600,AA:BB:AD:00:0E:AD,SN-Modem-03501,dual_band
ZTE,Access Point,EAP225,AA:BB:AE:00:0E:AE,SN-AccessPoint-03502,single_band
TP-Link,Switch,SG108,AA:BB:AF:00:0E:AF,SN-Switch-03503,dual_band
Cisco,ONT,HG8145V5,AA:BB:B0:00:0E:B0,SN-ONT-03504,single_band
Huawei,ONU,G-140W-C,AA:BB:B1:00:0E:B1,SN-ONU-03505,dual_band
Nokia,Router,Archer C6,AA:BB:B2:00:0E:B2,SN-Router-03506,single_band
ZTE,Modem,MB8600,AA:BB:B3:00:0E:B3,SN-Modem-03507,dual_band
TP-Link,Access Point,EAP225,AA:BB:B4:00:0E:B4,SN-AccessPoint-03508,single_band
Cisco,Switch,SG108,AA:BB:B5:00:0E:B5,SN-Switch-03509,dual_band
Huawei,ONT,HG8145V5,AA:BB:B6:00:0E:B6,SN-ONT-03510,single_band
Nokia,ONU,G-140W-C,AA:BB:B7:00:0E:B7,SN-ONU-03511,dual_band
ZTE,Router,Archer C6,AA:BB:B8:00:0E:B8,SN-Router-03512,single_band
TP-Link,Modem,MB8600,AA:BB:B9:00:0E:B9,SN-Modem-03513,dual_band
Cisco,Access Point,EAP225,AA:BB:BA:00:0E:BA,SN-AccessPoint-03514,single_band
Huawei,Switch,SG108,AA:BB:BB:00:0E:BB,SN-Switch-03515,dual_band
Nokia,ONT,HG8145V5,AA:BB:BC:00:0E:BC,SN-ONT-03516,single_band
ZTE,ONU,G-140W-C,AA:BB:BD:00:0E:BD,SN-ONU-03517,dual_band
TP-Link,Router,Archer C6,AA:BB:BE:00:0E:BE,SN-Router-03518,single_band
Cisco,Modem,MB8600,AA:BB:BF:00:0E:BF,SN-Modem-03519,dual_band
Huawei,Access Point,EAP225,AA:BB:C0:00:0E:C0,SN-AccessPoint-03520,single_band
Nokia,Switch,SG108,AA:BB:C1:00:0E:C1,SN-Switch-03521,dual_band
ZTE,ONT,HG8145V5,AA:BB:C2:00:0E:C2,SN-ONT-03522,single_band
TP-Link,ONU,G-140W-C,AA:BB:C3:00:0E:C3,SN-ONU-03523,dual_band
Cisco,Router,Archer C6,AA:BB:C4:00:0E:C4,SN-Router-03524,single_band
Huawei,Modem,MB8600,AA:BB:C5:00:0E:C5,SN-Modem-03525,dual_band
Nokia,Access Point,EAP225,AA:BB:C6:00:0E:C6,SN-AccessPoint-03526,single_band
ZTE,Switch,SG108,AA:BB:C7:00:0E:C7,SN-Switch-03527,dual_band
TP-Link,ONT,HG8145V5,AA:BB:C8:00:0E:C8,SN-ONT-03528,single_band
Cisco,ONU,G-140W-C,AA:BB:C9:00:0E:C9,SN-ONU-03529,dual_band
Huawei,Router,Archer C6,AA:BB:CA:00:0E:CA,SN-Router-03530,single_band
Nokia,Modem,MB8600,AA:BB:CB:00:0E:CB,SN-Modem-03531,dual_band
ZTE,Access Point,EAP225,AA:BB:CC:00:0E:CC,SN-AccessPoint-03532,single_band
TP-Link,Switch,SG108,AA:BB:CD:00:0E:CD,SN-Switch-03533,dual_band
Cisco,ONT,HG8145V5,AA:BB:CE:00:0E:CE,SN-ONT-03534,single_band
Huawei,ONU,G-140W-C,AA:BB:CF:00:0E:CF,SN-ONU-03535,dual_band
Nokia,Router,Archer C6,AA:BB:D0:00:0E:D0,SN-Router-03536,single_band
ZTE,Modem,MB8600,AA:BB:D1:00:0E:D1,SN-Modem-03537,dual_band
TP-Link,Access Point,EAP225,AA:BB:D2:00:0E:D2,SN-AccessPoint-03538,single_band
Cisco,Switch,SG108,AA:BB:D3:00:0E:D3,SN-Switch-03539,dual_band
Huawei,ONT,HG8145V5,AA:BB:D4:00:0E:D4,SN-ONT-03540,single_band
Nokia,ONU,G-140W-C,AA:BB:D5:00:0E:D5,SN-ONU-03541,dual_band
ZTE,Router,Archer C6,AA:BB:D6:00:0E:D6,SN-Router-03542,single_band
TP-Link,Modem,MB8600,AA:BB:D7:00:0E:D7,SN-Modem-03543,dual_band
Cisco,Access Point,EAP225,AA:BB:D8:00:0E:D8,SN-AccessPoint-03544,single_band
Huawei,Switch,SG108,AA:BB:D9:00:0E:D9,SN-Switch-03545,dual_band
Nokia,ONT,HG8145V5,AA:BB:DA:00:0E:DA,SN-ONT-03546,single_band
ZTE,ONU,G-140W-C,AA:BB:DB:00:0E:DB,SN-ONU-03547,dual_band
TP-Link,Router,Archer C6,AA:BB:DC:00:0E:DC,SN-Router-03548,single_band
Cisco,Modem,MB8600,AA:BB:DD:00:0E:DD,SN-Modem-03549,dual_band
Huawei,Access Point,EAP225,AA:BB:DE:00:0E:DE,SN-AccessPoint-03550,single_band
Nokia,Switch,SG108,AA:BB:DF:00:0E:DF,SN-Switch-03551,dual_band
ZTE,ONT,HG8145V5,AA:BB:E0:00:0E:E0,SN-ONT-03552,single_band
TP-Link,ONU,G-140W-C,AA:BB:E1:00:0E:E1,SN-ONU-03553,dual_band
Cisco,Router,Archer C6,AA:BB:E2:00:0E:E2,SN-Router-03554,single_band
Huawei,Modem,MB8600,AA:BB:E3:00:0E:E3,SN-Modem-03555,dual_band
Nokia,Access Point,EAP225,AA:BB:E4:00:0E:E4,SN-AccessPoint-03556,single_band
ZTE,Switch,SG108,AA:BB:E5:00:0E:E5,SN-Switch-03557,dual_band
TP-Link,ONT,HG8145V5,AA:BB:E6:00:0E:E6,SN-ONT-03558,single_band
Cisco,ONU,G-140W-C,AA:BB:E7:00:0E:E7,SN-ONU-03559,dual_band
Huawei,Router,Archer C6,AA:BB:E8:00:0E:E8,SN-Router-03560,single_band
Nokia,Modem,MB8600,AA:BB:E9:00:0E:E9,SN-Modem-03561,dual_band
ZTE,Access Point,EAP225,AA:BB:EA:00:0E:EA,SN-AccessPoint-03562,single_band
TP-Link,Switch,SG108,AA:BB:EB:00:0E:EB,SN-Switch-03563,dual_band
Cisco,ONT,HG8145V5,AA:BB:EC:00:0E:EC,SN-ONT-03564,single_band
Huawei,ONU,G-140W-C,AA:BB:ED:00:0E:ED,SN-ONU-03565,dual_band
Nokia,Router,Archer C6,AA:BB:EE:00:0E:EE,SN-Router-03566,single_band
ZTE,Modem,MB8600,AA:BB:EF:00:0E:EF,SN-Modem-03567,dual_band
TP-Link,Access Point,EAP225,AA:BB:F0:00:0E:F0,SN-AccessPoint-03568,single_band
Cisco,Switch,SG108,AA:BB:F1:00:0E:F1,SN-Switch-03569,dual_band
Huawei,ONT,HG8145V5,AA:BB:F2:00:0E:F2,SN-ONT-03570,single_band
Nokia,ONU,G-140W-C,AA:BB:F3:00:0E:F3,SN-ONU-03571,dual_band
ZTE,Router,Archer C6,AA:BB:F4:00:0E:F4,SN-Router-03572,single_band
TP-Link,Modem,MB8600,AA:BB:F5:00:0E:F5,SN-Modem-03573,dual_band
Cisco,Access Point,EAP225,AA:BB:F6:00:0E:F6,SN-AccessPoint-03574,single_band
Huawei,Switch,SG108,AA:BB:F7:00:0E:F7,SN-Switch-03575,dual_band
Nokia,ONT,HG8145V5,AA:BB:F8:00:0E:F8,SN-ONT-03576,single_band
ZTE,ONU,G-140W-C,AA:BB:F9:00:0E:F9,SN-ONU-03577,dual_band
TP-Link,Router,Archer C6,AA:BB:FA:00:0E:FA,SN-Router-03578,single_band
Cisco,Modem,MB8600,AA:BB:FB:00:0E:FB,SN-Modem-03579,dual_band
Huawei,Access Point,EAP225,AA:BB:FC:00:0E:FC,SN-AccessPoint-03580,single_band
Nokia,Switch,SG108,AA:BB:FD:00:0E:FD,SN-Switch-03581,dual_band
ZTE,ONT,HG8145V5,AA:BB:FE:00:0E:FE,SN-ONT-03582,single_band
TP-Link,ONU,G-140W-C,AA:BB:FF:00:0E:FF,SN-ONU-03583,dual_band
Cisco,Router,Archer C6,AA:BB:00:00:0E:00,SN-Router-03584,single_band
Huawei,Modem,MB8600,AA:BB:01:00:0E:01,SN-Modem-03585,dual_band
Nokia,Access Point,EAP225,AA:BB:02:00:0E:02,SN-AccessPoint-03586,single_band
ZTE,Switch,SG108,AA:BB:03:00:0E:03,SN-Switch-03587,dual_band
TP-Link,ONT,HG8145V5,AA:BB:04:00:0E:04,SN-ONT-03588,single_band
Cisco,ONU,G-140W-C,AA:BB:05:00:0E:05,SN-ONU-03589,dual_band
Huawei,Router,Archer C6,AA:BB:06:00:0E:06,SN-Router-03590,single_band
Nokia,Modem,MB8600,AA:BB:07:00:0E:07,SN-Modem-03591,dual_band
ZTE,Access Point,EAP225,AA:BB:08:00:0E:08,SN-AccessPoint-03592,single_band
TP-Link,Switch,SG108,AA:BB:09:00:0E:09,SN-Switch-03593,dual_band
Cisco,ONT,HG8145V5,AA:BB:0A:00:0E:0A,SN-ONT-03594,single_band
Huawei,ONU,G-140W-C,AA:BB:0B:00:0E:0B,SN-ONU-03595,dual_band
Nokia,Router,Archer C6,AA:BB:0C:00:0E:0C,SN-Router-03596,single_band
ZTE,Modem,MB8600,AA:BB:0D:00:0E:0D,SN-Modem-03597,dual_band
TP-Link,Access Point,EAP225,AA:BB:0E:00:0E:0E,SN-AccessPoint-03598,single_band
Cisco,Switch,SG108,AA:BB:0F:00:0E:0F,SN-Switch-03599,dual_band
Huawei,ONT,HG8145V5,AA:BB:10:00:0E:10,SN-ONT-03600,single_band
Nokia,ONU,G-140W-C,AA:BB:11:00:0E:11,SN-ONU-03601,dual_band
ZTE,Router,Archer C6,AA:BB:12:00:0E:12,SN-Router-03602,single_band
TP-Link,Modem,MB8600,AA:BB:13:00:0E:13,SN-Modem-03603,dual_band
Cisco,Access Point,EAP225,AA:BB:14:00:0E:14,SN-AccessPoint-03604,single_band
Huawei,Switch,SG108,AA:BB:15:00:0E:15,SN-Switch-03605,dual_band
Nokia,ONT,HG8145V5,AA:BB:16:00:0E:16,SN-ONT-03606,single_band
ZTE,ONU,G-140W-C,AA:BB:17:00:0E:17,SN-ONU-03607,dual_band
TP-Link,Router,Archer C6,AA:BB:18:00:0E:18,SN-Router-03608,single_band
Cisco,Modem,MB8600,AA:BB:19:00:0E:19,SN-Modem-03609,dual_band
Huawei,Access Point,EAP225,AA:BB:1A:00:0E:1A,SN-AccessPoint-03610,single_band
Nokia,Switch,SG108,AA:BB:1B:00:0E:1B,SN-Switch-03611,dual_band
ZTE,ONT,HG8145V5,AA:BB:1C:00:0E:1C,SN-ONT-03612,single_band
TP-Link,ONU,G-140W-C,AA:BB:1D:00:0E:1D,SN-ONU-03613,dual_band
Cisco,Router,Archer C6,AA:BB:1E:00:0E:1E,SN-Router-03614,single_band
Huawei,Modem,MB8600,AA:BB:1F:00:0E:1F,SN-Modem-03615,dual_band
Nokia,Access Point,EAP225,AA:BB:20:00:0E:20,SN-AccessPoint-03616,single_band
ZTE,Switch,SG108,AA:BB:21:00:0E:21,SN-Switch-03617,dual_band
TP-Link,ONT,HG8145V5,AA:BB:22:00:0E:22,SN-ONT-03618,single_band
Cisco,ONU,G-140W-C,AA:BB:23:00:0E:23,SN-ONU-03619,dual_band
Huawei,Router,Archer C6,AA:BB:24:00:0E:24,SN-Router-03620,single_band
Nokia,Modem,MB8600,AA:BB:25:00:0E:25,SN-Modem-03621,dual_band
ZTE,Access Point,EAP225,AA:BB:26:00:0E:26,SN-AccessPoint-03622,single_band
TP-Link,Switch,SG108,AA:BB:27:00:0E:27,SN-Switch-03623,dual_band
Cisco,ONT,HG8145V5,AA:BB:28:00:0E:28,SN-ONT-03624,single_band
Huawei,ONU,G-140W-C,AA:BB:29:00:0E:29,SN-ONU-03625,dual_band
Nokia,Router,Archer C6,AA:BB:2A:00:0E:2A,SN-Router-03626,single_band
ZTE,Modem,MB8600,AA:BB:2B:00:0E:2B,SN-Modem-03627,dual_band
TP-Link,Access Point,EAP225,AA:BB:2C:00:0E:2C,SN-AccessPoint-03628,single_band
Cisco,Switch,SG108,AA:BB:2D:00:0E:2D,SN-Switch-03629,dual_band
Huawei,ONT,HG8145V5,AA:BB:2E:00:0E:2E,SN-ONT-03630,single_band
Nokia,ONU,G-140W-C,AA:BB:2F:00:0E:2F,SN-ONU-03631,dual_band
ZTE,Router,Archer C6,AA:BB:30:00:0E:30,SN-Router-03632,single_band
TP-Link,Modem,MB8600,AA:BB:31:00:0E:31,SN-Modem-03633,dual_band
Cisco,Access Point,EAP225,AA:BB:32:00:0E:32,SN-AccessPoint-03634,single_band
Huawei,Switch,SG108,AA:BB:33:00:0E:33,SN-Switch-03635,dual_band
Nokia,ONT,HG8145V5,AA:BB:34:00:0E:34,SN-ONT-03636,single_band
ZTE,ONU,G-140W-C,AA:BB:35:00:0E:35,SN-ONU-03637,dual_band
TP-Link,Router,Archer C6,AA:BB:36:00:0E:36,SN-Router-03638,single_band
Cisco,Modem,MB8600,AA:BB:37:00:0E:37,SN-Modem-03639,dual_band
Huawei,Access Point,EAP225,AA:BB:38:00:0E:38,SN-AccessPoint-03640,single_band
Nokia,Switch,SG108,AA:BB:39:00:0E:39,SN-Switch-03641,dual_band
ZTE,ONT,HG8145V5,AA:BB:3A:00:0E:3A,SN-ONT-03642,single_band
TP-Link,ONU,G-140W-C,AA:BB:3B:00:0E:3B,SN-ONU-03643,dual_band
Cisco,Router,Archer C6,AA:BB:3C:00:0E:3C,SN-Router-03644,single_band
Huawei,Modem,MB8600,AA:BB:3D:00:0E:3D,SN-Modem-03645,dual_band
Nokia,Access Point,EAP225,AA:BB:3E:00:0E:3E,SN-AccessPoint-03646,single_band
ZTE,Switch,SG108,AA:BB:3F:00:0E:3F,SN-Switch-03647,dual_band
TP-Link,ONT,HG8145V5,AA:BB:40:00:0E:40,SN-ONT-03648,single_band
Cisco,ONU,G-140W-C,AA:BB:41:00:0E:41,SN-ONU-03649,dual_band
Huawei,Router,Archer C6,AA:BB:42:00:0E:42,SN-Router-03650,single_band
Nokia,Modem,MB8600,AA:BB:43:00:0E:43,SN-Modem-03651,dual_band
ZTE,Access Point,EAP225,AA:BB:44:00:0E:44,SN-AccessPoint-03652,single_band
TP-Link,Switch,SG108,AA:BB:45:00:0E:45,SN-Switch-03653,dual_band
Cisco,ONT,HG8145V5,AA:BB:46:00:0E:46,SN-ONT-03654,single_band
Huawei,ONU,G-140W-C,AA:BB:47:00:0E:47,SN-ONU-03655,dual_band
Nokia,Router,Archer C6,AA:BB:48:00:0E:48,SN-Router-03656,single_band
ZTE,Modem,MB8600,AA:BB:49:00:0E:49,SN-Modem-03657,dual_band
TP-Link,Access Point,EAP225,AA:BB:4A:00:0E:4A,SN-AccessPoint-03658,single_band
Cisco,Switch,SG108,AA:BB:4B:00:0E:4B,SN-Switch-03659,dual_band
Huawei,ONT,HG8145V5,AA:BB:4C:00:0E:4C,SN-ONT-03660,single_band
Nokia,ONU,G-140W-C,AA:BB:4D:00:0E:4D,SN-ONU-03661,dual_band
ZTE,Router,Archer C6,AA:BB:4E:00:0E:4E,SN-Router-03662,single_band
TP-Link,Modem,MB8600,AA:BB:4F:00:0E:4F,SN-Modem-03663,dual_band
Cisco,Access Point,EAP225,AA:BB:50:00:0E:50,SN-AccessPoint-03664,single_band
Huawei,Switch,SG108,AA:BB:51:00:0E:51,SN-Switch-03665,dual_band
Nokia,ONT,HG8145V5,AA:BB:52:00:0E:52,SN-ONT-03666,single_band
ZTE,ONU,G-140W-C,AA:BB:53:00:0E:53,SN-ONU-03667,dual_band
TP-Link,Router,Archer C6,AA:BB:54:00:0E:54,SN-Router-03668,single_band
Cisco,Modem,MB8600,AA:BB:55:00:0E:55,SN-Modem-03669,dual_band
Huawei,Access Point,EAP225,AA:BB:56:00:0E:56,SN-AccessPoint-03670,single_band
Nokia,Switch,SG108,AA:BB:57:00:0E:57,SN-Switch-03671,dual_band
ZTE,ONT,HG8145V5,AA:BB:58:00:0E:58,SN-ONT-03672,single_band
TP-Link,ONU,G-140W-C,AA:BB:59:00:0E:59,SN-ONU-03673,dual_band
Cisco,Router,Archer C6,AA:BB:5A:00:0E:5A,SN-Router-03674,single_band
Huawei,Modem,MB8600,AA:BB:5B:00:0E:5B,SN-Modem-03675,dual_band
Nokia,Access Point,EAP225,AA:BB:5C:00:0E:5C,SN-AccessPoint-03676,single_band
ZTE,Switch,SG108,AA:BB:5D:00:0E:5D,SN-Switch-03677,dual_band
TP-Link,ONT,HG8145V5,AA:BB:5E:00:0E:5E,SN-ONT-03678,single_band
Cisco,ONU,G-140W-C,AA:BB:5F:00:0E:5F,SN-ONU-03679,dual_band
Huawei,Router,Archer C6,AA:BB:60:00:0E:60,SN-Router-03680,single_band
Nokia,Modem,MB8600,AA:BB:61:00:0E:61,SN-Modem-03681,dual_band
ZTE,Access Point,EAP225,AA:BB:62:00:0E:62,SN-AccessPoint-03682,single_band
TP-Link,Switch,SG108,AA:BB:63:00:0E:63,SN-Switch-03683,dual_band
Cisco,ONT,HG8145V5,AA:BB:64:00:0E:64,SN-ONT-03684,single_band
Huawei,ONU,G-140W-C,AA:BB:65:00:0E:65,SN-ONU-03685,dual_band
Nokia,Router,Archer C6,AA:BB:66:00:0E:66,SN-Router-03686,single_band
ZTE,Modem,MB8600,AA:BB:67:00:0E:67,SN-Modem-03687,dual_band
TP-Link,Access Point,EAP225,AA:BB:68:00:0E:68,SN-AccessPoint-03688,single_band
Cisco,Switch,SG108,AA:BB:69:00:0E:69,SN-Switch-03689,dual_band
Huawei,ONT,HG8145V5,AA:BB:6A:00:0E:6A,SN-ONT-03690,single_band
Nokia,ONU,G-140W-C,AA:BB:6B:00:0E:6B,SN-ONU-03691,dual_band
ZTE,Router,Archer C6,AA:BB:6C:00:0E:6C,SN-Router-03692,single_band
TP-Link,Modem,MB8600,AA:BB:6D:00:0E:6D,SN-Modem-03693,dual_band
Cisco,Access Point,EAP225,AA:BB:6E:00:0E:6E,SN-AccessPoint-03694,single_band
Huawei,Switch,SG108,AA:BB:6F:00:0E:6F,SN-Switch-03695,dual_band
Nokia,ONT,HG8145V5,AA:BB:70:00:0E:70,SN-ONT-03696,single_band
ZTE,ONU,G-140W-C,AA:BB:71:00:0E:71,SN-ONU-03697,dual_band
TP-Link,Router,Archer C6,AA:BB:72:00:0E:72,SN-Router-03698,single_band
Cisco,Modem,MB8600,AA:BB:73:00:0E:73,SN-Modem-03699,dual_band
Huawei,Access Point,EAP225,AA:BB:74:00:0E:74,SN-AccessPoint-03700,single_band
Nokia,Switch,SG108,AA:BB:75:00:0E:75,SN-Switch-03701,dual_band
ZTE,ONT,HG8145V5,AA:BB:76:00:0E:76,SN-ONT-03702,single_band
TP-Link,ONU,G-140W-C,AA:BB:77:00:0E:77,SN-ONU-03703,dual_band
Cisco,Router,Archer C6,AA:BB:78:00:0E:78,SN-Router-03704,single_band
Huawei,Modem,MB8600,AA:BB:79:00:0E:79,SN-Modem-03705,dual_band
Nokia,Access Point,EAP225,AA:BB:7A:00:0E:7A,SN-AccessPoint-03706,single_band
ZTE,Switch,SG108,AA:BB:7B:00:0E:7B,SN-Switch-03707,dual_band
TP-Link,ONT,HG8145V5,AA:BB:7C:00:0E:7C,SN-ONT-03708,single_band
Cisco,ONU,G-140W-C,AA:BB:7D:00:0E:7D,SN-ONU-03709,dual_band
Huawei,Router,Archer C6,AA:BB:7E:00:0E:7E,SN-Router-03710,single_band
Nokia,Modem,MB8600,AA:BB:7F:00:0E:7F,SN-Modem-03711,dual_band
ZTE,Access Point,EAP225,AA:BB:80:00:0E:80,SN-AccessPoint-03712,single_band
TP-Link,Switch,SG108,AA:BB:81:00:0F:81,SN-Switch-03713,dual_band
Cisco,ONT,HG8145V5,AA:BB:82:00:0F:82,SN-ONT-03714,single_band
Huawei,ONU,G-140W-C,AA:BB:83:00:0F:83,SN-ONU-03715,dual_band
Nokia,Router,Archer C6,AA:BB:84:00:0F:84,SN-Router-03716,single_band
ZTE,Modem,MB8600,AA:BB:85:00:0F:85,SN-Modem-03717,dual_band
TP-Link,Access Point,EAP225,AA:BB:86:00:0F:86,SN-AccessPoint-03718,single_band
Cisco,Switch,SG108,AA:BB:87:00:0F:87,SN-Switch-03719,dual_band
Huawei,ONT,HG8145V5,AA:BB:88:00:0F:88,SN-ONT-03720,single_band
Nokia,ONU,G-140W-C,AA:BB:89:00:0F:89,SN-ONU-03721,dual_band
ZTE,Router,Archer C6,AA:BB:8A:00:0F:8A,SN-Router-03722,single_band
TP-Link,Modem,MB8600,AA:BB:8B:00:0F:8B,SN-Modem-03723,dual_band
Cisco,Access Point,EAP225,AA:BB:8C:00:0F:8C,SN-AccessPoint-03724,single_band
Huawei,Switch,SG108,AA:BB:8D:00:0F:8D,SN-Switch-03725,dual_band
Nokia,ONT,HG8145V5,AA:BB:8E:00:0F:8E,SN-ONT-03726,single_band
ZTE,ONU,G-140W-C,AA:BB:8F:00:0F:8F,SN-ONU-03727,dual_band
TP-Link,Router,Archer C6,AA:BB:90:00:0F:90,SN-Router-03728,single_band
Cisco,Modem,MB8600,AA:BB:91:00:0F:91,SN-Modem-03729,dual_band
Huawei,Access Point,EAP225,AA:BB:92:00:0F:92,SN-AccessPoint-03730,single_band
Nokia,Switch,SG108,AA:BB:93:00:0F:93,SN-Switch-03731,dual_band
ZTE,ONT,HG8145V5,AA:BB:94:00:0F:94,SN-ONT-03732,single_band
TP-Link,ONU,G-140W-C,AA:BB:95:00:0F:95,SN-ONU-03733,dual_band
Cisco,Router,Archer C6,AA:BB:96:00:0F:96,SN-Router-03734,single_band
Huawei,Modem,MB8600,AA:BB:97:00:0F:97,SN-Modem-03735,dual_band
Nokia,Access Point,EAP225,AA:BB:98:00:0F:98,SN-AccessPoint-03736,single_band
ZTE,Switch,SG108,AA:BB:99:00:0F:99,SN-Switch-03737,dual_band
TP-Link,ONT,HG8145V5,AA:BB:9A:00:0F:9A,SN-ONT-03738,single_band
Cisco,ONU,G-140W-C,AA:BB:9B:00:0F:9B,SN-ONU-03739,dual_band
Huawei,Router,Archer C6,AA:BB:9C:00:0F:9C,SN-Router-03740,single_band
Nokia,Modem,MB8600,AA:BB:9D:00:0F:9D,SN-Modem-03741,dual_band
ZTE,Access Point,EAP225,AA:BB:9E:00:0F:9E,SN-AccessPoint-03742,single_band
TP-Link,Switch,SG108,AA:BB:9F:00:0F:9F,SN-Switch-03743,dual_band
Cisco,ONT,HG8145V5,AA:BB:A0:00:0F:A0,SN-ONT-03744,single_band
Huawei,ONU,G-140W-C,AA:BB:A1:00:0F:A1,SN-ONU-03745,dual_band
Nokia,Router,Archer C6,AA:BB:A2:00:0F:A2,SN-Router-03746,single_band
ZTE,Modem,MB8600,AA:BB:A3:00:0F:A3,SN-Modem-03747,dual_band
TP-Link,Access Point,EAP225,AA:BB:A4:00:0F:A4,SN-AccessPoint-03748,single_band
Cisco,Switch,SG108,AA:BB:A5:00:0F:A5,SN-Switch-03749,dual_band
Huawei,ONT,HG8145V5,AA:BB:A6:00:0F:A6,SN-ONT-03750,single_band
Nokia,ONU,G-140W-C,AA:BB:A7:00:0F:A7,SN-ONU-03751,dual_band
ZTE,Router,Archer C6,AA:BB:A8:00:0F:A8,SN-Router-03752,single_band
TP-Link,Modem,MB8600,AA:BB:A9:00:0F:A9,SN-Modem-03753,dual_band
Cisco,Access Point,EAP225,AA:BB:AA:00:0F:AA,SN-AccessPoint-03754,single_band
Huawei,Switch,SG108,AA:BB:AB:00:0F:AB,SN-Switch-03755,dual_band
Nokia,ONT,HG8145V5,AA:BB:AC:00:0F:AC,SN-ONT-03756,single_band
ZTE,ONU,G-140W-C,AA:BB:AD:00:0F:AD,SN-ONU-03757,dual_band
TP-Link,Router,Archer C6,AA:BB:AE:00:0F:AE,SN-Router-03758,single_band
Cisco,Modem,MB8600,AA:BB:AF:00:0F:AF,SN-Modem-03759,dual_band
Huawei,Access Point,EAP225,AA:BB:B0:00:0F:B0,SN-AccessPoint-03760,single_band
Nokia,Switch,SG108,AA:BB:B1:00:0F:B1,SN-Switch-03761,dual_band
ZTE,ONT,HG8145V5,AA:BB:B2:00:0F:B2,SN-ONT-03762,single_band
TP-Link,ONU,G-140W-C,AA:BB:B3:00:0F:B3,SN-ONU-03763,dual_band
Cisco,Router,Archer C6,AA:BB:B4:00:0F:B4,SN-Router-03764,single_band
Huawei,Modem,MB8600,AA:BB:B5:00:0F:B5,SN-Modem-03765,dual_band
Nokia,Access Point,EAP225,AA:BB:B6:00:0F:B6,SN-AccessPoint-03766,single_band
ZTE,Switch,SG108,AA:BB:B7:00:0F:B7,SN-Switch-03767,dual_band
TP-Link,ONT,HG8145V5,AA:BB:B8:00:0F:B8,SN-ONT-03768,single_band
Cisco,ONU,G-140W-C,AA:BB:B9:00:0F:B9,SN-ONU-03769,dual_band
Huawei,Router,Archer C6,AA:BB:BA:00:0F:BA,SN-Router-03770,single_band
Nokia,Modem,MB8600,AA:BB:BB:00:0F:BB,SN-Modem-03771,dual_band
ZTE,Access Point,EAP225,AA:BB:BC:00:0F:BC,SN-AccessPoint-03772,single_band
TP-Link,Switch,SG108,AA:BB:BD:00:0F:BD,SN-Switch-03773,dual_band
Cisco,ONT,HG8145V5,AA:BB:BE:00:0F:BE,SN-ONT-03774,single_band
Huawei,ONU,G-140W-C,AA:BB:BF:00:0F:BF,SN-ONU-03775,dual_band
Nokia,Router,Archer C6,AA:BB:C0:00:0F:C0,SN-Router-03776,single_band
ZTE,Modem,MB8600,AA:BB:C1:00:0F:C1,SN-Modem-03777,dual_band
TP-Link,Access Point,EAP225,AA:BB:C2:00:0F:C2,SN-AccessPoint-03778,single_band
Cisco,Switch,SG108,AA:BB:C3:00:0F:C3,SN-Switch-03779,dual_band
Huawei,ONT,HG8145V5,AA:BB:C4:00:0F:C4,SN-ONT-03780,single_band
Nokia,ONU,G-140W-C,AA:BB:C5:00:0F:C5,SN-ONU-03781,dual_band
ZTE,Router,Archer C6,AA:BB:C6:00:0F:C6,SN-Router-03782,single_band
TP-Link,Modem,MB8600,AA:BB:C7:00:0F:C7,SN-Modem-03783,dual_band
Cisco,Access Point,EAP225,AA:BB:C8:00:0F:C8,SN-AccessPoint-03784,single_band
Huawei,Switch,SG108,AA:BB:C9:00:0F:C9,SN-Switch-03785,dual_band
Nokia,ONT,HG8145V5,AA:BB:CA:00:0F:CA,SN-ONT-03786,single_band
ZTE,ONU,G-140W-C,AA:BB:CB:00:0F:CB,SN-ONU-03787,dual_band
TP-Link,Router,Archer C6,AA:BB:CC:00:0F:CC,SN-Router-03788,single_band
Cisco,Modem,MB8600,AA:BB:CD:00:0F:CD,SN-Modem-03789,dual_band
Huawei,Access Point,EAP225,AA:BB:CE:00:0F:CE,SN-AccessPoint-03790,single_band
Nokia,Switch,SG108,AA:BB:CF:00:0F:CF,SN-Switch-03791,dual_band
ZTE,ONT,HG8145V5,AA:BB:D0:00:0F:D0,SN-ONT-03792,single_band
TP-Link,ONU,G-140W-C,AA:BB:D1:00:0F:D1,SN-ONU-03793,dual_band
Cisco,Router,Archer C6,AA:BB:D2:00:0F:D2,SN-Router-03794,single_band
Huawei,Modem,MB8600,AA:BB:D3:00:0F:D3,SN-Modem-03795,dual_band
Nokia,Access Point,EAP225,AA:BB:D4:00:0F:D4,SN-AccessPoint-03796,single_band
ZTE,Switch,SG108,AA:BB:D5:00:0F:D5,SN-Switch-03797,dual_band
TP-Link,ONT,HG8145V5,AA:BB:D6:00:0F:D6,SN-ONT-03798,single_band
Cisco,ONU,G-140W-C,AA:BB:D7:00:0F:D7,SN-ONU-03799,dual_band
Huawei,Router,Archer C6,AA:BB:D8:00:0F:D8,SN-Router-03800,single_band
Nokia,Modem,MB8600,AA:BB:D9:00:0F:D9,SN-Modem-03801,dual_band
ZTE,Access Point,EAP225,AA:BB:DA:00:0F:DA,SN-AccessPoint-03802,single_band
TP-Link,Switch,SG108,AA:BB:DB:00:0F:DB,SN-Switch-03803,dual_band
Cisco,ONT,HG8145V5,AA:BB:DC:00:0F:DC,SN-ONT-03804,single_band
Huawei,ONU,G-140W-C,AA:BB:DD:00:0F:DD,SN-ONU-03805,dual_band
Nokia,Router,Archer C6,AA:BB:DE:00:0F:DE,SN-Router-03806,single_band
ZTE,Modem,MB8600,AA:BB:DF:00:0F:DF,SN-Modem-03807,dual_band
TP-Link,Access Point,EAP225,AA:BB:E0:00:0F:E0,SN-AccessPoint-03808,single_band
Cisco,Switch,SG108,AA:BB:E1:00:0F:E1,SN-Switch-03809,dual_band
Huawei,ONT,HG8145V5,AA:BB:E2:00:0F:E2,SN-ONT-03810,single_band
Nokia,ONU,G-140W-C,AA:BB:E3:00:0F:E3,SN-ONU-03811,dual_band
ZTE,Router,Archer C6,AA:BB:E4:00:0F:E4,SN-Router-03812,single_band
TP-Link,Modem,MB8600,AA:BB:E5:00:0F:E5,SN-Modem-03813,dual_band
Cisco,Access Point,EAP225,AA:BB:E6:00:0F:E6,SN-AccessPoint-03814,single_band
Huawei,Switch,SG108,AA:BB:E7:00:0F:E7,SN-Switch-03815,dual_band
Nokia,ONT,HG8145V5,AA:BB:E8:00:0F:E8,SN-ONT-03816,single_band
ZTE,ONU,G-140W-C,AA:BB:E9:00:0F:E9,SN-ONU-03817,dual_band
TP-Link,Router,Archer C6,AA:BB:EA:00:0F:EA,SN-Router-03818,single_band
Cisco,Modem,MB8600,AA:BB:EB:00:0F:EB,SN-Modem-03819,dual_band
Huawei,Access Point,EAP225,AA:BB:EC:00:0F:EC,SN-AccessPoint-03820,single_band
Nokia,Switch,SG108,AA:BB:ED:00:0F:ED,SN-Switch-03821,dual_band
ZTE,ONT,HG8145V5,AA:BB:EE:00:0F:EE,SN-ONT-03822,single_band
TP-Link,ONU,G-140W-C,AA:BB:EF:00:0F:EF,SN-ONU-03823,dual_band
Cisco,Router,Archer C6,AA:BB:F0:00:0F:F0,SN-Router-03824,single_band
Huawei,Modem,MB8600,AA:BB:F1:00:0F:F1,SN-Modem-03825,dual_band
Nokia,Access Point,EAP225,AA:BB:F2:00:0F:F2,SN-AccessPoint-03826,single_band
ZTE,Switch,SG108,AA:BB:F3:00:0F:F3,SN-Switch-03827,dual_band
TP-Link,ONT,HG8145V5,AA:BB:F4:00:0F:F4,SN-ONT-03828,single_band
Cisco,ONU,G-140W-C,AA:BB:F5:00:0F:F5,SN-ONU-03829,dual_band
Huawei,Router,Archer C6,AA:BB:F6:00:0F:F6,SN-Router-03830,single_band
Nokia,Modem,MB8600,AA:BB:F7:00:0F:F7,SN-Modem-03831,dual_band
ZTE,Access Point,EAP225,AA:BB:F8:00:0F:F8,SN-AccessPoint-03832,single_band
TP-Link,Switch,SG108,AA:BB:F9:00:0F:F9,SN-Switch-03833,dual_band
Cisco,ONT,HG8145V5,AA:BB:FA:00:0F:FA,SN-ONT-03834,single_band
Huawei,ONU,G-140W-C,AA:BB:FB:00:0F:FB,SN-ONU-03835,dual_band
Nokia,Router,Archer C6,AA:BB:FC:00:0F:FC,SN-Router-03836,single_band
ZTE,Modem,MB8600,AA:BB:FD:00:0F:FD,SN-Modem-03837,dual_band
TP-Link,Access Point,EAP225,AA:BB:FE:00:0F:FE,SN-AccessPoint-03838,single_band
Cisco,Switch,SG108,AA:BB:FF:00:0F:FF,SN-Switch-03839,dual_band
Huawei,ONT,HG8145V5,AA:BB:00:00:0F:00,SN-ONT-03840,single_band
Nokia,ONU,G-140W-C,AA:BB:01:00:0F:01,SN-ONU-03841,dual_band
ZTE,Router,Archer C6,AA:BB:02:00:0F:02,SN-Router-03842,single_band
TP-Link,Modem,MB8600,AA:BB:03:00:0F:03,SN-Modem-03843,dual_band
Cisco,Access Point,EAP225,AA:BB:04:00:0F:04,SN-AccessPoint-03844,single_band
Huawei,Switch,SG108,AA:BB:05:00:0F:05,SN-Switch-03845,dual_band
Nokia,ONT,HG8145V5,AA:BB:06:00:0F:06,SN-ONT-03846,single_band
ZTE,ONU,G-140W-C,AA:BB:07:00:0F:07,SN-ONU-03847,dual_band
TP-Link,Router,Archer C6,AA:BB:08:00:0F:08,SN-Router-03848,single_band
Cisco,Modem,MB8600,AA:BB:09:00:0F:09,SN-Modem-03849,dual_band
Huawei,Access Point,EAP225,AA:BB:0A:00:0F:0A,SN-AccessPoint-03850,single_band
Nokia,Switch,SG108,AA:BB:0B:00:0F:0B,SN-Switch-03851,dual_band
ZTE,ONT,HG8145V5,AA:BB:0C:00:0F:0C,SN-ONT-03852,single_band
TP-Link,ONU,G-140W-C,AA:BB:0D:00:0F:0D,SN-ONU-03853,dual_band
Cisco,Router,Archer C6,AA:BB:0E:00:0F:0E,SN-Router-03854,single_band
Huawei,Modem,MB8600,AA:BB:0F:00:0F:0F,SN-Modem-03855,dual_band
Nokia,Access Point,EAP225,AA:BB:10:00:0F:10,SN-AccessPoint-03856,single_band
ZTE,Switch,SG108,AA:BB:11:00:0F:11,SN-Switch-03857,dual_band
TP-Link,ONT,HG8145V5,AA:BB:12:00:0F:12,SN-ONT-03858,single_band
Cisco,ONU,G-140W-C,AA:BB:13:00:0F:13,SN-ONU-03859,dual_band
Huawei,Router,Archer C6,AA:BB:14:00:0F:14,SN-Router-03860,single_band
Nokia,Modem,MB8600,AA:BB:15:00:0F:15,SN-Modem-03861,dual_band
ZTE,Access Point,EAP225,AA:BB:16:00:0F:16,SN-AccessPoint-03862,single_band
TP-Link,Switch,SG108,AA:BB:17:00:0F:17,SN-Switch-03863,dual_band
Cisco,ONT,HG8145V5,AA:BB:18:00:0F:18,SN-ONT-03864,single_band
Huawei,ONU,G-140W-C,AA:BB:19:00:0F:19,SN-ONU-03865,dual_band
Nokia,Router,Archer C6,AA:BB:1A:00:0F:1A,SN-Router-03866,single_band
ZTE,Modem,MB8600,AA:BB:1B:00:0F:1B,SN-Modem-03867,dual_band
TP-Link,Access Point,EAP225,AA:BB:1C:00:0F:1C,SN-AccessPoint-03868,single_band
Cisco,Switch,SG108,AA:BB:1D:00:0F:1D,SN-Switch-03869,dual_band
Huawei,ONT,HG8145V5,AA:BB:1E:00:0F:1E,SN-ONT-03870,single_band
Nokia,ONU,G-140W-C,AA:BB:1F:00:0F:1F,SN-ONU-03871,dual_band
ZTE,Router,Archer C6,AA:BB:20:00:0F:20,SN-Router-03872,single_band
TP-Link,Modem,MB8600,AA:BB:21:00:0F:21,SN-Modem-03873,dual_band
Cisco,Access Point,EAP225,AA:BB:22:00:0F:22,SN-AccessPoint-03874,single_band
Huawei,Switch,SG108,AA:BB:23:00:0F:23,SN-Switch-03875,dual_band
Nokia,ONT,HG8145V5,AA:BB:24:00:0F:24,SN-ONT-03876,single_band
ZTE,ONU,G-140W-C,AA:BB:25:00:0F:25,SN-ONU-03877,dual_band
TP-Link,Router,Archer C6,AA:BB:26:00:0F:26,SN-Router-03878,single_band
Cisco,Modem,MB8600,AA:BB:27:00:0F:27,SN-Modem-03879,dual_band
Huawei,Access Point,EAP225,AA:BB:28:00:0F:28,SN-AccessPoint-03880,single_band
Nokia,Switch,SG108,AA:BB:29:00:0F:29,SN-Switch-03881,dual_band
ZTE,ONT,HG8145V5,AA:BB:2A:00:0F:2A,SN-ONT-03882,single_band
TP-Link,ONU,G-140W-C,AA:BB:2B:00:0F:2B,SN-ONU-03883,dual_band
Cisco,Router,Archer C6,AA:BB:2C:00:0F:2C,SN-Router-03884,single_band
Huawei,Modem,MB8600,AA:BB:2D:00:0F:2D,SN-Modem-03885,dual_band
Nokia,Access Point,EAP225,AA:BB:2E:00:0F:2E,SN-AccessPoint-03886,single_band
ZTE,Switch,SG108,AA:BB:2F:00:0F:2F,SN-Switch-03887,dual_band
TP-Link,ONT,HG8145V5,AA:BB:30:00:0F:30,SN-ONT-03888,single_band
Cisco,ONU,G-140W-C,AA:BB:31:00:0F:31,SN-ONU-03889,dual_band
Huawei,Router,Archer C6,AA:BB:32:00:0F:32,SN-Router-03890,single_band
Nokia,Modem,MB8600,AA:BB:33:00:0F:33,SN-Modem-03891,dual_band
ZTE,Access Point,EAP225,AA:BB:34:00:0F:34,SN-AccessPoint-03892,single_band
TP-Link,Switch,SG108,AA:BB:35:00:0F:35,SN-Switch-03893,dual_band
Cisco,ONT,HG8145V5,AA:BB:36:00:0F:36,SN-ONT-03894,single_band
Huawei,ONU,G-140W-C,AA:BB:37:00:0F:37,SN-ONU-03895,dual_band
Nokia,Router,Archer C6,AA:BB:38:00:0F:38,SN-Router-03896,single_band
ZTE,Modem,MB8600,AA:BB:39:00:0F:39,SN-Modem-03897,dual_band
TP-Link,Access Point,EAP225,AA:BB:3A:00:0F:3A,SN-AccessPoint-03898,single_band
Cisco,Switch,SG108,AA:BB:3B:00:0F:3B,SN-Switch-03899,dual_band
Huawei,ONT,HG8145V5,AA:BB:3C:00:0F:3C,SN-ONT-03900,single_band
Nokia,ONU,G-140W-C,AA:BB:3D:00:0F:3D,SN-ONU-03901,dual_band
ZTE,Router,Archer C6,AA:BB:3E:00:0F:3E,SN-Router-03902,single_band
TP-Link,Modem,MB8600,AA:BB:3F:00:0F:3F,SN-Modem-03903,dual_band
Cisco,Access Point,EAP225,AA:BB:40:00:0F:40,SN-AccessPoint-03904,single_band
Huawei,Switch,SG108,AA:BB:41:00:0F:41,SN-Switch-03905,dual_band
Nokia,ONT,HG8145V5,AA:BB:42:00:0F:42,SN-ONT-03906,single_band
ZTE,ONU,G-140W-C,AA:BB:43:00:0F:43,SN-ONU-03907,dual_band
TP-Link,Router,Archer C6,AA:BB:44:00:0F:44,SN-Router-03908,single_band
Cisco,Modem,MB8600,AA:BB:45:00:0F:45,SN-Modem-03909,dual_band
Huawei,Access Point,EAP225,AA:BB:46:00:0F:46,SN-AccessPoint-03910,single_band
Nokia,Switch,SG108,AA:BB:47:00:0F:47,SN-Switch-03911,dual_band
ZTE,ONT,HG8145V5,AA:BB:48:00:0F:48,SN-ONT-03912,single_band
TP-Link,ONU,G-140W-C,AA:BB:49:00:0F:49,SN-ONU-03913,dual_band
Cisco,Router,Archer C6,AA:BB:4A:00:0F:4A,SN-Router-03914,single_band
Huawei,Modem,MB8600,AA:BB:4B:00:0F:4B,SN-Modem-03915,dual_band
Nokia,Access Point,EAP225,AA:BB:4C:00:0F:4C,SN-AccessPoint-03916,single_band
ZTE,Switch,SG108,AA:BB:4D:00:0F:4D,SN-Switch-03917,dual_band
TP-Link,ONT,HG8145V5,AA:BB:4E:00:0F:4E,SN-ONT-03918,single_band
Cisco,ONU,G-140W-C,AA:BB:4F:00:0F:4F,SN-ONU-03919,dual_band
Huawei,Router,Archer C6,AA:BB:50:00:0F:50,SN-Router-03920,single_band
Nokia,Modem,MB8600,AA:BB:51:00:0F:51,SN-Modem-03921,dual_band
ZTE,Access Point,EAP225,AA:BB:52:00:0F:52,SN-AccessPoint-03922,single_band
TP-Link,Switch,SG108,AA:BB:53:00:0F:53,SN-Switch-03923,dual_band
Cisco,ONT,HG8145V5,AA:BB:54:00:0F:54,SN-ONT-03924,single_band
Huawei,ONU,G-140W-C,AA:BB:55:00:0F:55,SN-ONU-03925,dual_band
Nokia,Router,Archer C6,AA:BB:56:00:0F:56,SN-Router-03926,single_band
ZTE,Modem,MB8600,AA:BB:57:00:0F:57,SN-Modem-03927,dual_band
TP-Link,Access Point,EAP225,AA:BB:58:00:0F:58,SN-AccessPoint-03928,single_band
Cisco,Switch,SG108,AA:BB:59:00:0F:59,SN-Switch-03929,dual_band
Huawei,ONT,HG8145V5,AA:BB:5A:00:0F:5A,SN-ONT-03930,single_band
Nokia,ONU,G-140W-C,AA:BB:5B:00:0F:5B,SN-ONU-03931,dual_band
ZTE,Router,Archer C6,AA:BB:5C:00:0F:5C,SN-Router-03932,single_band
TP-Link,Modem,MB8600,AA:BB:5D:00:0F:5D,SN-Modem-03933,dual_band
Cisco,Access Point,EAP225,AA:BB:5E:00:0F:5E,SN-AccessPoint-03934,single_band
Huawei,Switch,SG108,AA:BB:5F:00:0F:5F,SN-Switch-03935,dual_band
Nokia,ONT,HG8145V5,AA:BB:60:00:0F:60,SN-ONT-03936,single_band
ZTE,ONU,G-140W-C,AA:BB:61:00:0F:61,SN-ONU-03937,dual_band
TP-Link,Router,Archer C6,AA:BB:62:00:0F:62,SN-Router-03938,single_band
Cisco,Modem,MB8600,AA:BB:63:00:0F:63,SN-Modem-03939,dual_band
Huawei,Access Point,EAP225,AA:BB:64:00:0F:64,SN-AccessPoint-03940,single_band
Nokia,Switch,SG108,AA:BB:65:00:0F:65,SN-Switch-03941,dual_band
ZTE,ONT,HG8145V5,AA:BB:66:00:0F:66,SN-ONT-03942,single_band
TP-Link,ONU,G-140W-C,AA:BB:67:00:0F:67,SN-ONU-03943,dual_band
Cisco,Router,Archer C6,AA:BB:68:00:0F:68,SN-Router-03944,single_band
Huawei,Modem,MB8600,AA:BB:69:00:0F:69,SN-Modem-03945,dual_band
Nokia,Access Point,EAP225,AA:BB:6A:00:0F:6A,SN-AccessPoint-03946,single_band
ZTE,Switch,SG108,AA:BB:6B:00:0F:6B,SN-Switch-03947,dual_band
TP-Link,ONT,HG8145V5,AA:BB:6C:00:0F:6C,SN-ONT-03948,single_band
Cisco,ONU,G-140W-C,AA:BB:6D:00:0F:6D,SN-ONU-03949,dual_band
Huawei,Router,Archer C6,AA:BB:6E:00:0F:6E,SN-Router-03950,single_band
Nokia,Modem,MB8600,AA:BB:6F:00:0F:6F,SN-Modem-03951,dual_band
ZTE,Access Point,EAP225,AA:BB:70:00:0F:70,SN-AccessPoint-03952,single_band
TP-Link,Switch,SG108,AA:BB:71:00:0F:71,SN-Switch-03953,dual_band
Cisco,ONT,HG8145V5,AA:BB:72:00:0F:72,SN-ONT-03954,single_band
Huawei,ONU,G-140W-C,AA:BB:73:00:0F:73,SN-ONU-03955,dual_band
Nokia,Router,Archer C6,AA:BB:74:00:0F:74,SN-Router-03956,single_band
ZTE,Modem,MB8600,AA:BB:75:00:0F:75,SN-Modem-03957,dual_band
TP-Link,Access Point,EAP225,AA:BB:76:00:0F:76,SN-AccessPoint-03958,single_band
Cisco,Switch,SG108,AA:BB:77:00:0F:77,SN-Switch-03959,dual_band
Huawei,ONT,HG8145V5,AA:BB:78:00:0F:78,SN-ONT-03960,single_band
Nokia,ONU,G-140W-C,AA:BB:79:00:0F:79,SN-ONU-03961,dual_band
ZTE,Router,Archer C6,AA:BB:7A:00:0F:7A,SN-Router-03962,single_band
TP-Link,Modem,MB8600,AA:BB:7B:00:0F:7B,SN-Modem-03963,dual_band
Cisco,Access Point,EAP225,AA:BB:7C:00:0F:7C,SN-AccessPoint-03964,single_band
Huawei,Switch,SG108,AA:BB:7D:00:0F:7D,SN-Switch-03965,dual_band
Nokia,ONT,HG8145V5,AA:BB:7E:00:0F:7E,SN-ONT-03966,single_band
ZTE,ONU,G-140W-C,AA:BB:7F:00:0F:7F,SN-ONU-03967,dual_band
TP-Link,Router,Archer C6,AA:BB:80:00:10:80,SN-Router-03968,single_band
Cisco,Modem,MB8600,AA:BB:81:00:10:81,SN-Modem-03969,dual_band
Huawei,Access Point,EAP225,AA:BB:82:00:10:82,SN-AccessPoint-03970,single_band
Nokia,Switch,SG108,AA:BB:83:00:10:83,SN-Switch-03971,dual_band
ZTE,ONT,HG8145V5,AA:BB:84:00:10:84,SN-ONT-03972,single_band
TP-Link,ONU,G-140W-C,AA:BB:85:00:10:85,SN-ONU-03973,dual_band
Cisco,Router,Archer C6,AA:BB:86:00:10:86,SN-Router-03974,single_band
Huawei,Modem,MB8600,AA:BB:87:00:10:87,SN-Modem-03975,dual_band
Nokia,Access Point,EAP225,AA:BB:88:00:10:88,SN-AccessPoint-03976,single_band
ZTE,Switch,SG108,AA:BB:89:00:10:89,SN-Switch-03977,dual_band
TP-Link,ONT,HG8145V5,AA:BB:8A:00:10:8A,SN-ONT-03978,single_band
Cisco,ONU,G-140W-C,AA:BB:8B:00:10:8B,SN-ONU-03979,dual_band
Huawei,Router,Archer C6,AA:BB:8C:00:10:8C,SN-Router-03980,single_band
Nokia,Modem,MB8600,AA:BB:8D:00:10:8D,SN-Modem-03981,dual_band
ZTE,Access Point,EAP225,AA:BB:8E:00:10:8E,SN-AccessPoint-03982,single_band
TP-Link,Switch,SG108,AA:BB:8F:00:10:8F,SN-Switch-03983,dual_band
Cisco,ONT,HG8145V5,AA:BB:90:00:10:90,SN-ONT-03984,single_band
Huawei,ONU,G-140W-C,AA:BB:91:00:10:91,SN-ONU-03985,dual_band
Nokia,Router,Archer C6,AA:BB:92:00:10:92,SN-Router-03986,single_band
ZTE,Modem,MB8600,AA:BB:93:00:10:93,SN-Modem-03987,dual_band
TP-Link,Access Point,EAP225,AA:BB:94:00:10:94,SN-AccessPoint-03988,single_band
Cisco,Switch,SG108,AA:BB:95:00:10:95,SN-Switch-03989,dual_band
Huawei,ONT,HG8145V5,AA:BB:96:00:10:96,SN-ONT-03990,single_band
Nokia,ONU,G-140W-C,AA:BB:97:00:10:97,SN-ONU-03991,dual_band
ZTE,Router,Archer C6,AA:BB:98:00:10:98,SN-Router-03992,single_band
TP-Link,Modem,MB8600,AA:BB:99:00:10:99,SN-Modem-03993,dual_band
Cisco,Access Point,EAP225,AA:BB:9A:00:10:9A,SN-AccessPoint-03994,single_band
Huawei,Switch,SG108,AA:BB:9B:00:10:9B,SN-Switch-03995,dual_band
Nokia,ONT,HG8145V5,AA:BB:9C:00:10:9C,SN-ONT-03996,single_band
ZTE,ONU,G-140W-C,AA:BB:9D:00:10:9D,SN-ONU-03997,dual_band
TP-Link,Router,Archer C6,AA:BB:9E:00:10:9E,SN-Router-03998,single_band
Cisco,Modem,MB8600,AA:BB:9F:00:10:9F,SN-Modem-03999,dual_band
Huawei,Access Point,EAP225,AA:BB:A0:00:10:A0,SN-AccessPoint-04000,single_band
Nokia,Switch,SG108,AA:BB:A1:00:10:A1,SN-Switch-04001,dual_band
ZTE,ONT,HG8145V5,AA:BB:A2:00:10:A2,SN-ONT-04002,single_band
TP-Link,ONU,G-140W-C,AA:BB:A3:00:10:A3,SN-ONU-04003,dual_band
Cisco,Router,Archer C6,AA:BB:A4:00:10:A4,SN-Router-04004,single_band
Huawei,Modem,MB8600,AA:BB:A5:00:10:A5,SN-Modem-04005,dual_band
Nokia,Access Point,EAP225,AA:BB:A6:00:10:A6,SN-AccessPoint-04006,single_band
ZTE,Switch,SG108,AA:BB:A7:00:10:A7,SN-Switch-04007,dual_band
TP-Link,ONT,HG8145V5,AA:BB:A8:00:10:A8,SN-ONT-04008,single_band
Cisco,ONU,G-140W-C,AA:BB:A9:00:10:A9,SN-ONU-04009,dual_band
Huawei,Router,Archer C6,AA:BB:AA:00:10:AA,SN-Router-04010,single_band
Nokia,Modem,MB8600,AA:BB:AB:00:10:AB,SN-Modem-04011,dual_band
ZTE,Access Point,EAP225,AA:BB:AC:00:10:AC,SN-AccessPoint-04012,single_band
TP-Link,Switch,SG108,AA:BB:AD:00:10:AD,SN-Switch-04013,dual_band
Cisco,ONT,HG8145V5,AA:BB:AE:00:10:AE,SN-ONT-04014,single_band
Huawei,ONU,G-140W-C,AA:BB:AF:00:10:AF,SN-ONU-04015,dual_band
Nokia,Router,Archer C6,AA:BB:B0:00:10:B0,SN-Router-04016,single_band
ZTE,Modem,MB8600,AA:BB:B1:00:10:B1,SN-Modem-04017,dual_band
TP-Link,Access Point,EAP225,AA:BB:B2:00:10:B2,SN-AccessPoint-04018,single_band
Cisco,Switch,SG108,AA:BB:B3:00:10:B3,SN-Switch-04019,dual_band
Huawei,ONT,HG8145V5,AA:BB:B4:00:10:B4,SN-ONT-04020,single_band
Nokia,ONU,G-140W-C,AA:BB:B5:00:10:B5,SN-ONU-04021,dual_band
ZTE,Router,Archer C6,AA:BB:B6:00:10:B6,SN-Router-04022,single_band
TP-Link,Modem,MB8600,AA:BB:B7:00:10:B7,SN-Modem-04023,dual_band
Cisco,Access Point,EAP225,AA:BB:B8:00:10:B8,SN-AccessPoint-04024,single_band
Huawei,Switch,SG108,AA:BB:B9:00:10:B9,SN-Switch-04025,dual_band
Nokia,ONT,HG8145V5,AA:BB:BA:00:10:BA,SN-ONT-04026,single_band
ZTE,ONU,G-140W-C,AA:BB:BB:00:10:BB,SN-ONU-04027,dual_band
TP-Link,Router,Archer C6,AA:BB:BC:00:10:BC,SN-Router-04028,single_band
Cisco,Modem,MB8600,AA:BB:BD:00:10:BD,SN-Modem-04029,dual_band
Huawei,Access Point,EAP225,AA:BB:BE:00:10:BE,SN-AccessPoint-04030,single_band
Nokia,Switch,SG108,AA:BB:BF:00:10:BF,SN-Switch-04031,dual_band
ZTE,ONT,HG8145V5,AA:BB:C0:00:10:C0,SN-ONT-04032,single_band
TP-Link,ONU,G-140W-C,AA:BB:C1:00:10:C1,SN-ONU-04033,dual_band
Cisco,Router,Archer C6,AA:BB:C2:00:10:C2,SN-Router-04034,single_band
Huawei,Modem,MB8600,AA:BB:C3:00:10:C3,SN-Modem-04035,dual_band
Nokia,Access Point,EAP225,AA:BB:C4:00:10:C4,SN-AccessPoint-04036,single_band
ZTE,Switch,SG108,AA:BB:C5:00:10:C5,SN-Switch-04037,dual_band
TP-Link,ONT,HG8145V5,AA:BB:C6:00:10:C6,SN-ONT-04038,single_band
Cisco,ONU,G-140W-C,AA:BB:C7:00:10:C7,SN-ONU-04039,dual_band
Huawei,Router,Archer C6,AA:BB:C8:00:10:C8,SN-Router-04040,single_band
Nokia,Modem,MB8600,AA:BB:C9:00:10:C9,SN-Modem-04041,dual_band
ZTE,Access Point,EAP225,AA:BB:CA:00:10:CA,SN-AccessPoint-04042,single_band
TP-Link,Switch,SG108,AA:BB:CB:00:10:CB,SN-Switch-04043,dual_band
Cisco,ONT,HG8145V5,AA:BB:CC:00:10:CC,SN-ONT-04044,single_band
Huawei,ONU,G-140W-C,AA:BB:CD:00:10:CD,SN-ONU-04045,dual_band
Nokia,Router,Archer C6,AA:BB:CE:00:10:CE,SN-Router-04046,single_band
ZTE,Modem,MB8600,AA:BB:CF:00:10:CF,SN-Modem-04047,dual_band
TP-Link,Access Point,EAP225,AA:BB:D0:00:10:D0,SN-AccessPoint-04048,single_band
Cisco,Switch,SG108,AA:BB:D1:00:10:D1,SN-Switch-04049,dual_band
Huawei,ONT,HG8145V5,AA:BB:D2:00:10:D2,SN-ONT-04050,single_band
Nokia,ONU,G-140W-C,AA:BB:D3:00:10:D3,SN-ONU-04051,dual_band
ZTE,Router,Archer C6,AA:BB:D4:00:10:D4,SN-Router-04052,single_band
TP-Link,Modem,MB8600,AA:BB:D5:00:10:D5,SN-Modem-04053,dual_band
Cisco,Access Point,EAP225,AA:BB:D6:00:10:D6,SN-AccessPoint-04054,single_band
Huawei,Switch,SG108,AA:BB:D7:00:10:D7,SN-Switch-04055,dual_band
Nokia,ONT,HG8145V5,AA:BB:D8:00:10:D8,SN-ONT-04056,single_band
ZTE,ONU,G-140W-C,AA:BB:D9:00:10:D9,SN-ONU-04057,dual_band
TP-Link,Router,Archer C6,AA:BB:DA:00:10:DA,SN-Router-04058,single_band
Cisco,Modem,MB8600,AA:BB:DB:00:10:DB,SN-Modem-04059,dual_band
Huawei,Access Point,EAP225,AA:BB:DC:00:10:DC,SN-AccessPoint-04060,single_band
Nokia,Switch,SG108,AA:BB:DD:00:10:DD,SN-Switch-04061,dual_band
ZTE,ONT,HG8145V5,AA:BB:DE:00:10:DE,SN-ONT-04062,single_band
TP-Link,ONU,G-140W-C,AA:BB:DF:00:10:DF,SN-ONU-04063,dual_band
Cisco,Router,Archer C6,AA:BB:E0:00:10:E0,SN-Router-04064,single_band
Huawei,Modem,MB8600,AA:BB:E1:00:10:E1,SN-Modem-04065,dual_band
Nokia,Access Point,EAP225,AA:BB:E2:00:10:E2,SN-AccessPoint-04066,single_band
ZTE,Switch,SG108,AA:BB:E3:00:10:E3,SN-Switch-04067,dual_band
TP-Link,ONT,HG8145V5,AA:BB:E4:00:10:E4,SN-ONT-04068,single_band
Cisco,ONU,G-140W-C,AA:BB:E5:00:10:E5,SN-ONU-04069,dual_band
Huawei,Router,Archer C6,AA:BB:E6:00:10:E6,SN-Router-04070,single_band
Nokia,Modem,MB8600,AA:BB:E7:00:10:E7,SN-Modem-04071,dual_band
ZTE,Access Point,EAP225,AA:BB:E8:00:10:E8,SN-AccessPoint-04072,single_band
TP-Link,Switch,SG108,AA:BB:E9:00:10:E9,SN-Switch-04073,dual_band
Cisco,ONT,HG8145V5,AA:BB:EA:00:10:EA,SN-ONT-04074,single_band
Huawei,ONU,G-140W-C,AA:BB:EB:00:10:EB,SN-ONU-04075,dual_band
Nokia,Router,Archer C6,AA:BB:EC:00:10:EC,SN-Router-04076,single_band
ZTE,Modem,MB8600,AA:BB:ED:00:10:ED,SN-Modem-04077,dual_band
TP-Link,Access Point,EAP225,AA:BB:EE:00:10:EE,SN-AccessPoint-04078,single_band
Cisco,Switch,SG108,AA:BB:EF:00:10:EF,SN-Switch-04079,dual_band
Huawei,ONT,HG8145V5,AA:BB:F0:00:10:F0,SN-ONT-04080,single_band
Nokia,ONU,G-140W-C,AA:BB:F1:00:10:F1,SN-ONU-04081,dual_band
ZTE,Router,Archer C6,AA:BB:F2:00:10:F2,SN-Router-04082,single_band
TP-Link,Modem,MB8600,AA:BB:F3:00:10:F3,SN-Modem-04083,dual_band
Cisco,Access Point,EAP225,AA:BB:F4:00:10:F4,SN-AccessPoint-04084,single_band
Huawei,Switch,SG108,AA:BB:F5:00:10:F5,SN-Switch-04085,dual_band
Nokia,ONT,HG8145V5,AA:BB:F6:00:10:F6,SN-ONT-04086,single_band
ZTE,ONU,G-140W-C,AA:BB:F7:00:10:F7,SN-ONU-04087,dual_band
TP-Link,Router,Archer C6,AA:BB:F8:00:10:F8,SN-Router-04088,single_band
Cisco,Modem,MB8600,AA:BB:F9:00:10:F9,SN-Modem-04089,dual_band
Huawei,Access Point,EAP225,AA:BB:FA:00:10:FA,SN-AccessPoint-04090,single_band
Nokia,Switch,SG108,AA:BB:FB:00:10:FB,SN-Switch-04091,dual_band
ZTE,ONT,HG8145V5,AA:BB:FC:00:10:FC,SN-ONT-04092,single_band
TP-Link,ONU,G-140W-C,AA:BB:FD:00:10:FD,SN-ONU-04093,dual_band
Cisco,Router,Archer C6,AA:BB:FE:00:10:FE,SN-Router-04094,single_band
Huawei,Modem,MB8600,AA:BB:FF:00:10:FF,SN-Modem-04095,dual_band
Nokia,Access Point,EAP225,AA:BB:00:00:10:00,SN-AccessPoint-04096,single_band
ZTE,Switch,SG108,AA:BB:01:00:10:01,SN-Switch-04097,dual_band
TP-Link,ONT,HG8145V5,AA:BB:02:00:10:02,SN-ONT-04098,single_band
Cisco,ONU,G-140W-C,AA:BB:03:00:10:03,SN-ONU-04099,dual_band
Huawei,Router,Archer C6,AA:BB:04:00:10:04,SN-Router-04100,single_band
Nokia,Modem,MB8600,AA:BB:05:00:10:05,SN-Modem-04101,dual_band
ZTE,Access Point,EAP225,AA:BB:06:00:10:06,SN-AccessPoint-04102,single_band
TP-Link,Switch,SG108,AA:BB:07:00:10:07,SN-Switch-04103,dual_band
Cisco,ONT,HG8145V5,AA:BB:08:00:10:08,SN-ONT-04104,single_band
Huawei,ONU,G-140W-C,AA:BB:09:00:10:09,SN-ONU-04105,dual_band
Nokia,Router,Archer C6,AA:BB:0A:00:10:0A,SN-Router-04106,single_band
ZTE,Modem,MB8600,AA:BB:0B:00:10:0B,SN-Modem-04107,dual_band
TP-Link,Access Point,EAP225,AA:BB:0C:00:10:0C,SN-AccessPoint-04108,single_band
Cisco,Switch,SG108,AA:BB:0D:00:10:0D,SN-Switch-04109,dual_band
Huawei,ONT,HG8145V5,AA:BB:0E:00:10:0E,SN-ONT-04110,single_band
Nokia,ONU,G-140W-C,AA:BB:0F:00:10:0F,SN-ONU-04111,dual_band
ZTE,Router,Archer C6,AA:BB:10:00:10:10,SN-Router-04112,single_band
TP-Link,Modem,MB8600,AA:BB:11:00:10:11,SN-Modem-04113,dual_band
Cisco,Access Point,EAP225,AA:BB:12:00:10:12,SN-AccessPoint-04114,single_band
Huawei,Switch,SG108,AA:BB:13:00:10:13,SN-Switch-04115,dual_band
Nokia,ONT,HG8145V5,AA:BB:14:00:10:14,SN-ONT-04116,single_band
ZTE,ONU,G-140W-C,AA:BB:15:00:10:15,SN-ONU-04117,dual_band
TP-Link,Router,Archer C6,AA:BB:16:00:10:16,SN-Router-04118,single_band
Cisco,Modem,MB8600,AA:BB:17:00:10:17,SN-Modem-04119,dual_band
Huawei,Access Point,EAP225,AA:BB:18:00:10:18,SN-AccessPoint-04120,single_band
Nokia,Switch,SG108,AA:BB:19:00:10:19,SN-Switch-04121,dual_band
ZTE,ONT,HG8145V5,AA:BB:1A:00:10:1A,SN-ONT-04122,single_band
TP-Link,ONU,G-140W-C,AA:BB:1B:00:10:1B,SN-ONU-04123,dual_band
Cisco,Router,Archer C6,AA:BB:1C:00:10:1C,SN-Router-04124,single_band
Huawei,Modem,MB8600,AA:BB:1D:00:10:1D,SN-Modem-04125,dual_band
Nokia,Access Point,EAP225,AA:BB:1E:00:10:1E,SN-AccessPoint-04126,single_band
ZTE,Switch,SG108,AA:BB:1F:00:10:1F,SN-Switch-04127,dual_band
TP-Link,ONT,HG8145V5,AA:BB:20:00:10:20,SN-ONT-04128,single_band
Cisco,ONU,G-140W-C,AA:BB:21:00:10:21,SN-ONU-04129,dual_band
Huawei,Router,Archer C6,AA:BB:22:00:10:22,SN-Router-04130,single_band
Nokia,Modem,MB8600,AA:BB:23:00:10:23,SN-Modem-04131,dual_band
ZTE,Access Point,EAP225,AA:BB:24:00:10:24,SN-AccessPoint-04132,single_band
TP-Link,Switch,SG108,AA:BB:25:00:10:25,SN-Switch-04133,dual_band
Cisco,ONT,HG8145V5,AA:BB:26:00:10:26,SN-ONT-04134,single_band
Huawei,ONU,G-140W-C,AA:BB:27:00:10:27,SN-ONU-04135,dual_band
Nokia,Router,Archer C6,AA:BB:28:00:10:28,SN-Router-04136,single_band
ZTE,Modem,MB8600,AA:BB:29:00:10:29,SN-Modem-04137,dual_band
TP-Link,Access Point,EAP225,AA:BB:2A:00:10:2A,SN-AccessPoint-04138,single_band
Cisco,Switch,SG108,AA:BB:2B:00:10:2B,SN-Switch-04139,dual_band
Huawei,ONT,HG8145V5,AA:BB:2C:00:10:2C,SN-ONT-04140,single_band
Nokia,ONU,G-140W-C,AA:BB:2D:00:10:2D,SN-ONU-04141,dual_band
ZTE,Router,Archer C6,AA:BB:2E:00:10:2E,SN-Router-04142,single_band
TP-Link,Modem,MB8600,AA:BB:2F:00:10:2F,SN-Modem-04143,dual_band
Cisco,Access Point,EAP225,AA:BB:30:00:10:30,SN-AccessPoint-04144,single_band
Huawei,Switch,SG108,AA:BB:31:00:10:31,SN-Switch-04145,dual_band
Nokia,ONT,HG8145V5,AA:BB:32:00:10:32,SN-ONT-04146,single_band
ZTE,ONU,G-140W-C,AA:BB:33:00:10:33,SN-ONU-04147,dual_band
TP-Link,Router,Archer C6,AA:BB:34:00:10:34,SN-Router-04148,single_band
Cisco,Modem,MB8600,AA:BB:35:00:10:35,SN-Modem-04149,dual_band
Huawei,Access Point,EAP225,AA:BB:36:00:10:36,SN-AccessPoint-04150,single_band
Nokia,Switch,SG108,AA:BB:37:00:10:37,SN-Switch-04151,dual_band
ZTE,ONT,HG8145V5,AA:BB:38:00:10:38,SN-ONT-04152,single_band
TP-Link,ONU,G-140W-C,AA:BB:39:00:10:39,SN-ONU-04153,dual_band
Cisco,Router,Archer C6,AA:BB:3A:00:10:3A,SN-Router-04154,single_band
Huawei,Modem,MB8600,AA:BB:3B:00:10:3B,SN-Modem-04155,dual_band
Nokia,Access Point,EAP225,AA:BB:3C:00:10:3C,SN-AccessPoint-04156,single_band
ZTE,Switch,SG108,AA:BB:3D:00:10:3D,SN-Switch-04157,dual_band
TP-Link,ONT,HG8145V5,AA:BB:3E:00:10:3E,SN-ONT-04158,single_band
Cisco,ONU,G-140W-C,AA:BB:3F:00:10:3F,SN-ONU-04159,dual_band
Huawei,Router,Archer C6,AA:BB:40:00:10:40,SN-Router-04160,single_band
Nokia,Modem,MB8600,AA:BB:41:00:10:41,SN-Modem-04161,dual_band
ZTE,Access Point,EAP225,AA:BB:42:00:10:42,SN-AccessPoint-04162,single_band
TP-Link,Switch,SG108,AA:BB:43:00:10:43,SN-Switch-04163,dual_band
Cisco,ONT,HG8145V5,AA:BB:44:00:10:44,SN-ONT-04164,single_band
Huawei,ONU,G-140W-C,AA:BB:45:00:10:45,SN-ONU-04165,dual_band
Nokia,Router,Archer C6,AA:BB:46:00:10:46,SN-Router-04166,single_band
ZTE,Modem,MB8600,AA:BB:47:00:10:47,SN-Modem-04167,dual_band
TP-Link,Access Point,EAP225,AA:BB:48:00:10:48,SN-AccessPoint-04168,single_band
Cisco,Switch,SG108,AA:BB:49:00:10:49,SN-Switch-04169,dual_band
Huawei,ONT,HG8145V5,AA:BB:4A:00:10:4A,SN-ONT-04170,single_band
Nokia,ONU,G-140W-C,AA:BB:4B:00:10:4B,SN-ONU-04171,dual_band
ZTE,Router,Archer C6,AA:BB:4C:00:10:4C,SN-Router-04172,single_band
TP-Link,Modem,MB8600,AA:BB:4D:00:10:4D,SN-Modem-04173,dual_band
Cisco,Access Point,EAP225,AA:BB:4E:00:10:4E,SN-AccessPoint-04174,single_band
Huawei,Switch,SG108,AA:BB:4F:00:10:4F,SN-Switch-04175,dual_band
Nokia,ONT,HG8145V5,AA:BB:50:00:10:50,SN-ONT-04176,single_band
ZTE,ONU,G-140W-C,AA:BB:51:00:10:51,SN-ONU-04177,dual_band
TP-Link,Router,Archer C6,AA:BB:52:00:10:52,SN-Router-04178,single_band
Cisco,Modem,MB8600,AA:BB:53:00:10:53,SN-Modem-04179,dual_band
Huawei,Access Point,EAP225,AA:BB:54:00:10:54,SN-AccessPoint-04180,single_band
Nokia,Switch,SG108,AA:BB:55:00:10:55,SN-Switch-04181,dual_band
ZTE,ONT,HG8145V5,AA:BB:56:00:10:56,SN-ONT-04182,single_band
TP-Link,ONU,G-140W-C,AA:BB:57:00:10:57,SN-ONU-04183,dual_band
Cisco,Router,Archer C6,AA:BB:58:00:10:58,SN-Router-04184,single_band
Huawei,Modem,MB8600,AA:BB:59:00:10:59,SN-Modem-04185,dual_band
Nokia,Access Point,EAP225,AA:BB:5A:00:10:5A,SN-AccessPoint-04186,single_band
ZTE,Switch,SG108,AA:BB:5B:00:10:5B,SN-Switch-04187,dual_band
TP-Link,ONT,HG8145V5,AA:BB:5C:00:10:5C,SN-ONT-04188,single_band
Cisco,ONU,G-140W-C,AA:BB:5D:00:10:5D,SN-ONU-04189,dual_band
Huawei,Router,Archer C6,AA:BB:5E:00:10:5E,SN-Router-04190,single_band
Nokia,Modem,MB8600,AA:BB:5F:00:10:5F,SN-Modem-04191,dual_band
ZTE,Access Point,EAP225,AA:BB:60:00:10:60,SN-AccessPoint-04192,single_band
TP-Link,Switch,SG108,AA:BB:61:00:10:61,SN-Switch-04193,dual_band
Cisco,ONT,HG8145V5,AA:BB:62:00:10:62,SN-ONT-04194,single_band
Huawei,ONU,G-140W-C,AA:BB:63:00:10:63,SN-ONU-04195,dual_band
Nokia,Router,Archer C6,AA:BB:64:00:10:64,SN-Router-04196,single_band
ZTE,Modem,MB8600,AA:BB:65:00:10:65,SN-Modem-04197,dual_band
TP-Link,Access Point,EAP225,AA:BB:66:00:10:66,SN-AccessPoint-04198,single_band
Cisco,Switch,SG108,AA:BB:67:00:10:67,SN-Switch-04199,dual_band
Huawei,ONT,HG8145V5,AA:BB:68:00:10:68,SN-ONT-04200,single_band
Nokia,ONU,G-140W-C,AA:BB:69:00:10:69,SN-ONU-04201,dual_band
ZTE,Router,Archer C6,AA:BB:6A:00:10:6A,SN-Router-04202,single_band
TP-Link,Modem,MB8600,AA:BB:6B:00:10:6B,SN-Modem-04203,dual_band
Cisco,Access Point,EAP225,AA:BB:6C:00:10:6C,SN-AccessPoint-04204,single_band
Huawei,Switch,SG108,AA:BB:6D:00:10:6D,SN-Switch-04205,dual_band
Nokia,ONT,HG8145V5,AA:BB:6E:00:10:6E,SN-ONT-04206,single_band
ZTE,ONU,G-140W-C,AA:BB:6F:00:10:6F,SN-ONU-04207,dual_band
TP-Link,Router,Archer C6,AA:BB:70:00:10:70,SN-Router-04208,single_band
Cisco,Modem,MB8600,AA:BB:71:00:10:71,SN-Modem-04209,dual_band
Huawei,Access Point,EAP225,AA:BB:72:00:10:72,SN-AccessPoint-04210,single_band
Nokia,Switch,SG108,AA:BB:73:00:10:73,SN-Switch-04211,dual_band
ZTE,ONT,HG8145V5,AA:BB:74:00:10:74,SN-ONT-04212,single_band
TP-Link,ONU,G-140W-C,AA:BB:75:00:10:75,SN-ONU-04213,dual_band
Cisco,Router,Archer C6,AA:BB:76:00:10:76,SN-Router-04214,single_band
Huawei,Modem,MB8600,AA:BB:77:00:10:77,SN-Modem-04215,dual_band
Nokia,Access Point,EAP225,AA:BB:78:00:10:78,SN-AccessPoint-04216,single_band
ZTE,Switch,SG108,AA:BB:79:00:10:79,SN-Switch-04217,dual_band
TP-Link,ONT,HG8145V5,AA:BB:7A:00:10:7A,SN-ONT-04218,single_band
Cisco,ONU,G-140W-C,AA:BB:7B:00:10:7B,SN-ONU-04219,dual_band
Huawei,Router,Archer C6,AA:BB:7C:00:10:7C,SN-Router-04220,single_band
Nokia,Modem,MB8600,AA:BB:7D:00:10:7D,SN-Modem-04221,dual_band
ZTE,Access Point,EAP225,AA:BB:7E:00:10:7E,SN-AccessPoint-04222,single_band
TP-Link,Switch,SG108,AA:BB:7F:00:10:7F,SN-Switch-04223,dual_band
Cisco,ONT,HG8145V5,AA:BB:80:00:10:80,SN-ONT-04224,single_band
Huawei,ONU,G-140W-C,AA:BB:81:00:11:81,SN-ONU-04225,dual_band
Nokia,Router,Archer C6,AA:BB:82:00:11:82,SN-Router-04226,single_band
ZTE,Modem,MB8600,AA:BB:83:00:11:83,SN-Modem-04227,dual_band
TP-Link,Access Point,EAP225,AA:BB:84:00:11:84,SN-AccessPoint-04228,single_band
Cisco,Switch,SG108,AA:BB:85:00:11:85,SN-Switch-04229,dual_band
Huawei,ONT,HG8145V5,AA:BB:86:00:11:86,SN-ONT-04230,single_band
Nokia,ONU,G-140W-C,AA:BB:87:00:11:87,SN-ONU-04231,dual_band
ZTE,Router,Archer C6,AA:BB:88:00:11:88,SN-Router-04232,single_band
TP-Link,Modem,MB8600,AA:BB:89:00:11:89,SN-Modem-04233,dual_band
Cisco,Access Point,EAP225,AA:BB:8A:00:11:8A,SN-AccessPoint-04234,single_band
Huawei,Switch,SG108,AA:BB:8B:00:11:8B,SN-Switch-04235,dual_band
Nokia,ONT,HG8145V5,AA:BB:8C:00:11:8C,SN-ONT-04236,single_band
ZTE,ONU,G-140W-C,AA:BB:8D:00:11:8D,SN-ONU-04237,dual_band
TP-Link,Router,Archer C6,AA:BB:8E:00:11:8E,SN-Router-04238,single_band
Cisco,Modem,MB8600,AA:BB:8F:00:11:8F,SN-Modem-04239,dual_band
Huawei,Access Point,EAP225,AA:BB:90:00:11:90,SN-AccessPoint-04240,single_band
Nokia,Switch,SG108,AA:BB:91:00:11:91,SN-Switch-04241,dual_band
ZTE,ONT,HG8145V5,AA:BB:92:00:11:92,SN-ONT-04242,single_band
TP-Link,ONU,G-140W-C,AA:BB:93:00:11:93,SN-ONU-04243,dual_band
Cisco,Router,Archer C6,AA:BB:94:00:11:94,SN-Router-04244,single_band
Huawei,Modem,MB8600,AA:BB:95:00:11:95,SN-Modem-04245,dual_band
Nokia,Access Point,EAP225,AA:BB:96:00:11:96,SN-AccessPoint-04246,single_band
ZTE,Switch,SG108,AA:BB:97:00:11:97,SN-Switch-04247,dual_band
TP-Link,ONT,HG8145V5,AA:BB:98:00:11:98,SN-ONT-04248,single_band
Cisco,ONU,G-140W-C,AA:BB:99:00:11:99,SN-ONU-04249,dual_band
Huawei,Router,Archer C6,AA:BB:9A:00:11:9A,SN-Router-04250,single_band
Nokia,Modem,MB8600,AA:BB:9B:00:11:9B,SN-Modem-04251,dual_band
ZTE,Access Point,EAP225,AA:BB:9C:00:11:9C,SN-AccessPoint-04252,single_band
TP-Link,Switch,SG108,AA:BB:9D:00:11:9D,SN-Switch-04253,dual_band
Cisco,ONT,HG8145V5,AA:BB:9E:00:11:9E,SN-ONT-04254,single_band
Huawei,ONU,G-140W-C,AA:BB:9F:00:11:9F,SN-ONU-04255,dual_band
Nokia,Router,Archer C6,AA:BB:A0:00:11:A0,SN-Router-04256,single_band
ZTE,Modem,MB8600,AA:BB:A1:00:11:A1,SN-Modem-04257,dual_band
TP-Link,Access Point,EAP225,AA:BB:A2:00:11:A2,SN-AccessPoint-04258,single_band
Cisco,Switch,SG108,AA:BB:A3:00:11:A3,SN-Switch-04259,dual_band
Huawei,ONT,HG8145V5,AA:BB:A4:00:11:A4,SN-ONT-04260,single_band
Nokia,ONU,G-140W-C,AA:BB:A5:00:11:A5,SN-ONU-04261,dual_band
ZTE,Router,Archer C6,AA:BB:A6:00:11:A6,SN-Router-04262,single_band
TP-Link,Modem,MB8600,AA:BB:A7:00:11:A7,SN-Modem-04263,dual_band
Cisco,Access Point,EAP225,AA:BB:A8:00:11:A8,SN-AccessPoint-04264,single_band
Huawei,Switch,SG108,AA:BB:A9:00:11:A9,SN-Switch-04265,dual_band
Nokia,ONT,HG8145V5,AA:BB:AA:00:11:AA,SN-ONT-04266,single_band
ZTE,ONU,G-140W-C,AA:BB:AB:00:11:AB,SN-ONU-04267,dual_band
TP-Link,Router,Archer C6,AA:BB:AC:00:11:AC,SN-Router-04268,single_band
Cisco,Modem,MB8600,AA:BB:AD:00:11:AD,SN-Modem-04269,dual_band
Huawei,Access Point,EAP225,AA:BB:AE:00:11:AE,SN-AccessPoint-04270,single_band
Nokia,Switch,SG108,AA:BB:AF:00:11:AF,SN-Switch-04271,dual_band
ZTE,ONT,HG8145V5,AA:BB:B0:00:11:B0,SN-ONT-04272,single_band
TP-Link,ONU,G-140W-C,AA:BB:B1:00:11:B1,SN-ONU-04273,dual_band
Cisco,Router,Archer C6,AA:BB:B2:00:11:B2,SN-Router-04274,single_band
Huawei,Modem,MB8600,AA:BB:B3:00:11:B3,SN-Modem-04275,dual_band
Nokia,Access Point,EAP225,AA:BB:B4:00:11:B4,SN-AccessPoint-04276,single_band
ZTE,Switch,SG108,AA:BB:B5:00:11:B5,SN-Switch-04277,dual_band
TP-Link,ONT,HG8145V5,AA:BB:B6:00:11:B6,SN-ONT-04278,single_band
Cisco,ONU,G-140W-C,AA:BB:B7:00:11:B7,SN-ONU-04279,dual_band
Huawei,Router,Archer C6,AA:BB:B8:00:11:B8,SN-Router-04280,single_band
Nokia,Modem,MB8600,AA:BB:B9:00:11:B9,SN-Modem-04281,dual_band
ZTE,Access Point,EAP225,AA:BB:BA:00:11:BA,SN-AccessPoint-04282,single_band
TP-Link,Switch,SG108,AA:BB:BB:00:11:BB,SN-Switch-04283,dual_band
Cisco,ONT,HG8145V5,AA:BB:BC:00:11:BC,SN-ONT-04284,single_band
Huawei,ONU,G-140W-C,AA:BB:BD:00:11:BD,SN-ONU-04285,dual_band
Nokia,Router,Archer C6,AA:BB:BE:00:11:BE,SN-Router-04286,single_band
ZTE,Modem,MB8600,AA:BB:BF:00:11:BF,SN-Modem-04287,dual_band
TP-Link,Access Point,EAP225,AA:BB:C0:00:11:C0,SN-AccessPoint-04288,single_band
Cisco,Switch,SG108,AA:BB:C1:00:11:C1,SN-Switch-04289,dual_band
Huawei,ONT,HG8145V5,AA:BB:C2:00:11:C2,SN-ONT-04290,single_band
Nokia,ONU,G-140W-C,AA:BB:C3:00:11:C3,SN-ONU-04291,dual_band
ZTE,Router,Archer C6,AA:BB:C4:00:11:C4,SN-Router-04292,single_band
TP-Link,Modem,MB8600,AA:BB:C5:00:11:C5,SN-Modem-04293,dual_band
Cisco,Access Point,EAP225,AA:BB:C6:00:11:C6,SN-AccessPoint-04294,single_band
Huawei,Switch,SG108,AA:BB:C7:00:11:C7,SN-Switch-04295,dual_band
Nokia,ONT,HG8145V5,AA:BB:C8:00:11:C8,SN-ONT-04296,single_band
ZTE,ONU,G-140W-C,AA:BB:C9:00:11:C9,SN-ONU-04297,dual_band
TP-Link,Router,Archer C6,AA:BB:CA:00:11:CA,SN-Router-04298,single_band
Cisco,Modem,MB8600,AA:BB:CB:00:11:CB,SN-Modem-04299,dual_band
Huawei,Access Point,EAP225,AA:BB:CC:00:11:CC,SN-AccessPoint-04300,single_band
Nokia,Switch,SG108,AA:BB:CD:00:11:CD,SN-Switch-04301,dual_band
ZTE,ONT,HG8145V5,AA:BB:CE:00:11:CE,SN-ONT-04302,single_band
TP-Link,ONU,G-140W-C,AA:BB:CF:00:11:CF,SN-ONU-04303,dual_band
Cisco,Router,Archer C6,AA:BB:D0:00:11:D0,SN-Router-04304,single_band
Huawei,Modem,MB8600,AA:BB:D1:00:11:D1,SN-Modem-04305,dual_band
Nokia,Access Point,EAP225,AA:BB:D2:00:11:D2,SN-AccessPoint-04306,single_band
ZTE,Switch,SG108,AA:BB:D3:00:11:D3,SN-Switch-04307,dual_band
TP-Link,ONT,HG8145V5,AA:BB:D4:00:11:D4,SN-ONT-04308,single_band
Cisco,ONU,G-140W-C,AA:BB:D5:00:11:D5,SN-ONU-04309,dual_band
Huawei,Router,Archer C6,AA:BB:D6:00:11:D6,SN-Router-04310,single_band
Nokia,Modem,MB8600,AA:BB:D7:00:11:D7,SN-Modem-04311,dual_band
ZTE,Access Point,EAP225,AA:BB:D8:00:11:D8,SN-AccessPoint-04312,single_band
TP-Link,Switch,SG108,AA:BB:D9:00:11:D9,SN-Switch-04313,dual_band
Cisco,ONT,HG8145V5,AA:BB:DA:00:11:DA,SN-ONT-04314,single_band
Huawei,ONU,G-140W-C,AA:BB:DB:00:11:DB,SN-ONU-04315,dual_band
Nokia,Router,Archer C6,AA:BB:DC:00:11:DC,SN-Router-04316,single_band
ZTE,Modem,MB8600,AA:BB:DD:00:11:DD,SN-Modem-04317,dual_band
TP-Link,Access Point,EAP225,AA:BB:DE:00:11:DE,SN-AccessPoint-04318,single_band
Cisco,Switch,SG108,AA:BB:DF:00:11:DF,SN-Switch-04319,dual_band
Huawei,ONT,HG8145V5,AA:BB:E0:00:11:E0,SN-ONT-04320,single_band
Nokia,ONU,G-140W-C,AA:BB:E1:00:11:E1,SN-ONU-04321,dual_band
ZTE,Router,Archer C6,AA:BB:E2:00:11:E2,SN-Router-04322,single_band
TP-Link,Modem,MB8600,AA:BB:E3:00:11:E3,SN-Modem-04323,dual_band
Cisco,Access Point,EAP225,AA:BB:E4:00:11:E4,SN-AccessPoint-04324,single_band
Huawei,Switch,SG108,AA:BB:E5:00:11:E5,SN-Switch-04325,dual_band
Nokia,ONT,HG8145V5,AA:BB:E6:00:11:E6,SN-ONT-04326,single_band
ZTE,ONU,G-140W-C,AA:BB:E7:00:11:E7,SN-ONU-04327,dual_band
TP-Link,Router,Archer C6,AA:BB:E8:00:11:E8,SN-Router-04328,single_band
Cisco,Modem,MB8600,AA:BB:E9:00:11:E9,SN-Modem-04329,dual_band
Huawei,Access Point,EAP225,AA:BB:EA:00:11:EA,SN-AccessPoint-04330,single_band
Nokia,Switch,SG108,AA:BB:EB:00:11:EB,SN-Switch-04331,dual_band
ZTE,ONT,HG8145V5,AA:BB:EC:00:11:EC,SN-ONT-04332,single_band
TP-Link,ONU,G-140W-C,AA:BB:ED:00:11:ED,SN-ONU-04333,dual_band
Cisco,Router,Archer C6,AA:BB:EE:00:11:EE,SN-Router-04334,single_band
Huawei,Modem,MB8600,AA:BB:EF:00:11:EF,SN-Modem-04335,dual_band
Nokia,Access Point,EAP225,AA:BB:F0:00:11:F0,SN-AccessPoint-04336,single_band
ZTE,Switch,SG108,AA:BB:F1:00:11:F1,SN-Switch-04337,dual_band
TP-Link,ONT,HG8145V5,AA:BB:F2:00:11:F2,SN-ONT-04338,single_band
Cisco,ONU,G-140W-C,AA:BB:F3:00:11:F3,SN-ONU-04339,dual_band
Huawei,Router,Archer C6,AA:BB:F4:00:11:F4,SN-Router-04340,single_band
Nokia,Modem,MB8600,AA:BB:F5:00:11:F5,SN-Modem-04341,dual_band
ZTE,Access Point,EAP225,AA:BB:F6:00:11:F6,SN-AccessPoint-04342,single_band
TP-Link,Switch,SG108,AA:BB:F7:00:11:F7,SN-Switch-04343,dual_band
Cisco,ONT,HG8145V5,AA:BB:F8:00:11:F8,SN-ONT-04344,single_band
Huawei,ONU,G-140W-C,AA:BB:F9:00:11:F9,SN-ONU-04345,dual_band
Nokia,Router,Archer C6,AA:BB:FA:00:11:FA,SN-Router-04346,single_band
ZTE,Modem,MB8600,AA:BB:FB:00:11:FB,SN-Modem-04347,dual_band
TP-Link,Access Point,EAP225,AA:BB:FC:00:11:FC,SN-AccessPoint-04348,single_band
Cisco,Switch,SG108,AA:BB:FD:00:11:FD,SN-Switch-04349,dual_band
Huawei,ONT,HG8145V5,AA:BB:FE:00:11:FE,SN-ONT-04350,single_band
Nokia,ONU,G-140W-C,AA:BB:FF:00:11:FF,SN-ONU-04351,dual_band
ZTE,Router,Archer C6,AA:BB:00:00:11:00,SN-Router-04352,single_band
TP-Link,Modem,MB8600,AA:BB:01:00:11:01,SN-Modem-04353,dual_band
Cisco,Access Point,EAP225,AA:BB:02:00:11:02,SN-AccessPoint-04354,single_band
Huawei,Switch,SG108,AA:BB:03:00:11:03,SN-Switch-04355,dual_band
Nokia,ONT,HG8145V5,AA:BB:04:00:11:04,SN-ONT-04356,single_band
ZTE,ONU,G-140W-C,AA:BB:05:00:11:05,SN-ONU-04357,dual_band
TP-Link,Router,Archer C6,AA:BB:06:00:11:06,SN-Router-04358,single_band
Cisco,Modem,MB8600,AA:BB:07:00:11:07,SN-Modem-04359,dual_band
Huawei,Access Point,EAP225,AA:BB:08:00:11:08,SN-AccessPoint-04360,single_band
Nokia,Switch,SG108,AA:BB:09:00:11:09,SN-Switch-04361,dual_band
ZTE,ONT,HG8145V5,AA:BB:0A:00:11:0A,SN-ONT-04362,single_band
TP-Link,ONU,G-140W-C,AA:BB:0B:00:11:0B,SN-ONU-04363,dual_band
Cisco,Router,Archer C6,AA:BB:0C:00:11:0C,SN-Router-04364,single_band
Huawei,Modem,MB8600,AA:BB:0D:00:11:0D,SN-Modem-04365,dual_band
Nokia,Access Point,EAP225,AA:BB:0E:00:11:0E,SN-AccessPoint-04366,single_band
ZTE,Switch,SG108,AA:BB:0F:00:11:0F,SN-Switch-04367,dual_band
TP-Link,ONT,HG8145V5,AA:BB:10:00:11:10,SN-ONT-04368,single_band
Cisco,ONU,G-140W-C,AA:BB:11:00:11:11,SN-ONU-04369,dual_band
Huawei,Router,Archer C6,AA:BB:12:00:11:12,SN-Router-04370,single_band
Nokia,Modem,MB8600,AA:BB:13:00:11:13,SN-Modem-04371,dual_band
ZTE,Access Point,EAP225,AA:BB:14:00:11:14,SN-AccessPoint-04372,single_band
TP-Link,Switch,SG108,AA:BB:15:00:11:15,SN-Switch-04373,dual_band
Cisco,ONT,HG8145V5,AA:BB:16:00:11:16,SN-ONT-04374,single_band
Huawei,ONU,G-140W-C,AA:BB:17:00:11:17,SN-ONU-04375,dual_band
Nokia,Router,Archer C6,AA:BB:18:00:11:18,SN-Router-04376,single_band
ZTE,Modem,MB8600,AA:BB:19:00:11:19,SN-Modem-04377,dual_band
TP-Link,Access Point,EAP225,AA:BB:1A:00:11:1A,SN-AccessPoint-04378,single_band
Cisco,Switch,SG108,AA:BB:1B:00:11:1B,SN-Switch-04379,dual_band
Huawei,ONT,HG8145V5,AA:BB:1C:00:11:1C,SN-ONT-04380,single_band
Nokia,ONU,G-140W-C,AA:BB:1D:00:11:1D,SN-ONU-04381,dual_band
ZTE,Router,Archer C6,AA:BB:1E:00:11:1E,SN-Router-04382,single_band
TP-Link,Modem,MB8600,AA:BB:1F:00:11:1F,SN-Modem-04383,dual_band
Cisco,Access Point,EAP225,AA:BB:20:00:11:20,SN-AccessPoint-04384,single_band
Huawei,Switch,SG108,AA:BB:21:00:11:21,SN-Switch-04385,dual_band
Nokia,ONT,HG8145V5,AA:BB:22:00:11:22,SN-ONT-04386,single_band
ZTE,ONU,G-140W-C,AA:BB:23:00:11:23,SN-ONU-04387,dual_band
TP-Link,Router,Archer C6,AA:BB:24:00:11:24,SN-Router-04388,single_band
Cisco,Modem,MB8600,AA:BB:25:00:11:25,SN-Modem-04389,dual_band
Huawei,Access Point,EAP225,AA:BB:26:00:11:26,SN-AccessPoint-04390,single_band
Nokia,Switch,SG108,AA:BB:27:00:11:27,SN-Switch-04391,dual_band
ZTE,ONT,HG8145V5,AA:BB:28:00:11:28,SN-ONT-04392,single_band
TP-Link,ONU,G-140W-C,AA:BB:29:00:11:29,SN-ONU-04393,dual_band
Cisco,Router,Archer C6,AA:BB:2A:00:11:2A,SN-Router-04394,single_band
Huawei,Modem,MB8600,AA:BB:2B:00:11:2B,SN-Modem-04395,dual_band
Nokia,Access Point,EAP225,AA:BB:2C:00:11:2C,SN-AccessPoint-04396,single_band
ZTE,Switch,SG108,AA:BB:2D:00:11:2D,SN-Switch-04397,dual_band
TP-Link,ONT,HG8145V5,AA:BB:2E:00:11:2E,SN-ONT-04398,single_band
Cisco,ONU,G-140W-C,AA:BB:2F:00:11:2F,SN-ONU-04399,dual_band
Huawei,Router,Archer C6,AA:BB:30:00:11:30,SN-Router-04400,single_band
Nokia,Modem,MB8600,AA:BB:31:00:11:31,SN-Modem-04401,dual_band
ZTE,Access Point,EAP225,AA:BB:32:00:11:32,SN-AccessPoint-04402,single_band
TP-Link,Switch,SG108,AA:BB:33:00:11:33,SN-Switch-04403,dual_band
Cisco,ONT,HG8145V5,AA:BB:34:00:11:34,SN-ONT-04404,single_band
Huawei,ONU,G-140W-C,AA:BB:35:00:11:35,SN-ONU-04405,dual_band
Nokia,Router,Archer C6,AA:BB:36:00:11:36,SN-Router-04406,single_band
ZTE,Modem,MB8600,AA:BB:37:00:11:37,SN-Modem-04407,dual_band
TP-Link,Access Point,EAP225,AA:BB:38:00:11:38,SN-AccessPoint-04408,single_band
Cisco,Switch,SG108,AA:BB:39:00:11:39,SN-Switch-04409,dual_band
Huawei,ONT,HG8145V5,AA:BB:3A:00:11:3A,SN-ONT-04410,single_band
Nokia,ONU,G-140W-C,AA:BB:3B:00:11:3B,SN-ONU-04411,dual_band
ZTE,Router,Archer C6,AA:BB:3C:00:11:3C,SN-Router-04412,single_band
TP-Link,Modem,MB8600,AA:BB:3D:00:11:3D,SN-Modem-04413,dual_band
Cisco,Access Point,EAP225,AA:BB:3E:00:11:3E,SN-AccessPoint-04414,single_band
Huawei,Switch,SG108,AA:BB:3F:00:11:3F,SN-Switch-04415,dual_band
Nokia,ONT,HG8145V5,AA:BB:40:00:11:40,SN-ONT-04416,single_band
ZTE,ONU,G-140W-C,AA:BB:41:00:11:41,SN-ONU-04417,dual_band
TP-Link,Router,Archer C6,AA:BB:42:00:11:42,SN-Router-04418,single_band
Cisco,Modem,MB8600,AA:BB:43:00:11:43,SN-Modem-04419,dual_band
Huawei,Access Point,EAP225,AA:BB:44:00:11:44,SN-AccessPoint-04420,single_band
Nokia,Switch,SG108,AA:BB:45:00:11:45,SN-Switch-04421,dual_band
ZTE,ONT,HG8145V5,AA:BB:46:00:11:46,SN-ONT-04422,single_band
TP-Link,ONU,G-140W-C,AA:BB:47:00:11:47,SN-ONU-04423,dual_band
Cisco,Router,Archer C6,AA:BB:48:00:11:48,SN-Router-04424,single_band
Huawei,Modem,MB8600,AA:BB:49:00:11:49,SN-Modem-04425,dual_band
Nokia,Access Point,EAP225,AA:BB:4A:00:11:4A,SN-AccessPoint-04426,single_band
ZTE,Switch,SG108,AA:BB:4B:00:11:4B,SN-Switch-04427,dual_band
TP-Link,ONT,HG8145V5,AA:BB:4C:00:11:4C,SN-ONT-04428,single_band
Cisco,ONU,G-140W-C,AA:BB:4D:00:11:4D,SN-ONU-04429,dual_band
Huawei,Router,Archer C6,AA:BB:4E:00:11:4E,SN-Router-04430,single_band
Nokia,Modem,MB8600,AA:BB:4F:00:11:4F,SN-Modem-04431,dual_band
ZTE,Access Point,EAP225,AA:BB:50:00:11:50,SN-AccessPoint-04432,single_band
TP-Link,Switch,SG108,AA:BB:51:00:11:51,SN-Switch-04433,dual_band
Cisco,ONT,HG8145V5,AA:BB:52:00:11:52,SN-ONT-04434,single_band
Huawei,ONU,G-140W-C,AA:BB:53:00:11:53,SN-ONU-04435,dual_band
Nokia,Router,Archer C6,AA:BB:54:00:11:54,SN-Router-04436,single_band
ZTE,Modem,MB8600,AA:BB:55:00:11:55,SN-Modem-04437,dual_band
TP-Link,Access Point,EAP225,AA:BB:56:00:11:56,SN-AccessPoint-04438,single_band
Cisco,Switch,SG108,AA:BB:57:00:11:57,SN-Switch-04439,dual_band
Huawei,ONT,HG8145V5,AA:BB:58:00:11:58,SN-ONT-04440,single_band
Nokia,ONU,G-140W-C,AA:BB:59:00:11:59,SN-ONU-04441,dual_band
ZTE,Router,Archer C6,AA:BB:5A:00:11:5A,SN-Router-04442,single_band
TP-Link,Modem,MB8600,AA:BB:5B:00:11:5B,SN-Modem-04443,dual_band
Cisco,Access Point,EAP225,AA:BB:5C:00:11:5C,SN-AccessPoint-04444,single_band
Huawei,Switch,SG108,AA:BB:5D:00:11:5D,SN-Switch-04445,dual_band
Nokia,ONT,HG8145V5,AA:BB:5E:00:11:5E,SN-ONT-04446,single_band
ZTE,ONU,G-140W-C,AA:BB:5F:00:11:5F,SN-ONU-04447,dual_band
TP-Link,Router,Archer C6,AA:BB:60:00:11:60,SN-Router-04448,single_band
Cisco,Modem,MB8600,AA:BB:61:00:11:61,SN-Modem-04449,dual_band
Huawei,Access Point,EAP225,AA:BB:62:00:11:62,SN-AccessPoint-04450,single_band
Nokia,Switch,SG108,AA:BB:63:00:11:63,SN-Switch-04451,dual_band
ZTE,ONT,HG8145V5,AA:BB:64:00:11:64,SN-ONT-04452,single_band
TP-Link,ONU,G-140W-C,AA:BB:65:00:11:65,SN-ONU-04453,dual_band
Cisco,Router,Archer C6,AA:BB:66:00:11:66,SN-Router-04454,single_band
Huawei,Modem,MB8600,AA:BB:67:00:11:67,SN-Modem-04455,dual_band
Nokia,Access Point,EAP225,AA:BB:68:00:11:68,SN-AccessPoint-04456,single_band
ZTE,Switch,SG108,AA:BB:69:00:11:69,SN-Switch-04457,dual_band
TP-Link,ONT,HG8145V5,AA:BB:6A:00:11:6A,SN-ONT-04458,single_band
Cisco,ONU,G-140W-C,AA:BB:6B:00:11:6B,SN-ONU-04459,dual_band
Huawei,Router,Archer C6,AA:BB:6C:00:11:6C,SN-Router-04460,single_band
Nokia,Modem,MB8600,AA:BB:6D:00:11:6D,SN-Modem-04461,dual_band
ZTE,Access Point,EAP225,AA:BB:6E:00:11:6E,SN-AccessPoint-04462,single_band
TP-Link,Switch,SG108,AA:BB:6F:00:11:6F,SN-Switch-04463,dual_band
Cisco,ONT,HG8145V5,AA:BB:70:00:11:70,SN-ONT-04464,single_band
Huawei,ONU,G-140W-C,AA:BB:71:00:11:71,SN-ONU-04465,dual_band
Nokia,Router,Archer C6,AA:BB:72:00:11:72,SN-Router-04466,single_band
ZTE,Modem,MB8600,AA:BB:73:00:11:73,SN-Modem-04467,dual_band
TP-Link,Access Point,EAP225,AA:BB:74:00:11:74,SN-AccessPoint-04468,single_band
Cisco,Switch,SG108,AA:BB:75:00:11:75,SN-Switch-04469,dual_band
Huawei,ONT,HG8145V5,AA:BB:76:00:11:76,SN-ONT-04470,single_band
Nokia,ONU,G-140W-C,AA:BB:77:00:11:77,SN-ONU-04471,dual_band
ZTE,Router,Archer C6,AA:BB:78:00:11:78,SN-Router-04472,single_band
TP-Link,Modem,MB8600,AA:BB:79:00:11:79,SN-Modem-04473,dual_band
Cisco,Access Point,EAP225,AA:BB:7A:00:11:7A,SN-AccessPoint-04474,single_band
Huawei,Switch,SG108,AA:BB:7B:00:11:7B,SN-Switch-04475,dual_band
Nokia,ONT,HG8145V5,AA:BB:7C:00:11:7C,SN-ONT-04476,single_band
ZTE,ONU,G-140W-C,AA:BB:7D:00:11:7D,SN-ONU-04477,dual_band
TP-Link,Router,Archer C6,AA:BB:7E:00:11:7E,SN-Router-04478,single_band
Cisco,Modem,MB8600,AA:BB:7F:00:11:7F,SN-Modem-04479,dual_band
Huawei,Access Point,EAP225,AA:BB:80:00:12:80,SN-AccessPoint-04480,single_band
Nokia,Switch,SG108,AA:BB:81:00:12:81,SN-Switch-04481,dual_band
ZTE,ONT,HG8145V5,AA:BB:82:00:12:82,SN-ONT-04482,single_band
TP-Link,ONU,G-140W-C,AA:BB:83:00:12:83,SN-ONU-04483,dual_band
Cisco,Router,Archer C6,AA:BB:84:00:12:84,SN-Router-04484,single_band
Huawei,Modem,MB8600,AA:BB:85:00:12:85,SN-Modem-04485,dual_band
Nokia,Access Point,EAP225,AA:BB:86:00:12:86,SN-AccessPoint-04486,single_band
ZTE,Switch,SG108,AA:BB:87:00:12:87,SN-Switch-04487,dual_band
TP-Link,ONT,HG8145V5,AA:BB:88:00:12:88,SN-ONT-04488,single_band
Cisco,ONU,G-140W-C,AA:BB:89:00:12:89,SN-ONU-04489,dual_band
Huawei,Router,Archer C6,AA:BB:8A:00:12:8A,SN-Router-04490,single_band
Nokia,Modem,MB8600,AA:BB:8B:00:12:8B,SN-Modem-04491,dual_band
ZTE,Access Point,EAP225,AA:BB:8C:00:12:8C,SN-AccessPoint-04492,single_band
TP-Link,Switch,SG108,AA:BB:8D:00:12:8D,SN-Switch-04493,dual_band
Cisco,ONT,HG8145V5,AA:BB:8E:00:12:8E,SN-ONT-04494,single_band
Huawei,ONU,G-140W-C,AA:BB:8F:00:12:8F,SN-ONU-04495,dual_band
Nokia,Router,Archer C6,AA:BB:90:00:12:90,SN-Router-04496,single_band
ZTE,Modem,MB8600,AA:BB:91:00:12:91,SN-Modem-04497,dual_band
TP-Link,Access Point,EAP225,AA:BB:92:00:12:92,SN-AccessPoint-04498,single_band
Cisco,Switch,SG108,AA:BB:93:00:12:93,SN-Switch-04499,dual_band
Huawei,ONT,HG8145V5,AA:BB:94:00:12:94,SN-ONT-04500,single_band
Nokia,ONU,G-140W-C,AA:BB:95:00:12:95,SN-ONU-04501,dual_band
ZTE,Router,Archer C6,AA:BB:96:00:12:96,SN-Router-04502,single_band
TP-Link,Modem,MB8600,AA:BB:97:00:12:97,SN-Modem-04503,dual_band
Cisco,Access Point,EAP225,AA:BB:98:00:12:98,SN-AccessPoint-04504,single_band
Huawei,Switch,SG108,AA:BB:99:00:12:99,SN-Switch-04505,dual_band
Nokia,ONT,HG8145V5,AA:BB:9A:00:12:9A,SN-ONT-04506,single_band
ZTE,ONU,G-140W-C,AA:BB:9B:00:12:9B,SN-ONU-04507,dual_band
TP-Link,Router,Archer C6,AA:BB:9C:00:12:9C,SN-Router-04508,single_band
Cisco,Modem,MB8600,AA:BB:9D:00:12:9D,SN-Modem-04509,dual_band
Huawei,Access Point,EAP225,AA:BB:9E:00:12:9E,SN-AccessPoint-04510,single_band
Nokia,Switch,SG108,AA:BB:9F:00:12:9F,SN-Switch-04511,dual_band
ZTE,ONT,HG8145V5,AA:BB:A0:00:12:A0,SN-ONT-04512,single_band
TP-Link,ONU,G-140W-C,AA:BB:A1:00:12:A1,SN-ONU-04513,dual_band
Cisco,Router,Archer C6,AA:BB:A2:00:12:A2,SN-Router-04514,single_band
Huawei,Modem,MB8600,AA:BB:A3:00:12:A3,SN-Modem-04515,dual_band
Nokia,Access Point,EAP225,AA:BB:A4:00:12:A4,SN-AccessPoint-04516,single_band
ZTE,Switch,SG108,AA:BB:A5:00:12:A5,SN-Switch-04517,dual_band
TP-Link,ONT,HG8145V5,AA:BB:A6:00:12:A6,SN-ONT-04518,single_band
Cisco,ONU,G-140W-C,AA:BB:A7:00:12:A7,SN-ONU-04519,dual_band
Huawei,Router,Archer C6,AA:BB:A8:00:12:A8,SN-Router-04520,single_band
Nokia,Modem,MB8600,AA:BB:A9:00:12:A9,SN-Modem-04521,dual_band
ZTE,Access Point,EAP225,AA:BB:AA:00:12:AA,SN-AccessPoint-04522,single_band
TP-Link,Switch,SG108,AA:BB:AB:00:12:AB,SN-Switch-04523,dual_band
Cisco,ONT,HG8145V5,AA:BB:AC:00:12:AC,SN-ONT-04524,single_band
Huawei,ONU,G-140W-C,AA:BB:AD:00:12:AD,SN-ONU-04525,dual_band
Nokia,Router,Archer C6,AA:BB:AE:00:12:AE,SN-Router-04526,single_band
ZTE,Modem,MB8600,AA:BB:AF:00:12:AF,SN-Modem-04527,dual_band
TP-Link,Access Point,EAP225,AA:BB:B0:00:12:B0,SN-AccessPoint-04528,single_band
Cisco,Switch,SG108,AA:BB:B1:00:12:B1,SN-Switch-04529,dual_band
Huawei,ONT,HG8145V5,AA:BB:B2:00:12:B2,SN-ONT-04530,single_band
Nokia,ONU,G-140W-C,AA:BB:B3:00:12:B3,SN-ONU-04531,dual_band
ZTE,Router,Archer C6,AA:BB:B4:00:12:B4,SN-Router-04532,single_band
TP-Link,Modem,MB8600,AA:BB:B5:00:12:B5,SN-Modem-04533,dual_band
Cisco,Access Point,EAP225,AA:BB:B6:00:12:B6,SN-AccessPoint-04534,single_band
Huawei,Switch,SG108,AA:BB:B7:00:12:B7,SN-Switch-04535,dual_band
Nokia,ONT,HG8145V5,AA:BB:B8:00:12:B8,SN-ONT-04536,single_band
ZTE,ONU,G-140W-C,AA:BB:B9:00:12:B9,SN-ONU-04537,dual_band
TP-Link,Router,Archer C6,AA:BB:BA:00:12:BA,SN-Router-04538,single_band
Cisco,Modem,MB8600,AA:BB:BB:00:12:BB,SN-Modem-04539,dual_band
Huawei,Access Point,EAP225,AA:BB:BC:00:12:BC,SN-AccessPoint-04540,single_band
Nokia,Switch,SG108,AA:BB:BD:00:12:BD,SN-Switch-04541,dual_band
ZTE,ONT,HG8145V5,AA:BB:BE:00:12:BE,SN-ONT-04542,single_band
TP-Link,ONU,G-140W-C,AA:BB:BF:00:12:BF,SN-ONU-04543,dual_band
Cisco,Router,Archer C6,AA:BB:C0:00:12:C0,SN-Router-04544,single_band
Huawei,Modem,MB8600,AA:BB:C1:00:12:C1,SN-Modem-04545,dual_band
Nokia,Access Point,EAP225,AA:BB:C2:00:12:C2,SN-AccessPoint-04546,single_band
ZTE,Switch,SG108,AA:BB:C3:00:12:C3,SN-Switch-04547,dual_band
TP-Link,ONT,HG8145V5,AA:BB:C4:00:12:C4,SN-ONT-04548,single_band
Cisco,ONU,G-140W-C,AA:BB:C5:00:12:C5,SN-ONU-04549,dual_band
Huawei,Router,Archer C6,AA:BB:C6:00:12:C6,SN-Router-04550,single_band
Nokia,Modem,MB8600,AA:BB:C7:00:12:C7,SN-Modem-04551,dual_band
ZTE,Access Point,EAP225,AA:BB:C8:00:12:C8,SN-AccessPoint-04552,single_band
TP-Link,Switch,SG108,AA:BB:C9:00:12:C9,SN-Switch-04553,dual_band
Cisco,ONT,HG8145V5,AA:BB:CA:00:12:CA,SN-ONT-04554,single_band
Huawei,ONU,G-140W-C,AA:BB:CB:00:12:CB,SN-ONU-04555,dual_band
Nokia,Router,Archer C6,AA:BB:CC:00:12:CC,SN-Router-04556,single_band
ZTE,Modem,MB8600,AA:BB:CD:00:12:CD,SN-Modem-04557,dual_band
TP-Link,Access Point,EAP225,AA:BB:CE:00:12:CE,SN-AccessPoint-04558,single_band
Cisco,Switch,SG108,AA:BB:CF:00:12:CF,SN-Switch-04559,dual_band
Huawei,ONT,HG8145V5,AA:BB:D0:00:12:D0,SN-ONT-04560,single_band
Nokia,ONU,G-140W-C,AA:BB:D1:00:12:D1,SN-ONU-04561,dual_band
ZTE,Router,Archer C6,AA:BB:D2:00:12:D2,SN-Router-04562,single_band
TP-Link,Modem,MB8600,AA:BB:D3:00:12:D3,SN-Modem-04563,dual_band
Cisco,Access Point,EAP225,AA:BB:D4:00:12:D4,SN-AccessPoint-04564,single_band
Huawei,Switch,SG108,AA:BB:D5:00:12:D5,SN-Switch-04565,dual_band
Nokia,ONT,HG8145V5,AA:BB:D6:00:12:D6,SN-ONT-04566,single_band
ZTE,ONU,G-140W-C,AA:BB:D7:00:12:D7,SN-ONU-04567,dual_band
TP-Link,Router,Archer C6,AA:BB:D8:00:12:D8,SN-Router-04568,single_band
Cisco,Modem,MB8600,AA:BB:D9:00:12:D9,SN-Modem-04569,dual_band
Huawei,Access Point,EAP225,AA:BB:DA:00:12:DA,SN-AccessPoint-04570,single_band
Nokia,Switch,SG108,AA:BB:DB:00:12:DB,SN-Switch-04571,dual_band
ZTE,ONT,HG8145V5,AA:BB:DC:00:12:DC,SN-ONT-04572,single_band
TP-Link,ONU,G-140W-C,AA:BB:DD:00:12:DD,SN-ONU-04573,dual_band
Cisco,Router,Archer C6,AA:BB:DE:00:12:DE,SN-Router-04574,single_band
Huawei,Modem,MB8600,AA:BB:DF:00:12:DF,SN-Modem-04575,dual_band
Nokia,Access Point,EAP225,AA:BB:E0:00:12:E0,SN-AccessPoint-04576,single_band
ZTE,Switch,SG108,AA:BB:E1:00:12:E1,SN-Switch-04577,dual_band
TP-Link,ONT,HG8145V5,AA:BB:E2:00:12:E2,SN-ONT-04578,single_band
Cisco,ONU,G-140W-C,AA:BB:E3:00:12:E3,SN-ONU-04579,dual_band
Huawei,Router,Archer C6,AA:BB:E4:00:12:E4,SN-Router-04580,single_band
Nokia,Modem,MB8600,AA:BB:E5:00:12:E5,SN-Modem-04581,dual_band
ZTE,Access Point,EAP225,AA:BB:E6:00:12:E6,SN-AccessPoint-04582,single_band
TP-Link,Switch,SG108,AA:BB:E7:00:12:E7,SN-Switch-04583,dual_band
Cisco,ONT,HG8145V5,AA:BB:E8:00:12:E8,SN-ONT-04584,single_band
Huawei,ONU,G-140W-C,AA:BB:E9:00:12:E9,SN-ONU-04585,dual_band
Nokia,Router,Archer C6,AA:BB:EA:00:12:EA,SN-Router-04586,single_band
ZTE,Modem,MB8600,AA:BB:EB:00:12:EB,SN-Modem-04587,dual_band
TP-Link,Access Point,EAP225,AA:BB:EC:00:12:EC,SN-AccessPoint-04588,single_band
Cisco,Switch,SG108,AA:BB:ED:00:12:ED,SN-Switch-04589,dual_band
Huawei,ONT,HG8145V5,AA:BB:EE:00:12:EE,SN-ONT-04590,single_band
Nokia,ONU,G-140W-C,AA:BB:EF:00:12:EF,SN-ONU-04591,dual_band
ZTE,Router,Archer C6,AA:BB:F0:00:12:F0,SN-Router-04592,single_band
TP-Link,Modem,MB8600,AA:BB:F1:00:12:F1,SN-Modem-04593,dual_band
Cisco,Access Point,EAP225,AA:BB:F2:00:12:F2,SN-AccessPoint-04594,single_band
Huawei,Switch,SG108,AA:BB:F3:00:12:F3,SN-Switch-04595,dual_band
Nokia,ONT,HG8145V5,AA:BB:F4:00:12:F4,SN-ONT-04596,single_band
ZTE,ONU,G-140W-C,AA:BB:F5:00:12:F5,SN-ONU-04597,dual_band
TP-Link,Router,Archer C6,AA:BB:F6:00:12:F6,SN-Router-04598,single_band
Cisco,Modem,MB8600,AA:BB:F7:00:12:F7,SN-Modem-04599,dual_band
Huawei,Access Point,EAP225,AA:BB:F8:00:12:F8,SN-AccessPoint-04600,single_band
Nokia,Switch,SG108,AA:BB:F9:00:12:F9,SN-Switch-04601,dual_band
ZTE,ONT,HG8145V5,AA:BB:FA:00:12:FA,SN-ONT-04602,single_band
TP-Link,ONU,G-140W-C,AA:BB:FB:00:12:FB,SN-ONU-04603,dual_band
Cisco,Router,Archer C6,AA:BB:FC:00:12:FC,SN-Router-04604,single_band
Huawei,Modem,MB8600,AA:BB:FD:00:12:FD,SN-Modem-04605,dual_band
Nokia,Access Point,EAP225,AA:BB:FE:00:12:FE,SN-AccessPoint-04606,single_band
ZTE,Switch,SG108,AA:BB:FF:00:12:FF,SN-Switch-04607,dual_band
TP-Link,ONT,HG8145V5,AA:BB:00:00:12:00,SN-ONT-04608,single_band
Cisco,ONU,G-140W-C,AA:BB:01:00:12:01,SN-ONU-04609,dual_band
Huawei,Router,Archer C6,AA:BB:02:00:12:02,SN-Router-04610,single_band
Nokia,Modem,MB8600,AA:BB:03:00:12:03,SN-Modem-04611,dual_band
ZTE,Access Point,EAP225,AA:BB:04:00:12:04,SN-AccessPoint-04612,single_band
TP-Link,Switch,SG108,AA:BB:05:00:12:05,SN-Switch-04613,dual_band
Cisco,ONT,HG8145V5,AA:BB:06:00:12:06,SN-ONT-04614,single_band
Huawei,ONU,G-140W-C,AA:BB:07:00:12:07,SN-ONU-04615,dual_band
Nokia,Router,Archer C6,AA:BB:08:00:12:08,SN-Router-04616,single_band
ZTE,Modem,MB8600,AA:BB:09:00:12:09,SN-Modem-04617,dual_band
TP-Link,Access Point,EAP225,AA:BB:0A:00:12:0A,SN-AccessPoint-04618,single_band
Cisco,Switch,SG108,AA:BB:0B:00:12:0B,SN-Switch-04619,dual_band
Huawei,ONT,HG8145V5,AA:BB:0C:00:12:0C,SN-ONT-04620,single_band
Nokia,ONU,G-140W-C,AA:BB:0D:00:12:0D,SN-ONU-04621,dual_band
ZTE,Router,Archer C6,AA:BB:0E:00:12:0E,SN-Router-04622,single_band
TP-Link,Modem,MB8600,AA:BB:0F:00:12:0F,SN-Modem-04623,dual_band
Cisco,Access Point,EAP225,AA:BB:10:00:12:10,SN-AccessPoint-04624,single_band
Huawei,Switch,SG108,AA:BB:11:00:12:11,SN-Switch-04625,dual_band
Nokia,ONT,HG8145V5,AA:BB:12:00:12:12,SN-ONT-04626,single_band
ZTE,ONU,G-140W-C,AA:BB:13:00:12:13,SN-ONU-04627,dual_band
TP-Link,Router,Archer C6,AA:BB:14:00:12:14,SN-Router-04628,single_band
Cisco,Modem,MB8600,AA:BB:15:00:12:15,SN-Modem-04629,dual_band
Huawei,Access Point,EAP225,AA:BB:16:00:12:16,SN-AccessPoint-04630,single_band
Nokia,Switch,SG108,AA:BB:17:00:12:17,SN-Switch-04631,dual_band
ZTE,ONT,HG8145V5,AA:BB:18:00:12:18,SN-ONT-04632,single_band
TP-Link,ONU,G-140W-C,AA:BB:19:00:12:19,SN-ONU-04633,dual_band
Cisco,Router,Archer C6,AA:BB:1A:00:12:1A,SN-Router-04634,single_band
Huawei,Modem,MB8600,AA:BB:1B:00:12:1B,SN-Modem-04635,dual_band
Nokia,Access Point,EAP225,AA:BB:1C:00:12:1C,SN-AccessPoint-04636,single_band
ZTE,Switch,SG108,AA:BB:1D:00:12:1D,SN-Switch-04637,dual_band
TP-Link,ONT,HG8145V5,AA:BB:1E:00:12:1E,SN-ONT-04638,single_band
Cisco,ONU,G-140W-C,AA:BB:1F:00:12:1F,SN-ONU-04639,dual_band
Huawei,Router,Archer C6,AA:BB:20:00:12:20,SN-Router-04640,single_band
Nokia,Modem,MB8600,AA:BB:21:00:12:21,SN-Modem-04641,dual_band
ZTE,Access Point,EAP225,AA:BB:22:00:12:22,SN-AccessPoint-04642,single_band
TP-Link,Switch,SG108,AA:BB:23:00:12:23,SN-Switch-04643,dual_band
Cisco,ONT,HG8145V5,AA:BB:24:00:12:24,SN-ONT-04644,single_band
Huawei,ONU,G-140W-C,AA:BB:25:00:12:25,SN-ONU-04645,dual_band
Nokia,Router,Archer C6,AA:BB:26:00:12:26,SN-Router-04646,single_band
ZTE,Modem,MB8600,AA:BB:27:00:12:27,SN-Modem-04647,dual_band
TP-Link,Access Point,EAP225,AA:BB:28:00:12:28,SN-AccessPoint-04648,single_band
Cisco,Switch,SG108,AA:BB:29:00:12:29,SN-Switch-04649,dual_band
Huawei,ONT,HG8145V5,AA:BB:2A:00:12:2A,SN-ONT-04650,single_band
Nokia,ONU,G-140W-C,AA:BB:2B:00:12:2B,SN-ONU-04651,dual_band
ZTE,Router,Archer C6,AA:BB:2C:00:12:2C,SN-Router-04652,single_band
TP-Link,Modem,MB8600,AA:BB:2D:00:12:2D,SN-Modem-04653,dual_band
Cisco,Access Point,EAP225,AA:BB:2E:00:12:2E,SN-AccessPoint-04654,single_band
Huawei,Switch,SG108,AA:BB:2F:00:12:2F,SN-Switch-04655,dual_band
Nokia,ONT,HG8145V5,AA:BB:30:00:12:30,SN-ONT-04656,single_band
ZTE,ONU,G-140W-C,AA:BB:31:00:12:31,SN-ONU-04657,dual_band
TP-Link,Router,Archer C6,AA:BB:32:00:12:32,SN-Router-04658,single_band
Cisco,Modem,MB8600,AA:BB:33:00:12:33,SN-Modem-04659,dual_band
Huawei,Access Point,EAP225,AA:BB:34:00:12:34,SN-AccessPoint-04660,single_band
Nokia,Switch,SG108,AA:BB:35:00:12:35,SN-Switch-04661,dual_band
ZTE,ONT,HG8145V5,AA:BB:36:00:12:36,SN-ONT-04662,single_band
TP-Link,ONU,G-140W-C,AA:BB:37:00:12:37,SN-ONU-04663,dual_band
Cisco,Router,Archer C6,AA:BB:38:00:12:38,SN-Router-04664,single_band
Huawei,Modem,MB8600,AA:BB:39:00:12:39,SN-Modem-04665,dual_band
Nokia,Access Point,EAP225,AA:BB:3A:00:12:3A,SN-AccessPoint-04666,single_band
ZTE,Switch,SG108,AA:BB:3B:00:12:3B,SN-Switch-04667,dual_band
TP-Link,ONT,HG8145V5,AA:BB:3C:00:12:3C,SN-ONT-04668,single_band
Cisco,ONU,G-140W-C,AA:BB:3D:00:12:3D,SN-ONU-04669,dual_band
Huawei,Router,Archer C6,AA:BB:3E:00:12:3E,SN-Router-04670,single_band
Nokia,Modem,MB8600,AA:BB:3F:00:12:3F,SN-Modem-04671,dual_band
ZTE,Access Point,EAP225,AA:BB:40:00:12:40,SN-AccessPoint-04672,single_band
TP-Link,Switch,SG108,AA:BB:41:00:12:41,SN-Switch-04673,dual_band
Cisco,ONT,HG8145V5,AA:BB:42:00:12:42,SN-ONT-04674,single_band
Huawei,ONU,G-140W-C,AA:BB:43:00:12:43,SN-ONU-04675,dual_band
Nokia,Router,Archer C6,AA:BB:44:00:12:44,SN-Router-04676,single_band
ZTE,Modem,MB8600,AA:BB:45:00:12:45,SN-Modem-04677,dual_band
TP-Link,Access Point,EAP225,AA:BB:46:00:12:46,SN-AccessPoint-04678,single_band
Cisco,Switch,SG108,AA:BB:47:00:12:47,SN-Switch-04679,dual_band
Huawei,ONT,HG8145V5,AA:BB:48:00:12:48,SN-ONT-04680,single_band
Nokia,ONU,G-140W-C,AA:BB:49:00:12:49,SN-ONU-04681,dual_band
ZTE,Router,Archer C6,AA:BB:4A:00:12:4A,SN-Router-04682,single_band
TP-Link,Modem,MB8600,AA:BB:4B:00:12:4B,SN-Modem-04683,dual_band
Cisco,Access Point,EAP225,AA:BB:4C:00:12:4C,SN-AccessPoint-04684,single_band
Huawei,Switch,SG108,AA:BB:4D:00:12:4D,SN-Switch-04685,dual_band
Nokia,ONT,HG8145V5,AA:BB:4E:00:12:4E,SN-ONT-04686,single_band
ZTE,ONU,G-140W-C,AA:BB:4F:00:12:4F,SN-ONU-04687,dual_band
TP-Link,Router,Archer C6,AA:BB:50:00:12:50,SN-Router-04688,single_band
Cisco,Modem,MB8600,AA:BB:51:00:12:51,SN-Modem-04689,dual_band
Huawei,Access Point,EAP225,AA:BB:52:00:12:52,SN-AccessPoint-04690,single_band
Nokia,Switch,SG108,AA:BB:53:00:12:53,SN-Switch-04691,dual_band
ZTE,ONT,HG8145V5,AA:BB:54:00:12:54,SN-ONT-04692,single_band
TP-Link,ONU,G-140W-C,AA:BB:55:00:12:55,SN-ONU-04693,dual_band
Cisco,Router,Archer C6,AA:BB:56:00:12:56,SN-Router-04694,single_band
Huawei,Modem,MB8600,AA:BB:57:00:12:57,SN-Modem-04695,dual_band
Nokia,Access Point,EAP225,AA:BB:58:00:12:58,SN-AccessPoint-04696,single_band
ZTE,Switch,SG108,AA:BB:59:00:12:59,SN-Switch-04697,dual_band
TP-Link,ONT,HG8145V5,AA:BB:5A:00:12:5A,SN-ONT-04698,single_band
Cisco,ONU,G-140W-C,AA:BB:5B:00:12:5B,SN-ONU-04699,dual_band
Huawei,Router,Archer C6,AA:BB:5C:00:12:5C,SN-Router-04700,single_band
Nokia,Modem,MB8600,AA:BB:5D:00:12:5D,SN-Modem-04701,dual_band
ZTE,Access Point,EAP225,AA:BB:5E:00:12:5E,SN-AccessPoint-04702,single_band
TP-Link,Switch,SG108,AA:BB:5F:00:12:5F,SN-Switch-04703,dual_band
Cisco,ONT,HG8145V5,AA:BB:60:00:12:60,SN-ONT-04704,single_band
Huawei,ONU,G-140W-C,AA:BB:61:00:12:61,SN-ONU-04705,dual_band
Nokia,Router,Archer C6,AA:BB:62:00:12:62,SN-Router-04706,single_band
ZTE,Modem,MB8600,AA:BB:63:00:12:63,SN-Modem-04707,dual_band
TP-Link,Access Point,EAP225,AA:BB:64:00:12:64,SN-AccessPoint-04708,single_band
Cisco,Switch,SG108,AA:BB:65:00:12:65,SN-Switch-04709,dual_band
Huawei,ONT,HG8145V5,AA:BB:66:00:12:66,SN-ONT-04710,single_band
Nokia,ONU,G-140W-C,AA:BB:67:00:12:67,SN-ONU-04711,dual_band
ZTE,Router,Archer C6,AA:BB:68:00:12:68,SN-Router-04712,single_band
TP-Link,Modem,MB8600,AA:BB:69:00:12:69,SN-Modem-04713,dual_band
Cisco,Access Point,EAP225,AA:BB:6A:00:12:6A,SN-AccessPoint-04714,single_band
Huawei,Switch,SG108,AA:BB:6B:00:12:6B,SN-Switch-04715,dual_band
Nokia,ONT,HG8145V5,AA:BB:6C:00:12:6C,SN-ONT-04716,single_band
ZTE,ONU,G-140W-C,AA:BB:6D:00:12:6D,SN-ONU-04717,dual_band
TP-Link,Router,Archer C6,AA:BB:6E:00:12:6E,SN-Router-04718,single_band
Cisco,Modem,MB8600,AA:BB:6F:00:12:6F,SN-Modem-04719,dual_band
Huawei,Access Point,EAP225,AA:BB:70:00:12:70,SN-AccessPoint-04720,single_band
Nokia,Switch,SG108,AA:BB:71:00:12:71,SN-Switch-04721,dual_band
ZTE,ONT,HG8145V5,AA:BB:72:00:12:72,SN-ONT-04722,single_band
TP-Link,ONU,G-140W-C,AA:BB:73:00:12:73,SN-ONU-04723,dual_band
Cisco,Router,Archer C6,AA:BB:74:00:12:74,SN-Router-04724,single_band
Huawei,Modem,MB8600,AA:BB:75:00:12:75,SN-Modem-04725,dual_band
Nokia,Access Point,EAP225,AA:BB:76:00:12:76,SN-AccessPoint-04726,single_band
ZTE,Switch,SG108,AA:BB:77:00:12:77,SN-Switch-04727,dual_band
TP-Link,ONT,HG8145V5,AA:BB:78:00:12:78,SN-ONT-04728,single_band
Cisco,ONU,G-140W-C,AA:BB:79:00:12:79,SN-ONU-04729,dual_band
Huawei,Router,Archer C6,AA:BB:7A:00:12:7A,SN-Router-04730,single_band
Nokia,Modem,MB8600,AA:BB:7B:00:12:7B,SN-Modem-04731,dual_band
ZTE,Access Point,EAP225,AA:BB:7C:00:12:7C,SN-AccessPoint-04732,single_band
TP-Link,Switch,SG108,AA:BB:7D:00:12:7D,SN-Switch-04733,dual_band
Cisco,ONT,HG8145V5,AA:BB:7E:00:12:7E,SN-ONT-04734,single_band
Huawei,ONU,G-140W-C,AA:BB:7F:00:12:7F,SN-ONU-04735,dual_band
Nokia,Router,Archer C6,AA:BB:80:00:12:80,SN-Router-04736,single_band
ZTE,Modem,MB8600,AA:BB:81:00:13:81,SN-Modem-04737,dual_band
TP-Link,Access Point,EAP225,AA:BB:82:00:13:82,SN-AccessPoint-04738,single_band
Cisco,Switch,SG108,AA:BB:83:00:13:83,SN-Switch-04739,dual_band
Huawei,ONT,HG8145V5,AA:BB:84:00:13:84,SN-ONT-04740,single_band
Nokia,ONU,G-140W-C,AA:BB:85:00:13:85,SN-ONU-04741,dual_band
ZTE,Router,Archer C6,AA:BB:86:00:13:86,SN-Router-04742,single_band
TP-Link,Modem,MB8600,AA:BB:87:00:13:87,SN-Modem-04743,dual_band
Cisco,Access Point,EAP225,AA:BB:88:00:13:88,SN-AccessPoint-04744,single_band
Huawei,Switch,SG108,AA:BB:89:00:13:89,SN-Switch-04745,dual_band
Nokia,ONT,HG8145V5,AA:BB:8A:00:13:8A,SN-ONT-04746,single_band
ZTE,ONU,G-140W-C,AA:BB:8B:00:13:8B,SN-ONU-04747,dual_band
TP-Link,Router,Archer C6,AA:BB:8C:00:13:8C,SN-Router-04748,single_band
Cisco,Modem,MB8600,AA:BB:8D:00:13:8D,SN-Modem-04749,dual_band
Huawei,Access Point,EAP225,AA:BB:8E:00:13:8E,SN-AccessPoint-04750,single_band
Nokia,Switch,SG108,AA:BB:8F:00:13:8F,SN-Switch-04751,dual_band
ZTE,ONT,HG8145V5,AA:BB:90:00:13:90,SN-ONT-04752,single_band
TP-Link,ONU,G-140W-C,AA:BB:91:00:13:91,SN-ONU-04753,dual_band
Cisco,Router,Archer C6,AA:BB:92:00:13:92,SN-Router-04754,single_band
Huawei,Modem,MB8600,AA:BB:93:00:13:93,SN-Modem-04755,dual_band
Nokia,Access Point,EAP225,AA:BB:94:00:13:94,SN-AccessPoint-04756,single_band
ZTE,Switch,SG108,AA:BB:95:00:13:95,SN-Switch-04757,dual_band
TP-Link,ONT,HG8145V5,AA:BB:96:00:13:96,SN-ONT-04758,single_band
Cisco,ONU,G-140W-C,AA:BB:97:00:13:97,SN-ONU-04759,dual_band
Huawei,Router,Archer C6,AA:BB:98:00:13:98,SN-Router-04760,single_band
Nokia,Modem,MB8600,AA:BB:99:00:13:99,SN-Modem-04761,dual_band
ZTE,Access Point,EAP225,AA:BB:9A:00:13:9A,SN-AccessPoint-04762,single_band
TP-Link,Switch,SG108,AA:BB:9B:00:13:9B,SN-Switch-04763,dual_band
Cisco,ONT,HG8145V5,AA:BB:9C:00:13:9C,SN-ONT-04764,single_band
Huawei,ONU,G-140W-C,AA:BB:9D:00:13:9D,SN-ONU-04765,dual_band
Nokia,Router,Archer C6,AA:BB:9E:00:13:9E,SN-Router-04766,single_band
ZTE,Modem,MB8600,AA:BB:9F:00:13:9F,SN-Modem-04767,dual_band
TP-Link,Access Point,EAP225,AA:BB:A0:00:13:A0,SN-AccessPoint-04768,single_band
Cisco,Switch,SG108,AA:BB:A1:00:13:A1,SN-Switch-04769,dual_band
Huawei,ONT,HG8145V5,AA:BB:A2:00:13:A2,SN-ONT-04770,single_band
Nokia,ONU,G-140W-C,AA:BB:A3:00:13:A3,SN-ONU-04771,dual_band
ZTE,Router,Archer C6,AA:BB:A4:00:13:A4,SN-Router-04772,single_band
TP-Link,Modem,MB8600,AA:BB:A5:00:13:A5,SN-Modem-04773,dual_band
Cisco,Access Point,EAP225,AA:BB:A6:00:13:A6,SN-AccessPoint-04774,single_band
Huawei,Switch,SG108,AA:BB:A7:00:13:A7,SN-Switch-04775,dual_band
Nokia,ONT,HG8145V5,AA:BB:A8:00:13:A8,SN-ONT-04776,single_band
ZTE,ONU,G-140W-C,AA:BB:A9:00:13:A9,SN-ONU-04777,dual_band
TP-Link,Router,Archer C6,AA:BB:AA:00:13:AA,SN-Router-04778,single_band
Cisco,Modem,MB8600,AA:BB:AB:00:13:AB,SN-Modem-04779,dual_band
Huawei,Access Point,EAP225,AA:BB:AC:00:13:AC,SN-AccessPoint-04780,single_band
Nokia,Switch,SG108,AA:BB:AD:00:13:AD,SN-Switch-04781,dual_band
ZTE,ONT,HG8145V5,AA:BB:AE:00:13:AE,SN-ONT-04782,single_band
TP-Link,ONU,G-140W-C,AA:BB:AF:00:13:AF,SN-ONU-04783,dual_band
Cisco,Router,Archer C6,AA:BB:B0:00:13:B0,SN-Router-04784,single_band
Huawei,Modem,MB8600,AA:BB:B1:00:13:B1,SN-Modem-04785,dual_band
Nokia,Access Point,EAP225,AA:BB:B2:00:13:B2,SN-AccessPoint-04786,single_band
ZTE,Switch,SG108,AA:BB:B3:00:13:B3,SN-Switch-04787,dual_band
TP-Link,ONT,HG8145V5,AA:BB:B4:00:13:B4,SN-ONT-04788,single_band
Cisco,ONU,G-140W-C,AA:BB:B5:00:13:B5,SN-ONU-04789,dual_band
Huawei,Router,Archer C6,AA:BB:B6:00:13:B6,SN-Router-04790,single_band
Nokia,Modem,MB8600,AA:BB:B7:00:13:B7,SN-Modem-04791,dual_band
ZTE,Access Point,EAP225,AA:BB:B8:00:13:B8,SN-AccessPoint-04792,single_band
TP-Link,Switch,SG108,AA:BB:B9:00:13:B9,SN-Switch-04793,dual_band
Cisco,ONT,HG8145V5,AA:BB:BA:00:13:BA,SN-ONT-04794,single_band
Huawei,ONU,G-140W-C,AA:BB:BB:00:13:BB,SN-ONU-04795,dual_band
Nokia,Router,Archer C6,AA:BB:BC:00:13:BC,SN-Router-04796,single_band
ZTE,Modem,MB8600,AA:BB:BD:00:13:BD,SN-Modem-04797,dual_band
TP-Link,Access Point,EAP225,AA:BB:BE:00:13:BE,SN-AccessPoint-04798,single_band
Cisco,Switch,SG108,AA:BB:BF:00:13:BF,SN-Switch-04799,dual_band
Huawei,ONT,HG8145V5,AA:BB:C0:00:13:C0,SN-ONT-04800,single_band
Nokia,ONU,G-140W-C,AA:BB:C1:00:13:C1,SN-ONU-04801,dual_band
ZTE,Router,Archer C6,AA:BB:C2:00:13:C2,SN-Router-04802,single_band
TP-Link,Modem,MB8600,AA:BB:C3:00:13:C3,SN-Modem-04803,dual_band
Cisco,Access Point,EAP225,AA:BB:C4:00:13:C4,SN-AccessPoint-04804,single_band
Huawei,Switch,SG108,AA:BB:C5:00:13:C5,SN-Switch-04805,dual_band
Nokia,ONT,HG8145V5,AA:BB:C6:00:13:C6,SN-ONT-04806,single_band
ZTE,ONU,G-140W-C,AA:BB:C7:00:13:C7,SN-ONU-04807,dual_band
TP-Link,Router,Archer C6,AA:BB:C8:00:13:C8,SN-Router-04808,single_band
Cisco,Modem,MB8600,AA:BB:C9:00:13:C9,SN-Modem-04809,dual_band
Huawei,Access Point,EAP225,AA:BB:CA:00:13:CA,SN-AccessPoint-04810,single_band
Nokia,Switch,SG108,AA:BB:CB:00:13:CB,SN-Switch-04811,dual_band
ZTE,ONT,HG8145V5,AA:BB:CC:00:13:CC,SN-ONT-04812,single_band
TP-Link,ONU,G-140W-C,AA:BB:CD:00:13:CD,SN-ONU-04813,dual_band
Cisco,Router,Archer C6,AA:BB:CE:00:13:CE,SN-Router-04814,single_band
Huawei,Modem,MB8600,AA:BB:CF:00:13:CF,SN-Modem-04815,dual_band
Nokia,Access Point,EAP225,AA:BB:D0:00:13:D0,SN-AccessPoint-04816,single_band
ZTE,Switch,SG108,AA:BB:D1:00:13:D1,SN-Switch-04817,dual_band
TP-Link,ONT,HG8145V5,AA:BB:D2:00:13:D2,SN-ONT-04818,single_band
Cisco,ONU,G-140W-C,AA:BB:D3:00:13:D3,SN-ONU-04819,dual_band
Huawei,Router,Archer C6,AA:BB:D4:00:13:D4,SN-Router-04820,single_band
Nokia,Modem,MB8600,AA:BB:D5:00:13:D5,SN-Modem-04821,dual_band
ZTE,Access Point,EAP225,AA:BB:D6:00:13:D6,SN-AccessPoint-04822,single_band
TP-Link,Switch,SG108,AA:BB:D7:00:13:D7,SN-Switch-04823,dual_band
Cisco,ONT,HG8145V5,AA:BB:D8:00:13:D8,SN-ONT-04824,single_band
Huawei,ONU,G-140W-C,AA:BB:D9:00:13:D9,SN-ONU-04825,dual_band
Nokia,Router,Archer C6,AA:BB:DA:00:13:DA,SN-Router-04826,single_band
ZTE,Modem,MB8600,AA:BB:DB:00:13:DB,SN-Modem-04827,dual_band
TP-Link,Access Point,EAP225,AA:BB:DC:00:13:DC,SN-AccessPoint-04828,single_band
Cisco,Switch,SG108,AA:BB:DD:00:13:DD,SN-Switch-04829,dual_band
Huawei,ONT,HG8145V5,AA:BB:DE:00:13:DE,SN-ONT-04830,single_band
Nokia,ONU,G-140W-C,AA:BB:DF:00:13:DF,SN-ONU-04831,dual_band
ZTE,Router,Archer C6,AA:BB:E0:00:13:E0,SN-Router-04832,single_band
TP-Link,Modem,MB8600,AA:BB:E1:00:13:E1,SN-Modem-04833,dual_band
Cisco,Access Point,EAP225,AA:BB:E2:00:13:E2,SN-AccessPoint-04834,single_band
Huawei,Switch,SG108,AA:BB:E3:00:13:E3,SN-Switch-04835,dual_band
Nokia,ONT,HG8145V5,AA:BB:E4:00:13:E4,SN-ONT-04836,single_band
ZTE,ONU,G-140W-C,AA:BB:E5:00:13:E5,SN-ONU-04837,dual_band
TP-Link,Router,Archer C6,AA:BB:E6:00:13:E6,SN-Router-04838,single_band
Cisco,Modem,MB8600,AA:BB:E7:00:13:E7,SN-Modem-04839,dual_band
Huawei,Access Point,EAP225,AA:BB:E8:00:13:E8,SN-AccessPoint-04840,single_band
Nokia,Switch,SG108,AA:BB:E9:00:13:E9,SN-Switch-04841,dual_band
ZTE,ONT,HG8145V5,AA:BB:EA:00:13:EA,SN-ONT-04842,single_band
TP-Link,ONU,G-140W-C,AA:BB:EB:00:13:EB,SN-ONU-04843,dual_band
Cisco,Router,Archer C6,AA:BB:EC:00:13:EC,SN-Router-04844,single_band
Huawei,Modem,MB8600,AA:BB:ED:00:13:ED,SN-Modem-04845,dual_band
Nokia,Access Point,EAP225,AA:BB:EE:00:13:EE,SN-AccessPoint-04846,single_band
ZTE,Switch,SG108,AA:BB:EF:00:13:EF,SN-Switch-04847,dual_band
TP-Link,ONT,HG8145V5,AA:BB:F0:00:13:F0,SN-ONT-04848,single_band
Cisco,ONU,G-140W-C,AA:BB:F1:00:13:F1,SN-ONU-04849,dual_band
Huawei,Router,Archer C6,AA:BB:F2:00:13:F2,SN-Router-04850,single_band
Nokia,Modem,MB8600,AA:BB:F3:00:13:F3,SN-Modem-04851,dual_band
ZTE,Access Point,EAP225,AA:BB:F4:00:13:F4,SN-AccessPoint-04852,single_band
TP-Link,Switch,SG108,AA:BB:F5:00:13:F5,SN-Switch-04853,dual_band
Cisco,ONT,HG8145V5,AA:BB:F6:00:13:F6,SN-ONT-04854,single_band
Huawei,ONU,G-140W-C,AA:BB:F7:00:13:F7,SN-ONU-04855,dual_band
Nokia,Router,Archer C6,AA:BB:F8:00:13:F8,SN-Router-04856,single_band
ZTE,Modem,MB8600,AA:BB:F9:00:13:F9,SN-Modem-04857,dual_band
TP-Link,Access Point,EAP225,AA:BB:FA:00:13:FA,SN-AccessPoint-04858,single_band
Cisco,Switch,SG108,AA:BB:FB:00:13:FB,SN-Switch-04859,dual_band
Huawei,ONT,HG8145V5,AA:BB:FC:00:13:FC,SN-ONT-04860,single_band
Nokia,ONU,G-140W-C,AA:BB:FD:00:13:FD,SN-ONU-04861,dual_band
ZTE,Router,Archer C6,AA:BB:FE:00:13:FE,SN-Router-04862,single_band
TP-Link,Modem,MB8600,AA:BB:FF:00:13:FF,SN-Modem-04863,dual_band
Cisco,Access Point,EAP225,AA:BB:00:00:13:00,SN-AccessPoint-04864,single_band
Huawei,Switch,SG108,AA:BB:01:00:13:01,SN-Switch-04865,dual_band
Nokia,ONT,HG8145V5,AA:BB:02:00:13:02,SN-ONT-04866,single_band
ZTE,ONU,G-140W-C,AA:BB:03:00:13:03,SN-ONU-04867,dual_band
TP-Link,Router,Archer C6,AA:BB:04:00:13:04,SN-Router-04868,single_band
Cisco,Modem,MB8600,AA:BB:05:00:13:05,SN-Modem-04869,dual_band
Huawei,Access Point,EAP225,AA:BB:06:00:13:06,SN-AccessPoint-04870,single_band
Nokia,Switch,SG108,AA:BB:07:00:13:07,SN-Switch-04871,dual_band
ZTE,ONT,HG8145V5,AA:BB:08:00:13:08,SN-ONT-04872,single_band
TP-Link,ONU,G-140W-C,AA:BB:09:00:13:09,SN-ONU-04873,dual_band
Cisco,Router,Archer C6,AA:BB:0A:00:13:0A,SN-Router-04874,single_band
Huawei,Modem,MB8600,AA:BB:0B:00:13:0B,SN-Modem-04875,dual_band
Nokia,Access Point,EAP225,AA:BB:0C:00:13:0C,SN-AccessPoint-04876,single_band
ZTE,Switch,SG108,AA:BB:0D:00:13:0D,SN-Switch-04877,dual_band
TP-Link,ONT,HG8145V5,AA:BB:0E:00:13:0E,SN-ONT-04878,single_band
Cisco,ONU,G-140W-C,AA:BB:0F:00:13:0F,SN-ONU-04879,dual_band
Huawei,Router,Archer C6,AA:BB:10:00:13:10,SN-Router-04880,single_band
Nokia,Modem,MB8600,AA:BB:11:00:13:11,SN-Modem-04881,dual_band
ZTE,Access Point,EAP225,AA:BB:12:00:13:12,SN-AccessPoint-04882,single_band
TP-Link,Switch,SG108,AA:BB:13:00:13:13,SN-Switch-04883,dual_band
Cisco,ONT,HG8145V5,AA:BB:14:00:13:14,SN-ONT-04884,single_band
Huawei,ONU,G-140W-C,AA:BB:15:00:13:15,SN-ONU-04885,dual_band
Nokia,Router,Archer C6,AA:BB:16:00:13:16,SN-Router-04886,single_band
ZTE,Modem,MB8600,AA:BB:17:00:13:17,SN-Modem-04887,dual_band
TP-Link,Access Point,EAP225,AA:BB:18:00:13:18,SN-AccessPoint-04888,single_band
Cisco,Switch,SG108,AA:BB:19:00:13:19,SN-Switch-04889,dual_band
Huawei,ONT,HG8145V5,AA:BB:1A:00:13:1A,SN-ONT-04890,single_band
Nokia,ONU,G-140W-C,AA:BB:1B:00:13:1B,SN-ONU-04891,dual_band
ZTE,Router,Archer C6,AA:BB:1C:00:13:1C,SN-Router-04892,single_band
TP-Link,Modem,MB8600,AA:BB:1D:00:13:1D,SN-Modem-04893,dual_band
Cisco,Access Point,EAP225,AA:BB:1E:00:13:1E,SN-AccessPoint-04894,single_band
Huawei,Switch,SG108,AA:BB:1F:00:13:1F,SN-Switch-04895,dual_band
Nokia,ONT,HG8145V5,AA:BB:20:00:13:20,SN-ONT-04896,single_band
ZTE,ONU,G-140W-C,AA:BB:21:00:13:21,SN-ONU-04897,dual_band
TP-Link,Router,Archer C6,AA:BB:22:00:13:22,SN-Router-04898,single_band
Cisco,Modem,MB8600,AA:BB:23:00:13:23,SN-Modem-04899,dual_band
Huawei,Access Point,EAP225,AA:BB:24:00:13:24,SN-AccessPoint-04900,single_band
Nokia,Switch,SG108,AA:BB:25:00:13:25,SN-Switch-04901,dual_band
ZTE,ONT,HG8145V5,AA:BB:26:00:13:26,SN-ONT-04902,single_band
TP-Link,ONU,G-140W-C,AA:BB:27:00:13:27,SN-ONU-04903,dual_band
Cisco,Router,Archer C6,AA:BB:28:00:13:28,SN-Router-04904,single_band
Huawei,Modem,MB8600,AA:BB:29:00:13:29,SN-Modem-04905,dual_band
Nokia,Access Point,EAP225,AA:BB:2A:00:13:2A,SN-AccessPoint-04906,single_band
ZTE,Switch,SG108,AA:BB:2B:00:13:2B,SN-Switch-04907,dual_band
TP-Link,ONT,HG8145V5,AA:BB:2C:00:13:2C,SN-ONT-04908,single_band
Cisco,ONU,G-140W-C,AA:BB:2D:00:13:2D,SN-ONU-04909,dual_band
Huawei,Router,Archer C6,AA:BB:2E:00:13:2E,SN-Router-04910,single_band
Nokia,Modem,MB8600,AA:BB:2F:00:13:2F,SN-Modem-04911,dual_band
ZTE,Access Point,EAP225,AA:BB:30:00:13:30,SN-AccessPoint-04912,single_band
TP-Link,Switch,SG108,AA:BB:31:00:13:31,SN-Switch-04913,dual_band
Cisco,ONT,HG8145V5,AA:BB:32:00:13:32,SN-ONT-04914,single_band
Huawei,ONU,G-140W-C,AA:BB:33:00:13:33,SN-ONU-04915,dual_band
Nokia,Router,Archer C6,AA:BB:34:00:13:34,SN-Router-04916,single_band
ZTE,Modem,MB8600,AA:BB:35:00:13:35,SN-Modem-04917,dual_band
TP-Link,Access Point,EAP225,AA:BB:36:00:13:36,SN-AccessPoint-04918,single_band
Cisco,Switch,SG108,AA:BB:37:00:13:37,SN-Switch-04919,dual_band
Huawei,ONT,HG8145V5,AA:BB:38:00:13:38,SN-ONT-04920,single_band
Nokia,ONU,G-140W-C,AA:BB:39:00:13:39,SN-ONU-04921,dual_band
ZTE,Router,Archer C6,AA:BB:3A:00:13:3A,SN-Router-04922,single_band
TP-Link,Modem,MB8600,AA:BB:3B:00:13:3B,SN-Modem-04923,dual_band
Cisco,Access Point,EAP225,AA:BB:3C:00:13:3C,SN-AccessPoint-04924,single_band
Huawei,Switch,SG108,AA:BB:3D:00:13:3D,SN-Switch-04925,dual_band
Nokia,ONT,HG8145V5,AA:BB:3E:00:13:3E,SN-ONT-04926,single_band
ZTE,ONU,G-140W-C,AA:BB:3F:00:13:3F,SN-ONU-04927,dual_band
TP-Link,Router,Archer C6,AA:BB:40:00:13:40,SN-Router-04928,single_band
Cisco,Modem,MB8600,AA:BB:41:00:13:41,SN-Modem-04929,dual_band
Huawei,Access Point,EAP225,AA:BB:42:00:13:42,SN-AccessPoint-04930,single_band
Nokia,Switch,SG108,AA:BB:43:00:13:43,SN-Switch-04931,dual_band
ZTE,ONT,HG8145V5,AA:BB:44:00:13:44,SN-ONT-04932,single_band
TP-Link,ONU,G-140W-C,AA:BB:45:00:13:45,SN-ONU-04933,dual_band
Cisco,Router,Archer C6,AA:BB:46:00:13:46,SN-Router-04934,single_band
Huawei,Modem,MB8600,AA:BB:47:00:13:47,SN-Modem-04935,dual_band
Nokia,Access Point,EAP225,AA:BB:48:00:13:48,SN-AccessPoint-04936,single_band
ZTE,Switch,SG108,AA:BB:49:00:13:49,SN-Switch-04937,dual_band
TP-Link,ONT,HG8145V5,AA:BB:4A:00:13:4A,SN-ONT-04938,single_band
Cisco,ONU,G-140W-C,AA:BB:4B:00:13:4B,SN-ONU-04939,dual_band
Huawei,Router,Archer C6,AA:BB:4C:00:13:4C,SN-Router-04940,single_band
Nokia,Modem,MB8600,AA:BB:4D:00:13:4D,SN-Modem-04941,dual_band
ZTE,Access Point,EAP225,AA:BB:4E:00:13:4E,SN-AccessPoint-04942,single_band
TP-Link,Switch,SG108,AA:BB:4F:00:13:4F,SN-Switch-04943,dual_band
Cisco,ONT,HG8145V5,AA:BB:50:00:13:50,SN-ONT-04944,single_band
Huawei,ONU,G-140W-C,AA:BB:51:00:13:51,SN-ONU-04945,dual_band
Nokia,Router,Archer C6,AA:BB:52:00:13:52,SN-Router-04946,single_band
ZTE,Modem,MB8600,AA:BB:53:00:13:53,SN-Modem-04947,dual_band
TP-Link,Access Point,EAP225,AA:BB:54:00:13:54,SN-AccessPoint-04948,single_band
Cisco,Switch,SG108,AA:BB:55:00:13:55,SN-Switch-04949,dual_band
Huawei,ONT,HG8145V5,AA:BB:56:00:13:56,SN-ONT-04950,single_band
Nokia,ONU,G-140W-C,AA:BB:57:00:13:57,SN-ONU-04951,dual_band
ZTE,Router,Archer C6,AA:BB:58:00:13:58,SN-Router-04952,single_band
TP-Link,Modem,MB8600,AA:BB:59:00:13:59,SN-Modem-04953,dual_band
Cisco,Access Point,EAP225,AA:BB:5A:00:13:5A,SN-AccessPoint-04954,single_band
Huawei,Switch,SG108,AA:BB:5B:00:13:5B,SN-Switch-04955,dual_band
Nokia,ONT,HG8145V5,AA:BB:5C:00:13:5C,SN-ONT-04956,single_band
ZTE,ONU,G-140W-C,AA:BB:5D:00:13:5D,SN-ONU-04957,dual_band
TP-Link,Router,Archer C6,AA:BB:5E:00:13:5E,SN-Router-04958,single_band
Cisco,Modem,MB8600,AA:BB:5F:00:13:5F,SN-Modem-04959,dual_band
Huawei,Access Point,EAP225,AA:BB:60:00:13:60,SN-AccessPoint-04960,single_band
Nokia,Switch,SG108,AA:BB:61:00:13:61,SN-Switch-04961,dual_band
ZTE,ONT,HG8145V5,AA:BB:62:00:13:62,SN-ONT-04962,single_band
TP-Link,ONU,G-140W-C,AA:BB:63:00:13:63,SN-ONU-04963,dual_band
Cisco,Router,Archer C6,AA:BB:64:00:13:64,SN-Router-04964,single_band
Huawei,Modem,MB8600,AA:BB:65:00:13:65,SN-Modem-04965,dual_band
Nokia,Access Point,EAP225,AA:BB:66:00:13:66,SN-AccessPoint-04966,single_band
ZTE,Switch,SG108,AA:BB:67:00:13:67,SN-Switch-04967,dual_band
TP-Link,ONT,HG8145V5,AA:BB:68:00:13:68,SN-ONT-04968,single_band
Cisco,ONU,G-140W-C,AA:BB:69:00:13:69,SN-ONU-04969,dual_band
Huawei,Router,Archer C6,AA:BB:6A:00:13:6A,SN-Router-04970,single_band
Nokia,Modem,MB8600,AA:BB:6B:00:13:6B,SN-Modem-04971,dual_band
ZTE,Access Point,EAP225,AA:BB:6C:00:13:6C,SN-AccessPoint-04972,single_band
TP-Link,Switch,SG108,AA:BB:6D:00:13:6D,SN-Switch-04973,dual_band
Cisco,ONT,HG8145V5,AA:BB:6E:00:13:6E,SN-ONT-04974,single_band
Huawei,ONU,G-140W-C,AA:BB:6F:00:13:6F,SN-ONU-04975,dual_band
Nokia,Router,Archer C6,AA:BB:70:00:13:70,SN-Router-04976,single_band
ZTE,Modem,MB8600,AA:BB:71:00:13:71,SN-Modem-04977,dual_band
TP-Link,Access Point,EAP225,AA:BB:72:00:13:72,SN-AccessPoint-04978,single_band
Cisco,Switch,SG108,AA:BB:73:00:13:73,SN-Switch-04979,dual_band
Huawei,ONT,HG8145V5,AA:BB:74:00:13:74,SN-ONT-04980,single_band
Nokia,ONU,G-140W-C,AA:BB:75:00:13:75,SN-ONU-04981,dual_band
ZTE,Router,Archer C6,AA:BB:76:00:13:76,SN-Router-04982,single_band
TP-Link,Modem,MB8600,AA:BB:77:00:13:77,SN-Modem-04983,dual_band
Cisco,Access Point,EAP225,AA:BB:78:00:13:78,SN-AccessPoint-04984,single_band
Huawei,Switch,SG108,AA:BB:79:00:13:79,SN-Switch-04985,dual_band
Nokia,ONT,HG8145V5,AA:BB:7A:00:13:7A,SN-ONT-04986,single_band
ZTE,ONU,G-140W-C,AA:BB:7B:00:13:7B,SN-ONU-04987,dual_band
TP-Link,Router,Archer C6,AA:BB:7C:00:13:7C,SN-Router-04988,single_band
Cisco,Modem,MB8600,AA:BB:7D:00:13:7D,SN-Modem-04989,dual_band
Huawei,Access Point,EAP225,AA:BB:7E:00:13:7E,SN-AccessPoint-04990,single_band
Nokia,Switch,SG108,AA:BB:7F:00:13:7F,SN-Switch-04991,dual_band
ZTE,ONT,HG8145V5,AA:BB:80:00:14:80,SN-ONT-04992,single_band
TP-Link,ONU,G-140W-C,AA:BB:81:00:14:81,SN-ONU-04993,dual_band
Cisco,Router,Archer C6,AA:BB:82:00:14:82,SN-Router-04994,single_band
Huawei,Modem,MB8600,AA:BB:83:00:14:83,SN-Modem-04995,dual_band
Nokia,Access Point,EAP225,AA:BB:84:00:14:84,SN-AccessPoint-04996,single_band
ZTE,Switch,SG108,AA:BB:85:00:14:85,SN-Switch-04997,dual_band
TP-Link,ONT,HG8145V5,AA:BB:86:00:14:86,SN-ONT-04998,single_band
Cisco,ONU,G-140W-C,AA:BB:87:00:14:87,SN-ONU-04999,dual_band
Huawei,Router,Archer C6,AA:BB:88:00:14:88,SN-Router-05000,single_band
