mac_address,serial_number,
02:00:00:00:00:01,SN-ONU-00001,
02:00:00:00:00:02,SN-ONT-00002,
02:00:00:00:00:03,SN-ONU-00003,
02:00:00:00:00:04,SN-ROUTER-00004,
02:00:00:00:00:05,SN-AP-00005,
02:00:00:00:00:06,SN-MODEM-00006,
02:00:00:00:00:07,SN-ROUTER-00007,
02:00:00:00:00:08,SN-ONU-00008,
02:00:00:00:00:09,SN-ONT-00009,
02:00:00:00:00:0A,SN-ONU-00010,
02:00:00:00:00:0B,SN-ROUTER-00011,
02:00:00:00:00:0C,SN-AP-00012,
02:00:00:00:00:0D,SN-MODEM-00013,
02:00:00:00:00:0E,SN-ROUTER-00014,
02:00:00:00:00:0F,SN-ONU-00015,
02:00:00:00:00:10,SN-ONT-00016,
02:00:00:00:00:11,SN-ONU-00017,
02:00:00:00:00:12,SN-ROUTER-00018,
02:00:00:00:00:13,SN-AP-00019,
02:00:00:00:00:14,SN-MODEM-00020,
02:00:00:00:00:15,SN-ROUTER-00021,
02:00:00:00:00:16,SN-ONU-00022,
02:00:00:00:00:17,SN-ONT-00023,
02:00:00:00:00:18,SN-ONU-00024,
02:00:00:00:00:19,SN-ROUTER-00025,
02:00:00:00:00:1A,SN-AP-00026,
02:00:00:00:00:1B,SN-MODEM-00027,
02:00:00:00:00:1C,SN-ROUTER-00028,
02:00:00:00:00:1D,SN-ONU-00029,
02:00:00:00:00:1E,SN-ONT-00030,
02:00:00:00:00:1F,SN-ONU-00031,
02:00:00:00:00:20,SN-ROUTER-00032,
02:00:00:00:00:21,SN-AP-00033,
02:00:00:00:00:22,SN-MODEM-00034,
02:00:00:00:00:23,SN-ROUTER-00035,
02:00:00:00:00:24,SN-ONU-00036,
02:00:00:00:00:25,SN-ONT-00037,
02:00:00:00:00:26,SN-ONU-00038,
02:00:00:00:00:27,SN-ROUTER-00039,
02:00:00:00:00:28,SN-AP-00040,
02:00:00:00:00:29,SN-MODEM-00041,
02:00:00:00:00:2A,SN-ROUTER-00042,
02:00:00:00:00:2B,SN-ONU-00043,
02:00:00:00:00:2C,SN-ONT-00044,
02:00:00:00:00:2D,SN-ONU-00045,
02:00:00:00:00:2E,SN-ROUTER-00046,
02:00:00:00:00:2F,SN-AP-00047,
02:00:00:00:00:30,SN-MODEM-00048,
02:00:00:00:00:31,SN-ROUTER-00049,
02:00:00:00:00:32,SN-ONU-00050,
02:00:00:00:00:33,SN-ONT-00051,
02:00:00:00:00:34,SN-ONU-00052,
02:00:00:00:00:35,SN-ROUTER-00053,
02:00:00:00:00:36,SN-AP-00054,
02:00:00:00:00:37,SN-MODEM-00055,
02:00:00:00:00:38,SN-ROUTER-00056,
02:00:00:00:00:39,SN-ONU-00057,
02:00:00:00:00:3A,SN-ONT-00058,
02:00:00:00:00:3B,SN-ONU-00059,
02:00:00:00:00:3C,SN-ROUTER-00060,
02:00:00:00:00:3D,SN-AP-00061,
02:00:00:00:00:3E,SN-MODEM-00062,
02:00:00:00:00:3F,SN-ROUTER-00063,
02:00:00:00:00:40,SN-ONU-00064,
02:00:00:00:00:41,SN-ONT-00065,
02:00:00:00:00:42,SN-ONU-00066,
02:00:00:00:00:43,SN-ROUTER-00067,
02:00:00:00:00:44,SN-AP-00068,
02:00:00:00:00:45,SN-MODEM-00069,
02:00:00:00:00:46,SN-ROUTER-00070,
02:00:00:00:00:47,SN-ONU-00071,
02:00:00:00:00:48,SN-ONT-00072,
02:00:00:00:00:49,SN-ONU-00073,
02:00:00:00:00:4A,SN-ROUTER-00074,
02:00:00:00:00:4B,SN-AP-00075,
02:00:00:00:00:4C,SN-MODEM-00076,
02:00:00:00:00:4D,SN-ROUTER-00077,
02:00:00:00:00:4E,SN-ONU-00078,
02:00:00:00:00:4F,SN-ONT-00079,
02:00:00:00:00:50,SN-ONU-00080,
02:00:00:00:00:51,SN-ROUTER-00081,
02:00:00:00:00:52,SN-AP-00082,
02:00:00:00:00:53,SN-MODEM-00083,
02:00:00:00:00:54,SN-ROUTER-00084,
02:00:00:00:00:55,SN-ONU-00085,
02:00:00:00:00:56,SN-ONT-00086,
02:00:00:00:00:57,SN-ONU-00087,
02:00:00:00:00:58,SN-ROUTER-00088,
02:00:00:00:00:59,SN-AP-00089,
02:00:00:00:00:5A,SN-MODEM-00090,
02:00:00:00:00:5B,SN-ROUTER-00091,
02:00:00:00:00:5C,SN-ONU-00092,
02:00:00:00:00:5D,SN-ONT-00093,
02:00:00:00:00:5E,SN-ONU-00094,
02:00:00:00:00:5F,SN-ROUTER-00095,
02:00:00:00:00:60,SN-AP-00096,
02:00:00:00:00:61,SN-MODEM-00097,
02:00:00:00:00:62,SN-ROUTER-00098,
02:00:00:00:00:63,SN-ONU-00099,
02:00:00:00:00:64,SN-ONT-00100,
02:00:00:00:00:65,SN-ONU-00101,
02:00:00:00:00:66,SN-ROUTER-00102,
02:00:00:00:00:67,SN-AP-00103,
02:00:00:00:00:68,SN-MODEM-00104,
02:00:00:00:00:69,SN-ROUTER-00105,
02:00:00:00:00:6A,SN-ONU-00106,
02:00:00:00:00:6B,SN-ONT-00107,
02:00:00:00:00:6C,SN-ONU-00108,
02:00:00:00:00:6D,SN-ROUTER-00109,
02:00:00:00:00:6E,SN-AP-00110,
02:00:00:00:00:6F,SN-MODEM-00111,
02:00:00:00:00:70,SN-ROUTER-00112,
02:00:00:00:00:71,SN-ONU-00113,
02:00:00:00:00:72,SN-ONT-00114,
02:00:00:00:00:73,SN-ONU-00115,
02:00:00:00:00:74,SN-ROUTER-00116,
02:00:00:00:00:75,SN-AP-00117,
02:00:00:00:00:76,SN-MODEM-00118,
02:00:00:00:00:77,SN-ROUTER-00119,
02:00:00:00:00:78,SN-ONU-00120,
02:00:00:00:00:79,SN-ONT-00121,
02:00:00:00:00:7A,SN-ONU-00122,
02:00:00:00:00:7B,SN-ROUTER-00123,
02:00:00:00:00:7C,SN-AP-00124,
02:00:00:00:00:7D,SN-MODEM-00125,
02:00:00:00:00:7E,SN-ROUTER-00126,
02:00:00:00:00:7F,SN-ONU-00127,
02:00:00:00:00:80,SN-ONT-00128,
02:00:00:00:00:81,SN-ONU-00129,
02:00:00:00:00:82,SN-ROUTER-00130,
02:00:00:00:00:83,SN-AP-00131,
02:00:00:00:00:84,SN-MODEM-00132,
02:00:00:00:00:85,SN-ROUTER-00133,
02:00:00:00:00:86,SN-ONU-00134,
02:00:00:00:00:87,SN-ONT-00135,
02:00:00:00:00:88,SN-ONU-00136,
02:00:00:00:00:89,SN-ROUTER-00137,
02:00:00:00:00:8A,SN-AP-00138,
02:00:00:00:00:8B,SN-MODEM-00139,
02:00:00:00:00:8C,SN-ROUTER-00140,
02:00:00:00:00:8D,SN-ONU-00141,
02:00:00:00:00:8E,SN-ONT-00142,
02:00:00:00:00:8F,SN-ONU-00143,
02:00:00:00:00:90,SN-ROUTER-00144,
02:00:00:00:00:91,SN-AP-00145,
02:00:00:00:00:92,SN-MODEM-00146,
02:00:00:00:00:93,SN-ROUTER-00147,
02:00:00:00:00:94,SN-ONU-00148,
02:00:00:00:00:95,SN-ONT-00149,
02:00:00:00:00:96,SN-ONU-00150,
02:00:00:00:00:97,SN-ROUTER-00151,
02:00:00:00:00:98,SN-AP-00152,
02:00:00:00:00:99,SN-MODEM-00153,
02:00:00:00:00:9A,SN-ROUTER-00154,
02:00:00:00:00:9B,SN-ONU-00155,
02:00:00:00:00:9C,SN-ONT-00156,
02:00:00:00:00:9D,SN-ONU-00157,
02:00:00:00:00:9E,SN-ROUTER-00158,
02:00:00:00:00:9F,SN-AP-00159,
02:00:00:00:00:A0,SN-MODEM-00160,
02:00:00:00:00:A1,SN-ROUTER-00161,
02:00:00:00:00:A2,SN-ONU-00162,
02:00:00:00:00:A3,SN-ONT-00163,
02:00:00:00:00:A4,SN-ONU-00164,
02:00:00:00:00:A5,SN-ROUTER-00165,
02:00:00:00:00:A6,SN-AP-00166,
02:00:00:00:00:A7,SN-MODEM-00167,
02:00:00:00:00:A8,SN-ROUTER-00168,
02:00:00:00:00:A9,SN-ONU-00169,
02:00:00:00:00:AA,SN-ONT-00170,
02:00:00:00:00:AB,SN-ONU-00171,
02:00:00:00:00:AC,SN-ROUTER-00172,
02:00:00:00:00:AD,SN-AP-00173,
02:00:00:00:00:AE,SN-MODEM-00174,
02:00:00:00:00:AF,SN-ROUTER-00175,
02:00:00:00:00:B0,SN-ONU-00176,
02:00:00:00:00:B1,SN-ONT-00177,
02:00:00:00:00:B2,SN-ONU-00178,
02:00:00:00:00:B3,SN-ROUTER-00179,
02:00:00:00:00:B4,SN-AP-00180,
02:00:00:00:00:B5,SN-MODEM-00181,
02:00:00:00:00:B6,SN-ROUTER-00182,
02:00:00:00:00:B7,SN-ONU-00183,
02:00:00:00:00:B8,SN-ONT-00184,
02:00:00:00:00:B9,SN-ONU-00185,
02:00:00:00:00:BA,SN-ROUTER-00186,
02:00:00:00:00:BB,SN-AP-00187,
02:00:00:00:00:BC,SN-MODEM-00188,
02:00:00:00:00:BD,SN-ROUTER-00189,
02:00:00:00:00:BE,SN-ONU-00190,
02:00:00:00:00:BF,SN-ONT-00191,
02:00:00:00:00:C0,SN-ONU-00192,
02:00:00:00:00:C1,SN-ROUTER-00193,
02:00:00:00:00:C2,SN-AP-00194,
02:00:00:00:00:C3,SN-MODEM-00195,
02:00:00:00:00:C4,SN-ROUTER-00196,
02:00:00:00:00:C5,SN-ONU-00197,
02:00:00:00:00:C6,SN-ONT-00198,
02:00:00:00:00:C7,SN-ONU-00199,
02:00:00:00:00:C8,SN-ROUTER-00200,
02:00:00:00:00:C9,SN-AP-00201,
02:00:00:00:00:CA,SN-MODEM-00202,
02:00:00:00:00:CB,SN-ROUTER-00203,
02:00:00:00:00:CC,SN-ONU-00204,
02:00:00:00:00:CD,SN-ONT-00205,
02:00:00:00:00:CE,SN-ONU-00206,
02:00:00:00:00:CF,SN-ROUTER-00207,
02:00:00:00:00:D0,SN-AP-00208,
02:00:00:00:00:D1,SN-MODEM-00209,
02:00:00:00:00:D2,SN-ROUTER-00210,
02:00:00:00:00:D3,SN-ONU-00211,
02:00:00:00:00:D4,SN-ONT-00212,
02:00:00:00:00:D5,SN-ONU-00213,
02:00:00:00:00:D6,SN-ROUTER-00214,
02:00:00:00:00:D7,SN-AP-00215,
02:00:00:00:00:D8,SN-MODEM-00216,
02:00:00:00:00:D9,SN-ROUTER-00217,
02:00:00:00:00:DA,SN-ONU-00218,
02:00:00:00:00:DB,SN-ONT-00219,
02:00:00:00:00:DC,SN-ONU-00220,
02:00:00:00:00:DD,SN-ROUTER-00221,
02:00:00:00:00:DE,SN-AP-00222,
02:00:00:00:00:DF,SN-MODEM-00223,
02:00:00:00:00:E0,SN-ROUTER-00224,
02:00:00:00:00:E1,SN-ONU-00225,
02:00:00:00:00:E2,SN-ONT-00226,
02:00:00:00:00:E3,SN-ONU-00227,
02:00:00:00:00:E4,SN-ROUTER-00228,
02:00:00:00:00:E5,SN-AP-00229,
02:00:00:00:00:E6,SN-MODEM-00230,
02:00:00:00:00:E7,SN-ROUTER-00231,
02:00:00:00:00:E8,SN-ONU-00232,
02:00:00:00:00:E9,SN-ONT-00233,
02:00:00:00:00:EA,SN-ONU-00234,
02:00:00:00:00:EB,SN-ROUTER-00235,
02:00:00:00:00:EC,SN-AP-00236,
02:00:00:00:00:ED,SN-MODEM-00237,
02:00:00:00:00:EE,SN-ROUTER-00238,
02:00:00:00:00:EF,SN-ONU-00239,
02:00:00:00:00:F0,SN-ONT-00240,
02:00:00:00:00:F1,SN-ONU-00241,
02:00:00:00:00:F2,SN-ROUTER-00242,
02:00:00:00:00:F3,SN-AP-00243,
02:00:00:00:00:F4,SN-MODEM-00244,
02:00:00:00:00:F5,SN-ROUTER-00245,
02:00:00:00:00:F6,SN-ONU-00246,
02:00:00:00:00:F7,SN-ONT-00247,
02:00:00:00:00:F8,SN-ONU-00248,
02:00:00:00:00:F9,SN-ROUTER-00249,
02:00:00:00:00:FA,SN-AP-00250,
02:00:00:00:00:FB,SN-MODEM-00251,
02:00:00:00:00:FC,SN-ROUTER-00252,
02:00:00:00:00:FD,SN-ONU-00253,
02:00:00:00:00:FE,SN-ONT-00254,
02:00:00:00:00:FF,SN-ONU-00255,
02:00:00:00:01:00,SN-ROUTER-00256,
02:00:00:00:01:01,SN-AP-00257,
02:00:00:00:01:02,SN-MODEM-00258,
02:00:00:00:01:03,SN-ROUTER-00259,
02:00:00:00:01:04,SN-ONU-00260,
02:00:00:00:01:05,SN-ONT-00261,
02:00:00:00:01:06,SN-ONU-00262,
02:00:00:00:01:07,SN-ROUTER-00263,
02:00:00:00:01:08,SN-AP-00264,
02:00:00:00:01:09,SN-MODEM-00265,
02:00:00:00:01:0A,SN-ROUTER-00266,
02:00:00:00:01:0B,SN-ONU-00267,
02:00:00:00:01:0C,SN-ONT-00268,
02:00:00:00:01:0D,SN-ONU-00269,
02:00:00:00:01:0E,SN-ROUTER-00270,
02:00:00:00:01:0F,SN-AP-00271,
02:00:00:00:01:10,SN-MODEM-00272,
02:00:00:00:01:11,SN-ROUTER-00273,
02:00:00:00:01:12,SN-ONU-00274,
02:00:00:00:01:13,SN-ONT-00275,
02:00:00:00:01:14,SN-ONU-00276,
02:00:00:00:01:15,SN-ROUTER-00277,
02:00:00:00:01:16,SN-AP-00278,
02:00:00:00:01:17,SN-MODEM-00279,
02:00:00:00:01:18,SN-ROUTER-00280,
02:00:00:00:01:19,SN-ONU-00281,
02:00:00:00:01:1A,SN-ONT-00282,
02:00:00:00:01:1B,SN-ONU-00283,
02:00:00:00:01:1C,SN-ROUTER-00284,
02:00:00:00:01:1D,SN-AP-00285,
02:00:00:00:01:1E,SN-MODEM-00286,
02:00:00:00:01:1F,SN-ROUTER-00287,
02:00:00:00:01:20,SN-ONU-00288,
02:00:00:00:01:21,SN-ONT-00289,
02:00:00:00:01:22,SN-ONU-00290,
02:00:00:00:01:23,SN-ROUTER-00291,
02:00:00:00:01:24,SN-AP-00292,
02:00:00:00:01:25,SN-MODEM-00293,
02:00:00:00:01:26,SN-ROUTER-00294,
02:00:00:00:01:27,SN-ONU-00295,
02:00:00:00:01:28,SN-ONT-00296,
02:00:00:00:01:29,SN-ONU-00297,
02:00:00:00:01:2A,SN-ROUTER-00298,
02:00:00:00:01:2B,SN-AP-00299,
02:00:00:00:01:2C,SN-MODEM-00300,
02:00:00:00:01:2D,SN-ROUTER-00301,
02:00:00:00:01:2E,SN-ONU-00302,
02:00:00:00:01:2F,SN-ONT-00303,
02:00:00:00:01:30,SN-ONU-00304,
02:00:00:00:01:31,SN-ROUTER-00305,
02:00:00:00:01:32,SN-AP-00306,
02:00:00:00:01:33,SN-MODEM-00307,
02:00:00:00:01:34,SN-ROUTER-00308,
02:00:00:00:01:35,SN-ONU-00309,
02:00:00:00:01:36,SN-ONT-00310,
02:00:00:00:01:37,SN-ONU-00311,
02:00:00:00:01:38,SN-ROUTER-00312,
02:00:00:00:01:39,SN-AP-00313,
02:00:00:00:01:3A,SN-MODEM-00314,
02:00:00:00:01:3B,SN-ROUTER-00315,
02:00:00:00:01:3C,SN-ONU-00316,
02:00:00:00:01:3D,SN-ONT-00317,
02:00:00:00:01:3E,SN-ONU-00318,
02:00:00:00:01:3F,SN-ROUTER-00319,
02:00:00:00:01:40,SN-AP-00320,
02:00:00:00:01:41,SN-MODEM-00321,
02:00:00:00:01:42,SN-ROUTER-00322,
02:00:00:00:01:43,SN-ONU-00323,
02:00:00:00:01:44,SN-ONT-00324,
02:00:00:00:01:45,SN-ONU-00325,
02:00:00:00:01:46,SN-ROUTER-00326,
02:00:00:00:01:47,SN-AP-00327,
02:00:00:00:01:48,SN-MODEM-00328,
02:00:00:00:01:49,SN-ROUTER-00329,
02:00:00:00:01:4A,SN-ONU-00330,
02:00:00:00:01:4B,SN-ONT-00331,
02:00:00:00:01:4C,SN-ONU-00332,
02:00:00:00:01:4D,SN-ROUTER-00333,
02:00:00:00:01:4E,SN-AP-00334,
02:00:00:00:01:4F,SN-MODEM-00335,
02:00:00:00:01:50,SN-ROUTER-00336,
02:00:00:00:01:51,SN-ONU-00337,
02:00:00:00:01:52,SN-ONT-00338,
02:00:00:00:01:53,SN-ONU-00339,
02:00:00:00:01:54,SN-ROUTER-00340,
02:00:00:00:01:55,SN-AP-00341,
02:00:00:00:01:56,SN-MODEM-00342,
02:00:00:00:01:57,SN-ROUTER-00343,
02:00:00:00:01:58,SN-ONU-00344,
02:00:00:00:01:59,SN-ONT-00345,
02:00:00:00:01:5A,SN-ONU-00346,
02:00:00:00:01:5B,SN-ROUTER-00347,
02:00:00:00:01:5C,SN-AP-00348,
02:00:00:00:01:5D,SN-MODEM-00349,
02:00:00:00:01:5E,SN-ROUTER-00350,
02:00:00:00:01:5F,SN-ONU-00351,
02:00:00:00:01:60,SN-ONT-00352,
02:00:00:00:01:61,SN-ONU-00353,
02:00:00:00:01:62,SN-ROUTER-00354,
02:00:00:00:01:63,SN-AP-00355,
02:00:00:00:01:64,SN-MODEM-00356,
02:00:00:00:01:65,SN-ROUTER-00357,
02:00:00:00:01:66,SN-ONU-00358,
02:00:00:00:01:67,SN-ONT-00359,
02:00:00:00:01:68,SN-ONU-00360,
02:00:00:00:01:69,SN-ROUTER-00361,
02:00:00:00:01:6A,SN-AP-00362,
02:00:00:00:01:6B,SN-MODEM-00363,
02:00:00:00:01:6C,SN-ROUTER-00364,
02:00:00:00:01:6D,SN-ONU-00365,
02:00:00:00:01:6E,SN-ONT-00366,
02:00:00:00:01:6F,SN-ONU-00367,
02:00:00:00:01:70,SN-ROUTER-00368,
02:00:00:00:01:71,SN-AP-00369,
02:00:00:00:01:72,SN-MODEM-00370,
02:00:00:00:01:73,SN-ROUTER-00371,
02:00:00:00:01:74,SN-ONU-00372,
02:00:00:00:01:75,SN-ONT-00373,
02:00:00:00:01:76,SN-ONU-00374,
02:00:00:00:01:77,SN-ROUTER-00375,
02:00:00:00:01:78,SN-AP-00376,
02:00:00:00:01:79,SN-MODEM-00377,
02:00:00:00:01:7A,SN-ROUTER-00378,
02:00:00:00:01:7B,SN-ONU-00379,
02:00:00:00:01:7C,SN-ONT-00380,
02:00:00:00:01:7D,SN-ONU-00381,
02:00:00:00:01:7E,SN-ROUTER-00382,
02:00:00:00:01:7F,SN-AP-00383,
02:00:00:00:01:80,SN-MODEM-00384,
02:00:00:00:01:81,SN-ROUTER-00385,
02:00:00:00:01:82,SN-ONU-00386,
02:00:00:00:01:83,SN-ONT-00387,
02:00:00:00:01:84,SN-ONU-00388,
02:00:00:00:01:85,SN-ROUTER-00389,
02:00:00:00:01:86,SN-AP-00390,
02:00:00:00:01:87,SN-MODEM-00391,
02:00:00:00:01:88,SN-ROUTER-00392,
02:00:00:00:01:89,SN-ONU-00393,
02:00:00:00:01:8A,SN-ONT-00394,
02:00:00:00:01:8B,SN-ONU-00395,
02:00:00:00:01:8C,SN-ROUTER-00396,
02:00:00:00:01:8D,SN-AP-00397,
02:00:00:00:01:8E,SN-MODEM-00398,
02:00:00:00:01:8F,SN-ROUTER-00399,
02:00:00:00:01:90,SN-ONU-00400,
02:00:00:00:01:91,SN-ONT-00401,
02:00:00:00:01:92,SN-ONU-00402,
02:00:00:00:01:93,SN-ROUTER-00403,
02:00:00:00:01:94,SN-AP-00404,
02:00:00:00:01:95,SN-MODEM-00405,
02:00:00:00:01:96,SN-ROUTER-00406,
02:00:00:00:01:97,SN-ONU-00407,
02:00:00:00:01:98,SN-ONT-00408,
02:00:00:00:01:99,SN-ONU-00409,
02:00:00:00:01:9A,SN-ROUTER-00410,
02:00:00:00:01:9B,SN-AP-00411,
02:00:00:00:01:9C,SN-MODEM-00412,
02:00:00:00:01:9D,SN-ROUTER-00413,
02:00:00:00:01:9E,SN-ONU-00414,
02:00:00:00:01:9F,SN-ONT-00415,
02:00:00:00:01:A0,SN-ONU-00416,
02:00:00:00:01:A1,SN-ROUTER-00417,
02:00:00:00:01:A2,SN-AP-00418,
02:00:00:00:01:A3,SN-MODEM-00419,
02:00:00:00:01:A4,SN-ROUTER-00420,
02:00:00:00:01:A5,SN-ONU-00421,
02:00:00:00:01:A6,SN-ONT-00422,
02:00:00:00:01:A7,SN-ONU-00423,
02:00:00:00:01:A8,SN-ROUTER-00424,
02:00:00:00:01:A9,SN-AP-00425,
02:00:00:00:01:AA,SN-MODEM-00426,
02:00:00:00:01:AB,SN-ROUTER-00427,
02:00:00:00:01:AC,SN-ONU-00428,
02:00:00:00:01:AD,SN-ONT-00429,
02:00:00:00:01:AE,SN-ONU-00430,
02:00:00:00:01:AF,SN-ROUTER-00431,
02:00:00:00:01:B0,SN-AP-00432,
02:00:00:00:01:B1,SN-MODEM-00433,
02:00:00:00:01:B2,SN-ROUTER-00434,
02:00:00:00:01:B3,SN-ONU-00435,
02:00:00:00:01:B4,SN-ONT-00436,
02:00:00:00:01:B5,SN-ONU-00437,
02:00:00:00:01:B6,SN-ROUTER-00438,
02:00:00:00:01:B7,SN-AP-00439,
02:00:00:00:01:B8,SN-MODEM-00440,
02:00:00:00:01:B9,SN-ROUTER-00441,
02:00:00:00:01:BA,SN-ONU-00442,
02:00:00:00:01:BB,SN-ONT-00443,
02:00:00:00:01:BC,SN-ONU-00444,
02:00:00:00:01:BD,SN-ROUTER-00445,
02:00:00:00:01:BE,SN-AP-00446,
02:00:00:00:01:BF,SN-MODEM-00447,
02:00:00:00:01:C0,SN-ROUTER-00448,
02:00:00:00:01:C1,SN-ONU-00449,
02:00:00:00:01:C2,SN-ONT-00450,
02:00:00:00:01:C3,SN-ONU-00451,
02:00:00:00:01:C4,SN-ROUTER-00452,
02:00:00:00:01:C5,SN-AP-00453,
02:00:00:00:01:C6,SN-MODEM-00454,
02:00:00:00:01:C7,SN-ROUTER-00455,
02:00:00:00:01:C8,SN-ONU-00456,
02:00:00:00:01:C9,SN-ONT-00457,
02:00:00:00:01:CA,SN-ONU-00458,
02:00:00:00:01:CB,SN-ROUTER-00459,
02:00:00:00:01:CC,SN-AP-00460,
02:00:00:00:01:CD,SN-MODEM-00461,
02:00:00:00:01:CE,SN-ROUTER-00462,
02:00:00:00:01:CF,SN-ONU-00463,
02:00:00:00:01:D0,SN-ONT-00464,
02:00:00:00:01:D1,SN-ONU-00465,
02:00:00:00:01:D2,SN-ROUTER-00466,
02:00:00:00:01:D3,SN-AP-00467,
02:00:00:00:01:D4,SN-MODEM-00468,
02:00:00:00:01:D5,SN-ROUTER-00469,
02:00:00:00:01:D6,SN-ONU-00470,
02:00:00:00:01:D7,SN-ONT-00471,
02:00:00:00:01:D8,SN-ONU-00472,
02:00:00:00:01:D9,SN-ROUTER-00473,
02:00:00:00:01:DA,SN-AP-00474,
02:00:00:00:01:DB,SN-MODEM-00475,
02:00:00:00:01:DC,SN-ROUTER-00476,
02:00:00:00:01:DD,SN-ONU-00477,
02:00:00:00:01:DE,SN-ONT-00478,
02:00:00:00:01:DF,SN-ONU-00479,
02:00:00:00:01:E0,SN-ROUTER-00480,
02:00:00:00:01:E1,SN-AP-00481,
02:00:00:00:01:E2,SN-MODEM-00482,
02:00:00:00:01:E3,SN-ROUTER-00483,
02:00:00:00:01:E4,SN-ONU-00484,
02:00:00:00:01:E5,SN-ONT-00485,
02:00:00:00:01:E6,SN-ONU-00486,
02:00:00:00:01:E7,SN-ROUTER-00487,
02:00:00:00:01:E8,SN-AP-00488,
02:00:00:00:01:E9,SN-MODEM-00489,
02:00:00:00:01:EA,SN-ROUTER-00490,
02:00:00:00:01:EB,SN-ONU-00491,
02:00:00:00:01:EC,SN-ONT-00492,
02:00:00:00:01:ED,SN-ONU-00493,
02:00:00:00:01:EE,SN-ROUTER-00494,
02:00:00:00:01:EF,SN-AP-00495,
02:00:00:00:01:F0,SN-MODEM-00496,
02:00:00:00:01:F1,SN-ROUTER-00497,
02:00:00:00:01:F2,SN-ONU-00498,
02:00:00:00:01:F3,SN-ONT-00499,
02:00:00:00:01:F4,SN-ONU-00500,
02:00:00:00:01:F5,SN-ROUTER-00501,
02:00:00:00:01:F6,SN-AP-00502,
02:00:00:00:01:F7,SN-MODEM-00503,
02:00:00:00:01:F8,SN-ROUTER-00504,
02:00:00:00:01:F9,SN-ONU-00505,
02:00:00:00:01:FA,SN-ONT-00506,
02:00:00:00:01:FB,SN-ONU-00507,
02:00:00:00:01:FC,SN-ROUTER-00508,
02:00:00:00:01:FD,SN-AP-00509,
02:00:00:00:01:FE,SN-MODEM-00510,
02:00:00:00:01:FF,SN-ROUTER-00511,
02:00:00:00:02:00,SN-ONU-00512,
02:00:00:00:02:01,SN-ONT-00513,
02:00:00:00:02:02,SN-ONU-00514,
02:00:00:00:02:03,SN-ROUTER-00515,
02:00:00:00:02:04,SN-AP-00516,
02:00:00:00:02:05,SN-MODEM-00517,
02:00:00:00:02:06,SN-ROUTER-00518,
02:00:00:00:02:07,SN-ONU-00519,
02:00:00:00:02:08,SN-ONT-00520,
02:00:00:00:02:09,SN-ONU-00521,
02:00:00:00:02:0A,SN-ROUTER-00522,
02:00:00:00:02:0B,SN-AP-00523,
02:00:00:00:02:0C,SN-MODEM-00524,
02:00:00:00:02:0D,SN-ROUTER-00525,
02:00:00:00:02:0E,SN-ONU-00526,
02:00:00:00:02:0F,SN-ONT-00527,
02:00:00:00:02:10,SN-ONU-00528,
02:00:00:00:02:11,SN-ROUTER-00529,
02:00:00:00:02:12,SN-AP-00530,
02:00:00:00:02:13,SN-MODEM-00531,
02:00:00:00:02:14,SN-ROUTER-00532,
02:00:00:00:02:15,SN-ONU-00533,
02:00:00:00:02:16,SN-ONT-00534,
02:00:00:00:02:17,SN-ONU-00535,
02:00:00:00:02:18,SN-ROUTER-00536,
02:00:00:00:02:19,SN-AP-00537,
02:00:00:00:02:1A,SN-MODEM-00538,
02:00:00:00:02:1B,SN-ROUTER-00539,
02:00:00:00:02:1C,SN-ONU-00540,
02:00:00:00:02:1D,SN-ONT-00541,
02:00:00:00:02:1E,SN-ONU-00542,
02:00:00:00:02:1F,SN-ROUTER-00543,
02:00:00:00:02:20,SN-AP-00544,
02:00:00:00:02:21,SN-MODEM-00545,
02:00:00:00:02:22,SN-ROUTER-00546,
02:00:00:00:02:23,SN-ONU-00547,
02:00:00:00:02:24,SN-ONT-00548,
02:00:00:00:02:25,SN-ONU-00549,
02:00:00:00:02:26,SN-ROUTER-00550,
02:00:00:00:02:27,SN-AP-00551,
02:00:00:00:02:28,SN-MODEM-00552,
02:00:00:00:02:29,SN-ROUTER-00553,
02:00:00:00:02:2A,SN-ONU-00554,
02:00:00:00:02:2B,SN-ONT-00555,
02:00:00:00:02:2C,SN-ONU-00556,
02:00:00:00:02:2D,SN-ROUTER-00557,
02:00:00:00:02:2E,SN-AP-00558,
02:00:00:00:02:2F,SN-MODEM-00559,
02:00:00:00:02:30,SN-ROUTER-00560,
02:00:00:00:02:31,SN-ONU-00561,
02:00:00:00:02:32,SN-ONT-00562,
02:00:00:00:02:33,SN-ONU-00563,
02:00:00:00:02:34,SN-ROUTER-00564,
02:00:00:00:02:35,SN-AP-00565,
02:00:00:00:02:36,SN-MODEM-00566,
02:00:00:00:02:37,SN-ROUTER-00567,
02:00:00:00:02:38,SN-ONU-00568,
02:00:00:00:02:39,SN-ONT-00569,
02:00:00:00:02:3A,SN-ONU-00570,
02:00:00:00:02:3B,SN-ROUTER-00571,
02:00:00:00:02:3C,SN-AP-00572,
02:00:00:00:02:3D,SN-MODEM-00573,
02:00:00:00:02:3E,SN-ROUTER-00574,
02:00:00:00:02:3F,SN-ONU-00575,
02:00:00:00:02:40,SN-ONT-00576,
02:00:00:00:02:41,SN-ONU-00577,
02:00:00:00:02:42,SN-ROUTER-00578,
02:00:00:00:02:43,SN-AP-00579,
02:00:00:00:02:44,SN-MODEM-00580,
02:00:00:00:02:45,SN-ROUTER-00581,
02:00:00:00:02:46,SN-ONU-00582,
02:00:00:00:02:47,SN-ONT-00583,
02:00:00:00:02:48,SN-ONU-00584,
02:00:00:00:02:49,SN-ROUTER-00585,
02:00:00:00:02:4A,SN-AP-00586,
02:00:00:00:02:4B,SN-MODEM-00587,
02:00:00:00:02:4C,SN-ROUTER-00588,
02:00:00:00:02:4D,SN-ONU-00589,
02:00:00:00:02:4E,SN-ONT-00590,
02:00:00:00:02:4F,SN-ONU-00591,
02:00:00:00:02:50,SN-ROUTER-00592,
02:00:00:00:02:51,SN-AP-00593,
02:00:00:00:02:52,SN-MODEM-00594,
02:00:00:00:02:53,SN-ROUTER-00595,
02:00:00:00:02:54,SN-ONU-00596,
02:00:00:00:02:55,SN-ONT-00597,
02:00:00:00:02:56,SN-ONU-00598,
02:00:00:00:02:57,SN-ROUTER-00599,
02:00:00:00:02:58,SN-AP-00600,
02:00:00:00:02:59,SN-MODEM-00601,
02:00:00:00:02:5A,SN-ROUTER-00602,
02:00:00:00:02:5B,SN-ONU-00603,
02:00:00:00:02:5C,SN-ONT-00604,
02:00:00:00:02:5D,SN-ONU-00605,
02:00:00:00:02:5E,SN-ROUTER-00606,
02:00:00:00:02:5F,SN-AP-00607,
02:00:00:00:02:60,SN-MODEM-00608,
02:00:00:00:02:61,SN-ROUTER-00609,
02:00:00:00:02:62,SN-ONU-00610,
02:00:00:00:02:63,SN-ONT-00611,
02:00:00:00:02:64,SN-ONU-00612,
02:00:00:00:02:65,SN-ROUTER-00613,
02:00:00:00:02:66,SN-AP-00614,
02:00:00:00:02:67,SN-MODEM-00615,
02:00:00:00:02:68,SN-ROUTER-00616,
02:00:00:00:02:69,SN-ONU-00617,
02:00:00:00:02:6A,SN-ONT-00618,
02:00:00:00:02:6B,SN-ONU-00619,
02:00:00:00:02:6C,SN-ROUTER-00620,
02:00:00:00:02:6D,SN-AP-00621,
02:00:00:00:02:6E,SN-MODEM-00622,
02:00:00:00:02:6F,SN-ROUTER-00623,
02:00:00:00:02:70,SN-ONU-00624,
02:00:00:00:02:71,SN-ONT-00625,
02:00:00:00:02:72,SN-ONU-00626,
02:00:00:00:02:73,SN-ROUTER-00627,
02:00:00:00:02:74,SN-AP-00628,
02:00:00:00:02:75,SN-MODEM-00629,
02:00:00:00:02:76,SN-ROUTER-00630,
02:00:00:00:02:77,SN-ONU-00631,
02:00:00:00:02:78,SN-ONT-00632,
02:00:00:00:02:79,SN-ONU-00633,
02:00:00:00:02:7A,SN-ROUTER-00634,
02:00:00:00:02:7B,SN-AP-00635,
02:00:00:00:02:7C,SN-MODEM-00636,
02:00:00:00:02:7D,SN-ROUTER-00637,
02:00:00:00:02:7E,SN-ONU-00638,
02:00:00:00:02:7F,SN-ONT-00639,
02:00:00:00:02:80,SN-ONU-00640,
02:00:00:00:02:81,SN-ROUTER-00641,
02:00:00:00:02:82,SN-AP-00642,
02:00:00:00:02:83,SN-MODEM-00643,
02:00:00:00:02:84,SN-ROUTER-00644,
02:00:00:00:02:85,SN-ONU-00645,
02:00:00:00:02:86,SN-ONT-00646,
02:00:00:00:02:87,SN-ONU-00647,
02:00:00:00:02:88,SN-ROUTER-00648,
02:00:00:00:02:89,SN-AP-00649,
02:00:00:00:02:8A,SN-MODEM-00650,
02:00:00:00:02:8B,SN-ROUTER-00651,
02:00:00:00:02:8C,SN-ONU-00652,
02:00:00:00:02:8D,SN-ONT-00653,
02:00:00:00:02:8E,SN-ONU-00654,
02:00:00:00:02:8F,SN-ROUTER-00655,
02:00:00:00:02:90,SN-AP-00656,
02:00:00:00:02:91,SN-MODEM-00657,
02:00:00:00:02:92,SN-ROUTER-00658,
02:00:00:00:02:93,SN-ONU-00659,
02:00:00:00:02:94,SN-ONT-00660,
02:00:00:00:02:95,SN-ONU-00661,
02:00:00:00:02:96,SN-ROUTER-00662,
02:00:00:00:02:97,SN-AP-00663,
02:00:00:00:02:98,SN-MODEM-00664,
02:00:00:00:02:99,SN-ROUTER-00665,
02:00:00:00:02:9A,SN-ONU-00666,
02:00:00:00:02:9B,SN-ONT-00667,
02:00:00:00:02:9C,SN-ONU-00668,
02:00:00:00:02:9D,SN-ROUTER-00669,
02:00:00:00:02:9E,SN-AP-00670,
02:00:00:00:02:9F,SN-MODEM-00671,
02:00:00:00:02:A0,SN-ROUTER-00672,
02:00:00:00:02:A1,SN-ONU-00673,
02:00:00:00:02:A2,SN-ONT-00674,
02:00:00:00:02:A3,SN-ONU-00675,
02:00:00:00:02:A4,SN-ROUTER-00676,
02:00:00:00:02:A5,SN-AP-00677,
02:00:00:00:02:A6,SN-MODEM-00678,
02:00:00:00:02:A7,SN-ROUTER-00679,
02:00:00:00:02:A8,SN-ONU-00680,
02:00:00:00:02:A9,SN-ONT-00681,
02:00:00:00:02:AA,SN-ONU-00682,
02:00:00:00:02:AB,SN-ROUTER-00683,
02:00:00:00:02:AC,SN-AP-00684,
02:00:00:00:02:AD,SN-MODEM-00685,
02:00:00:00:02:AE,SN-ROUTER-00686,
02:00:00:00:02:AF,SN-ONU-00687,
02:00:00:00:02:B0,SN-ONT-00688,
02:00:00:00:02:B1,SN-ONU-00689,
02:00:00:00:02:B2,SN-ROUTER-00690,
02:00:00:00:02:B3,SN-AP-00691,
02:00:00:00:02:B4,SN-MODEM-00692,
02:00:00:00:02:B5,SN-ROUTER-00693,
02:00:00:00:02:B6,SN-ONU-00694,
02:00:00:00:02:B7,SN-ONT-00695,
02:00:00:00:02:B8,SN-ONU-00696,
02:00:00:00:02:B9,SN-ROUTER-00697,
02:00:00:00:02:BA,SN-AP-00698,
02:00:00:00:02:BB,SN-MODEM-00699,
02:00:00:00:02:BC,SN-ROUTER-00700,
02:00:00:00:02:BD,SN-ONU-00701,
02:00:00:00:02:BE,SN-ONT-00702,
02:00:00:00:02:BF,SN-ONU-00703,
02:00:00:00:02:C0,SN-ROUTER-00704,
02:00:00:00:02:C1,SN-AP-00705,
02:00:00:00:02:C2,SN-MODEM-00706,
02:00:00:00:02:C3,SN-ROUTER-00707,
02:00:00:00:02:C4,SN-ONU-00708,
02:00:00:00:02:C5,SN-ONT-00709,
02:00:00:00:02:C6,SN-ONU-00710,
02:00:00:00:02:C7,SN-ROUTER-00711,
02:00:00:00:02:C8,SN-AP-00712,
02:00:00:00:02:C9,SN-MODEM-00713,
02:00:00:00:02:CA,SN-ROUTER-00714,
02:00:00:00:02:CB,SN-ONU-00715,
02:00:00:00:02:CC,SN-ONT-00716,
02:00:00:00:02:CD,SN-ONU-00717,
02:00:00:00:02:CE,SN-ROUTER-00718,
02:00:00:00:02:CF,SN-AP-00719,
02:00:00:00:02:D0,SN-MODEM-00720,
02:00:00:00:02:D1,SN-ROUTER-00721,
02:00:00:00:02:D2,SN-ONU-00722,
02:00:00:00:02:D3,SN-ONT-00723,
02:00:00:00:02:D4,SN-ONU-00724,
02:00:00:00:02:D5,SN-ROUTER-00725,
02:00:00:00:02:D6,SN-AP-00726,
02:00:00:00:02:D7,SN-MODEM-00727,
02:00:00:00:02:D8,SN-ROUTER-00728,
02:00:00:00:02:D9,SN-ONU-00729,
02:00:00:00:02:DA,SN-ONT-00730,
02:00:00:00:02:DB,SN-ONU-00731,
02:00:00:00:02:DC,SN-ROUTER-00732,
02:00:00:00:02:DD,SN-AP-00733,
02:00:00:00:02:DE,SN-MODEM-00734,
02:00:00:00:02:DF,SN-ROUTER-00735,
02:00:00:00:02:E0,SN-ONU-00736,
02:00:00:00:02:E1,SN-ONT-00737,
02:00:00:00:02:E2,SN-ONU-00738,
02:00:00:00:02:E3,SN-ROUTER-00739,
02:00:00:00:02:E4,SN-AP-00740,
02:00:00:00:02:E5,SN-MODEM-00741,
02:00:00:00:02:E6,SN-ROUTER-00742,
02:00:00:00:02:E7,SN-ONU-00743,
02:00:00:00:02:E8,SN-ONT-00744,
02:00:00:00:02:E9,SN-ONU-00745,
02:00:00:00:02:EA,SN-ROUTER-00746,
02:00:00:00:02:EB,SN-AP-00747,
02:00:00:00:02:EC,SN-MODEM-00748,
02:00:00:00:02:ED,SN-ROUTER-00749,
02:00:00:00:02:EE,SN-ONU-00750,
02:00:00:00:02:EF,SN-ONT-00751,
02:00:00:00:02:F0,SN-ONU-00752,
02:00:00:00:02:F1,SN-ROUTER-00753,
02:00:00:00:02:F2,SN-AP-00754,
02:00:00:00:02:F3,SN-MODEM-00755,
02:00:00:00:02:F4,SN-ROUTER-00756,
02:00:00:00:02:F5,SN-ONU-00757,
02:00:00:00:02:F6,SN-ONT-00758,
02:00:00:00:02:F7,SN-ONU-00759,
02:00:00:00:02:F8,SN-ROUTER-00760,
02:00:00:00:02:F9,SN-AP-00761,
02:00:00:00:02:FA,SN-MODEM-00762,
02:00:00:00:02:FB,SN-ROUTER-00763,
02:00:00:00:02:FC,SN-ONU-00764,
02:00:00:00:02:FD,SN-ONT-00765,
02:00:00:00:02:FE,SN-ONU-00766,
02:00:00:00:02:FF,SN-ROUTER-00767,
02:00:00:00:03:00,SN-AP-00768,
02:00:00:00:03:01,SN-MODEM-00769,
02:00:00:00:03:02,SN-ROUTER-00770,
02:00:00:00:03:03,SN-ONU-00771,
02:00:00:00:03:04,SN-ONT-00772,
02:00:00:00:03:05,SN-ONU-00773,
02:00:00:00:03:06,SN-ROUTER-00774,
02:00:00:00:03:07,SN-AP-00775,
02:00:00:00:03:08,SN-MODEM-00776,
02:00:00:00:03:09,SN-ROUTER-00777,
02:00:00:00:03:0A,SN-ONU-00778,
02:00:00:00:03:0B,SN-ONT-00779,
02:00:00:00:03:0C,SN-ONU-00780,
02:00:00:00:03:0D,SN-ROUTER-00781,
02:00:00:00:03:0E,SN-AP-00782,
02:00:00:00:03:0F,SN-MODEM-00783,
02:00:00:00:03:10,SN-ROUTER-00784,
02:00:00:00:03:11,SN-ONU-00785,
02:00:00:00:03:12,SN-ONT-00786,
02:00:00:00:03:13,SN-ONU-00787,
02:00:00:00:03:14,SN-ROUTER-00788,
02:00:00:00:03:15,SN-AP-00789,
02:00:00:00:03:16,SN-MODEM-00790,
02:00:00:00:03:17,SN-ROUTER-00791,
02:00:00:00:03:18,SN-ONU-00792,
02:00:00:00:03:19,SN-ONT-00793,
02:00:00:00:03:1A,SN-ONU-00794,
02:00:00:00:03:1B,SN-ROUTER-00795,
02:00:00:00:03:1C,SN-AP-00796,
02:00:00:00:03:1D,SN-MODEM-00797,
02:00:00:00:03:1E,SN-ROUTER-00798,
02:00:00:00:03:1F,SN-ONU-00799,
02:00:00:00:03:20,SN-ONT-00800,
02:00:00:00:03:21,SN-ONU-00801,
02:00:00:00:03:22,SN-ROUTER-00802,
02:00:00:00:03:23,SN-AP-00803,
02:00:00:00:03:24,SN-MODEM-00804,
02:00:00:00:03:25,SN-ROUTER-00805,
02:00:00:00:03:26,SN-ONU-00806,
02:00:00:00:03:27,SN-ONT-00807,
02:00:00:00:03:28,SN-ONU-00808,
02:00:00:00:03:29,SN-ROUTER-00809,
02:00:00:00:03:2A,SN-AP-00810,
02:00:00:00:03:2B,SN-MODEM-00811,
02:00:00:00:03:2C,SN-ROUTER-00812,
02:00:00:00:03:2D,SN-ONU-00813,
02:00:00:00:03:2E,SN-ONT-00814,
02:00:00:00:03:2F,SN-ONU-00815,
02:00:00:00:03:30,SN-ROUTER-00816,
02:00:00:00:03:31,SN-AP-00817,
02:00:00:00:03:32,SN-MODEM-00818,
02:00:00:00:03:33,SN-ROUTER-00819,
02:00:00:00:03:34,SN-ONU-00820,
02:00:00:00:03:35,SN-ONT-00821,
02:00:00:00:03:36,SN-ONU-00822,
02:00:00:00:03:37,SN-ROUTER-00823,
02:00:00:00:03:38,SN-AP-00824,
02:00:00:00:03:39,SN-MODEM-00825,
02:00:00:00:03:3A,SN-ROUTER-00826,
02:00:00:00:03:3B,SN-ONU-00827,
02:00:00:00:03:3C,SN-ONT-00828,
02:00:00:00:03:3D,SN-ONU-00829,
02:00:00:00:03:3E,SN-ROUTER-00830,
02:00:00:00:03:3F,SN-AP-00831,
02:00:00:00:03:40,SN-MODEM-00832,
02:00:00:00:03:41,SN-ROUTER-00833,
02:00:00:00:03:42,SN-ONU-00834,
02:00:00:00:03:43,SN-ONT-00835,
02:00:00:00:03:44,SN-ONU-00836,
02:00:00:00:03:45,SN-ROUTER-00837,
02:00:00:00:03:46,SN-AP-00838,
02:00:00:00:03:47,SN-MODEM-00839,
02:00:00:00:03:48,SN-ROUTER-00840,
02:00:00:00:03:49,SN-ONU-00841,
02:00:00:00:03:4A,SN-ONT-00842,
02:00:00:00:03:4B,SN-ONU-00843,
02:00:00:00:03:4C,SN-ROUTER-00844,
02:00:00:00:03:4D,SN-AP-00845,
02:00:00:00:03:4E,SN-MODEM-00846,
02:00:00:00:03:4F,SN-ROUTER-00847,
02:00:00:00:03:50,SN-ONU-00848,
02:00:00:00:03:51,SN-ONT-00849,
02:00:00:00:03:52,SN-ONU-00850,
02:00:00:00:03:53,SN-ROUTER-00851,
02:00:00:00:03:54,SN-AP-00852,
02:00:00:00:03:55,SN-MODEM-00853,
02:00:00:00:03:56,SN-ROUTER-00854,
02:00:00:00:03:57,SN-ONU-00855,
02:00:00:00:03:58,SN-ONT-00856,
02:00:00:00:03:59,SN-ONU-00857,
02:00:00:00:03:5A,SN-ROUTER-00858,
02:00:00:00:03:5B,SN-AP-00859,
02:00:00:00:03:5C,SN-MODEM-00860,
02:00:00:00:03:5D,SN-ROUTER-00861,
02:00:00:00:03:5E,SN-ONU-00862,
02:00:00:00:03:5F,SN-ONT-00863,
02:00:00:00:03:60,SN-ONU-00864,
02:00:00:00:03:61,SN-ROUTER-00865,
02:00:00:00:03:62,SN-AP-00866,
02:00:00:00:03:63,SN-MODEM-00867,
02:00:00:00:03:64,SN-ROUTER-00868,
02:00:00:00:03:65,SN-ONU-00869,
02:00:00:00:03:66,SN-ONT-00870,
02:00:00:00:03:67,SN-ONU-00871,
02:00:00:00:03:68,SN-ROUTER-00872,
02:00:00:00:03:69,SN-AP-00873,
02:00:00:00:03:6A,SN-MODEM-00874,
02:00:00:00:03:6B,SN-ROUTER-00875,
02:00:00:00:03:6C,SN-ONU-00876,
02:00:00:00:03:6D,SN-ONT-00877,
02:00:00:00:03:6E,SN-ONU-00878,
02:00:00:00:03:6F,SN-ROUTER-00879,
02:00:00:00:03:70,SN-AP-00880,
02:00:00:00:03:71,SN-MODEM-00881,
02:00:00:00:03:72,SN-ROUTER-00882,
02:00:00:00:03:73,SN-ONU-00883,
02:00:00:00:03:74,SN-ONT-00884,
02:00:00:00:03:75,SN-ONU-00885,
02:00:00:00:03:76,SN-ROUTER-00886,
02:00:00:00:03:77,SN-AP-00887,
02:00:00:00:03:78,SN-MODEM-00888,
02:00:00:00:03:79,SN-ROUTER-00889,
02:00:00:00:03:7A,SN-ONU-00890,
02:00:00:00:03:7B,SN-ONT-00891,
02:00:00:00:03:7C,SN-ONU-00892,
02:00:00:00:03:7D,SN-ROUTER-00893,
02:00:00:00:03:7E,SN-AP-00894,
02:00:00:00:03:7F,SN-MODEM-00895,
02:00:00:00:03:80,SN-ROUTER-00896,
02:00:00:00:03:81,SN-ONU-00897,
02:00:00:00:03:82,SN-ONT-00898,
02:00:00:00:03:83,SN-ONU-00899,
02:00:00:00:03:84,SN-ROUTER-00900,
02:00:00:00:03:85,SN-AP-00901,
02:00:00:00:03:86,SN-MODEM-00902,
02:00:00:00:03:87,SN-ROUTER-00903,
02:00:00:00:03:88,SN-ONU-00904,
02:00:00:00:03:89,SN-ONT-00905,
02:00:00:00:03:8A,SN-ONU-00906,
02:00:00:00:03:8B,SN-ROUTER-00907,
02:00:00:00:03:8C,SN-AP-00908,
02:00:00:00:03:8D,SN-MODEM-00909,
02:00:00:00:03:8E,SN-ROUTER-00910,
02:00:00:00:03:8F,SN-ONU-00911,
02:00:00:00:03:90,SN-ONT-00912,
02:00:00:00:03:91,SN-ONU-00913,
02:00:00:00:03:92,SN-ROUTER-00914,
02:00:00:00:03:93,SN-AP-00915,
02:00:00:00:03:94,SN-MODEM-00916,
02:00:00:00:03:95,SN-ROUTER-00917,
02:00:00:00:03:96,SN-ONU-00918,
02:00:00:00:03:97,SN-ONT-00919,
02:00:00:00:03:98,SN-ONU-00920,
02:00:00:00:03:99,SN-ROUTER-00921,
02:00:00:00:03:9A,SN-AP-00922,
02:00:00:00:03:9B,SN-MODEM-00923,
02:00:00:00:03:9C,SN-ROUTER-00924,
02:00:00:00:03:9D,SN-ONU-00925,
02:00:00:00:03:9E,SN-ONT-00926,
02:00:00:00:03:9F,SN-ONU-00927,
02:00:00:00:03:A0,SN-ROUTER-00928,
02:00:00:00:03:A1,SN-AP-00929,
02:00:00:00:03:A2,SN-MODEM-00930,
02:00:00:00:03:A3,SN-ROUTER-00931,
02:00:00:00:03:A4,SN-ONU-00932,
02:00:00:00:03:A5,SN-ONT-00933,
02:00:00:00:03:A6,SN-ONU-00934,
02:00:00:00:03:A7,SN-ROUTER-00935,
02:00:00:00:03:A8,SN-AP-00936,
02:00:00:00:03:A9,SN-MODEM-00937,
02:00:00:00:03:AA,SN-ROUTER-00938,
02:00:00:00:03:AB,SN-ONU-00939,
02:00:00:00:03:AC,SN-ONT-00940,
02:00:00:00:03:AD,SN-ONU-00941,
02:00:00:00:03:AE,SN-ROUTER-00942,
02:00:00:00:03:AF,SN-AP-00943,
02:00:00:00:03:B0,SN-MODEM-00944,
02:00:00:00:03:B1,SN-ROUTER-00945,
02:00:00:00:03:B2,SN-ONU-00946,
02:00:00:00:03:B3,SN-ONT-00947,
02:00:00:00:03:B4,SN-ONU-00948,
02:00:00:00:03:B5,SN-ROUTER-00949,
02:00:00:00:03:B6,SN-AP-00950,
02:00:00:00:03:B7,SN-MODEM-00951,
02:00:00:00:03:B8,SN-ROUTER-00952,
02:00:00:00:03:B9,SN-ONU-00953,
02:00:00:00:03:BA,SN-ONT-00954,
02:00:00:00:03:BB,SN-ONU-00955,
02:00:00:00:03:BC,SN-ROUTER-00956,
02:00:00:00:03:BD,SN-AP-00957,
02:00:00:00:03:BE,SN-MODEM-00958,
02:00:00:00:03:BF,SN-ROUTER-00959,
02:00:00:00:03:C0,SN-ONU-00960,
02:00:00:00:03:C1,SN-ONT-00961,
02:00:00:00:03:C2,SN-ONU-00962,
02:00:00:00:03:C3,SN-ROUTER-00963,
02:00:00:00:03:C4,SN-AP-00964,
02:00:00:00:03:C5,SN-MODEM-00965,
02:00:00:00:03:C6,SN-ROUTER-00966,
02:00:00:00:03:C7,SN-ONU-00967,
02:00:00:00:03:C8,SN-ONT-00968,
02:00:00:00:03:C9,SN-ONU-00969,
02:00:00:00:03:CA,SN-ROUTER-00970,
02:00:00:00:03:CB,SN-AP-00971,
02:00:00:00:03:CC,SN-MODEM-00972,
02:00:00:00:03:CD,SN-ROUTER-00973,
02:00:00:00:03:CE,SN-ONU-00974,
02:00:00:00:03:CF,SN-ONT-00975,
02:00:00:00:03:D0,SN-ONU-00976,
02:00:00:00:03:D1,SN-ROUTER-00977,
02:00:00:00:03:D2,SN-AP-00978,
02:00:00:00:03:D3,SN-MODEM-00979,
02:00:00:00:03:D4,SN-ROUTER-00980,
02:00:00:00:03:D5,SN-ONU-00981,
02:00:00:00:03:D6,SN-ONT-00982,
02:00:00:00:03:D7,SN-ONU-00983,
02:00:00:00:03:D8,SN-ROUTER-00984,
02:00:00:00:03:D9,SN-AP-00985,
02:00:00:00:03:DA,SN-MODEM-00986,
02:00:00:00:03:DB,SN-ROUTER-00987,
02:00:00:00:03:DC,SN-ONU-00988,
02:00:00:00:03:DD,SN-ONT-00989,
02:00:00:00:03:DE,SN-ONU-00990,
02:00:00:00:03:DF,SN-ROUTER-00991,
02:00:00:00:03:E0,SN-AP-00992,
02:00:00:00:03:E1,SN-MODEM-00993,
02:00:00:00:03:E2,SN-ROUTER-00994,
02:00:00:00:03:E3,SN-ONU-00995,
02:00:00:00:03:E4,SN-ONT-00996,
02:00:00:00:03:E5,SN-ONU-00997,
02:00:00:00:03:E6,SN-ROUTER-00998,
02:00:00:00:03:E7,SN-AP-00999,
02:00:00:00:03:E8,SN-MODEM-01000,
02:00:00:00:03:E9,SN-ROUTER-01001,
02:00:00:00:03:EA,SN-ONU-01002,
02:00:00:00:03:EB,SN-ONT-01003,
02:00:00:00:03:EC,SN-ONU-01004,
02:00:00:00:03:ED,SN-ROUTER-01005,
02:00:00:00:03:EE,SN-AP-01006,
02:00:00:00:03:EF,SN-MODEM-01007,
02:00:00:00:03:F0,SN-ROUTER-01008,
02:00:00:00:03:F1,SN-ONU-01009,
02:00:00:00:03:F2,SN-ONT-01010,
02:00:00:00:03:F3,SN-ONU-01011,
02:00:00:00:03:F4,SN-ROUTER-01012,
02:00:00:00:03:F5,SN-AP-01013,
02:00:00:00:03:F6,SN-MODEM-01014,
02:00:00:00:03:F7,SN-ROUTER-01015,
02:00:00:00:03:F8,SN-ONU-01016,
02:00:00:00:03:F9,SN-ONT-01017,
02:00:00:00:03:FA,SN-ONU-01018,
02:00:00:00:03:FB,SN-ROUTER-01019,
02:00:00:00:03:FC,SN-AP-01020,
02:00:00:00:03:FD,SN-MODEM-01021,
02:00:00:00:03:FE,SN-ROUTER-01022,
02:00:00:00:03:FF,SN-ONU-01023,
02:00:00:00:04:00,SN-ONT-01024,
02:00:00:00:04:01,SN-ONU-01025,
02:00:00:00:04:02,SN-ROUTER-01026,
02:00:00:00:04:03,SN-AP-01027,
02:00:00:00:04:04,SN-MODEM-01028,
02:00:00:00:04:05,SN-ROUTER-01029,
02:00:00:00:04:06,SN-ONU-01030,
02:00:00:00:04:07,SN-ONT-01031,
02:00:00:00:04:08,SN-ONU-01032,
02:00:00:00:04:09,SN-ROUTER-01033,
02:00:00:00:04:0A,SN-AP-01034,
02:00:00:00:04:0B,SN-MODEM-01035,
02:00:00:00:04:0C,SN-ROUTER-01036,
02:00:00:00:04:0D,SN-ONU-01037,
02:00:00:00:04:0E,SN-ONT-01038,
02:00:00:00:04:0F,SN-ONU-01039,
02:00:00:00:04:10,SN-ROUTER-01040,
02:00:00:00:04:11,SN-AP-01041,
02:00:00:00:04:12,SN-MODEM-01042,
02:00:00:00:04:13,SN-ROUTER-01043,
02:00:00:00:04:14,SN-ONU-01044,
02:00:00:00:04:15,SN-ONT-01045,
02:00:00:00:04:16,SN-ONU-01046,
02:00:00:00:04:17,SN-ROUTER-01047,
02:00:00:00:04:18,SN-AP-01048,
02:00:00:00:04:19,SN-MODEM-01049,
02:00:00:00:04:1A,SN-ROUTER-01050,
02:00:00:00:04:1B,SN-ONU-01051,
02:00:00:00:04:1C,SN-ONT-01052,
02:00:00:00:04:1D,SN-ONU-01053,
02:00:00:00:04:1E,SN-ROUTER-01054,
02:00:00:00:04:1F,SN-AP-01055,
02:00:00:00:04:20,SN-MODEM-01056,
02:00:00:00:04:21,SN-ROUTER-01057,
02:00:00:00:04:22,SN-ONU-01058,
02:00:00:00:04:23,SN-ONT-01059,
02:00:00:00:04:24,SN-ONU-01060,
02:00:00:00:04:25,SN-ROUTER-01061,
02:00:00:00:04:26,SN-AP-01062,
02:00:00:00:04:27,SN-MODEM-01063,
02:00:00:00:04:28,SN-ROUTER-01064,
02:00:00:00:04:29,SN-ONU-01065,
02:00:00:00:04:2A,SN-ONT-01066,
02:00:00:00:04:2B,SN-ONU-01067,
02:00:00:00:04:2C,SN-ROUTER-01068,
02:00:00:00:04:2D,SN-AP-01069,
02:00:00:00:04:2E,SN-MODEM-01070,
02:00:00:00:04:2F,SN-ROUTER-01071,
02:00:00:00:04:30,SN-ONU-01072,
02:00:00:00:04:31,SN-ONT-01073,
02:00:00:00:04:32,SN-ONU-01074,
02:00:00:00:04:33,SN-ROUTER-01075,
02:00:00:00:04:34,SN-AP-01076,
02:00:00:00:04:35,SN-MODEM-01077,
02:00:00:00:04:36,SN-ROUTER-01078,
02:00:00:00:04:37,SN-ONU-01079,
02:00:00:00:04:38,SN-ONT-01080,
02:00:00:00:04:39,SN-ONU-01081,
02:00:00:00:04:3A,SN-ROUTER-01082,
02:00:00:00:04:3B,SN-AP-01083,
02:00:00:00:04:3C,SN-MODEM-01084,
02:00:00:00:04:3D,SN-ROUTER-01085,
02:00:00:00:04:3E,SN-ONU-01086,
02:00:00:00:04:3F,SN-ONT-01087,
02:00:00:00:04:40,SN-ONU-01088,
02:00:00:00:04:41,SN-ROUTER-01089,
02:00:00:00:04:42,SN-AP-01090,
02:00:00:00:04:43,SN-MODEM-01091,
02:00:00:00:04:44,SN-ROUTER-01092,
02:00:00:00:04:45,SN-ONU-01093,
02:00:00:00:04:46,SN-ONT-01094,
02:00:00:00:04:47,SN-ONU-01095,
02:00:00:00:04:48,SN-ROUTER-01096,
02:00:00:00:04:49,SN-AP-01097,
02:00:00:00:04:4A,SN-MODEM-01098,
02:00:00:00:04:4B,SN-ROUTER-01099,
02:00:00:00:04:4C,SN-ONU-01100,
02:00:00:00:04:4D,SN-ONT-01101,
02:00:00:00:04:4E,SN-ONU-01102,
02:00:00:00:04:4F,SN-ROUTER-01103,
02:00:00:00:04:50,SN-AP-01104,
02:00:00:00:04:51,SN-MODEM-01105,
02:00:00:00:04:52,SN-ROUTER-01106,
02:00:00:00:04:53,SN-ONU-01107,
02:00:00:00:04:54,SN-ONT-01108,
02:00:00:00:04:55,SN-ONU-01109,
02:00:00:00:04:56,SN-ROUTER-01110,
02:00:00:00:04:57,SN-AP-01111,
02:00:00:00:04:58,SN-MODEM-01112,
02:00:00:00:04:59,SN-ROUTER-01113,
02:00:00:00:04:5A,SN-ONU-01114,
02:00:00:00:04:5B,SN-ONT-01115,
02:00:00:00:04:5C,SN-ONU-01116,
02:00:00:00:04:5D,SN-ROUTER-01117,
02:00:00:00:04:5E,SN-AP-01118,
02:00:00:00:04:5F,SN-MODEM-01119,
02:00:00:00:04:60,SN-ROUTER-01120,
02:00:00:00:04:61,SN-ONU-01121,
02:00:00:00:04:62,SN-ONT-01122,
02:00:00:00:04:63,SN-ONU-01123,
02:00:00:00:04:64,SN-ROUTER-01124,
02:00:00:00:04:65,SN-AP-01125,
02:00:00:00:04:66,SN-MODEM-01126,
02:00:00:00:04:67,SN-ROUTER-01127,
02:00:00:00:04:68,SN-ONU-01128,
02:00:00:00:04:69,SN-ONT-01129,
02:00:00:00:04:6A,SN-ONU-01130,
02:00:00:00:04:6B,SN-ROUTER-01131,
02:00:00:00:04:6C,SN-AP-01132,
02:00:00:00:04:6D,SN-MODEM-01133,
02:00:00:00:04:6E,SN-ROUTER-01134,
02:00:00:00:04:6F,SN-ONU-01135,
02:00:00:00:04:70,SN-ONT-01136,
02:00:00:00:04:71,SN-ONU-01137,
02:00:00:00:04:72,SN-ROUTER-01138,
02:00:00:00:04:73,SN-AP-01139,
02:00:00:00:04:74,SN-MODEM-01140,
02:00:00:00:04:75,SN-ROUTER-01141,
02:00:00:00:04:76,SN-ONU-01142,
02:00:00:00:04:77,SN-ONT-01143,
02:00:00:00:04:78,SN-ONU-01144,
02:00:00:00:04:79,SN-ROUTER-01145,
02:00:00:00:04:7A,SN-AP-01146,
02:00:00:00:04:7B,SN-MODEM-01147,
02:00:00:00:04:7C,SN-ROUTER-01148,
02:00:00:00:04:7D,SN-ONU-01149,
02:00:00:00:04:7E,SN-ONT-01150,
02:00:00:00:04:7F,SN-ONU-01151,
02:00:00:00:04:80,SN-ROUTER-01152,
02:00:00:00:04:81,SN-AP-01153,
02:00:00:00:04:82,SN-MODEM-01154,
02:00:00:00:04:83,SN-ROUTER-01155,
02:00:00:00:04:84,SN-ONU-01156,
02:00:00:00:04:85,SN-ONT-01157,
02:00:00:00:04:86,SN-ONU-01158,
02:00:00:00:04:87,SN-ROUTER-01159,
02:00:00:00:04:88,SN-AP-01160,
02:00:00:00:04:89,SN-MODEM-01161,
02:00:00:00:04:8A,SN-ROUTER-01162,
02:00:00:00:04:8B,SN-ONU-01163,
02:00:00:00:04:8C,SN-ONT-01164,
02:00:00:00:04:8D,SN-ONU-01165,
02:00:00:00:04:8E,SN-ROUTER-01166,
02:00:00:00:04:8F,SN-AP-01167,
02:00:00:00:04:90,SN-MODEM-01168,
02:00:00:00:04:91,SN-ROUTER-01169,
02:00:00:00:04:92,SN-ONU-01170,
02:00:00:00:04:93,SN-ONT-01171,
02:00:00:00:04:94,SN-ONU-01172,
02:00:00:00:04:95,SN-ROUTER-01173,
02:00:00:00:04:96,SN-AP-01174,
02:00:00:00:04:97,SN-MODEM-01175,
02:00:00:00:04:98,SN-ROUTER-01176,
02:00:00:00:04:99,SN-ONU-01177,
02:00:00:00:04:9A,SN-ONT-01178,
02:00:00:00:04:9B,SN-ONU-01179,
02:00:00:00:04:9C,SN-ROUTER-01180,
02:00:00:00:04:9D,SN-AP-01181,
02:00:00:00:04:9E,SN-MODEM-01182,
02:00:00:00:04:9F,SN-ROUTER-01183,
02:00:00:00:04:A0,SN-ONU-01184,
02:00:00:00:04:A1,SN-ONT-01185,
02:00:00:00:04:A2,SN-ONU-01186,
02:00:00:00:04:A3,SN-ROUTER-01187,
02:00:00:00:04:A4,SN-AP-01188,
02:00:00:00:04:A5,SN-MODEM-01189,
02:00:00:00:04:A6,SN-ROUTER-01190,
02:00:00:00:04:A7,SN-ONU-01191,
02:00:00:00:04:A8,SN-ONT-01192,
02:00:00:00:04:A9,SN-ONU-01193,
02:00:00:00:04:AA,SN-ROUTER-01194,
02:00:00:00:04:AB,SN-AP-01195,
02:00:00:00:04:AC,SN-MODEM-01196,
02:00:00:00:04:AD,SN-ROUTER-01197,
02:00:00:00:04:AE,SN-ONU-01198,
02:00:00:00:04:AF,SN-ONT-01199,
02:00:00:00:04:B0,SN-ONU-01200,
02:00:00:00:04:B1,SN-ROUTER-01201,
02:00:00:00:04:B2,SN-AP-01202,
02:00:00:00:04:B3,SN-MODEM-01203,
02:00:00:00:04:B4,SN-ROUTER-01204,
02:00:00:00:04:B5,SN-ONU-01205,
02:00:00:00:04:B6,SN-ONT-01206,
02:00:00:00:04:B7,SN-ONU-01207,
02:00:00:00:04:B8,SN-ROUTER-01208,
02:00:00:00:04:B9,SN-AP-01209,
02:00:00:00:04:BA,SN-MODEM-01210,
02:00:00:00:04:BB,SN-ROUTER-01211,
02:00:00:00:04:BC,SN-ONU-01212,
02:00:00:00:04:BD,SN-ONT-01213,
02:00:00:00:04:BE,SN-ONU-01214,
02:00:00:00:04:BF,SN-ROUTER-01215,
02:00:00:00:04:C0,SN-AP-01216,
02:00:00:00:04:C1,SN-MODEM-01217,
02:00:00:00:04:C2,SN-ROUTER-01218,
02:00:00:00:04:C3,SN-ONU-01219,
02:00:00:00:04:C4,SN-ONT-01220,
02:00:00:00:04:C5,SN-ONU-01221,
02:00:00:00:04:C6,SN-ROUTER-01222,
02:00:00:00:04:C7,SN-AP-01223,
02:00:00:00:04:C8,SN-MODEM-01224,
02:00:00:00:04:C9,SN-ROUTER-01225,
02:00:00:00:04:CA,SN-ONU-01226,
02:00:00:00:04:CB,SN-ONT-01227,
02:00:00:00:04:CC,SN-ONU-01228,
02:00:00:00:04:CD,SN-ROUTER-01229,
02:00:00:00:04:CE,SN-AP-01230,
02:00:00:00:04:CF,SN-MODEM-01231,
02:00:00:00:04:D0,SN-ROUTER-01232,
02:00:00:00:04:D1,SN-ONU-01233,
02:00:00:00:04:D2,SN-ONT-01234,
02:00:00:00:04:D3,SN-ONU-01235,
02:00:00:00:04:D4,SN-ROUTER-01236,
02:00:00:00:04:D5,SN-AP-01237,
02:00:00:00:04:D6,SN-MODEM-01238,
02:00:00:00:04:D7,SN-ROUTER-01239,
02:00:00:00:04:D8,SN-ONU-01240,
02:00:00:00:04:D9,SN-ONT-01241,
02:00:00:00:04:DA,SN-ONU-01242,
02:00:00:00:04:DB,SN-ROUTER-01243,
02:00:00:00:04:DC,SN-AP-01244,
02:00:00:00:04:DD,SN-MODEM-01245,
02:00:00:00:04:DE,SN-ROUTER-01246,
02:00:00:00:04:DF,SN-ONU-01247,
02:00:00:00:04:E0,SN-ONT-01248,
02:00:00:00:04:E1,SN-ONU-01249,
02:00:00:00:04:E2,SN-ROUTER-01250,
02:00:00:00:04:E3,SN-AP-01251,
02:00:00:00:04:E4,SN-MODEM-01252,
02:00:00:00:04:E5,SN-ROUTER-01253,
02:00:00:00:04:E6,SN-ONU-01254,
02:00:00:00:04:E7,SN-ONT-01255,
02:00:00:00:04:E8,SN-ONU-01256,
02:00:00:00:04:E9,SN-ROUTER-01257,
02:00:00:00:04:EA,SN-AP-01258,
02:00:00:00:04:EB,SN-MODEM-01259,
02:00:00:00:04:EC,SN-ROUTER-01260,
02:00:00:00:04:ED,SN-ONU-01261,
02:00:00:00:04:EE,SN-ONT-01262,
02:00:00:00:04:EF,SN-ONU-01263,
02:00:00:00:04:F0,SN-ROUTER-01264,
02:00:00:00:04:F1,SN-AP-01265,
02:00:00:00:04:F2,SN-MODEM-01266,
02:00:00:00:04:F3,SN-ROUTER-01267,
02:00:00:00:04:F4,SN-ONU-01268,
02:00:00:00:04:F5,SN-ONT-01269,
02:00:00:00:04:F6,SN-ONU-01270,
02:00:00:00:04:F7,SN-ROUTER-01271,
02:00:00:00:04:F8,SN-AP-01272,
02:00:00:00:04:F9,SN-MODEM-01273,
02:00:00:00:04:FA,SN-ROUTER-01274,
02:00:00:00:04:FB,SN-ONU-01275,
02:00:00:00:04:FC,SN-ONT-01276,
02:00:00:00:04:FD,SN-ONU-01277,
02:00:00:00:04:FE,SN-ROUTER-01278,
02:00:00:00:04:FF,SN-AP-01279,
02:00:00:00:05:00,SN-MODEM-01280,
02:00:00:00:05:01,SN-ROUTER-01281,
02:00:00:00:05:02,SN-ONU-01282,
02:00:00:00:05:03,SN-ONT-01283,
02:00:00:00:05:04,SN-ONU-01284,
02:00:00:00:05:05,SN-ROUTER-01285,
02:00:00:00:05:06,SN-AP-01286,
02:00:00:00:05:07,SN-MODEM-01287,
02:00:00:00:05:08,SN-ROUTER-01288,
02:00:00:00:05:09,SN-ONU-01289,
02:00:00:00:05:0A,SN-ONT-01290,
02:00:00:00:05:0B,SN-ONU-01291,
02:00:00:00:05:0C,SN-ROUTER-01292,
02:00:00:00:05:0D,SN-AP-01293,
02:00:00:00:05:0E,SN-MODEM-01294,
02:00:00:00:05:0F,SN-ROUTER-01295,
02:00:00:00:05:10,SN-ONU-01296,
02:00:00:00:05:11,SN-ONT-01297,
02:00:00:00:05:12,SN-ONU-01298,
02:00:00:00:05:13,SN-ROUTER-01299,
02:00:00:00:05:14,SN-AP-01300,
02:00:00:00:05:15,SN-MODEM-01301,
02:00:00:00:05:16,SN-ROUTER-01302,
02:00:00:00:05:17,SN-ONU-01303,
02:00:00:00:05:18,SN-ONT-01304,
02:00:00:00:05:19,SN-ONU-01305,
02:00:00:00:05:1A,SN-ROUTER-01306,
02:00:00:00:05:1B,SN-AP-01307,
02:00:00:00:05:1C,SN-MODEM-01308,
02:00:00:00:05:1D,SN-ROUTER-01309,
02:00:00:00:05:1E,SN-ONU-01310,
02:00:00:00:05:1F,SN-ONT-01311,
02:00:00:00:05:20,SN-ONU-01312,
02:00:00:00:05:21,SN-ROUTER-01313,
02:00:00:00:05:22,SN-AP-01314,
02:00:00:00:05:23,SN-MODEM-01315,
02:00:00:00:05:24,SN-ROUTER-01316,
02:00:00:00:05:25,SN-ONU-01317,
02:00:00:00:05:26,SN-ONT-01318,
02:00:00:00:05:27,SN-ONU-01319,
02:00:00:00:05:28,SN-ROUTER-01320,
02:00:00:00:05:29,SN-AP-01321,
02:00:00:00:05:2A,SN-MODEM-01322,
02:00:00:00:05:2B,SN-ROUTER-01323,
02:00:00:00:05:2C,SN-ONU-01324,
02:00:00:00:05:2D,SN-ONT-01325,
02:00:00:00:05:2E,SN-ONU-01326,
02:00:00:00:05:2F,SN-ROUTER-01327,
02:00:00:00:05:30,SN-AP-01328,
02:00:00:00:05:31,SN-MODEM-01329,
02:00:00:00:05:32,SN-ROUTER-01330,
02:00:00:00:05:33,SN-ONU-01331,
02:00:00:00:05:34,SN-ONT-01332,
02:00:00:00:05:35,SN-ONU-01333,
02:00:00:00:05:36,SN-ROUTER-01334,
02:00:00:00:05:37,SN-AP-01335,
02:00:00:00:05:38,SN-MODEM-01336,
02:00:00:00:05:39,SN-ROUTER-01337,
02:00:00:00:05:3A,SN-ONU-01338,
02:00:00:00:05:3B,SN-ONT-01339,
02:00:00:00:05:3C,SN-ONU-01340,
02:00:00:00:05:3D,SN-ROUTER-01341,
02:00:00:00:05:3E,SN-AP-01342,
02:00:00:00:05:3F,SN-MODEM-01343,
02:00:00:00:05:40,SN-ROUTER-01344,
02:00:00:00:05:41,SN-ONU-01345,
02:00:00:00:05:42,SN-ONT-01346,
02:00:00:00:05:43,SN-ONU-01347,
02:00:00:00:05:44,SN-ROUTER-01348,
02:00:00:00:05:45,SN-AP-01349,
02:00:00:00:05:46,SN-MODEM-01350,
02:00:00:00:05:47,SN-ROUTER-01351,
02:00:00:00:05:48,SN-ONU-01352,
02:00:00:00:05:49,SN-ONT-01353,
02:00:00:00:05:4A,SN-ONU-01354,
02:00:00:00:05:4B,SN-ROUTER-01355,
02:00:00:00:05:4C,SN-AP-01356,
02:00:00:00:05:4D,SN-MODEM-01357,
02:00:00:00:05:4E,SN-ROUTER-01358,
02:00:00:00:05:4F,SN-ONU-01359,
02:00:00:00:05:50,SN-ONT-01360,
02:00:00:00:05:51,SN-ONU-01361,
02:00:00:00:05:52,SN-ROUTER-01362,
02:00:00:00:05:53,SN-AP-01363,
02:00:00:00:05:54,SN-MODEM-01364,
02:00:00:00:05:55,SN-ROUTER-01365,
02:00:00:00:05:56,SN-ONU-01366,
02:00:00:00:05:57,SN-ONT-01367,
02:00:00:00:05:58,SN-ONU-01368,
02:00:00:00:05:59,SN-ROUTER-01369,
02:00:00:00:05:5A,SN-AP-01370,
02:00:00:00:05:5B,SN-MODEM-01371,
02:00:00:00:05:5C,SN-ROUTER-01372,
02:00:00:00:05:5D,SN-ONU-01373,
02:00:00:00:05:5E,SN-ONT-01374,
02:00:00:00:05:5F,SN-ONU-01375,
02:00:00:00:05:60,SN-ROUTER-01376,
02:00:00:00:05:61,SN-AP-01377,
02:00:00:00:05:62,SN-MODEM-01378,
02:00:00:00:05:63,SN-ROUTER-01379,
02:00:00:00:05:64,SN-ONU-01380,
02:00:00:00:05:65,SN-ONT-01381,
02:00:00:00:05:66,SN-ONU-01382,
02:00:00:00:05:67,SN-ROUTER-01383,
02:00:00:00:05:68,SN-AP-01384,
02:00:00:00:05:69,SN-MODEM-01385,
02:00:00:00:05:6A,SN-ROUTER-01386,
02:00:00:00:05:6B,SN-ONU-01387,
02:00:00:00:05:6C,SN-ONT-01388,
02:00:00:00:05:6D,SN-ONU-01389,
02:00:00:00:05:6E,SN-ROUTER-01390,
02:00:00:00:05:6F,SN-AP-01391,
02:00:00:00:05:70,SN-MODEM-01392,
02:00:00:00:05:71,SN-ROUTER-01393,
02:00:00:00:05:72,SN-ONU-01394,
02:00:00:00:05:73,SN-ONT-01395,
02:00:00:00:05:74,SN-ONU-01396,
02:00:00:00:05:75,SN-ROUTER-01397,
02:00:00:00:05:76,SN-AP-01398,
02:00:00:00:05:77,SN-MODEM-01399,
02:00:00:00:05:78,SN-ROUTER-01400,
02:00:00:00:05:79,SN-ONU-01401,
02:00:00:00:05:7A,SN-ONT-01402,
02:00:00:00:05:7B,SN-ONU-01403,
02:00:00:00:05:7C,SN-ROUTER-01404,
02:00:00:00:05:7D,SN-AP-01405,
02:00:00:00:05:7E,SN-MODEM-01406,
02:00:00:00:05:7F,SN-ROUTER-01407,
02:00:00:00:05:80,SN-ONU-01408,
02:00:00:00:05:81,SN-ONT-01409,
02:00:00:00:05:82,SN-ONU-01410,
02:00:00:00:05:83,SN-ROUTER-01411,
02:00:00:00:05:84,SN-AP-01412,
02:00:00:00:05:85,SN-MODEM-01413,
02:00:00:00:05:86,SN-ROUTER-01414,
02:00:00:00:05:87,SN-ONU-01415,
02:00:00:00:05:88,SN-ONT-01416,
02:00:00:00:05:89,SN-ONU-01417,
02:00:00:00:05:8A,SN-ROUTER-01418,
02:00:00:00:05:8B,SN-AP-01419,
02:00:00:00:05:8C,SN-MODEM-01420,
02:00:00:00:05:8D,SN-ROUTER-01421,
02:00:00:00:05:8E,SN-ONU-01422,
02:00:00:00:05:8F,SN-ONT-01423,
02:00:00:00:05:90,SN-ONU-01424,
02:00:00:00:05:91,SN-ROUTER-01425,
02:00:00:00:05:92,SN-AP-01426,
02:00:00:00:05:93,SN-MODEM-01427,
02:00:00:00:05:94,SN-ROUTER-01428,
02:00:00:00:05:95,SN-ONU-01429,
02:00:00:00:05:96,SN-ONT-01430,
02:00:00:00:05:97,SN-ONU-01431,
02:00:00:00:05:98,SN-ROUTER-01432,
02:00:00:00:05:99,SN-AP-01433,
02:00:00:00:05:9A,SN-MODEM-01434,
02:00:00:00:05:9B,SN-ROUTER-01435,
02:00:00:00:05:9C,SN-ONU-01436,
02:00:00:00:05:9D,SN-ONT-01437,
02:00:00:00:05:9E,SN-ONU-01438,
02:00:00:00:05:9F,SN-ROUTER-01439,
02:00:00:00:05:A0,SN-AP-01440,
02:00:00:00:05:A1,SN-MODEM-01441,
02:00:00:00:05:A2,SN-ROUTER-01442,
02:00:00:00:05:A3,SN-ONU-01443,
02:00:00:00:05:A4,SN-ONT-01444,
02:00:00:00:05:A5,SN-ONU-01445,
02:00:00:00:05:A6,SN-ROUTER-01446,
02:00:00:00:05:A7,SN-AP-01447,
02:00:00:00:05:A8,SN-MODEM-01448,
02:00:00:00:05:A9,SN-ROUTER-01449,
02:00:00:00:05:AA,SN-ONU-01450,
02:00:00:00:05:AB,SN-ONT-01451,
02:00:00:00:05:AC,SN-ONU-01452,
02:00:00:00:05:AD,SN-ROUTER-01453,
02:00:00:00:05:AE,SN-AP-01454,
02:00:00:00:05:AF,SN-MODEM-01455,
02:00:00:00:05:B0,SN-ROUTER-01456,
02:00:00:00:05:B1,SN-ONU-01457,
02:00:00:00:05:B2,SN-ONT-01458,
02:00:00:00:05:B3,SN-ONU-01459,
02:00:00:00:05:B4,SN-ROUTER-01460,
02:00:00:00:05:B5,SN-AP-01461,
02:00:00:00:05:B6,SN-MODEM-01462,
02:00:00:00:05:B7,SN-ROUTER-01463,
02:00:00:00:05:B8,SN-ONU-01464,
02:00:00:00:05:B9,SN-ONT-01465,
02:00:00:00:05:BA,SN-ONU-01466,
02:00:00:00:05:BB,SN-ROUTER-01467,
02:00:00:00:05:BC,SN-AP-01468,
02:00:00:00:05:BD,SN-MODEM-01469,
02:00:00:00:05:BE,SN-ROUTER-01470,
02:00:00:00:05:BF,SN-ONU-01471,
02:00:00:00:05:C0,SN-ONT-01472,
02:00:00:00:05:C1,SN-ONU-01473,
02:00:00:00:05:C2,SN-ROUTER-01474,
02:00:00:00:05:C3,SN-AP-01475,
02:00:00:00:05:C4,SN-MODEM-01476,
02:00:00:00:05:C5,SN-ROUTER-01477,
02:00:00:00:05:C6,SN-ONU-01478,
02:00:00:00:05:C7,SN-ONT-01479,
02:00:00:00:05:C8,SN-ONU-01480,
02:00:00:00:05:C9,SN-ROUTER-01481,
02:00:00:00:05:CA,SN-AP-01482,
02:00:00:00:05:CB,SN-MODEM-01483,
02:00:00:00:05:CC,SN-ROUTER-01484,
02:00:00:00:05:CD,SN-ONU-01485,
02:00:00:00:05:CE,SN-ONT-01486,
02:00:00:00:05:CF,SN-ONU-01487,
02:00:00:00:05:D0,SN-ROUTER-01488,
02:00:00:00:05:D1,SN-AP-01489,
02:00:00:00:05:D2,SN-MODEM-01490,
02:00:00:00:05:D3,SN-ROUTER-01491,
02:00:00:00:05:D4,SN-ONU-01492,
02:00:00:00:05:D5,SN-ONT-01493,
02:00:00:00:05:D6,SN-ONU-01494,
02:00:00:00:05:D7,SN-ROUTER-01495,
02:00:00:00:05:D8,SN-AP-01496,
02:00:00:00:05:D9,SN-MODEM-01497,
02:00:00:00:05:DA,SN-ROUTER-01498,
02:00:00:00:05:DB,SN-ONU-01499,
02:00:00:00:05:DC,SN-ONT-01500,
02:00:00:00:05:DD,SN-ONU-01501,
02:00:00:00:05:DE,SN-ROUTER-01502,
02:00:00:00:05:DF,SN-AP-01503,
02:00:00:00:05:E0,SN-MODEM-01504,
02:00:00:00:05:E1,SN-ROUTER-01505,
02:00:00:00:05:E2,SN-ONU-01506,
02:00:00:00:05:E3,SN-ONT-01507,
02:00:00:00:05:E4,SN-ONU-01508,
02:00:00:00:05:E5,SN-ROUTER-01509,
02:00:00:00:05:E6,SN-AP-01510,
02:00:00:00:05:E7,SN-MODEM-01511,
02:00:00:00:05:E8,SN-ROUTER-01512,
02:00:00:00:05:E9,SN-ONU-01513,
02:00:00:00:05:EA,SN-ONT-01514,
02:00:00:00:05:EB,SN-ONU-01515,
02:00:00:00:05:EC,SN-ROUTER-01516,
02:00:00:00:05:ED,SN-AP-01517,
02:00:00:00:05:EE,SN-MODEM-01518,
02:00:00:00:05:EF,SN-ROUTER-01519,
02:00:00:00:05:F0,SN-ONU-01520,
02:00:00:00:05:F1,SN-ONT-01521,
02:00:00:00:05:F2,SN-ONU-01522,
02:00:00:00:05:F3,SN-ROUTER-01523,
02:00:00:00:05:F4,SN-AP-01524,
02:00:00:00:05:F5,SN-MODEM-01525,
02:00:00:00:05:F6,SN-ROUTER-01526,
02:00:00:00:05:F7,SN-ONU-01527,
02:00:00:00:05:F8,SN-ONT-01528,
02:00:00:00:05:F9,SN-ONU-01529,
02:00:00:00:05:FA,SN-ROUTER-01530,
02:00:00:00:05:FB,SN-AP-01531,
02:00:00:00:05:FC,SN-MODEM-01532,
02:00:00:00:05:FD,SN-ROUTER-01533,
02:00:00:00:05:FE,SN-ONU-01534,
02:00:00:00:05:FF,SN-ONT-01535,
02:00:00:00:06:00,SN-ONU-01536,
02:00:00:00:06:01,SN-ROUTER-01537,
02:00:00:00:06:02,SN-AP-01538,
02:00:00:00:06:03,SN-MODEM-01539,
02:00:00:00:06:04,SN-ROUTER-01540,
02:00:00:00:06:05,SN-ONU-01541,
02:00:00:00:06:06,SN-ONT-01542,
02:00:00:00:06:07,SN-ONU-01543,
02:00:00:00:06:08,SN-ROUTER-01544,
02:00:00:00:06:09,SN-AP-01545,
02:00:00:00:06:0A,SN-MODEM-01546,
02:00:00:00:06:0B,SN-ROUTER-01547,
02:00:00:00:06:0C,SN-ONU-01548,
02:00:00:00:06:0D,SN-ONT-01549,
02:00:00:00:06:0E,SN-ONU-01550,
02:00:00:00:06:0F,SN-ROUTER-01551,
02:00:00:00:06:10,SN-AP-01552,
02:00:00:00:06:11,SN-MODEM-01553,
02:00:00:00:06:12,SN-ROUTER-01554,
02:00:00:00:06:13,SN-ONU-01555,
02:00:00:00:06:14,SN-ONT-01556,
02:00:00:00:06:15,SN-ONU-01557,
02:00:00:00:06:16,SN-ROUTER-01558,
02:00:00:00:06:17,SN-AP-01559,
02:00:00:00:06:18,SN-MODEM-01560,
02:00:00:00:06:19,SN-ROUTER-01561,
02:00:00:00:06:1A,SN-ONU-01562,
02:00:00:00:06:1B,SN-ONT-01563,
02:00:00:00:06:1C,SN-ONU-01564,
02:00:00:00:06:1D,SN-ROUTER-01565,
02:00:00:00:06:1E,SN-AP-01566,
02:00:00:00:06:1F,SN-MODEM-01567,
02:00:00:00:06:20,SN-ROUTER-01568,
02:00:00:00:06:21,SN-ONU-01569,
02:00:00:00:06:22,SN-ONT-01570,
02:00:00:00:06:23,SN-ONU-01571,
02:00:00:00:06:24,SN-ROUTER-01572,
02:00:00:00:06:25,SN-AP-01573,
02:00:00:00:06:26,SN-MODEM-01574,
02:00:00:00:06:27,SN-ROUTER-01575,
02:00:00:00:06:28,SN-ONU-01576,
02:00:00:00:06:29,SN-ONT-01577,
02:00:00:00:06:2A,SN-ONU-01578,
02:00:00:00:06:2B,SN-ROUTER-01579,
02:00:00:00:06:2C,SN-AP-01580,
02:00:00:00:06:2D,SN-MODEM-01581,
02:00:00:00:06:2E,SN-ROUTER-01582,
02:00:00:00:06:2F,SN-ONU-01583,
02:00:00:00:06:30,SN-ONT-01584,
02:00:00:00:06:31,SN-ONU-01585,
02:00:00:00:06:32,SN-ROUTER-01586,
02:00:00:00:06:33,SN-AP-01587,
02:00:00:00:06:34,SN-MODEM-01588,
02:00:00:00:06:35,SN-ROUTER-01589,
02:00:00:00:06:36,SN-ONU-01590,
02:00:00:00:06:37,SN-ONT-01591,
02:00:00:00:06:38,SN-ONU-01592,
02:00:00:00:06:39,SN-ROUTER-01593,
02:00:00:00:06:3A,SN-AP-01594,
02:00:00:00:06:3B,SN-MODEM-01595,
02:00:00:00:06:3C,SN-ROUTER-01596,
02:00:00:00:06:3D,SN-ONU-01597,
02:00:00:00:06:3E,SN-ONT-01598,
02:00:00:00:06:3F,SN-ONU-01599,
02:00:00:00:06:40,SN-ROUTER-01600,
02:00:00:00:06:41,SN-AP-01601,
02:00:00:00:06:42,SN-MODEM-01602,
02:00:00:00:06:43,SN-ROUTER-01603,
02:00:00:00:06:44,SN-ONU-01604,
02:00:00:00:06:45,SN-ONT-01605,
02:00:00:00:06:46,SN-ONU-01606,
02:00:00:00:06:47,SN-ROUTER-01607,
02:00:00:00:06:48,SN-AP-01608,
02:00:00:00:06:49,SN-MODEM-01609,
02:00:00:00:06:4A,SN-ROUTER-01610,
02:00:00:00:06:4B,SN-ONU-01611,
02:00:00:00:06:4C,SN-ONT-01612,
02:00:00:00:06:4D,SN-ONU-01613,
02:00:00:00:06:4E,SN-ROUTER-01614,
02:00:00:00:06:4F,SN-AP-01615,
02:00:00:00:06:50,SN-MODEM-01616,
02:00:00:00:06:51,SN-ROUTER-01617,
02:00:00:00:06:52,SN-ONU-01618,
02:00:00:00:06:53,SN-ONT-01619,
02:00:00:00:06:54,SN-ONU-01620,
02:00:00:00:06:55,SN-ROUTER-01621,
02:00:00:00:06:56,SN-AP-01622,
02:00:00:00:06:57,SN-MODEM-01623,
02:00:00:00:06:58,SN-ROUTER-01624,
02:00:00:00:06:59,SN-ONU-01625,
02:00:00:00:06:5A,SN-ONT-01626,
02:00:00:00:06:5B,SN-ONU-01627,
02:00:00:00:06:5C,SN-ROUTER-01628,
02:00:00:00:06:5D,SN-AP-01629,
02:00:00:00:06:5E,SN-MODEM-01630,
02:00:00:00:06:5F,SN-ROUTER-01631,
02:00:00:00:06:60,SN-ONU-01632,
02:00:00:00:06:61,SN-ONT-01633,
02:00:00:00:06:62,SN-ONU-01634,
02:00:00:00:06:63,SN-ROUTER-01635,
02:00:00:00:06:64,SN-AP-01636,
02:00:00:00:06:65,SN-MODEM-01637,
02:00:00:00:06:66,SN-ROUTER-01638,
02:00:00:00:06:67,SN-ONU-01639,
02:00:00:00:06:68,SN-ONT-01640,
02:00:00:00:06:69,SN-ONU-01641,
02:00:00:00:06:6A,SN-ROUTER-01642,
02:00:00:00:06:6B,SN-AP-01643,
02:00:00:00:06:6C,SN-MODEM-01644,
02:00:00:00:06:6D,SN-ROUTER-01645,
02:00:00:00:06:6E,SN-ONU-01646,
02:00:00:00:06:6F,SN-ONT-01647,
02:00:00:00:06:70,SN-ONU-01648,
02:00:00:00:06:71,SN-ROUTER-01649,
02:00:00:00:06:72,SN-AP-01650,
02:00:00:00:06:73,SN-MODEM-01651,
02:00:00:00:06:74,SN-ROUTER-01652,
02:00:00:00:06:75,SN-ONU-01653,
02:00:00:00:06:76,SN-ONT-01654,
02:00:00:00:06:77,SN-ONU-01655,
02:00:00:00:06:78,SN-ROUTER-01656,
02:00:00:00:06:79,SN-AP-01657,
02:00:00:00:06:7A,SN-MODEM-01658,
02:00:00:00:06:7B,SN-ROUTER-01659,
02:00:00:00:06:7C,SN-ONU-01660,
02:00:00:00:06:7D,SN-ONT-01661,
02:00:00:00:06:7E,SN-ONU-01662,
02:00:00:00:06:7F,SN-ROUTER-01663,
02:00:00:00:06:80,SN-AP-01664,
02:00:00:00:06:81,SN-MODEM-01665,
02:00:00:00:06:82,SN-ROUTER-01666,
02:00:00:00:06:83,SN-ONU-01667,
02:00:00:00:06:84,SN-ONT-01668,
02:00:00:00:06:85,SN-ONU-01669,
02:00:00:00:06:86,SN-ROUTER-01670,
02:00:00:00:06:87,SN-AP-01671,
02:00:00:00:06:88,SN-MODEM-01672,
02:00:00:00:06:89,SN-ROUTER-01673,
02:00:00:00:06:8A,SN-ONU-01674,
02:00:00:00:06:8B,SN-ONT-01675,
02:00:00:00:06:8C,SN-ONU-01676,
02:00:00:00:06:8D,SN-ROUTER-01677,
02:00:00:00:06:8E,SN-AP-01678,
02:00:00:00:06:8F,SN-MODEM-01679,
02:00:00:00:06:90,SN-ROUTER-01680,
02:00:00:00:06:91,SN-ONU-01681,
02:00:00:00:06:92,SN-ONT-01682,
02:00:00:00:06:93,SN-ONU-01683,
02:00:00:00:06:94,SN-ROUTER-01684,
02:00:00:00:06:95,SN-AP-01685,
02:00:00:00:06:96,SN-MODEM-01686,
02:00:00:00:06:97,SN-ROUTER-01687,
02:00:00:00:06:98,SN-ONU-01688,
02:00:00:00:06:99,SN-ONT-01689,
02:00:00:00:06:9A,SN-ONU-01690,
02:00:00:00:06:9B,SN-ROUTER-01691,
02:00:00:00:06:9C,SN-AP-01692,
02:00:00:00:06:9D,SN-MODEM-01693,
02:00:00:00:06:9E,SN-ROUTER-01694,
02:00:00:00:06:9F,SN-ONU-01695,
02:00:00:00:06:A0,SN-ONT-01696,
02:00:00:00:06:A1,SN-ONU-01697,
02:00:00:00:06:A2,SN-ROUTER-01698,
02:00:00:00:06:A3,SN-AP-01699,
02:00:00:00:06:A4,SN-MODEM-01700,
02:00:00:00:06:A5,SN-ROUTER-01701,
02:00:00:00:06:A6,SN-ONU-01702,
02:00:00:00:06:A7,SN-ONT-01703,
02:00:00:00:06:A8,SN-ONU-01704,
02:00:00:00:06:A9,SN-ROUTER-01705,
02:00:00:00:06:AA,SN-AP-01706,
02:00:00:00:06:AB,SN-MODEM-01707,
02:00:00:00:06:AC,SN-ROUTER-01708,
02:00:00:00:06:AD,SN-ONU-01709,
02:00:00:00:06:AE,SN-ONT-01710,
02:00:00:00:06:AF,SN-ONU-01711,
02:00:00:00:06:B0,SN-ROUTER-01712,
02:00:00:00:06:B1,SN-AP-01713,
02:00:00:00:06:B2,SN-MODEM-01714,
02:00:00:00:06:B3,SN-ROUTER-01715,
02:00:00:00:06:B4,SN-ONU-01716,
02:00:00:00:06:B5,SN-ONT-01717,
02:00:00:00:06:B6,SN-ONU-01718,
02:00:00:00:06:B7,SN-ROUTER-01719,
02:00:00:00:06:B8,SN-AP-01720,
02:00:00:00:06:B9,SN-MODEM-01721,
02:00:00:00:06:BA,SN-ROUTER-01722,
02:00:00:00:06:BB,SN-ONU-01723,
02:00:00:00:06:BC,SN-ONT-01724,
02:00:00:00:06:BD,SN-ONU-01725,
02:00:00:00:06:BE,SN-ROUTER-01726,
02:00:00:00:06:BF,SN-AP-01727,
02:00:00:00:06:C0,SN-MODEM-01728,
02:00:00:00:06:C1,SN-ROUTER-01729,
02:00:00:00:06:C2,SN-ONU-01730,
02:00:00:00:06:C3,SN-ONT-01731,
02:00:00:00:06:C4,SN-ONU-01732,
02:00:00:00:06:C5,SN-ROUTER-01733,
02:00:00:00:06:C6,SN-AP-01734,
02:00:00:00:06:C7,SN-MODEM-01735,
02:00:00:00:06:C8,SN-ROUTER-01736,
02:00:00:00:06:C9,SN-ONU-01737,
02:00:00:00:06:CA,SN-ONT-01738,
02:00:00:00:06:CB,SN-ONU-01739,
02:00:00:00:06:CC,SN-ROUTER-01740,
02:00:00:00:06:CD,SN-AP-01741,
02:00:00:00:06:CE,SN-MODEM-01742,
02:00:00:00:06:CF,SN-ROUTER-01743,
02:00:00:00:06:D0,SN-ONU-01744,
02:00:00:00:06:D1,SN-ONT-01745,
02:00:00:00:06:D2,SN-ONU-01746,
02:00:00:00:06:D3,SN-ROUTER-01747,
02:00:00:00:06:D4,SN-AP-01748,
02:00:00:00:06:D5,SN-MODEM-01749,
02:00:00:00:06:D6,SN-ROUTER-01750,
02:00:00:00:06:D7,SN-ONU-01751,
02:00:00:00:06:D8,SN-ONT-01752,
02:00:00:00:06:D9,SN-ONU-01753,
02:00:00:00:06:DA,SN-ROUTER-01754,
02:00:00:00:06:DB,SN-AP-01755,
02:00:00:00:06:DC,SN-MODEM-01756,
02:00:00:00:06:DD,SN-ROUTER-01757,
02:00:00:00:06:DE,SN-ONU-01758,
02:00:00:00:06:DF,SN-ONT-01759,
02:00:00:00:06:E0,SN-ONU-01760,
02:00:00:00:06:E1,SN-ROUTER-01761,
02:00:00:00:06:E2,SN-AP-01762,
02:00:00:00:06:E3,SN-MODEM-01763,
02:00:00:00:06:E4,SN-ROUTER-01764,
02:00:00:00:06:E5,SN-ONU-01765,
02:00:00:00:06:E6,SN-ONT-01766,
02:00:00:00:06:E7,SN-ONU-01767,
02:00:00:00:06:E8,SN-ROUTER-01768,
02:00:00:00:06:E9,SN-AP-01769,
02:00:00:00:06:EA,SN-MODEM-01770,
02:00:00:00:06:EB,SN-ROUTER-01771,
02:00:00:00:06:EC,SN-ONU-01772,
02:00:00:00:06:ED,SN-ONT-01773,
02:00:00:00:06:EE,SN-ONU-01774,
02:00:00:00:06:EF,SN-ROUTER-01775,
02:00:00:00:06:F0,SN-AP-01776,
02:00:00:00:06:F1,SN-MODEM-01777,
02:00:00:00:06:F2,SN-ROUTER-01778,
02:00:00:00:06:F3,SN-ONU-01779,
02:00:00:00:06:F4,SN-ONT-01780,
02:00:00:00:06:F5,SN-ONU-01781,
02:00:00:00:06:F6,SN-ROUTER-01782,
02:00:00:00:06:F7,SN-AP-01783,
02:00:00:00:06:F8,SN-MODEM-01784,
02:00:00:00:06:F9,SN-ROUTER-01785,
02:00:00:00:06:FA,SN-ONU-01786,
02:00:00:00:06:FB,SN-ONT-01787,
02:00:00:00:06:FC,SN-ONU-01788,
02:00:00:00:06:FD,SN-ROUTER-01789,
02:00:00:00:06:FE,SN-AP-01790,
02:00:00:00:06:FF,SN-MODEM-01791,
02:00:00:00:07:00,SN-ROUTER-01792,
02:00:00:00:07:01,SN-ONU-01793,
02:00:00:00:07:02,SN-ONT-01794,
02:00:00:00:07:03,SN-ONU-01795,
02:00:00:00:07:04,SN-ROUTER-01796,
02:00:00:00:07:05,SN-AP-01797,
02:00:00:00:07:06,SN-MODEM-01798,
02:00:00:00:07:07,SN-ROUTER-01799,
02:00:00:00:07:08,SN-ONU-01800,
02:00:00:00:07:09,SN-ONT-01801,
02:00:00:00:07:0A,SN-ONU-01802,
02:00:00:00:07:0B,SN-ROUTER-01803,
02:00:00:00:07:0C,SN-AP-01804,
02:00:00:00:07:0D,SN-MODEM-01805,
02:00:00:00:07:0E,SN-ROUTER-01806,
02:00:00:00:07:0F,SN-ONU-01807,
02:00:00:00:07:10,SN-ONT-01808,
02:00:00:00:07:11,SN-ONU-01809,
02:00:00:00:07:12,SN-ROUTER-01810,
02:00:00:00:07:13,SN-AP-01811,
02:00:00:00:07:14,SN-MODEM-01812,
02:00:00:00:07:15,SN-ROUTER-01813,
02:00:00:00:07:16,SN-ONU-01814,
02:00:00:00:07:17,SN-ONT-01815,
02:00:00:00:07:18,SN-ONU-01816,
02:00:00:00:07:19,SN-ROUTER-01817,
02:00:00:00:07:1A,SN-AP-01818,
02:00:00:00:07:1B,SN-MODEM-01819,
02:00:00:00:07:1C,SN-ROUTER-01820,
02:00:00:00:07:1D,SN-ONU-01821,
02:00:00:00:07:1E,SN-ONT-01822,
02:00:00:00:07:1F,SN-ONU-01823,
02:00:00:00:07:20,SN-ROUTER-01824,
02:00:00:00:07:21,SN-AP-01825,
02:00:00:00:07:22,SN-MODEM-01826,
02:00:00:00:07:23,SN-ROUTER-01827,
02:00:00:00:07:24,SN-ONU-01828,
02:00:00:00:07:25,SN-ONT-01829,
02:00:00:00:07:26,SN-ONU-01830,
02:00:00:00:07:27,SN-ROUTER-01831,
02:00:00:00:07:28,SN-AP-01832,
02:00:00:00:07:29,SN-MODEM-01833,
02:00:00:00:07:2A,SN-ROUTER-01834,
02:00:00:00:07:2B,SN-ONU-01835,
02:00:00:00:07:2C,SN-ONT-01836,
02:00:00:00:07:2D,SN-ONU-01837,
02:00:00:00:07:2E,SN-ROUTER-01838,
02:00:00:00:07:2F,SN-AP-01839,
02:00:00:00:07:30,SN-MODEM-01840,
02:00:00:00:07:31,SN-ROUTER-01841,
02:00:00:00:07:32,SN-ONU-01842,
02:00:00:00:07:33,SN-ONT-01843,
02:00:00:00:07:34,SN-ONU-01844,
02:00:00:00:07:35,SN-ROUTER-01845,
02:00:00:00:07:36,SN-AP-01846,
02:00:00:00:07:37,SN-MODEM-01847,
02:00:00:00:07:38,SN-ROUTER-01848,
02:00:00:00:07:39,SN-ONU-01849,
02:00:00:00:07:3A,SN-ONT-01850,
02:00:00:00:07:3B,SN-ONU-01851,
02:00:00:00:07:3C,SN-ROUTER-01852,
02:00:00:00:07:3D,SN-AP-01853,
02:00:00:00:07:3E,SN-MODEM-01854,
02:00:00:00:07:3F,SN-ROUTER-01855,
02:00:00:00:07:40,SN-ONU-01856,
02:00:00:00:07:41,SN-ONT-01857,
02:00:00:00:07:42,SN-ONU-01858,
02:00:00:00:07:43,SN-ROUTER-01859,
02:00:00:00:07:44,SN-AP-01860,
02:00:00:00:07:45,SN-MODEM-01861,
02:00:00:00:07:46,SN-ROUTER-01862,
02:00:00:00:07:47,SN-ONU-01863,
02:00:00:00:07:48,SN-ONT-01864,
02:00:00:00:07:49,SN-ONU-01865,
02:00:00:00:07:4A,SN-ROUTER-01866,
02:00:00:00:07:4B,SN-AP-01867,
02:00:00:00:07:4C,SN-MODEM-01868,
02:00:00:00:07:4D,SN-ROUTER-01869,
02:00:00:00:07:4E,SN-ONU-01870,
02:00:00:00:07:4F,SN-ONT-01871,
02:00:00:00:07:50,SN-ONU-01872,
02:00:00:00:07:51,SN-ROUTER-01873,
02:00:00:00:07:52,SN-AP-01874,
02:00:00:00:07:53,SN-MODEM-01875,
02:00:00:00:07:54,SN-ROUTER-01876,
02:00:00:00:07:55,SN-ONU-01877,
02:00:00:00:07:56,SN-ONT-01878,
02:00:00:00:07:57,SN-ONU-01879,
02:00:00:00:07:58,SN-ROUTER-01880,
02:00:00:00:07:59,SN-AP-01881,
02:00:00:00:07:5A,SN-MODEM-01882,
02:00:00:00:07:5B,SN-ROUTER-01883,
02:00:00:00:07:5C,SN-ONU-01884,
02:00:00:00:07:5D,SN-ONT-01885,
02:00:00:00:07:5E,SN-ONU-01886,
02:00:00:00:07:5F,SN-ROUTER-01887,
02:00:00:00:07:60,SN-AP-01888,
02:00:00:00:07:61,SN-MODEM-01889,
02:00:00:00:07:62,SN-ROUTER-01890,
02:00:00:00:07:63,SN-ONU-01891,
02:00:00:00:07:64,SN-ONT-01892,
02:00:00:00:07:65,SN-ONU-01893,
02:00:00:00:07:66,SN-ROUTER-01894,
02:00:00:00:07:67,SN-AP-01895,
02:00:00:00:07:68,SN-MODEM-01896,
02:00:00:00:07:69,SN-ROUTER-01897,
02:00:00:00:07:6A,SN-ONU-01898,
02:00:00:00:07:6B,SN-ONT-01899,
02:00:00:00:07:6C,SN-ONU-01900,
02:00:00:00:07:6D,SN-ROUTER-01901,
02:00:00:00:07:6E,SN-AP-01902,
02:00:00:00:07:6F,SN-MODEM-01903,
02:00:00:00:07:70,SN-ROUTER-01904,
02:00:00:00:07:71,SN-ONU-01905,
02:00:00:00:07:72,SN-ONT-01906,
02:00:00:00:07:73,SN-ONU-01907,
02:00:00:00:07:74,SN-ROUTER-01908,
02:00:00:00:07:75,SN-AP-01909,
02:00:00:00:07:76,SN-MODEM-01910,
02:00:00:00:07:77,SN-ROUTER-01911,
02:00:00:00:07:78,SN-ONU-01912,
02:00:00:00:07:79,SN-ONT-01913,
02:00:00:00:07:7A,SN-ONU-01914,
02:00:00:00:07:7B,SN-ROUTER-01915,
02:00:00:00:07:7C,SN-AP-01916,
02:00:00:00:07:7D,SN-MODEM-01917,
02:00:00:00:07:7E,SN-ROUTER-01918,
02:00:00:00:07:7F,SN-ONU-01919,
02:00:00:00:07:80,SN-ONT-01920,
02:00:00:00:07:81,SN-ONU-01921,
02:00:00:00:07:82,SN-ROUTER-01922,
02:00:00:00:07:83,SN-AP-01923,
02:00:00:00:07:84,SN-MODEM-01924,
02:00:00:00:07:85,SN-ROUTER-01925,
02:00:00:00:07:86,SN-ONU-01926,
02:00:00:00:07:87,SN-ONT-01927,
02:00:00:00:07:88,SN-ONU-01928,
02:00:00:00:07:89,SN-ROUTER-01929,
02:00:00:00:07:8A,SN-AP-01930,
02:00:00:00:07:8B,SN-MODEM-01931,
02:00:00:00:07:8C,SN-ROUTER-01932,
02:00:00:00:07:8D,SN-ONU-01933,
02:00:00:00:07:8E,SN-ONT-01934,
02:00:00:00:07:8F,SN-ONU-01935,
02:00:00:00:07:90,SN-ROUTER-01936,
02:00:00:00:07:91,SN-AP-01937,
02:00:00:00:07:92,SN-MODEM-01938,
02:00:00:00:07:93,SN-ROUTER-01939,
02:00:00:00:07:94,SN-ONU-01940,
02:00:00:00:07:95,SN-ONT-01941,
02:00:00:00:07:96,SN-ONU-01942,
02:00:00:00:07:97,SN-ROUTER-01943,
02:00:00:00:07:98,SN-AP-01944,
02:00:00:00:07:99,SN-MODEM-01945,
02:00:00:00:07:9A,SN-ROUTER-01946,
02:00:00:00:07:9B,SN-ONU-01947,
02:00:00:00:07:9C,SN-ONT-01948,
02:00:00:00:07:9D,SN-ONU-01949,
02:00:00:00:07:9E,SN-ROUTER-01950,
02:00:00:00:07:9F,SN-AP-01951,
02:00:00:00:07:A0,SN-MODEM-01952,
02:00:00:00:07:A1,SN-ROUTER-01953,
02:00:00:00:07:A2,SN-ONU-01954,
02:00:00:00:07:A3,SN-ONT-01955,
02:00:00:00:07:A4,SN-ONU-01956,
02:00:00:00:07:A5,SN-ROUTER-01957,
02:00:00:00:07:A6,SN-AP-01958,
02:00:00:00:07:A7,SN-MODEM-01959,
02:00:00:00:07:A8,SN-ROUTER-01960,
02:00:00:00:07:A9,SN-ONU-01961,
02:00:00:00:07:AA,SN-ONT-01962,
02:00:00:00:07:AB,SN-ONU-01963,
02:00:00:00:07:AC,SN-ROUTER-01964,
02:00:00:00:07:AD,SN-AP-01965,
02:00:00:00:07:AE,SN-MODEM-01966,
02:00:00:00:07:AF,SN-ROUTER-01967,
02:00:00:00:07:B0,SN-ONU-01968,
02:00:00:00:07:B1,SN-ONT-01969,
02:00:00:00:07:B2,SN-ONU-01970,
02:00:00:00:07:B3,SN-ROUTER-01971,
02:00:00:00:07:B4,SN-AP-01972,
02:00:00:00:07:B5,SN-MODEM-01973,
02:00:00:00:07:B6,SN-ROUTER-01974,
02:00:00:00:07:B7,SN-ONU-01975,
02:00:00:00:07:B8,SN-ONT-01976,
02:00:00:00:07:B9,SN-ONU-01977,
02:00:00:00:07:BA,SN-ROUTER-01978,
02:00:00:00:07:BB,SN-AP-01979,
02:00:00:00:07:BC,SN-MODEM-01980,
02:00:00:00:07:BD,SN-ROUTER-01981,
02:00:00:00:07:BE,SN-ONU-01982,
02:00:00:00:07:BF,SN-ONT-01983,
02:00:00:00:07:C0,SN-ONU-01984,
02:00:00:00:07:C1,SN-ROUTER-01985,
02:00:00:00:07:C2,SN-AP-01986,
02:00:00:00:07:C3,SN-MODEM-01987,
02:00:00:00:07:C4,SN-ROUTER-01988,
02:00:00:00:07:C5,SN-ONU-01989,
02:00:00:00:07:C6,SN-ONT-01990,
02:00:00:00:07:C7,SN-ONU-01991,
02:00:00:00:07:C8,SN-ROUTER-01992,
02:00:00:00:07:C9,SN-AP-01993,
02:00:00:00:07:CA,SN-MODEM-01994,
02:00:00:00:07:CB,SN-ROUTER-01995,
02:00:00:00:07:CC,SN-ONU-01996,
02:00:00:00:07:CD,SN-ONT-01997,
02:00:00:00:07:CE,SN-ONU-01998,
02:00:00:00:07:CF,SN-ROUTER-01999,
02:00:00:00:07:D0,SN-AP-02000,
02:00:00:00:07:D1,SN-MODEM-02001,
02:00:00:00:07:D2,SN-ROUTER-02002,
02:00:00:00:07:D3,SN-ONU-02003,
02:00:00:00:07:D4,SN-ONT-02004,
02:00:00:00:07:D5,SN-ONU-02005,
02:00:00:00:07:D6,SN-ROUTER-02006,
02:00:00:00:07:D7,SN-AP-02007,
02:00:00:00:07:D8,SN-MODEM-02008,
02:00:00:00:07:D9,SN-ROUTER-02009,
02:00:00:00:07:DA,SN-ONU-02010,
02:00:00:00:07:DB,SN-ONT-02011,
02:00:00:00:07:DC,SN-ONU-02012,
02:00:00:00:07:DD,SN-ROUTER-02013,
02:00:00:00:07:DE,SN-AP-02014,
02:00:00:00:07:DF,SN-MODEM-02015,
02:00:00:00:07:E0,SN-ROUTER-02016,
02:00:00:00:07:E1,SN-ONU-02017,
02:00:00:00:07:E2,SN-ONT-02018,
02:00:00:00:07:E3,SN-ONU-02019,
02:00:00:00:07:E4,SN-ROUTER-02020,
02:00:00:00:07:E5,SN-AP-02021,
02:00:00:00:07:E6,SN-MODEM-02022,
02:00:00:00:07:E7,SN-ROUTER-02023,
02:00:00:00:07:E8,SN-ONU-02024,
02:00:00:00:07:E9,SN-ONT-02025,
02:00:00:00:07:EA,SN-ONU-02026,
02:00:00:00:07:EB,SN-ROUTER-02027,
02:00:00:00:07:EC,SN-AP-02028,
02:00:00:00:07:ED,SN-MODEM-02029,
02:00:00:00:07:EE,SN-ROUTER-02030,
02:00:00:00:07:EF,SN-ONU-02031,
02:00:00:00:07:F0,SN-ONT-02032,
02:00:00:00:07:F1,SN-ONU-02033,
02:00:00:00:07:F2,SN-ROUTER-02034,
02:00:00:00:07:F3,SN-AP-02035,
02:00:00:00:07:F4,SN-MODEM-02036,
02:00:00:00:07:F5,SN-ROUTER-02037,
02:00:00:00:07:F6,SN-ONU-02038,
02:00:00:00:07:F7,SN-ONT-02039,
02:00:00:00:07:F8,SN-ONU-02040,
02:00:00:00:07:F9,SN-ROUTER-02041,
02:00:00:00:07:FA,SN-AP-02042,
02:00:00:00:07:FB,SN-MODEM-02043,
02:00:00:00:07:FC,SN-ROUTER-02044,
02:00:00:00:07:FD,SN-ONU-02045,
02:00:00:00:07:FE,SN-ONT-02046,
02:00:00:00:07:FF,SN-ONU-02047,
02:00:00:00:08:00,SN-ROUTER-02048,
02:00:00:00:08:01,SN-AP-02049,
02:00:00:00:08:02,SN-MODEM-02050,
02:00:00:00:08:03,SN-ROUTER-02051,
02:00:00:00:08:04,SN-ONU-02052,
02:00:00:00:08:05,SN-ONT-02053,
02:00:00:00:08:06,SN-ONU-02054,
02:00:00:00:08:07,SN-ROUTER-02055,
02:00:00:00:08:08,SN-AP-02056,
02:00:00:00:08:09,SN-MODEM-02057,
02:00:00:00:08:0A,SN-ROUTER-02058,
02:00:00:00:08:0B,SN-ONU-02059,
02:00:00:00:08:0C,SN-ONT-02060,
02:00:00:00:08:0D,SN-ONU-02061,
02:00:00:00:08:0E,SN-ROUTER-02062,
02:00:00:00:08:0F,SN-AP-02063,
02:00:00:00:08:10,SN-MODEM-02064,
02:00:00:00:08:11,SN-ROUTER-02065,
02:00:00:00:08:12,SN-ONU-02066,
02:00:00:00:08:13,SN-ONT-02067,
02:00:00:00:08:14,SN-ONU-02068,
02:00:00:00:08:15,SN-ROUTER-02069,
02:00:00:00:08:16,SN-AP-02070,
02:00:00:00:08:17,SN-MODEM-02071,
02:00:00:00:08:18,SN-ROUTER-02072,
02:00:00:00:08:19,SN-ONU-02073,
02:00:00:00:08:1A,SN-ONT-02074,
02:00:00:00:08:1B,SN-ONU-02075,
02:00:00:00:08:1C,SN-ROUTER-02076,
02:00:00:00:08:1D,SN-AP-02077,
02:00:00:00:08:1E,SN-MODEM-02078,
02:00:00:00:08:1F,SN-ROUTER-02079,
02:00:00:00:08:20,SN-ONU-02080,
02:00:00:00:08:21,SN-ONT-02081,
02:00:00:00:08:22,SN-ONU-02082,
02:00:00:00:08:23,SN-ROUTER-02083,
02:00:00:00:08:24,SN-AP-02084,
02:00:00:00:08:25,SN-MODEM-02085,
02:00:00:00:08:26,SN-ROUTER-02086,
02:00:00:00:08:27,SN-ONU-02087,
02:00:00:00:08:28,SN-ONT-02088,
02:00:00:00:08:29,SN-ONU-02089,
02:00:00:00:08:2A,SN-ROUTER-02090,
02:00:00:00:08:2B,SN-AP-02091,
02:00:00:00:08:2C,SN-MODEM-02092,
02:00:00:00:08:2D,SN-ROUTER-02093,
02:00:00:00:08:2E,SN-ONU-02094,
02:00:00:00:08:2F,SN-ONT-02095,
02:00:00:00:08:30,SN-ONU-02096,
02:00:00:00:08:31,SN-ROUTER-02097,
02:00:00:00:08:32,SN-AP-02098,
02:00:00:00:08:33,SN-MODEM-02099,
02:00:00:00:08:34,SN-ROUTER-02100,
02:00:00:00:08:35,SN-ONU-02101,
02:00:00:00:08:36,SN-ONT-02102,
02:00:00:00:08:37,SN-ONU-02103,
02:00:00:00:08:38,SN-ROUTER-02104,
02:00:00:00:08:39,SN-AP-02105,
02:00:00:00:08:3A,SN-MODEM-02106,
02:00:00:00:08:3B,SN-ROUTER-02107,
02:00:00:00:08:3C,SN-ONU-02108,
02:00:00:00:08:3D,SN-ONT-02109,
02:00:00:00:08:3E,SN-ONU-02110,
02:00:00:00:08:3F,SN-ROUTER-02111,
02:00:00:00:08:40,SN-AP-02112,
02:00:00:00:08:41,SN-MODEM-02113,
02:00:00:00:08:42,SN-ROUTER-02114,
02:00:00:00:08:43,SN-ONU-02115,
02:00:00:00:08:44,SN-ONT-02116,
02:00:00:00:08:45,SN-ONU-02117,
02:00:00:00:08:46,SN-ROUTER-02118,
02:00:00:00:08:47,SN-AP-02119,
02:00:00:00:08:48,SN-MODEM-02120,
02:00:00:00:08:49,SN-ROUTER-02121,
02:00:00:00:08:4A,SN-ONU-02122,
02:00:00:00:08:4B,SN-ONT-02123,
02:00:00:00:08:4C,SN-ONU-02124,
02:00:00:00:08:4D,SN-ROUTER-02125,
02:00:00:00:08:4E,SN-AP-02126,
02:00:00:00:08:4F,SN-MODEM-02127,
02:00:00:00:08:50,SN-ROUTER-02128,
02:00:00:00:08:51,SN-ONU-02129,
02:00:00:00:08:52,SN-ONT-02130,
02:00:00:00:08:53,SN-ONU-02131,
02:00:00:00:08:54,SN-ROUTER-02132,
02:00:00:00:08:55,SN-AP-02133,
02:00:00:00:08:56,SN-MODEM-02134,
02:00:00:00:08:57,SN-ROUTER-02135,
02:00:00:00:08:58,SN-ONU-02136,
02:00:00:00:08:59,SN-ONT-02137,
02:00:00:00:08:5A,SN-ONU-02138,
02:00:00:00:08:5B,SN-ROUTER-02139,
02:00:00:00:08:5C,SN-AP-02140,
02:00:00:00:08:5D,SN-MODEM-02141,
02:00:00:00:08:5E,SN-ROUTER-02142,
02:00:00:00:08:5F,SN-ONU-02143,
02:00:00:00:08:60,SN-ONT-02144,
02:00:00:00:08:61,SN-ONU-02145,
02:00:00:00:08:62,SN-ROUTER-02146,
02:00:00:00:08:63,SN-AP-02147,
02:00:00:00:08:64,SN-MODEM-02148,
02:00:00:00:08:65,SN-ROUTER-02149,
02:00:00:00:08:66,SN-ONU-02150,
02:00:00:00:08:67,SN-ONT-02151,
02:00:00:00:08:68,SN-ONU-02152,
02:00:00:00:08:69,SN-ROUTER-02153,
02:00:00:00:08:6A,SN-AP-02154,
02:00:00:00:08:6B,SN-MODEM-02155,
02:00:00:00:08:6C,SN-ROUTER-02156,
02:00:00:00:08:6D,SN-ONU-02157,
02:00:00:00:08:6E,SN-ONT-02158,
02:00:00:00:08:6F,SN-ONU-02159,
02:00:00:00:08:70,SN-ROUTER-02160,
02:00:00:00:08:71,SN-AP-02161,
02:00:00:00:08:72,SN-MODEM-02162,
02:00:00:00:08:73,SN-ROUTER-02163,
02:00:00:00:08:74,SN-ONU-02164,
02:00:00:00:08:75,SN-ONT-02165,
02:00:00:00:08:76,SN-ONU-02166,
02:00:00:00:08:77,SN-ROUTER-02167,
02:00:00:00:08:78,SN-AP-02168,
02:00:00:00:08:79,SN-MODEM-02169,
02:00:00:00:08:7A,SN-ROUTER-02170,
02:00:00:00:08:7B,SN-ONU-02171,
02:00:00:00:08:7C,SN-ONT-02172,
02:00:00:00:08:7D,SN-ONU-02173,
02:00:00:00:08:7E,SN-ROUTER-02174,
02:00:00:00:08:7F,SN-AP-02175,
02:00:00:00:08:80,SN-MODEM-02176,
02:00:00:00:08:81,SN-ROUTER-02177,
02:00:00:00:08:82,SN-ONU-02178,
02:00:00:00:08:83,SN-ONT-02179,
02:00:00:00:08:84,SN-ONU-02180,
02:00:00:00:08:85,SN-ROUTER-02181,
02:00:00:00:08:86,SN-AP-02182,
02:00:00:00:08:87,SN-MODEM-02183,
02:00:00:00:08:88,SN-ROUTER-02184,
02:00:00:00:08:89,SN-ONU-02185,
02:00:00:00:08:8A,SN-ONT-02186,
02:00:00:00:08:8B,SN-ONU-02187,
02:00:00:00:08:8C,SN-ROUTER-02188,
02:00:00:00:08:8D,SN-AP-02189,
02:00:00:00:08:8E,SN-MODEM-02190,
02:00:00:00:08:8F,SN-ROUTER-02191,
02:00:00:00:08:90,SN-ONU-02192,
02:00:00:00:08:91,SN-ONT-02193,
02:00:00:00:08:92,SN-ONU-02194,
02:00:00:00:08:93,SN-ROUTER-02195,
02:00:00:00:08:94,SN-AP-02196,
02:00:00:00:08:95,SN-MODEM-02197,
02:00:00:00:08:96,SN-ROUTER-02198,
02:00:00:00:08:97,SN-ONU-02199,
02:00:00:00:08:98,SN-ONT-02200,
02:00:00:00:08:99,SN-ONU-02201,
02:00:00:00:08:9A,SN-ROUTER-02202,
02:00:00:00:08:9B,SN-AP-02203,
02:00:00:00:08:9C,SN-MODEM-02204,
02:00:00:00:08:9D,SN-ROUTER-02205,
02:00:00:00:08:9E,SN-ONU-02206,
02:00:00:00:08:9F,SN-ONT-02207,
02:00:00:00:08:A0,SN-ONU-02208,
02:00:00:00:08:A1,SN-ROUTER-02209,
02:00:00:00:08:A2,SN-AP-02210,
02:00:00:00:08:A3,SN-MODEM-02211,
02:00:00:00:08:A4,SN-ROUTER-02212,
02:00:00:00:08:A5,SN-ONU-02213,
02:00:00:00:08:A6,SN-ONT-02214,
02:00:00:00:08:A7,SN-ONU-02215,
02:00:00:00:08:A8,SN-ROUTER-02216,
02:00:00:00:08:A9,SN-AP-02217,
02:00:00:00:08:AA,SN-MODEM-02218,
02:00:00:00:08:AB,SN-ROUTER-02219,
02:00:00:00:08:AC,SN-ONU-02220,
02:00:00:00:08:AD,SN-ONT-02221,
02:00:00:00:08:AE,SN-ONU-02222,
02:00:00:00:08:AF,SN-ROUTER-02223,
02:00:00:00:08:B0,SN-AP-02224,
02:00:00:00:08:B1,SN-MODEM-02225,
02:00:00:00:08:B2,SN-ROUTER-02226,
02:00:00:00:08:B3,SN-ONU-02227,
02:00:00:00:08:B4,SN-ONT-02228,
02:00:00:00:08:B5,SN-ONU-02229,
02:00:00:00:08:B6,SN-ROUTER-02230,
02:00:00:00:08:B7,SN-AP-02231,
02:00:00:00:08:B8,SN-MODEM-02232,
02:00:00:00:08:B9,SN-ROUTER-02233,
02:00:00:00:08:BA,SN-ONU-02234,
02:00:00:00:08:BB,SN-ONT-02235,
02:00:00:00:08:BC,SN-ONU-02236,
02:00:00:00:08:BD,SN-ROUTER-02237,
02:00:00:00:08:BE,SN-AP-02238,
02:00:00:00:08:BF,SN-MODEM-02239,
02:00:00:00:08:C0,SN-ROUTER-02240,
02:00:00:00:08:C1,SN-ONU-02241,
02:00:00:00:08:C2,SN-ONT-02242,
02:00:00:00:08:C3,SN-ONU-02243,
02:00:00:00:08:C4,SN-ROUTER-02244,
02:00:00:00:08:C5,SN-AP-02245,
02:00:00:00:08:C6,SN-MODEM-02246,
02:00:00:00:08:C7,SN-ROUTER-02247,
02:00:00:00:08:C8,SN-ONU-02248,
02:00:00:00:08:C9,SN-ONT-02249,
02:00:00:00:08:CA,SN-ONU-02250,
02:00:00:00:08:CB,SN-ROUTER-02251,
02:00:00:00:08:CC,SN-AP-02252,
02:00:00:00:08:CD,SN-MODEM-02253,
02:00:00:00:08:CE,SN-ROUTER-02254,
02:00:00:00:08:CF,SN-ONU-02255,
02:00:00:00:08:D0,SN-ONT-02256,
02:00:00:00:08:D1,SN-ONU-02257,
02:00:00:00:08:D2,SN-ROUTER-02258,
02:00:00:00:08:D3,SN-AP-02259,
02:00:00:00:08:D4,SN-MODEM-02260,
02:00:00:00:08:D5,SN-ROUTER-02261,
02:00:00:00:08:D6,SN-ONU-02262,
02:00:00:00:08:D7,SN-ONT-02263,
02:00:00:00:08:D8,SN-ONU-02264,
02:00:00:00:08:D9,SN-ROUTER-02265,
02:00:00:00:08:DA,SN-AP-02266,
02:00:00:00:08:DB,SN-MODEM-02267,
02:00:00:00:08:DC,SN-ROUTER-02268,
02:00:00:00:08:DD,SN-ONU-02269,
02:00:00:00:08:DE,SN-ONT-02270,
02:00:00:00:08:DF,SN-ONU-02271,
02:00:00:00:08:E0,SN-ROUTER-02272,
02:00:00:00:08:E1,SN-AP-02273,
02:00:00:00:08:E2,SN-MODEM-02274,
02:00:00:00:08:E3,SN-ROUTER-02275,
02:00:00:00:08:E4,SN-ONU-02276,
02:00:00:00:08:E5,SN-ONT-02277,
02:00:00:00:08:E6,SN-ONU-02278,
02:00:00:00:08:E7,SN-ROUTER-02279,
02:00:00:00:08:E8,SN-AP-02280,
02:00:00:00:08:E9,SN-MODEM-02281,
02:00:00:00:08:EA,SN-ROUTER-02282,
02:00:00:00:08:EB,SN-ONU-02283,
02:00:00:00:08:EC,SN-ONT-02284,
02:00:00:00:08:ED,SN-ONU-02285,
02:00:00:00:08:EE,SN-ROUTER-02286,
02:00:00:00:08:EF,SN-AP-02287,
02:00:00:00:08:F0,SN-MODEM-02288,
02:00:00:00:08:F1,SN-ROUTER-02289,
02:00:00:00:08:F2,SN-ONU-02290,
02:00:00:00:08:F3,SN-ONT-02291,
02:00:00:00:08:F4,SN-ONU-02292,
02:00:00:00:08:F5,SN-ROUTER-02293,
02:00:00:00:08:F6,SN-AP-02294,
02:00:00:00:08:F7,SN-MODEM-02295,
02:00:00:00:08:F8,SN-ROUTER-02296,
02:00:00:00:08:F9,SN-ONU-02297,
02:00:00:00:08:FA,SN-ONT-02298,
02:00:00:00:08:FB,SN-ONU-02299,
02:00:00:00:08:FC,SN-ROUTER-02300,
02:00:00:00:08:FD,SN-AP-02301,
02:00:00:00:08:FE,SN-MODEM-02302,
02:00:00:00:08:FF,SN-ROUTER-02303,
02:00:00:00:09:00,SN-ONU-02304,
02:00:00:00:09:01,SN-ONT-02305,
02:00:00:00:09:02,SN-ONU-02306,
02:00:00:00:09:03,SN-ROUTER-02307,
02:00:00:00:09:04,SN-AP-02308,
02:00:00:00:09:05,SN-MODEM-02309,
02:00:00:00:09:06,SN-ROUTER-02310,
02:00:00:00:09:07,SN-ONU-02311,
02:00:00:00:09:08,SN-ONT-02312,
02:00:00:00:09:09,SN-ONU-02313,
02:00:00:00:09:0A,SN-ROUTER-02314,
02:00:00:00:09:0B,SN-AP-02315,
02:00:00:00:09:0C,SN-MODEM-02316,
02:00:00:00:09:0D,SN-ROUTER-02317,
02:00:00:00:09:0E,SN-ONU-02318,
02:00:00:00:09:0F,SN-ONT-02319,
02:00:00:00:09:10,SN-ONU-02320,
02:00:00:00:09:11,SN-ROUTER-02321,
02:00:00:00:09:12,SN-AP-02322,
02:00:00:00:09:13,SN-MODEM-02323,
02:00:00:00:09:14,SN-ROUTER-02324,
02:00:00:00:09:15,SN-ONU-02325,
02:00:00:00:09:16,SN-ONT-02326,
02:00:00:00:09:17,SN-ONU-02327,
02:00:00:00:09:18,SN-ROUTER-02328,
02:00:00:00:09:19,SN-AP-02329,
02:00:00:00:09:1A,SN-MODEM-02330,
02:00:00:00:09:1B,SN-ROUTER-02331,
02:00:00:00:09:1C,SN-ONU-02332,
02:00:00:00:09:1D,SN-ONT-02333,
02:00:00:00:09:1E,SN-ONU-02334,
02:00:00:00:09:1F,SN-ROUTER-02335,
02:00:00:00:09:20,SN-AP-02336,
02:00:00:00:09:21,SN-MODEM-02337,
02:00:00:00:09:22,SN-ROUTER-02338,
02:00:00:00:09:23,SN-ONU-02339,
02:00:00:00:09:24,SN-ONT-02340,
02:00:00:00:09:25,SN-ONU-02341,
02:00:00:00:09:26,SN-ROUTER-02342,
02:00:00:00:09:27,SN-AP-02343,
02:00:00:00:09:28,SN-MODEM-02344,
02:00:00:00:09:29,SN-ROUTER-02345,
02:00:00:00:09:2A,SN-ONU-02346,
02:00:00:00:09:2B,SN-ONT-02347,
02:00:00:00:09:2C,SN-ONU-02348,
02:00:00:00:09:2D,SN-ROUTER-02349,
02:00:00:00:09:2E,SN-AP-02350,
02:00:00:00:09:2F,SN-MODEM-02351,
02:00:00:00:09:30,SN-ROUTER-02352,
02:00:00:00:09:31,SN-ONU-02353,
02:00:00:00:09:32,SN-ONT-02354,
02:00:00:00:09:33,SN-ONU-02355,
02:00:00:00:09:34,SN-ROUTER-02356,
02:00:00:00:09:35,SN-AP-02357,
02:00:00:00:09:36,SN-MODEM-02358,
02:00:00:00:09:37,SN-ROUTER-02359,
02:00:00:00:09:38,SN-ONU-02360,
02:00:00:00:09:39,SN-ONT-02361,
02:00:00:00:09:3A,SN-ONU-02362,
02:00:00:00:09:3B,SN-ROUTER-02363,
02:00:00:00:09:3C,SN-AP-02364,
02:00:00:00:09:3D,SN-MODEM-02365,
02:00:00:00:09:3E,SN-ROUTER-02366,
02:00:00:00:09:3F,SN-ONU-02367,
02:00:00:00:09:40,SN-ONT-02368,
02:00:00:00:09:41,SN-ONU-02369,
02:00:00:00:09:42,SN-ROUTER-02370,
02:00:00:00:09:43,SN-AP-02371,
02:00:00:00:09:44,SN-MODEM-02372,
02:00:00:00:09:45,SN-ROUTER-02373,
02:00:00:00:09:46,SN-ONU-02374,
02:00:00:00:09:47,SN-ONT-02375,
02:00:00:00:09:48,SN-ONU-02376,
02:00:00:00:09:49,SN-ROUTER-02377,
02:00:00:00:09:4A,SN-AP-02378,
02:00:00:00:09:4B,SN-MODEM-02379,
02:00:00:00:09:4C,SN-ROUTER-02380,
02:00:00:00:09:4D,SN-ONU-02381,
02:00:00:00:09:4E,SN-ONT-02382,
02:00:00:00:09:4F,SN-ONU-02383,
02:00:00:00:09:50,SN-ROUTER-02384,
02:00:00:00:09:51,SN-AP-02385,
02:00:00:00:09:52,SN-MODEM-02386,
02:00:00:00:09:53,SN-ROUTER-02387,
02:00:00:00:09:54,SN-ONU-02388,
02:00:00:00:09:55,SN-ONT-02389,
02:00:00:00:09:56,SN-ONU-02390,
02:00:00:00:09:57,SN-ROUTER-02391,
02:00:00:00:09:58,SN-AP-02392,
02:00:00:00:09:59,SN-MODEM-02393,
02:00:00:00:09:5A,SN-ROUTER-02394,
02:00:00:00:09:5B,SN-ONU-02395,
02:00:00:00:09:5C,SN-ONT-02396,
02:00:00:00:09:5D,SN-ONU-02397,
02:00:00:00:09:5E,SN-ROUTER-02398,
02:00:00:00:09:5F,SN-AP-02399,
02:00:00:00:09:60,SN-MODEM-02400,
02:00:00:00:09:61,SN-ROUTER-02401,
02:00:00:00:09:62,SN-ONU-02402,
02:00:00:00:09:63,SN-ONT-02403,
02:00:00:00:09:64,SN-ONU-02404,
02:00:00:00:09:65,SN-ROUTER-02405,
02:00:00:00:09:66,SN-AP-02406,
02:00:00:00:09:67,SN-MODEM-02407,
02:00:00:00:09:68,SN-ROUTER-02408,
02:00:00:00:09:69,SN-ONU-02409,
02:00:00:00:09:6A,SN-ONT-02410,
02:00:00:00:09:6B,SN-ONU-02411,
02:00:00:00:09:6C,SN-ROUTER-02412,
02:00:00:00:09:6D,SN-AP-02413,
02:00:00:00:09:6E,SN-MODEM-02414,
02:00:00:00:09:6F,SN-ROUTER-02415,
02:00:00:00:09:70,SN-ONU-02416,
02:00:00:00:09:71,SN-ONT-02417,
02:00:00:00:09:72,SN-ONU-02418,
02:00:00:00:09:73,SN-ROUTER-02419,
02:00:00:00:09:74,SN-AP-02420,
02:00:00:00:09:75,SN-MODEM-02421,
02:00:00:00:09:76,SN-ROUTER-02422,
02:00:00:00:09:77,SN-ONU-02423,
02:00:00:00:09:78,SN-ONT-02424,
02:00:00:00:09:79,SN-ONU-02425,
02:00:00:00:09:7A,SN-ROUTER-02426,
02:00:00:00:09:7B,SN-AP-02427,
02:00:00:00:09:7C,SN-MODEM-02428,
02:00:00:00:09:7D,SN-ROUTER-02429,
02:00:00:00:09:7E,SN-ONU-02430,
02:00:00:00:09:7F,SN-ONT-02431,
02:00:00:00:09:80,SN-ONU-02432,
02:00:00:00:09:81,SN-ROUTER-02433,
02:00:00:00:09:82,SN-AP-02434,
02:00:00:00:09:83,SN-MODEM-02435,
02:00:00:00:09:84,SN-ROUTER-02436,
02:00:00:00:09:85,SN-ONU-02437,
02:00:00:00:09:86,SN-ONT-02438,
02:00:00:00:09:87,SN-ONU-02439,
02:00:00:00:09:88,SN-ROUTER-02440,
02:00:00:00:09:89,SN-AP-02441,
02:00:00:00:09:8A,SN-MODEM-02442,
02:00:00:00:09:8B,SN-ROUTER-02443,
02:00:00:00:09:8C,SN-ONU-02444,
02:00:00:00:09:8D,SN-ONT-02445,
02:00:00:00:09:8E,SN-ONU-02446,
02:00:00:00:09:8F,SN-ROUTER-02447,
02:00:00:00:09:90,SN-AP-02448,
02:00:00:00:09:91,SN-MODEM-02449,
02:00:00:00:09:92,SN-ROUTER-02450,
02:00:00:00:09:93,SN-ONU-02451,
02:00:00:00:09:94,SN-ONT-02452,
02:00:00:00:09:95,SN-ONU-02453,
02:00:00:00:09:96,SN-ROUTER-02454,
02:00:00:00:09:97,SN-AP-02455,
02:00:00:00:09:98,SN-MODEM-02456,
02:00:00:00:09:99,SN-ROUTER-02457,
02:00:00:00:09:9A,SN-ONU-02458,
02:00:00:00:09:9B,SN-ONT-02459,
02:00:00:00:09:9C,SN-ONU-02460,
02:00:00:00:09:9D,SN-ROUTER-02461,
02:00:00:00:09:9E,SN-AP-02462,
02:00:00:00:09:9F,SN-MODEM-02463,
02:00:00:00:09:A0,SN-ROUTER-02464,
02:00:00:00:09:A1,SN-ONU-02465,
02:00:00:00:09:A2,SN-ONT-02466,
02:00:00:00:09:A3,SN-ONU-02467,
02:00:00:00:09:A4,SN-ROUTER-02468,
02:00:00:00:09:A5,SN-AP-02469,
02:00:00:00:09:A6,SN-MODEM-02470,
02:00:00:00:09:A7,SN-ROUTER-02471,
02:00:00:00:09:A8,SN-ONU-02472,
02:00:00:00:09:A9,SN-ONT-02473,
02:00:00:00:09:AA,SN-ONU-02474,
02:00:00:00:09:AB,SN-ROUTER-02475,
02:00:00:00:09:AC,SN-AP-02476,
02:00:00:00:09:AD,SN-MODEM-02477,
02:00:00:00:09:AE,SN-ROUTER-02478,
02:00:00:00:09:AF,SN-ONU-02479,
02:00:00:00:09:B0,SN-ONT-02480,
02:00:00:00:09:B1,SN-ONU-02481,
02:00:00:00:09:B2,SN-ROUTER-02482,
02:00:00:00:09:B3,SN-AP-02483,
02:00:00:00:09:B4,SN-MODEM-02484,
02:00:00:00:09:B5,SN-ROUTER-02485,
02:00:00:00:09:B6,SN-ONU-02486,
02:00:00:00:09:B7,SN-ONT-02487,
02:00:00:00:09:B8,SN-ONU-02488,
02:00:00:00:09:B9,SN-ROUTER-02489,
02:00:00:00:09:BA,SN-AP-02490,
02:00:00:00:09:BB,SN-MODEM-02491,
02:00:00:00:09:BC,SN-ROUTER-02492,
02:00:00:00:09:BD,SN-ONU-02493,
02:00:00:00:09:BE,SN-ONT-02494,
02:00:00:00:09:BF,SN-ONU-02495,
02:00:00:00:09:C0,SN-ROUTER-02496,
02:00:00:00:09:C1,SN-AP-02497,
02:00:00:00:09:C2,SN-MODEM-02498,
02:00:00:00:09:C3,SN-ROUTER-02499,
02:00:00:00:09:C4,SN-ONU-02500,
02:00:00:00:09:C5,SN-ONT-02501,
02:00:00:00:09:C6,SN-ONU-02502,
02:00:00:00:09:C7,SN-ROUTER-02503,
02:00:00:00:09:C8,SN-AP-02504,
02:00:00:00:09:C9,SN-MODEM-02505,
02:00:00:00:09:CA,SN-ROUTER-02506,
02:00:00:00:09:CB,SN-ONU-02507,
02:00:00:00:09:CC,SN-ONT-02508,
02:00:00:00:09:CD,SN-ONU-02509,
02:00:00:00:09:CE,SN-ROUTER-02510,
02:00:00:00:09:CF,SN-AP-02511,
02:00:00:00:09:D0,SN-MODEM-02512,
02:00:00:00:09:D1,SN-ROUTER-02513,
02:00:00:00:09:D2,SN-ONU-02514,
02:00:00:00:09:D3,SN-ONT-02515,
02:00:00:00:09:D4,SN-ONU-02516,
02:00:00:00:09:D5,SN-ROUTER-02517,
02:00:00:00:09:D6,SN-AP-02518,
02:00:00:00:09:D7,SN-MODEM-02519,
02:00:00:00:09:D8,SN-ROUTER-02520,
02:00:00:00:09:D9,SN-ONU-02521,
02:00:00:00:09:DA,SN-ONT-02522,
02:00:00:00:09:DB,SN-ONU-02523,
02:00:00:00:09:DC,SN-ROUTER-02524,
02:00:00:00:09:DD,SN-AP-02525,
02:00:00:00:09:DE,SN-MODEM-02526,
02:00:00:00:09:DF,SN-ROUTER-02527,
02:00:00:00:09:E0,SN-ONU-02528,
02:00:00:00:09:E1,SN-ONT-02529,
02:00:00:00:09:E2,SN-ONU-02530,
02:00:00:00:09:E3,SN-ROUTER-02531,
02:00:00:00:09:E4,SN-AP-02532,
02:00:00:00:09:E5,SN-MODEM-02533,
02:00:00:00:09:E6,SN-ROUTER-02534,
02:00:00:00:09:E7,SN-ONU-02535,
02:00:00:00:09:E8,SN-ONT-02536,
02:00:00:00:09:E9,SN-ONU-02537,
02:00:00:00:09:EA,SN-ROUTER-02538,
02:00:00:00:09:EB,SN-AP-02539,
02:00:00:00:09:EC,SN-MODEM-02540,
02:00:00:00:09:ED,SN-ROUTER-02541,
02:00:00:00:09:EE,SN-ONU-02542,
02:00:00:00:09:EF,SN-ONT-02543,
02:00:00:00:09:F0,SN-ONU-02544,
02:00:00:00:09:F1,SN-ROUTER-02545,
02:00:00:00:09:F2,SN-AP-02546,
02:00:00:00:09:F3,SN-MODEM-02547,
02:00:00:00:09:F4,SN-ROUTER-02548,
02:00:00:00:09:F5,SN-ONU-02549,
02:00:00:00:09:F6,SN-ONT-02550,
02:00:00:00:09:F7,SN-ONU-02551,
02:00:00:00:09:F8,SN-ROUTER-02552,
02:00:00:00:09:F9,SN-AP-02553,
02:00:00:00:09:FA,SN-MODEM-02554,
02:00:00:00:09:FB,SN-ROUTER-02555,
02:00:00:00:09:FC,SN-ONU-02556,
02:00:00:00:09:FD,SN-ONT-02557,
02:00:00:00:09:FE,SN-ONU-02558,
02:00:00:00:09:FF,SN-ROUTER-02559,
02:00:00:00:0A:00,SN-AP-02560,
02:00:00:00:0A:01,SN-MODEM-02561,
02:00:00:00:0A:02,SN-ROUTER-02562,
02:00:00:00:0A:03,SN-ONU-02563,
02:00:00:00:0A:04,SN-ONT-02564,
02:00:00:00:0A:05,SN-ONU-02565,
02:00:00:00:0A:06,SN-ROUTER-02566,
02:00:00:00:0A:07,SN-AP-02567,
02:00:00:00:0A:08,SN-MODEM-02568,
02:00:00:00:0A:09,SN-ROUTER-02569,
02:00:00:00:0A:0A,SN-ONU-02570,
02:00:00:00:0A:0B,SN-ONT-02571,
02:00:00:00:0A:0C,SN-ONU-02572,
02:00:00:00:0A:0D,SN-ROUTER-02573,
02:00:00:00:0A:0E,SN-AP-02574,
02:00:00:00:0A:0F,SN-MODEM-02575,
02:00:00:00:0A:10,SN-ROUTER-02576,
02:00:00:00:0A:11,SN-ONU-02577,
02:00:00:00:0A:12,SN-ONT-02578,
02:00:00:00:0A:13,SN-ONU-02579,
02:00:00:00:0A:14,SN-ROUTER-02580,
02:00:00:00:0A:15,SN-AP-02581,
02:00:00:00:0A:16,SN-MODEM-02582,
02:00:00:00:0A:17,SN-ROUTER-02583,
02:00:00:00:0A:18,SN-ONU-02584,
02:00:00:00:0A:19,SN-ONT-02585,
02:00:00:00:0A:1A,SN-ONU-02586,
02:00:00:00:0A:1B,SN-ROUTER-02587,
02:00:00:00:0A:1C,SN-AP-02588,
02:00:00:00:0A:1D,SN-MODEM-02589,
02:00:00:00:0A:1E,SN-ROUTER-02590,
02:00:00:00:0A:1F,SN-ONU-02591,
02:00:00:00:0A:20,SN-ONT-02592,
02:00:00:00:0A:21,SN-ONU-02593,
02:00:00:00:0A:22,SN-ROUTER-02594,
02:00:00:00:0A:23,SN-AP-02595,
02:00:00:00:0A:24,SN-MODEM-02596,
02:00:00:00:0A:25,SN-ROUTER-02597,
02:00:00:00:0A:26,SN-ONU-02598,
02:00:00:00:0A:27,SN-ONT-02599,
02:00:00:00:0A:28,SN-ONU-02600,
02:00:00:00:0A:29,SN-ROUTER-02601,
02:00:00:00:0A:2A,SN-AP-02602,
02:00:00:00:0A:2B,SN-MODEM-02603,
02:00:00:00:0A:2C,SN-ROUTER-02604,
02:00:00:00:0A:2D,SN-ONU-02605,
02:00:00:00:0A:2E,SN-ONT-02606,
02:00:00:00:0A:2F,SN-ONU-02607,
02:00:00:00:0A:30,SN-ROUTER-02608,
02:00:00:00:0A:31,SN-AP-02609,
02:00:00:00:0A:32,SN-MODEM-02610,
02:00:00:00:0A:33,SN-ROUTER-02611,
02:00:00:00:0A:34,SN-ONU-02612,
02:00:00:00:0A:35,SN-ONT-02613,
02:00:00:00:0A:36,SN-ONU-02614,
02:00:00:00:0A:37,SN-ROUTER-02615,
02:00:00:00:0A:38,SN-AP-02616,
02:00:00:00:0A:39,SN-MODEM-02617,
02:00:00:00:0A:3A,SN-ROUTER-02618,
02:00:00:00:0A:3B,SN-ONU-02619,
02:00:00:00:0A:3C,SN-ONT-02620,
02:00:00:00:0A:3D,SN-ONU-02621,
02:00:00:00:0A:3E,SN-ROUTER-02622,
02:00:00:00:0A:3F,SN-AP-02623,
02:00:00:00:0A:40,SN-MODEM-02624,
02:00:00:00:0A:41,SN-ROUTER-02625,
02:00:00:00:0A:42,SN-ONU-02626,
02:00:00:00:0A:43,SN-ONT-02627,
02:00:00:00:0A:44,SN-ONU-02628,
02:00:00:00:0A:45,SN-ROUTER-02629,
02:00:00:00:0A:46,SN-AP-02630,
02:00:00:00:0A:47,SN-MODEM-02631,
02:00:00:00:0A:48,SN-ROUTER-02632,
02:00:00:00:0A:49,SN-ONU-02633,
02:00:00:00:0A:4A,SN-ONT-02634,
02:00:00:00:0A:4B,SN-ONU-02635,
02:00:00:00:0A:4C,SN-ROUTER-02636,
02:00:00:00:0A:4D,SN-AP-02637,
02:00:00:00:0A:4E,SN-MODEM-02638,
02:00:00:00:0A:4F,SN-ROUTER-02639,
02:00:00:00:0A:50,SN-ONU-02640,
02:00:00:00:0A:51,SN-ONT-02641,
02:00:00:00:0A:52,SN-ONU-02642,
02:00:00:00:0A:53,SN-ROUTER-02643,
02:00:00:00:0A:54,SN-AP-02644,
02:00:00:00:0A:55,SN-MODEM-02645,
02:00:00:00:0A:56,SN-ROUTER-02646,
02:00:00:00:0A:57,SN-ONU-02647,
02:00:00:00:0A:58,SN-ONT-02648,
02:00:00:00:0A:59,SN-ONU-02649,
02:00:00:00:0A:5A,SN-ROUTER-02650,
02:00:00:00:0A:5B,SN-AP-02651,
02:00:00:00:0A:5C,SN-MODEM-02652,
02:00:00:00:0A:5D,SN-ROUTER-02653,
02:00:00:00:0A:5E,SN-ONU-02654,
02:00:00:00:0A:5F,SN-ONT-02655,
02:00:00:00:0A:60,SN-ONU-02656,
02:00:00:00:0A:61,SN-ROUTER-02657,
02:00:00:00:0A:62,SN-AP-02658,
02:00:00:00:0A:63,SN-MODEM-02659,
02:00:00:00:0A:64,SN-ROUTER-02660,
02:00:00:00:0A:65,SN-ONU-02661,
02:00:00:00:0A:66,SN-ONT-02662,
02:00:00:00:0A:67,SN-ONU-02663,
02:00:00:00:0A:68,SN-ROUTER-02664,
02:00:00:00:0A:69,SN-AP-02665,
02:00:00:00:0A:6A,SN-MODEM-02666,
02:00:00:00:0A:6B,SN-ROUTER-02667,
02:00:00:00:0A:6C,SN-ONU-02668,
02:00:00:00:0A:6D,SN-ONT-02669,
02:00:00:00:0A:6E,SN-ONU-02670,
02:00:00:00:0A:6F,SN-ROUTER-02671,
02:00:00:00:0A:70,SN-AP-02672,
02:00:00:00:0A:71,SN-MODEM-02673,
02:00:00:00:0A:72,SN-ROUTER-02674,
02:00:00:00:0A:73,SN-ONU-02675,
02:00:00:00:0A:74,SN-ONT-02676,
02:00:00:00:0A:75,SN-ONU-02677,
02:00:00:00:0A:76,SN-ROUTER-02678,
02:00:00:00:0A:77,SN-AP-02679,
02:00:00:00:0A:78,SN-MODEM-02680,
02:00:00:00:0A:79,SN-ROUTER-02681,
02:00:00:00:0A:7A,SN-ONU-02682,
02:00:00:00:0A:7B,SN-ONT-02683,
02:00:00:00:0A:7C,SN-ONU-02684,
02:00:00:00:0A:7D,SN-ROUTER-02685,
02:00:00:00:0A:7E,SN-AP-02686,
02:00:00:00:0A:7F,SN-MODEM-02687,
02:00:00:00:0A:80,SN-ROUTER-02688,
02:00:00:00:0A:81,SN-ONU-02689,
02:00:00:00:0A:82,SN-ONT-02690,
02:00:00:00:0A:83,SN-ONU-02691,
02:00:00:00:0A:84,SN-ROUTER-02692,
02:00:00:00:0A:85,SN-AP-02693,
02:00:00:00:0A:86,SN-MODEM-02694,
02:00:00:00:0A:87,SN-ROUTER-02695,
02:00:00:00:0A:88,SN-ONU-02696,
02:00:00:00:0A:89,SN-ONT-02697,
02:00:00:00:0A:8A,SN-ONU-02698,
02:00:00:00:0A:8B,SN-ROUTER-02699,
02:00:00:00:0A:8C,SN-AP-02700,
02:00:00:00:0A:8D,SN-MODEM-02701,
02:00:00:00:0A:8E,SN-ROUTER-02702,
02:00:00:00:0A:8F,SN-ONU-02703,
02:00:00:00:0A:90,SN-ONT-02704,
02:00:00:00:0A:91,SN-ONU-02705,
02:00:00:00:0A:92,SN-ROUTER-02706,
02:00:00:00:0A:93,SN-AP-02707,
02:00:00:00:0A:94,SN-MODEM-02708,
02:00:00:00:0A:95,SN-ROUTER-02709,
02:00:00:00:0A:96,SN-ONU-02710,
02:00:00:00:0A:97,SN-ONT-02711,
02:00:00:00:0A:98,SN-ONU-02712,
02:00:00:00:0A:99,SN-ROUTER-02713,
02:00:00:00:0A:9A,SN-AP-02714,
02:00:00:00:0A:9B,SN-MODEM-02715,
02:00:00:00:0A:9C,SN-ROUTER-02716,
02:00:00:00:0A:9D,SN-ONU-02717,
02:00:00:00:0A:9E,SN-ONT-02718,
02:00:00:00:0A:9F,SN-ONU-02719,
02:00:00:00:0A:A0,SN-ROUTER-02720,
02:00:00:00:0A:A1,SN-AP-02721,
02:00:00:00:0A:A2,SN-MODEM-02722,
02:00:00:00:0A:A3,SN-ROUTER-02723,
02:00:00:00:0A:A4,SN-ONU-02724,
02:00:00:00:0A:A5,SN-ONT-02725,
02:00:00:00:0A:A6,SN-ONU-02726,
02:00:00:00:0A:A7,SN-ROUTER-02727,
02:00:00:00:0A:A8,SN-AP-02728,
02:00:00:00:0A:A9,SN-MODEM-02729,
02:00:00:00:0A:AA,SN-ROUTER-02730,
02:00:00:00:0A:AB,SN-ONU-02731,
02:00:00:00:0A:AC,SN-ONT-02732,
02:00:00:00:0A:AD,SN-ONU-02733,
02:00:00:00:0A:AE,SN-ROUTER-02734,
02:00:00:00:0A:AF,SN-AP-02735,
02:00:00:00:0A:B0,SN-MODEM-02736,
02:00:00:00:0A:B1,SN-ROUTER-02737,
02:00:00:00:0A:B2,SN-ONU-02738,
02:00:00:00:0A:B3,SN-ONT-02739,
02:00:00:00:0A:B4,SN-ONU-02740,
02:00:00:00:0A:B5,SN-ROUTER-02741,
02:00:00:00:0A:B6,SN-AP-02742,
02:00:00:00:0A:B7,SN-MODEM-02743,
02:00:00:00:0A:B8,SN-ROUTER-02744,
02:00:00:00:0A:B9,SN-ONU-02745,
02:00:00:00:0A:BA,SN-ONT-02746,
02:00:00:00:0A:BB,SN-ONU-02747,
02:00:00:00:0A:BC,SN-ROUTER-02748,
02:00:00:00:0A:BD,SN-AP-02749,
02:00:00:00:0A:BE,SN-MODEM-02750,
02:00:00:00:0A:BF,SN-ROUTER-02751,
02:00:00:00:0A:C0,SN-ONU-02752,
02:00:00:00:0A:C1,SN-ONT-02753,
02:00:00:00:0A:C2,SN-ONU-02754,
02:00:00:00:0A:C3,SN-ROUTER-02755,
02:00:00:00:0A:C4,SN-AP-02756,
02:00:00:00:0A:C5,SN-MODEM-02757,
02:00:00:00:0A:C6,SN-ROUTER-02758,
02:00:00:00:0A:C7,SN-ONU-02759,
02:00:00:00:0A:C8,SN-ONT-02760,
02:00:00:00:0A:C9,SN-ONU-02761,
02:00:00:00:0A:CA,SN-ROUTER-02762,
02:00:00:00:0A:CB,SN-AP-02763,
02:00:00:00:0A:CC,SN-MODEM-02764,
02:00:00:00:0A:CD,SN-ROUTER-02765,
02:00:00:00:0A:CE,SN-ONU-02766,
02:00:00:00:0A:CF,SN-ONT-02767,
02:00:00:00:0A:D0,SN-ONU-02768,
02:00:00:00:0A:D1,SN-ROUTER-02769,
02:00:00:00:0A:D2,SN-AP-02770,
02:00:00:00:0A:D3,SN-MODEM-02771,
02:00:00:00:0A:D4,SN-ROUTER-02772,
02:00:00:00:0A:D5,SN-ONU-02773,
02:00:00:00:0A:D6,SN-ONT-02774,
02:00:00:00:0A:D7,SN-ONU-02775,
02:00:00:00:0A:D8,SN-ROUTER-02776,
02:00:00:00:0A:D9,SN-AP-02777,
02:00:00:00:0A:DA,SN-MODEM-02778,
02:00:00:00:0A:DB,SN-ROUTER-02779,
02:00:00:00:0A:DC,SN-ONU-02780,
02:00:00:00:0A:DD,SN-ONT-02781,
02:00:00:00:0A:DE,SN-ONU-02782,
02:00:00:00:0A:DF,SN-ROUTER-02783,
02:00:00:00:0A:E0,SN-AP-02784,
02:00:00:00:0A:E1,SN-MODEM-02785,
02:00:00:00:0A:E2,SN-ROUTER-02786,
02:00:00:00:0A:E3,SN-ONU-02787,
02:00:00:00:0A:E4,SN-ONT-02788,
02:00:00:00:0A:E5,SN-ONU-02789,
02:00:00:00:0A:E6,SN-ROUTER-02790,
02:00:00:00:0A:E7,SN-AP-02791,
02:00:00:00:0A:E8,SN-MODEM-02792,
02:00:00:00:0A:E9,SN-ROUTER-02793,
02:00:00:00:0A:EA,SN-ONU-02794,
02:00:00:00:0A:EB,SN-ONT-02795,
02:00:00:00:0A:EC,SN-ONU-02796,
02:00:00:00:0A:ED,SN-ROUTER-02797,
02:00:00:00:0A:EE,SN-AP-02798,
02:00:00:00:0A:EF,SN-MODEM-02799,
02:00:00:00:0A:F0,SN-ROUTER-02800,
02:00:00:00:0A:F1,SN-ONU-02801,
02:00:00:00:0A:F2,SN-ONT-02802,
02:00:00:00:0A:F3,SN-ONU-02803,
02:00:00:00:0A:F4,SN-ROUTER-02804,
02:00:00:00:0A:F5,SN-AP-02805,
02:00:00:00:0A:F6,SN-MODEM-02806,
02:00:00:00:0A:F7,SN-ROUTER-02807,
02:00:00:00:0A:F8,SN-ONU-02808,
02:00:00:00:0A:F9,SN-ONT-02809,
02:00:00:00:0A:FA,SN-ONU-02810,
02:00:00:00:0A:FB,SN-ROUTER-02811,
02:00:00:00:0A:FC,SN-AP-02812,
02:00:00:00:0A:FD,SN-MODEM-02813,
02:00:00:00:0A:FE,SN-ROUTER-02814,
02:00:00:00:0A:FF,SN-ONU-02815,
02:00:00:00:0B:00,SN-ONT-02816,
02:00:00:00:0B:01,SN-ONU-02817,
02:00:00:00:0B:02,SN-ROUTER-02818,
02:00:00:00:0B:03,SN-AP-02819,
02:00:00:00:0B:04,SN-MODEM-02820,
02:00:00:00:0B:05,SN-ROUTER-02821,
02:00:00:00:0B:06,SN-ONU-02822,
02:00:00:00:0B:07,SN-ONT-02823,
02:00:00:00:0B:08,SN-ONU-02824,
02:00:00:00:0B:09,SN-ROUTER-02825,
02:00:00:00:0B:0A,SN-AP-02826,
02:00:00:00:0B:0B,SN-MODEM-02827,
02:00:00:00:0B:0C,SN-ROUTER-02828,
02:00:00:00:0B:0D,SN-ONU-02829,
02:00:00:00:0B:0E,SN-ONT-02830,
02:00:00:00:0B:0F,SN-ONU-02831,
02:00:00:00:0B:10,SN-ROUTER-02832,
02:00:00:00:0B:11,SN-AP-02833,
02:00:00:00:0B:12,SN-MODEM-02834,
02:00:00:00:0B:13,SN-ROUTER-02835,
02:00:00:00:0B:14,SN-ONU-02836,
02:00:00:00:0B:15,SN-ONT-02837,
02:00:00:00:0B:16,SN-ONU-02838,
02:00:00:00:0B:17,SN-ROUTER-02839,
02:00:00:00:0B:18,SN-AP-02840,
02:00:00:00:0B:19,SN-MODEM-02841,
02:00:00:00:0B:1A,SN-ROUTER-02842,
02:00:00:00:0B:1B,SN-ONU-02843,
02:00:00:00:0B:1C,SN-ONT-02844,
02:00:00:00:0B:1D,SN-ONU-02845,
02:00:00:00:0B:1E,SN-ROUTER-02846,
02:00:00:00:0B:1F,SN-AP-02847,
02:00:00:00:0B:20,SN-MODEM-02848,
02:00:00:00:0B:21,SN-ROUTER-02849,
02:00:00:00:0B:22,SN-ONU-02850,
02:00:00:00:0B:23,SN-ONT-02851,
02:00:00:00:0B:24,SN-ONU-02852,
02:00:00:00:0B:25,SN-ROUTER-02853,
02:00:00:00:0B:26,SN-AP-02854,
02:00:00:00:0B:27,SN-MODEM-02855,
02:00:00:00:0B:28,SN-ROUTER-02856,
02:00:00:00:0B:29,SN-ONU-02857,
02:00:00:00:0B:2A,SN-ONT-02858,
02:00:00:00:0B:2B,SN-ONU-02859,
02:00:00:00:0B:2C,SN-ROUTER-02860,
02:00:00:00:0B:2D,SN-AP-02861,
02:00:00:00:0B:2E,SN-MODEM-02862,
02:00:00:00:0B:2F,SN-ROUTER-02863,
02:00:00:00:0B:30,SN-ONU-02864,
02:00:00:00:0B:31,SN-ONT-02865,
02:00:00:00:0B:32,SN-ONU-02866,
02:00:00:00:0B:33,SN-ROUTER-02867,
02:00:00:00:0B:34,SN-AP-02868,
02:00:00:00:0B:35,SN-MODEM-02869,
02:00:00:00:0B:36,SN-ROUTER-02870,
02:00:00:00:0B:37,SN-ONU-02871,
02:00:00:00:0B:38,SN-ONT-02872,
02:00:00:00:0B:39,SN-ONU-02873,
02:00:00:00:0B:3A,SN-ROUTER-02874,
02:00:00:00:0B:3B,SN-AP-02875,
02:00:00:00:0B:3C,SN-MODEM-02876,
02:00:00:00:0B:3D,SN-ROUTER-02877,
02:00:00:00:0B:3E,SN-ONU-02878,
02:00:00:00:0B:3F,SN-ONT-02879,
02:00:00:00:0B:40,SN-ONU-02880,
02:00:00:00:0B:41,SN-ROUTER-02881,
02:00:00:00:0B:42,SN-AP-02882,
02:00:00:00:0B:43,SN-MODEM-02883,
02:00:00:00:0B:44,SN-ROUTER-02884,
02:00:00:00:0B:45,SN-ONU-02885,
02:00:00:00:0B:46,SN-ONT-02886,
02:00:00:00:0B:47,SN-ONU-02887,
02:00:00:00:0B:48,SN-ROUTER-02888,
02:00:00:00:0B:49,SN-AP-02889,
02:00:00:00:0B:4A,SN-MODEM-02890,
02:00:00:00:0B:4B,SN-ROUTER-02891,
02:00:00:00:0B:4C,SN-ONU-02892,
02:00:00:00:0B:4D,SN-ONT-02893,
02:00:00:00:0B:4E,SN-ONU-02894,
02:00:00:00:0B:4F,SN-ROUTER-02895,
02:00:00:00:0B:50,SN-AP-02896,
02:00:00:00:0B:51,SN-MODEM-02897,
02:00:00:00:0B:52,SN-ROUTER-02898,
02:00:00:00:0B:53,SN-ONU-02899,
02:00:00:00:0B:54,SN-ONT-02900,
02:00:00:00:0B:55,SN-ONU-02901,
02:00:00:00:0B:56,SN-ROUTER-02902,
02:00:00:00:0B:57,SN-AP-02903,
02:00:00:00:0B:58,SN-MODEM-02904,
02:00:00:00:0B:59,SN-ROUTER-02905,
02:00:00:00:0B:5A,SN-ONU-02906,
02:00:00:00:0B:5B,SN-ONT-02907,
02:00:00:00:0B:5C,SN-ONU-02908,
02:00:00:00:0B:5D,SN-ROUTER-02909,
02:00:00:00:0B:5E,SN-AP-02910,
02:00:00:00:0B:5F,SN-MODEM-02911,
02:00:00:00:0B:60,SN-ROUTER-02912,
02:00:00:00:0B:61,SN-ONU-02913,
02:00:00:00:0B:62,SN-ONT-02914,
02:00:00:00:0B:63,SN-ONU-02915,
02:00:00:00:0B:64,SN-ROUTER-02916,
02:00:00:00:0B:65,SN-AP-02917,
02:00:00:00:0B:66,SN-MODEM-02918,
02:00:00:00:0B:67,SN-ROUTER-02919,
02:00:00:00:0B:68,SN-ONU-02920,
02:00:00:00:0B:69,SN-ONT-02921,
02:00:00:00:0B:6A,SN-ONU-02922,
02:00:00:00:0B:6B,SN-ROUTER-02923,
02:00:00:00:0B:6C,SN-AP-02924,
02:00:00:00:0B:6D,SN-MODEM-02925,
02:00:00:00:0B:6E,SN-ROUTER-02926,
02:00:00:00:0B:6F,SN-ONU-02927,
02:00:00:00:0B:70,SN-ONT-02928,
02:00:00:00:0B:71,SN-ONU-02929,
02:00:00:00:0B:72,SN-ROUTER-02930,
02:00:00:00:0B:73,SN-AP-02931,
02:00:00:00:0B:74,SN-MODEM-02932,
02:00:00:00:0B:75,SN-ROUTER-02933,
02:00:00:00:0B:76,SN-ONU-02934,
02:00:00:00:0B:77,SN-ONT-02935,
02:00:00:00:0B:78,SN-ONU-02936,
02:00:00:00:0B:79,SN-ROUTER-02937,
02:00:00:00:0B:7A,SN-AP-02938,
02:00:00:00:0B:7B,SN-MODEM-02939,
02:00:00:00:0B:7C,SN-ROUTER-02940,
02:00:00:00:0B:7D,SN-ONU-02941,
02:00:00:00:0B:7E,SN-ONT-02942,
02:00:00:00:0B:7F,SN-ONU-02943,
02:00:00:00:0B:80,SN-ROUTER-02944,
02:00:00:00:0B:81,SN-AP-02945,
02:00:00:00:0B:82,SN-MODEM-02946,
02:00:00:00:0B:83,SN-ROUTER-02947,
02:00:00:00:0B:84,SN-ONU-02948,
02:00:00:00:0B:85,SN-ONT-02949,
02:00:00:00:0B:86,SN-ONU-02950,
02:00:00:00:0B:87,SN-ROUTER-02951,
02:00:00:00:0B:88,SN-AP-02952,
02:00:00:00:0B:89,SN-MODEM-02953,
02:00:00:00:0B:8A,SN-ROUTER-02954,
02:00:00:00:0B:8B,SN-ONU-02955,
02:00:00:00:0B:8C,SN-ONT-02956,
02:00:00:00:0B:8D,SN-ONU-02957,
02:00:00:00:0B:8E,SN-ROUTER-02958,
02:00:00:00:0B:8F,SN-AP-02959,
02:00:00:00:0B:90,SN-MODEM-02960,
02:00:00:00:0B:91,SN-ROUTER-02961,
02:00:00:00:0B:92,SN-ONU-02962,
02:00:00:00:0B:93,SN-ONT-02963,
02:00:00:00:0B:94,SN-ONU-02964,
02:00:00:00:0B:95,SN-ROUTER-02965,
02:00:00:00:0B:96,SN-AP-02966,
02:00:00:00:0B:97,SN-MODEM-02967,
02:00:00:00:0B:98,SN-ROUTER-02968,
02:00:00:00:0B:99,SN-ONU-02969,
02:00:00:00:0B:9A,SN-ONT-02970,
02:00:00:00:0B:9B,SN-ONU-02971,
02:00:00:00:0B:9C,SN-ROUTER-02972,
02:00:00:00:0B:9D,SN-AP-02973,
02:00:00:00:0B:9E,SN-MODEM-02974,
02:00:00:00:0B:9F,SN-ROUTER-02975,
02:00:00:00:0B:A0,SN-ONU-02976,
02:00:00:00:0B:A1,SN-ONT-02977,
02:00:00:00:0B:A2,SN-ONU-02978,
02:00:00:00:0B:A3,SN-ROUTER-02979,
02:00:00:00:0B:A4,SN-AP-02980,
02:00:00:00:0B:A5,SN-MODEM-02981,
02:00:00:00:0B:A6,SN-ROUTER-02982,
02:00:00:00:0B:A7,SN-ONU-02983,
02:00:00:00:0B:A8,SN-ONT-02984,
02:00:00:00:0B:A9,SN-ONU-02985,
02:00:00:00:0B:AA,SN-ROUTER-02986,
02:00:00:00:0B:AB,SN-AP-02987,
02:00:00:00:0B:AC,SN-MODEM-02988,
02:00:00:00:0B:AD,SN-ROUTER-02989,
02:00:00:00:0B:AE,SN-ONU-02990,
02:00:00:00:0B:AF,SN-ONT-02991,
02:00:00:00:0B:B0,SN-ONU-02992,
02:00:00:00:0B:B1,SN-ROUTER-02993,
02:00:00:00:0B:B2,SN-AP-02994,
02:00:00:00:0B:B3,SN-MODEM-02995,
02:00:00:00:0B:B4,SN-ROUTER-02996,
02:00:00:00:0B:B5,SN-ONU-02997,
02:00:00:00:0B:B6,SN-ONT-02998,
02:00:00:00:0B:B7,SN-ONU-02999,
02:00:00:00:0B:B8,SN-ROUTER-03000,
02:00:00:00:0B:B9,SN-AP-03001,
02:00:00:00:0B:BA,SN-MODEM-03002,
02:00:00:00:0B:BB,SN-ROUTER-03003,
02:00:00:00:0B:BC,SN-ONU-03004,
02:00:00:00:0B:BD,SN-ONT-03005,
02:00:00:00:0B:BE,SN-ONU-03006,
02:00:00:00:0B:BF,SN-ROUTER-03007,
02:00:00:00:0B:C0,SN-AP-03008,
02:00:00:00:0B:C1,SN-MODEM-03009,
02:00:00:00:0B:C2,SN-ROUTER-03010,
02:00:00:00:0B:C3,SN-ONU-03011,
02:00:00:00:0B:C4,SN-ONT-03012,
02:00:00:00:0B:C5,SN-ONU-03013,
02:00:00:00:0B:C6,SN-ROUTER-03014,
02:00:00:00:0B:C7,SN-AP-03015,
02:00:00:00:0B:C8,SN-MODEM-03016,
02:00:00:00:0B:C9,SN-ROUTER-03017,
02:00:00:00:0B:CA,SN-ONU-03018,
02:00:00:00:0B:CB,SN-ONT-03019,
02:00:00:00:0B:CC,SN-ONU-03020,
02:00:00:00:0B:CD,SN-ROUTER-03021,
02:00:00:00:0B:CE,SN-AP-03022,
02:00:00:00:0B:CF,SN-MODEM-03023,
02:00:00:00:0B:D0,SN-ROUTER-03024,
02:00:00:00:0B:D1,SN-ONU-03025,
02:00:00:00:0B:D2,SN-ONT-03026,
02:00:00:00:0B:D3,SN-ONU-03027,
02:00:00:00:0B:D4,SN-ROUTER-03028,
02:00:00:00:0B:D5,SN-AP-03029,
02:00:00:00:0B:D6,SN-MODEM-03030,
02:00:00:00:0B:D7,SN-ROUTER-03031,
02:00:00:00:0B:D8,SN-ONU-03032,
02:00:00:00:0B:D9,SN-ONT-03033,
02:00:00:00:0B:DA,SN-ONU-03034,
02:00:00:00:0B:DB,SN-ROUTER-03035,
02:00:00:00:0B:DC,SN-AP-03036,
02:00:00:00:0B:DD,SN-MODEM-03037,
02:00:00:00:0B:DE,SN-ROUTER-03038,
02:00:00:00:0B:DF,SN-ONU-03039,
02:00:00:00:0B:E0,SN-ONT-03040,
02:00:00:00:0B:E1,SN-ONU-03041,
02:00:00:00:0B:E2,SN-ROUTER-03042,
02:00:00:00:0B:E3,SN-AP-03043,
02:00:00:00:0B:E4,SN-MODEM-03044,
02:00:00:00:0B:E5,SN-ROUTER-03045,
02:00:00:00:0B:E6,SN-ONU-03046,
02:00:00:00:0B:E7,SN-ONT-03047,
02:00:00:00:0B:E8,SN-ONU-03048,
02:00:00:00:0B:E9,SN-ROUTER-03049,
02:00:00:00:0B:EA,SN-AP-03050,
02:00:00:00:0B:EB,SN-MODEM-03051,
02:00:00:00:0B:EC,SN-ROUTER-03052,
02:00:00:00:0B:ED,SN-ONU-03053,
02:00:00:00:0B:EE,SN-ONT-03054,
02:00:00:00:0B:EF,SN-ONU-03055,
02:00:00:00:0B:F0,SN-ROUTER-03056,
02:00:00:00:0B:F1,SN-AP-03057,
02:00:00:00:0B:F2,SN-MODEM-03058,
02:00:00:00:0B:F3,SN-ROUTER-03059,
02:00:00:00:0B:F4,SN-ONU-03060,
02:00:00:00:0B:F5,SN-ONT-03061,
02:00:00:00:0B:F6,SN-ONU-03062,
02:00:00:00:0B:F7,SN-ROUTER-03063,
02:00:00:00:0B:F8,SN-AP-03064,
02:00:00:00:0B:F9,SN-MODEM-03065,
02:00:00:00:0B:FA,SN-ROUTER-03066,
02:00:00:00:0B:FB,SN-ONU-03067,
02:00:00:00:0B:FC,SN-ONT-03068,
02:00:00:00:0B:FD,SN-ONU-03069,
02:00:00:00:0B:FE,SN-ROUTER-03070,
02:00:00:00:0B:FF,SN-AP-03071,
02:00:00:00:0C:00,SN-MODEM-03072,
02:00:00:00:0C:01,SN-ROUTER-03073,
02:00:00:00:0C:02,SN-ONU-03074,
02:00:00:00:0C:03,SN-ONT-03075,
02:00:00:00:0C:04,SN-ONU-03076,
02:00:00:00:0C:05,SN-ROUTER-03077,
02:00:00:00:0C:06,SN-AP-03078,
02:00:00:00:0C:07,SN-MODEM-03079,
02:00:00:00:0C:08,SN-ROUTER-03080,
02:00:00:00:0C:09,SN-ONU-03081,
02:00:00:00:0C:0A,SN-ONT-03082,
02:00:00:00:0C:0B,SN-ONU-03083,
02:00:00:00:0C:0C,SN-ROUTER-03084,
02:00:00:00:0C:0D,SN-AP-03085,
02:00:00:00:0C:0E,SN-MODEM-03086,
02:00:00:00:0C:0F,SN-ROUTER-03087,
02:00:00:00:0C:10,SN-ONU-03088,
02:00:00:00:0C:11,SN-ONT-03089,
02:00:00:00:0C:12,SN-ONU-03090,
02:00:00:00:0C:13,SN-ROUTER-03091,
02:00:00:00:0C:14,SN-AP-03092,
02:00:00:00:0C:15,SN-MODEM-03093,
02:00:00:00:0C:16,SN-ROUTER-03094,
02:00:00:00:0C:17,SN-ONU-03095,
02:00:00:00:0C:18,SN-ONT-03096,
02:00:00:00:0C:19,SN-ONU-03097,
02:00:00:00:0C:1A,SN-ROUTER-03098,
02:00:00:00:0C:1B,SN-AP-03099,
02:00:00:00:0C:1C,SN-MODEM-03100,
02:00:00:00:0C:1D,SN-ROUTER-03101,
02:00:00:00:0C:1E,SN-ONU-03102,
02:00:00:00:0C:1F,SN-ONT-03103,
02:00:00:00:0C:20,SN-ONU-03104,
02:00:00:00:0C:21,SN-ROUTER-03105,
02:00:00:00:0C:22,SN-AP-03106,
02:00:00:00:0C:23,SN-MODEM-03107,
02:00:00:00:0C:24,SN-ROUTER-03108,
02:00:00:00:0C:25,SN-ONU-03109,
02:00:00:00:0C:26,SN-ONT-03110,
02:00:00:00:0C:27,SN-ONU-03111,
02:00:00:00:0C:28,SN-ROUTER-03112,
02:00:00:00:0C:29,SN-AP-03113,
02:00:00:00:0C:2A,SN-MODEM-03114,
02:00:00:00:0C:2B,SN-ROUTER-03115,
02:00:00:00:0C:2C,SN-ONU-03116,
02:00:00:00:0C:2D,SN-ONT-03117,
02:00:00:00:0C:2E,SN-ONU-03118,
02:00:00:00:0C:2F,SN-ROUTER-03119,
02:00:00:00:0C:30,SN-AP-03120,
02:00:00:00:0C:31,SN-MODEM-03121,
02:00:00:00:0C:32,SN-ROUTER-03122,
02:00:00:00:0C:33,SN-ONU-03123,
02:00:00:00:0C:34,SN-ONT-03124,
02:00:00:00:0C:35,SN-ONU-03125,
02:00:00:00:0C:36,SN-ROUTER-03126,
02:00:00:00:0C:37,SN-AP-03127,
02:00:00:00:0C:38,SN-MODEM-03128,
02:00:00:00:0C:39,SN-ROUTER-03129,
02:00:00:00:0C:3A,SN-ONU-03130,
02:00:00:00:0C:3B,SN-ONT-03131,
02:00:00:00:0C:3C,SN-ONU-03132,
02:00:00:00:0C:3D,SN-ROUTER-03133,
02:00:00:00:0C:3E,SN-AP-03134,
02:00:00:00:0C:3F,SN-MODEM-03135,
02:00:00:00:0C:40,SN-ROUTER-03136,
02:00:00:00:0C:41,SN-ONU-03137,
02:00:00:00:0C:42,SN-ONT-03138,
02:00:00:00:0C:43,SN-ONU-03139,
02:00:00:00:0C:44,SN-ROUTER-03140,
02:00:00:00:0C:45,SN-AP-03141,
02:00:00:00:0C:46,SN-MODEM-03142,
02:00:00:00:0C:47,SN-ROUTER-03143,
02:00:00:00:0C:48,SN-ONU-03144,
02:00:00:00:0C:49,SN-ONT-03145,
02:00:00:00:0C:4A,SN-ONU-03146,
02:00:00:00:0C:4B,SN-ROUTER-03147,
02:00:00:00:0C:4C,SN-AP-03148,
02:00:00:00:0C:4D,SN-MODEM-03149,
02:00:00:00:0C:4E,SN-ROUTER-03150,
02:00:00:00:0C:4F,SN-ONU-03151,
02:00:00:00:0C:50,SN-ONT-03152,
02:00:00:00:0C:51,SN-ONU-03153,
02:00:00:00:0C:52,SN-ROUTER-03154,
02:00:00:00:0C:53,SN-AP-03155,
02:00:00:00:0C:54,SN-MODEM-03156,
02:00:00:00:0C:55,SN-ROUTER-03157,
02:00:00:00:0C:56,SN-ONU-03158,
02:00:00:00:0C:57,SN-ONT-03159,
02:00:00:00:0C:58,SN-ONU-03160,
02:00:00:00:0C:59,SN-ROUTER-03161,
02:00:00:00:0C:5A,SN-AP-03162,
02:00:00:00:0C:5B,SN-MODEM-03163,
02:00:00:00:0C:5C,SN-ROUTER-03164,
02:00:00:00:0C:5D,SN-ONU-03165,
02:00:00:00:0C:5E,SN-ONT-03166,
02:00:00:00:0C:5F,SN-ONU-03167,
02:00:00:00:0C:60,SN-ROUTER-03168,
02:00:00:00:0C:61,SN-AP-03169,
02:00:00:00:0C:62,SN-MODEM-03170,
02:00:00:00:0C:63,SN-ROUTER-03171,
02:00:00:00:0C:64,SN-ONU-03172,
02:00:00:00:0C:65,SN-ONT-03173,
02:00:00:00:0C:66,SN-ONU-03174,
02:00:00:00:0C:67,SN-ROUTER-03175,
02:00:00:00:0C:68,SN-AP-03176,
02:00:00:00:0C:69,SN-MODEM-03177,
02:00:00:00:0C:6A,SN-ROUTER-03178,
02:00:00:00:0C:6B,SN-ONU-03179,
02:00:00:00:0C:6C,SN-ONT-03180,
02:00:00:00:0C:6D,SN-ONU-03181,
02:00:00:00:0C:6E,SN-ROUTER-03182,
02:00:00:00:0C:6F,SN-AP-03183,
02:00:00:00:0C:70,SN-MODEM-03184,
02:00:00:00:0C:71,SN-ROUTER-03185,
02:00:00:00:0C:72,SN-ONU-03186,
02:00:00:00:0C:73,SN-ONT-03187,
02:00:00:00:0C:74,SN-ONU-03188,
02:00:00:00:0C:75,SN-ROUTER-03189,
02:00:00:00:0C:76,SN-AP-03190,
02:00:00:00:0C:77,SN-MODEM-03191,
02:00:00:00:0C:78,SN-ROUTER-03192,
02:00:00:00:0C:79,SN-ONU-03193,
02:00:00:00:0C:7A,SN-ONT-03194,
02:00:00:00:0C:7B,SN-ONU-03195,
02:00:00:00:0C:7C,SN-ROUTER-03196,
02:00:00:00:0C:7D,SN-AP-03197,
02:00:00:00:0C:7E,SN-MODEM-03198,
02:00:00:00:0C:7F,SN-ROUTER-03199,
02:00:00:00:0C:80,SN-ONU-03200,
02:00:00:00:0C:81,SN-ONT-03201,
02:00:00:00:0C:82,SN-ONU-03202,
02:00:00:00:0C:83,SN-ROUTER-03203,
02:00:00:00:0C:84,SN-AP-03204,
02:00:00:00:0C:85,SN-MODEM-03205,
02:00:00:00:0C:86,SN-ROUTER-03206,
02:00:00:00:0C:87,SN-ONU-03207,
02:00:00:00:0C:88,SN-ONT-03208,
02:00:00:00:0C:89,SN-ONU-03209,
02:00:00:00:0C:8A,SN-ROUTER-03210,
02:00:00:00:0C:8B,SN-AP-03211,
02:00:00:00:0C:8C,SN-MODEM-03212,
02:00:00:00:0C:8D,SN-ROUTER-03213,
02:00:00:00:0C:8E,SN-ONU-03214,
02:00:00:00:0C:8F,SN-ONT-03215,
02:00:00:00:0C:90,SN-ONU-03216,
02:00:00:00:0C:91,SN-ROUTER-03217,
02:00:00:00:0C:92,SN-AP-03218,
02:00:00:00:0C:93,SN-MODEM-03219,
02:00:00:00:0C:94,SN-ROUTER-03220,
02:00:00:00:0C:95,SN-ONU-03221,
02:00:00:00:0C:96,SN-ONT-03222,
02:00:00:00:0C:97,SN-ONU-03223,
02:00:00:00:0C:98,SN-ROUTER-03224,
02:00:00:00:0C:99,SN-AP-03225,
02:00:00:00:0C:9A,SN-MODEM-03226,
02:00:00:00:0C:9B,SN-ROUTER-03227,
02:00:00:00:0C:9C,SN-ONU-03228,
02:00:00:00:0C:9D,SN-ONT-03229,
02:00:00:00:0C:9E,SN-ONU-03230,
02:00:00:00:0C:9F,SN-ROUTER-03231,
02:00:00:00:0C:A0,SN-AP-03232,
02:00:00:00:0C:A1,SN-MODEM-03233,
02:00:00:00:0C:A2,SN-ROUTER-03234,
02:00:00:00:0C:A3,SN-ONU-03235,
02:00:00:00:0C:A4,SN-ONT-03236,
02:00:00:00:0C:A5,SN-ONU-03237,
02:00:00:00:0C:A6,SN-ROUTER-03238,
02:00:00:00:0C:A7,SN-AP-03239,
02:00:00:00:0C:A8,SN-MODEM-03240,
02:00:00:00:0C:A9,SN-ROUTER-03241,
02:00:00:00:0C:AA,SN-ONU-03242,
02:00:00:00:0C:AB,SN-ONT-03243,
02:00:00:00:0C:AC,SN-ONU-03244,
02:00:00:00:0C:AD,SN-ROUTER-03245,
02:00:00:00:0C:AE,SN-AP-03246,
02:00:00:00:0C:AF,SN-MODEM-03247,
02:00:00:00:0C:B0,SN-ROUTER-03248,
02:00:00:00:0C:B1,SN-ONU-03249,
02:00:00:00:0C:B2,SN-ONT-03250,
02:00:00:00:0C:B3,SN-ONU-03251,
02:00:00:00:0C:B4,SN-ROUTER-03252,
02:00:00:00:0C:B5,SN-AP-03253,
02:00:00:00:0C:B6,SN-MODEM-03254,
02:00:00:00:0C:B7,SN-ROUTER-03255,
02:00:00:00:0C:B8,SN-ONU-03256,
02:00:00:00:0C:B9,SN-ONT-03257,
02:00:00:00:0C:BA,SN-ONU-03258,
02:00:00:00:0C:BB,SN-ROUTER-03259,
02:00:00:00:0C:BC,SN-AP-03260,
02:00:00:00:0C:BD,SN-MODEM-03261,
02:00:00:00:0C:BE,SN-ROUTER-03262,
02:00:00:00:0C:BF,SN-ONU-03263,
02:00:00:00:0C:C0,SN-ONT-03264,
02:00:00:00:0C:C1,SN-ONU-03265,
02:00:00:00:0C:C2,SN-ROUTER-03266,
02:00:00:00:0C:C3,SN-AP-03267,
02:00:00:00:0C:C4,SN-MODEM-03268,
02:00:00:00:0C:C5,SN-ROUTER-03269,
02:00:00:00:0C:C6,SN-ONU-03270,
02:00:00:00:0C:C7,SN-ONT-03271,
02:00:00:00:0C:C8,SN-ONU-03272,
02:00:00:00:0C:C9,SN-ROUTER-03273,
02:00:00:00:0C:CA,SN-AP-03274,
02:00:00:00:0C:CB,SN-MODEM-03275,
02:00:00:00:0C:CC,SN-ROUTER-03276,
02:00:00:00:0C:CD,SN-ONU-03277,
02:00:00:00:0C:CE,SN-ONT-03278,
02:00:00:00:0C:CF,SN-ONU-03279,
02:00:00:00:0C:D0,SN-ROUTER-03280,
02:00:00:00:0C:D1,SN-AP-03281,
02:00:00:00:0C:D2,SN-MODEM-03282,
02:00:00:00:0C:D3,SN-ROUTER-03283,
02:00:00:00:0C:D4,SN-ONU-03284,
02:00:00:00:0C:D5,SN-ONT-03285,
02:00:00:00:0C:D6,SN-ONU-03286,
02:00:00:00:0C:D7,SN-ROUTER-03287,
02:00:00:00:0C:D8,SN-AP-03288,
02:00:00:00:0C:D9,SN-MODEM-03289,
02:00:00:00:0C:DA,SN-ROUTER-03290,
02:00:00:00:0C:DB,SN-ONU-03291,
02:00:00:00:0C:DC,SN-ONT-03292,
02:00:00:00:0C:DD,SN-ONU-03293,
02:00:00:00:0C:DE,SN-ROUTER-03294,
02:00:00:00:0C:DF,SN-AP-03295,
02:00:00:00:0C:E0,SN-MODEM-03296,
02:00:00:00:0C:E1,SN-ROUTER-03297,
02:00:00:00:0C:E2,SN-ONU-03298,
02:00:00:00:0C:E3,SN-ONT-03299,
02:00:00:00:0C:E4,SN-ONU-03300,
02:00:00:00:0C:E5,SN-ROUTER-03301,
02:00:00:00:0C:E6,SN-AP-03302,
02:00:00:00:0C:E7,SN-MODEM-03303,
02:00:00:00:0C:E8,SN-ROUTER-03304,
02:00:00:00:0C:E9,SN-ONU-03305,
02:00:00:00:0C:EA,SN-ONT-03306,
02:00:00:00:0C:EB,SN-ONU-03307,
02:00:00:00:0C:EC,SN-ROUTER-03308,
02:00:00:00:0C:ED,SN-AP-03309,
02:00:00:00:0C:EE,SN-MODEM-03310,
02:00:00:00:0C:EF,SN-ROUTER-03311,
02:00:00:00:0C:F0,SN-ONU-03312,
02:00:00:00:0C:F1,SN-ONT-03313,
02:00:00:00:0C:F2,SN-ONU-03314,
02:00:00:00:0C:F3,SN-ROUTER-03315,
02:00:00:00:0C:F4,SN-AP-03316,
02:00:00:00:0C:F5,SN-MODEM-03317,
02:00:00:00:0C:F6,SN-ROUTER-03318,
02:00:00:00:0C:F7,SN-ONU-03319,
02:00:00:00:0C:F8,SN-ONT-03320,
02:00:00:00:0C:F9,SN-ONU-03321,
02:00:00:00:0C:FA,SN-ROUTER-03322,
02:00:00:00:0C:FB,SN-AP-03323,
02:00:00:00:0C:FC,SN-MODEM-03324,
02:00:00:00:0C:FD,SN-ROUTER-03325,
02:00:00:00:0C:FE,SN-ONU-03326,
02:00:00:00:0C:FF,SN-ONT-03327,
02:00:00:00:0D:00,SN-ONU-03328,
02:00:00:00:0D:01,SN-ROUTER-03329,
02:00:00:00:0D:02,SN-AP-03330,
02:00:00:00:0D:03,SN-MODEM-03331,
02:00:00:00:0D:04,SN-ROUTER-03332,
02:00:00:00:0D:05,SN-ONU-03333,
02:00:00:00:0D:06,SN-ONT-03334,
02:00:00:00:0D:07,SN-ONU-03335,
02:00:00:00:0D:08,SN-ROUTER-03336,
02:00:00:00:0D:09,SN-AP-03337,
02:00:00:00:0D:0A,SN-MODEM-03338,
02:00:00:00:0D:0B,SN-ROUTER-03339,
02:00:00:00:0D:0C,SN-ONU-03340,
02:00:00:00:0D:0D,SN-ONT-03341,
02:00:00:00:0D:0E,SN-ONU-03342,
02:00:00:00:0D:0F,SN-ROUTER-03343,
02:00:00:00:0D:10,SN-AP-03344,
02:00:00:00:0D:11,SN-MODEM-03345,
02:00:00:00:0D:12,SN-ROUTER-03346,
02:00:00:00:0D:13,SN-ONU-03347,
02:00:00:00:0D:14,SN-ONT-03348,
02:00:00:00:0D:15,SN-ONU-03349,
02:00:00:00:0D:16,SN-ROUTER-03350,
02:00:00:00:0D:17,SN-AP-03351,
02:00:00:00:0D:18,SN-MODEM-03352,
02:00:00:00:0D:19,SN-ROUTER-03353,
02:00:00:00:0D:1A,SN-ONU-03354,
02:00:00:00:0D:1B,SN-ONT-03355,
02:00:00:00:0D:1C,SN-ONU-03356,
02:00:00:00:0D:1D,SN-ROUTER-03357,
02:00:00:00:0D:1E,SN-AP-03358,
02:00:00:00:0D:1F,SN-MODEM-03359,
02:00:00:00:0D:20,SN-ROUTER-03360,
02:00:00:00:0D:21,SN-ONU-03361,
02:00:00:00:0D:22,SN-ONT-03362,
02:00:00:00:0D:23,SN-ONU-03363,
02:00:00:00:0D:24,SN-ROUTER-03364,
02:00:00:00:0D:25,SN-AP-03365,
02:00:00:00:0D:26,SN-MODEM-03366,
02:00:00:00:0D:27,SN-ROUTER-03367,
02:00:00:00:0D:28,SN-ONU-03368,
02:00:00:00:0D:29,SN-ONT-03369,
02:00:00:00:0D:2A,SN-ONU-03370,
02:00:00:00:0D:2B,SN-ROUTER-03371,
02:00:00:00:0D:2C,SN-AP-03372,
02:00:00:00:0D:2D,SN-MODEM-03373,
02:00:00:00:0D:2E,SN-ROUTER-03374,
02:00:00:00:0D:2F,SN-ONU-03375,
02:00:00:00:0D:30,SN-ONT-03376,
02:00:00:00:0D:31,SN-ONU-03377,
02:00:00:00:0D:32,SN-ROUTER-03378,
02:00:00:00:0D:33,SN-AP-03379,
02:00:00:00:0D:34,SN-MODEM-03380,
02:00:00:00:0D:35,SN-ROUTER-03381,
02:00:00:00:0D:36,SN-ONU-03382,
02:00:00:00:0D:37,SN-ONT-03383,
02:00:00:00:0D:38,SN-ONU-03384,
02:00:00:00:0D:39,SN-ROUTER-03385,
02:00:00:00:0D:3A,SN-AP-03386,
02:00:00:00:0D:3B,SN-MODEM-03387,
02:00:00:00:0D:3C,SN-ROUTER-03388,
02:00:00:00:0D:3D,SN-ONU-03389,
02:00:00:00:0D:3E,SN-ONT-03390,
02:00:00:00:0D:3F,SN-ONU-03391,
02:00:00:00:0D:40,SN-ROUTER-03392,
02:00:00:00:0D:41,SN-AP-03393,
02:00:00:00:0D:42,SN-MODEM-03394,
02:00:00:00:0D:43,SN-ROUTER-03395,
02:00:00:00:0D:44,SN-ONU-03396,
02:00:00:00:0D:45,SN-ONT-03397,
02:00:00:00:0D:46,SN-ONU-03398,
02:00:00:00:0D:47,SN-ROUTER-03399,
02:00:00:00:0D:48,SN-AP-03400,
02:00:00:00:0D:49,SN-MODEM-03401,
02:00:00:00:0D:4A,SN-ROUTER-03402,
02:00:00:00:0D:4B,SN-ONU-03403,
02:00:00:00:0D:4C,SN-ONT-03404,
02:00:00:00:0D:4D,SN-ONU-03405,
02:00:00:00:0D:4E,SN-ROUTER-03406,
02:00:00:00:0D:4F,SN-AP-03407,
02:00:00:00:0D:50,SN-MODEM-03408,
02:00:00:00:0D:51,SN-ROUTER-03409,
02:00:00:00:0D:52,SN-ONU-03410,
02:00:00:00:0D:53,SN-ONT-03411,
02:00:00:00:0D:54,SN-ONU-03412,
02:00:00:00:0D:55,SN-ROUTER-03413,
02:00:00:00:0D:56,SN-AP-03414,
02:00:00:00:0D:57,SN-MODEM-03415,
02:00:00:00:0D:58,SN-ROUTER-03416,
02:00:00:00:0D:59,SN-ONU-03417,
02:00:00:00:0D:5A,SN-ONT-03418,
02:00:00:00:0D:5B,SN-ONU-03419,
02:00:00:00:0D:5C,SN-ROUTER-03420,
02:00:00:00:0D:5D,SN-AP-03421,
02:00:00:00:0D:5E,SN-MODEM-03422,
02:00:00:00:0D:5F,SN-ROUTER-03423,
02:00:00:00:0D:60,SN-ONU-03424,
02:00:00:00:0D:61,SN-ONT-03425,
02:00:00:00:0D:62,SN-ONU-03426,
02:00:00:00:0D:63,SN-ROUTER-03427,
02:00:00:00:0D:64,SN-AP-03428,
02:00:00:00:0D:65,SN-MODEM-03429,
02:00:00:00:0D:66,SN-ROUTER-03430,
02:00:00:00:0D:67,SN-ONU-03431,
02:00:00:00:0D:68,SN-ONT-03432,
02:00:00:00:0D:69,SN-ONU-03433,
02:00:00:00:0D:6A,SN-ROUTER-03434,
02:00:00:00:0D:6B,SN-AP-03435,
02:00:00:00:0D:6C,SN-MODEM-03436,
02:00:00:00:0D:6D,SN-ROUTER-03437,
02:00:00:00:0D:6E,SN-ONU-03438,
02:00:00:00:0D:6F,SN-ONT-03439,
02:00:00:00:0D:70,SN-ONU-03440,
02:00:00:00:0D:71,SN-ROUTER-03441,
02:00:00:00:0D:72,SN-AP-03442,
02:00:00:00:0D:73,SN-MODEM-03443,
02:00:00:00:0D:74,SN-ROUTER-03444,
02:00:00:00:0D:75,SN-ONU-03445,
02:00:00:00:0D:76,SN-ONT-03446,
02:00:00:00:0D:77,SN-ONU-03447,
02:00:00:00:0D:78,SN-ROUTER-03448,
02:00:00:00:0D:79,SN-AP-03449,
02:00:00:00:0D:7A,SN-MODEM-03450,
02:00:00:00:0D:7B,SN-ROUTER-03451,
02:00:00:00:0D:7C,SN-ONU-03452,
02:00:00:00:0D:7D,SN-ONT-03453,
02:00:00:00:0D:7E,SN-ONU-03454,
02:00:00:00:0D:7F,SN-ROUTER-03455,
02:00:00:00:0D:80,SN-AP-03456,
02:00:00:00:0D:81,SN-MODEM-03457,
02:00:00:00:0D:82,SN-ROUTER-03458,
02:00:00:00:0D:83,SN-ONU-03459,
02:00:00:00:0D:84,SN-ONT-03460,
02:00:00:00:0D:85,SN-ONU-03461,
02:00:00:00:0D:86,SN-ROUTER-03462,
02:00:00:00:0D:87,SN-AP-03463,
02:00:00:00:0D:88,SN-MODEM-03464,
02:00:00:00:0D:89,SN-ROUTER-03465,
02:00:00:00:0D:8A,SN-ONU-03466,
02:00:00:00:0D:8B,SN-ONT-03467,
02:00:00:00:0D:8C,SN-ONU-03468,
02:00:00:00:0D:8D,SN-ROUTER-03469,
02:00:00:00:0D:8E,SN-AP-03470,
02:00:00:00:0D:8F,SN-MODEM-03471,
02:00:00:00:0D:90,SN-ROUTER-03472,
02:00:00:00:0D:91,SN-ONU-03473,
02:00:00:00:0D:92,SN-ONT-03474,
02:00:00:00:0D:93,SN-ONU-03475,
02:00:00:00:0D:94,SN-ROUTER-03476,
02:00:00:00:0D:95,SN-AP-03477,
02:00:00:00:0D:96,SN-MODEM-03478,
02:00:00:00:0D:97,SN-ROUTER-03479,
02:00:00:00:0D:98,SN-ONU-03480,
02:00:00:00:0D:99,SN-ONT-03481,
02:00:00:00:0D:9A,SN-ONU-03482,
02:00:00:00:0D:9B,SN-ROUTER-03483,
02:00:00:00:0D:9C,SN-AP-03484,
02:00:00:00:0D:9D,SN-MODEM-03485,
02:00:00:00:0D:9E,SN-ROUTER-03486,
02:00:00:00:0D:9F,SN-ONU-03487,
02:00:00:00:0D:A0,SN-ONT-03488,
02:00:00:00:0D:A1,SN-ONU-03489,
02:00:00:00:0D:A2,SN-ROUTER-03490,
02:00:00:00:0D:A3,SN-AP-03491,
02:00:00:00:0D:A4,SN-MODEM-03492,
02:00:00:00:0D:A5,SN-ROUTER-03493,
02:00:00:00:0D:A6,SN-ONU-03494,
02:00:00:00:0D:A7,SN-ONT-03495,
02:00:00:00:0D:A8,SN-ONU-03496,
02:00:00:00:0D:A9,SN-ROUTER-03497,
02:00:00:00:0D:AA,SN-AP-03498,
02:00:00:00:0D:AB,SN-MODEM-03499,
02:00:00:00:0D:AC,SN-ROUTER-03500,
02:00:00:00:0D:AD,SN-ONU-03501,
02:00:00:00:0D:AE,SN-ONT-03502,
02:00:00:00:0D:AF,SN-ONU-03503,
02:00:00:00:0D:B0,SN-ROUTER-03504,
02:00:00:00:0D:B1,SN-AP-03505,
02:00:00:00:0D:B2,SN-MODEM-03506,
02:00:00:00:0D:B3,SN-ROUTER-03507,
02:00:00:00:0D:B4,SN-ONU-03508,
02:00:00:00:0D:B5,SN-ONT-03509,
02:00:00:00:0D:B6,SN-ONU-03510,
02:00:00:00:0D:B7,SN-ROUTER-03511,
02:00:00:00:0D:B8,SN-AP-03512,
02:00:00:00:0D:B9,SN-MODEM-03513,
02:00:00:00:0D:BA,SN-ROUTER-03514,
02:00:00:00:0D:BB,SN-ONU-03515,
02:00:00:00:0D:BC,SN-ONT-03516,
02:00:00:00:0D:BD,SN-ONU-03517,
02:00:00:00:0D:BE,SN-ROUTER-03518,
02:00:00:00:0D:BF,SN-AP-03519,
02:00:00:00:0D:C0,SN-MODEM-03520,
02:00:00:00:0D:C1,SN-ROUTER-03521,
02:00:00:00:0D:C2,SN-ONU-03522,
02:00:00:00:0D:C3,SN-ONT-03523,
02:00:00:00:0D:C4,SN-ONU-03524,
02:00:00:00:0D:C5,SN-ROUTER-03525,
02:00:00:00:0D:C6,SN-AP-03526,
02:00:00:00:0D:C7,SN-MODEM-03527,
02:00:00:00:0D:C8,SN-ROUTER-03528,
02:00:00:00:0D:C9,SN-ONU-03529,
02:00:00:00:0D:CA,SN-ONT-03530,
02:00:00:00:0D:CB,SN-ONU-03531,
02:00:00:00:0D:CC,SN-ROUTER-03532,
02:00:00:00:0D:CD,SN-AP-03533,
02:00:00:00:0D:CE,SN-MODEM-03534,
02:00:00:00:0D:CF,SN-ROUTER-03535,
02:00:00:00:0D:D0,SN-ONU-03536,
02:00:00:00:0D:D1,SN-ONT-03537,
02:00:00:00:0D:D2,SN-ONU-03538,
02:00:00:00:0D:D3,SN-ROUTER-03539,
02:00:00:00:0D:D4,SN-AP-03540,
02:00:00:00:0D:D5,SN-MODEM-03541,
02:00:00:00:0D:D6,SN-ROUTER-03542,
02:00:00:00:0D:D7,SN-ONU-03543,
02:00:00:00:0D:D8,SN-ONT-03544,
02:00:00:00:0D:D9,SN-ONU-03545,
02:00:00:00:0D:DA,SN-ROUTER-03546,
02:00:00:00:0D:DB,SN-AP-03547,
02:00:00:00:0D:DC,SN-MODEM-03548,
02:00:00:00:0D:DD,SN-ROUTER-03549,
02:00:00:00:0D:DE,SN-ONU-03550,
02:00:00:00:0D:DF,SN-ONT-03551,
02:00:00:00:0D:E0,SN-ONU-03552,
02:00:00:00:0D:E1,SN-ROUTER-03553,
02:00:00:00:0D:E2,SN-AP-03554,
02:00:00:00:0D:E3,SN-MODEM-03555,
02:00:00:00:0D:E4,SN-ROUTER-03556,
02:00:00:00:0D:E5,SN-ONU-03557,
02:00:00:00:0D:E6,SN-ONT-03558,
02:00:00:00:0D:E7,SN-ONU-03559,
02:00:00:00:0D:E8,SN-ROUTER-03560,
02:00:00:00:0D:E9,SN-AP-03561,
02:00:00:00:0D:EA,SN-MODEM-03562,
02:00:00:00:0D:EB,SN-ROUTER-03563,
02:00:00:00:0D:EC,SN-ONU-03564,
02:00:00:00:0D:ED,SN-ONT-03565,
02:00:00:00:0D:EE,SN-ONU-03566,
02:00:00:00:0D:EF,SN-ROUTER-03567,
02:00:00:00:0D:F0,SN-AP-03568,
02:00:00:00:0D:F1,SN-MODEM-03569,
02:00:00:00:0D:F2,SN-ROUTER-03570,
02:00:00:00:0D:F3,SN-ONU-03571,
02:00:00:00:0D:F4,SN-ONT-03572,
02:00:00:00:0D:F5,SN-ONU-03573,
02:00:00:00:0D:F6,SN-ROUTER-03574,
02:00:00:00:0D:F7,SN-AP-03575,
02:00:00:00:0D:F8,SN-MODEM-03576,
02:00:00:00:0D:F9,SN-ROUTER-03577,
02:00:00:00:0D:FA,SN-ONU-03578,
02:00:00:00:0D:FB,SN-ONT-03579,
02:00:00:00:0D:FC,SN-ONU-03580,
02:00:00:00:0D:FD,SN-ROUTER-03581,
02:00:00:00:0D:FE,SN-AP-03582,
02:00:00:00:0D:FF,SN-MODEM-03583,
02:00:00:00:0E:00,SN-ROUTER-03584,
02:00:00:00:0E:01,SN-ONU-03585,
02:00:00:00:0E:02,SN-ONT-03586,
02:00:00:00:0E:03,SN-ONU-03587,
02:00:00:00:0E:04,SN-ROUTER-03588,
02:00:00:00:0E:05,SN-AP-03589,
02:00:00:00:0E:06,SN-MODEM-03590,
02:00:00:00:0E:07,SN-ROUTER-03591,
02:00:00:00:0E:08,SN-ONU-03592,
02:00:00:00:0E:09,SN-ONT-03593,
02:00:00:00:0E:0A,SN-ONU-03594,
02:00:00:00:0E:0B,SN-ROUTER-03595,
02:00:00:00:0E:0C,SN-AP-03596,
02:00:00:00:0E:0D,SN-MODEM-03597,
02:00:00:00:0E:0E,SN-ROUTER-03598,
02:00:00:00:0E:0F,SN-ONU-03599,
02:00:00:00:0E:10,SN-ONT-03600,
02:00:00:00:0E:11,SN-ONU-03601,
02:00:00:00:0E:12,SN-ROUTER-03602,
02:00:00:00:0E:13,SN-AP-03603,
02:00:00:00:0E:14,SN-MODEM-03604,
02:00:00:00:0E:15,SN-ROUTER-03605,
02:00:00:00:0E:16,SN-ONU-03606,
02:00:00:00:0E:17,SN-ONT-03607,
02:00:00:00:0E:18,SN-ONU-03608,
02:00:00:00:0E:19,SN-ROUTER-03609,
02:00:00:00:0E:1A,SN-AP-03610,
02:00:00:00:0E:1B,SN-MODEM-03611,
02:00:00:00:0E:1C,SN-ROUTER-03612,
02:00:00:00:0E:1D,SN-ONU-03613,
02:00:00:00:0E:1E,SN-ONT-03614,
02:00:00:00:0E:1F,SN-ONU-03615,
02:00:00:00:0E:20,SN-ROUTER-03616,
02:00:00:00:0E:21,SN-AP-03617,
02:00:00:00:0E:22,SN-MODEM-03618,
02:00:00:00:0E:23,SN-ROUTER-03619,
02:00:00:00:0E:24,SN-ONU-03620,
02:00:00:00:0E:25,SN-ONT-03621,
02:00:00:00:0E:26,SN-ONU-03622,
02:00:00:00:0E:27,SN-ROUTER-03623,
02:00:00:00:0E:28,SN-AP-03624,
02:00:00:00:0E:29,SN-MODEM-03625,
02:00:00:00:0E:2A,SN-ROUTER-03626,
02:00:00:00:0E:2B,SN-ONU-03627,
02:00:00:00:0E:2C,SN-ONT-03628,
02:00:00:00:0E:2D,SN-ONU-03629,
02:00:00:00:0E:2E,SN-ROUTER-03630,
02:00:00:00:0E:2F,SN-AP-03631,
02:00:00:00:0E:30,SN-MODEM-03632,
02:00:00:00:0E:31,SN-ROUTER-03633,
02:00:00:00:0E:32,SN-ONU-03634,
02:00:00:00:0E:33,SN-ONT-03635,
02:00:00:00:0E:34,SN-ONU-03636,
02:00:00:00:0E:35,SN-ROUTER-03637,
02:00:00:00:0E:36,SN-AP-03638,
02:00:00:00:0E:37,SN-MODEM-03639,
02:00:00:00:0E:38,SN-ROUTER-03640,
02:00:00:00:0E:39,SN-ONU-03641,
02:00:00:00:0E:3A,SN-ONT-03642,
02:00:00:00:0E:3B,SN-ONU-03643,
02:00:00:00:0E:3C,SN-ROUTER-03644,
02:00:00:00:0E:3D,SN-AP-03645,
02:00:00:00:0E:3E,SN-MODEM-03646,
02:00:00:00:0E:3F,SN-ROUTER-03647,
02:00:00:00:0E:40,SN-ONU-03648,
02:00:00:00:0E:41,SN-ONT-03649,
02:00:00:00:0E:42,SN-ONU-03650,
02:00:00:00:0E:43,SN-ROUTER-03651,
02:00:00:00:0E:44,SN-AP-03652,
02:00:00:00:0E:45,SN-MODEM-03653,
02:00:00:00:0E:46,SN-ROUTER-03654,
02:00:00:00:0E:47,SN-ONU-03655,
02:00:00:00:0E:48,SN-ONT-03656,
02:00:00:00:0E:49,SN-ONU-03657,
02:00:00:00:0E:4A,SN-ROUTER-03658,
02:00:00:00:0E:4B,SN-AP-03659,
02:00:00:00:0E:4C,SN-MODEM-03660,
02:00:00:00:0E:4D,SN-ROUTER-03661,
02:00:00:00:0E:4E,SN-ONU-03662,
02:00:00:00:0E:4F,SN-ONT-03663,
02:00:00:00:0E:50,SN-ONU-03664,
02:00:00:00:0E:51,SN-ROUTER-03665,
02:00:00:00:0E:52,SN-AP-03666,
02:00:00:00:0E:53,SN-MODEM-03667,
02:00:00:00:0E:54,SN-ROUTER-03668,
02:00:00:00:0E:55,SN-ONU-03669,
02:00:00:00:0E:56,SN-ONT-03670,
02:00:00:00:0E:57,SN-ONU-03671,
02:00:00:00:0E:58,SN-ROUTER-03672,
02:00:00:00:0E:59,SN-AP-03673,
02:00:00:00:0E:5A,SN-MODEM-03674,
02:00:00:00:0E:5B,SN-ROUTER-03675,
02:00:00:00:0E:5C,SN-ONU-03676,
02:00:00:00:0E:5D,SN-ONT-03677,
02:00:00:00:0E:5E,SN-ONU-03678,
02:00:00:00:0E:5F,SN-ROUTER-03679,
02:00:00:00:0E:60,SN-AP-03680,
02:00:00:00:0E:61,SN-MODEM-03681,
02:00:00:00:0E:62,SN-ROUTER-03682,
02:00:00:00:0E:63,SN-ONU-03683,
02:00:00:00:0E:64,SN-ONT-03684,
02:00:00:00:0E:65,SN-ONU-03685,
02:00:00:00:0E:66,SN-ROUTER-03686,
02:00:00:00:0E:67,SN-AP-03687,
02:00:00:00:0E:68,SN-MODEM-03688,
02:00:00:00:0E:69,SN-ROUTER-03689,
02:00:00:00:0E:6A,SN-ONU-03690,
02:00:00:00:0E:6B,SN-ONT-03691,
02:00:00:00:0E:6C,SN-ONU-03692,
02:00:00:00:0E:6D,SN-ROUTER-03693,
02:00:00:00:0E:6E,SN-AP-03694,
02:00:00:00:0E:6F,SN-MODEM-03695,
02:00:00:00:0E:70,SN-ROUTER-03696,
02:00:00:00:0E:71,SN-ONU-03697,
02:00:00:00:0E:72,SN-ONT-03698,
02:00:00:00:0E:73,SN-ONU-03699,
02:00:00:00:0E:74,SN-ROUTER-03700,
02:00:00:00:0E:75,SN-AP-03701,
02:00:00:00:0E:76,SN-MODEM-03702,
02:00:00:00:0E:77,SN-ROUTER-03703,
02:00:00:00:0E:78,SN-ONU-03704,
02:00:00:00:0E:79,SN-ONT-03705,
02:00:00:00:0E:7A,SN-ONU-03706,
02:00:00:00:0E:7B,SN-ROUTER-03707,
02:00:00:00:0E:7C,SN-AP-03708,
02:00:00:00:0E:7D,SN-MODEM-03709,
02:00:00:00:0E:7E,SN-ROUTER-03710,
02:00:00:00:0E:7F,SN-ONU-03711,
02:00:00:00:0E:80,SN-ONT-03712,
02:00:00:00:0E:81,SN-ONU-03713,
02:00:00:00:0E:82,SN-ROUTER-03714,
02:00:00:00:0E:83,SN-AP-03715,
02:00:00:00:0E:84,SN-MODEM-03716,
02:00:00:00:0E:85,SN-ROUTER-03717,
02:00:00:00:0E:86,SN-ONU-03718,
02:00:00:00:0E:87,SN-ONT-03719,
02:00:00:00:0E:88,SN-ONU-03720,
02:00:00:00:0E:89,SN-ROUTER-03721,
02:00:00:00:0E:8A,SN-AP-03722,
02:00:00:00:0E:8B,SN-MODEM-03723,
02:00:00:00:0E:8C,SN-ROUTER-03724,
02:00:00:00:0E:8D,SN-ONU-03725,
02:00:00:00:0E:8E,SN-ONT-03726,
02:00:00:00:0E:8F,SN-ONU-03727,
02:00:00:00:0E:90,SN-ROUTER-03728,
02:00:00:00:0E:91,SN-AP-03729,
02:00:00:00:0E:92,SN-MODEM-03730,
02:00:00:00:0E:93,SN-ROUTER-03731,
02:00:00:00:0E:94,SN-ONU-03732,
02:00:00:00:0E:95,SN-ONT-03733,
02:00:00:00:0E:96,SN-ONU-03734,
02:00:00:00:0E:97,SN-ROUTER-03735,
02:00:00:00:0E:98,SN-AP-03736,
02:00:00:00:0E:99,SN-MODEM-03737,
02:00:00:00:0E:9A,SN-ROUTER-03738,
02:00:00:00:0E:9B,SN-ONU-03739,
02:00:00:00:0E:9C,SN-ONT-03740,
02:00:00:00:0E:9D,SN-ONU-03741,
02:00:00:00:0E:9E,SN-ROUTER-03742,
02:00:00:00:0E:9F,SN-AP-03743,
02:00:00:00:0E:A0,SN-MODEM-03744,
02:00:00:00:0E:A1,SN-ROUTER-03745,
02:00:00:00:0E:A2,SN-ONU-03746,
02:00:00:00:0E:A3,SN-ONT-03747,
02:00:00:00:0E:A4,SN-ONU-03748,
02:00:00:00:0E:A5,SN-ROUTER-03749,
02:00:00:00:0E:A6,SN-AP-03750,
02:00:00:00:0E:A7,SN-MODEM-03751,
02:00:00:00:0E:A8,SN-ROUTER-03752,
02:00:00:00:0E:A9,SN-ONU-03753,
02:00:00:00:0E:AA,SN-ONT-03754,
02:00:00:00:0E:AB,SN-ONU-03755,
02:00:00:00:0E:AC,SN-ROUTER-03756,
02:00:00:00:0E:AD,SN-AP-03757,
02:00:00:00:0E:AE,SN-MODEM-03758,
02:00:00:00:0E:AF,SN-ROUTER-03759,
02:00:00:00:0E:B0,SN-ONU-03760,
02:00:00:00:0E:B1,SN-ONT-03761,
02:00:00:00:0E:B2,SN-ONU-03762,
02:00:00:00:0E:B3,SN-ROUTER-03763,
02:00:00:00:0E:B4,SN-AP-03764,
02:00:00:00:0E:B5,SN-MODEM-03765,
02:00:00:00:0E:B6,SN-ROUTER-03766,
02:00:00:00:0E:B7,SN-ONU-03767,
02:00:00:00:0E:B8,SN-ONT-03768,
02:00:00:00:0E:B9,SN-ONU-03769,
02:00:00:00:0E:BA,SN-ROUTER-03770,
02:00:00:00:0E:BB,SN-AP-03771,
02:00:00:00:0E:BC,SN-MODEM-03772,
02:00:00:00:0E:BD,SN-ROUTER-03773,
02:00:00:00:0E:BE,SN-ONU-03774,
02:00:00:00:0E:BF,SN-ONT-03775,
02:00:00:00:0E:C0,SN-ONU-03776,
02:00:00:00:0E:C1,SN-ROUTER-03777,
02:00:00:00:0E:C2,SN-AP-03778,
02:00:00:00:0E:C3,SN-MODEM-03779,
02:00:00:00:0E:C4,SN-ROUTER-03780,
02:00:00:00:0E:C5,SN-ONU-03781,
02:00:00:00:0E:C6,SN-ONT-03782,
02:00:00:00:0E:C7,SN-ONU-03783,
02:00:00:00:0E:C8,SN-ROUTER-03784,
02:00:00:00:0E:C9,SN-AP-03785,
02:00:00:00:0E:CA,SN-MODEM-03786,
02:00:00:00:0E:CB,SN-ROUTER-03787,
02:00:00:00:0E:CC,SN-ONU-03788,
02:00:00:00:0E:CD,SN-ONT-03789,
02:00:00:00:0E:CE,SN-ONU-03790,
02:00:00:00:0E:CF,SN-ROUTER-03791,
02:00:00:00:0E:D0,SN-AP-03792,
02:00:00:00:0E:D1,SN-MODEM-03793,
02:00:00:00:0E:D2,SN-ROUTER-03794,
02:00:00:00:0E:D3,SN-ONU-03795,
02:00:00:00:0E:D4,SN-ONT-03796,
02:00:00:00:0E:D5,SN-ONU-03797,
02:00:00:00:0E:D6,SN-ROUTER-03798,
02:00:00:00:0E:D7,SN-AP-03799,
02:00:00:00:0E:D8,SN-MODEM-03800,
02:00:00:00:0E:D9,SN-ROUTER-03801,
02:00:00:00:0E:DA,SN-ONU-03802,
02:00:00:00:0E:DB,SN-ONT-03803,
02:00:00:00:0E:DC,SN-ONU-03804,
02:00:00:00:0E:DD,SN-ROUTER-03805,
02:00:00:00:0E:DE,SN-AP-03806,
02:00:00:00:0E:DF,SN-MODEM-03807,
02:00:00:00:0E:E0,SN-ROUTER-03808,
02:00:00:00:0E:E1,SN-ONU-03809,
02:00:00:00:0E:E2,SN-ONT-03810,
02:00:00:00:0E:E3,SN-ONU-03811,
02:00:00:00:0E:E4,SN-ROUTER-03812,
02:00:00:00:0E:E5,SN-AP-03813,
02:00:00:00:0E:E6,SN-MODEM-03814,
02:00:00:00:0E:E7,SN-ROUTER-03815,
02:00:00:00:0E:E8,SN-ONU-03816,
02:00:00:00:0E:E9,SN-ONT-03817,
02:00:00:00:0E:EA,SN-ONU-03818,
02:00:00:00:0E:EB,SN-ROUTER-03819,
02:00:00:00:0E:EC,SN-AP-03820,
02:00:00:00:0E:ED,SN-MODEM-03821,
02:00:00:00:0E:EE,SN-ROUTER-03822,
02:00:00:00:0E:EF,SN-ONU-03823,
02:00:00:00:0E:F0,SN-ONT-03824,
02:00:00:00:0E:F1,SN-ONU-03825,
02:00:00:00:0E:F2,SN-ROUTER-03826,
02:00:00:00:0E:F3,SN-AP-03827,
02:00:00:00:0E:F4,SN-MODEM-03828,
02:00:00:00:0E:F5,SN-ROUTER-03829,
02:00:00:00:0E:F6,SN-ONU-03830,
02:00:00:00:0E:F7,SN-ONT-03831,
02:00:00:00:0E:F8,SN-ONU-03832,
02:00:00:00:0E:F9,SN-ROUTER-03833,
02:00:00:00:0E:FA,SN-AP-03834,
02:00:00:00:0E:FB,SN-MODEM-03835,
02:00:00:00:0E:FC,SN-ROUTER-03836,
02:00:00:00:0E:FD,SN-ONU-03837,
02:00:00:00:0E:FE,SN-ONT-03838,
02:00:00:00:0E:FF,SN-ONU-03839,
02:00:00:00:0F:00,SN-ROUTER-03840,
02:00:00:00:0F:01,SN-AP-03841,
02:00:00:00:0F:02,SN-MODEM-03842,
02:00:00:00:0F:03,SN-ROUTER-03843,
02:00:00:00:0F:04,SN-ONU-03844,
02:00:00:00:0F:05,SN-ONT-03845,
02:00:00:00:0F:06,SN-ONU-03846,
02:00:00:00:0F:07,SN-ROUTER-03847,
02:00:00:00:0F:08,SN-AP-03848,
02:00:00:00:0F:09,SN-MODEM-03849,
02:00:00:00:0F:0A,SN-ROUTER-03850,
02:00:00:00:0F:0B,SN-ONU-03851,
02:00:00:00:0F:0C,SN-ONT-03852,
02:00:00:00:0F:0D,SN-ONU-03853,
02:00:00:00:0F:0E,SN-ROUTER-03854,
02:00:00:00:0F:0F,SN-AP-03855,
02:00:00:00:0F:10,SN-MODEM-03856,
02:00:00:00:0F:11,SN-ROUTER-03857,
02:00:00:00:0F:12,SN-ONU-03858,
02:00:00:00:0F:13,SN-ONT-03859,
02:00:00:00:0F:14,SN-ONU-03860,
02:00:00:00:0F:15,SN-ROUTER-03861,
02:00:00:00:0F:16,SN-AP-03862,
02:00:00:00:0F:17,SN-MODEM-03863,
02:00:00:00:0F:18,SN-ROUTER-03864,
02:00:00:00:0F:19,SN-ONU-03865,
02:00:00:00:0F:1A,SN-ONT-03866,
02:00:00:00:0F:1B,SN-ONU-03867,
02:00:00:00:0F:1C,SN-ROUTER-03868,
02:00:00:00:0F:1D,SN-AP-03869,
02:00:00:00:0F:1E,SN-MODEM-03870,
02:00:00:00:0F:1F,SN-ROUTER-03871,
02:00:00:00:0F:20,SN-ONU-03872,
02:00:00:00:0F:21,SN-ONT-03873,
02:00:00:00:0F:22,SN-ONU-03874,
02:00:00:00:0F:23,SN-ROUTER-03875,
02:00:00:00:0F:24,SN-AP-03876,
02:00:00:00:0F:25,SN-MODEM-03877,
02:00:00:00:0F:26,SN-ROUTER-03878,
02:00:00:00:0F:27,SN-ONU-03879,
02:00:00:00:0F:28,SN-ONT-03880,
02:00:00:00:0F:29,SN-ONU-03881,
02:00:00:00:0F:2A,SN-ROUTER-03882,
02:00:00:00:0F:2B,SN-AP-03883,
02:00:00:00:0F:2C,SN-MODEM-03884,
02:00:00:00:0F:2D,SN-ROUTER-03885,
02:00:00:00:0F:2E,SN-ONU-03886,
02:00:00:00:0F:2F,SN-ONT-03887,
02:00:00:00:0F:30,SN-ONU-03888,
02:00:00:00:0F:31,SN-ROUTER-03889,
02:00:00:00:0F:32,SN-AP-03890,
02:00:00:00:0F:33,SN-MODEM-03891,
02:00:00:00:0F:34,SN-ROUTER-03892,
02:00:00:00:0F:35,SN-ONU-03893,
02:00:00:00:0F:36,SN-ONT-03894,
02:00:00:00:0F:37,SN-ONU-03895,
02:00:00:00:0F:38,SN-ROUTER-03896,
02:00:00:00:0F:39,SN-AP-03897,
02:00:00:00:0F:3A,SN-MODEM-03898,
02:00:00:00:0F:3B,SN-ROUTER-03899,
02:00:00:00:0F:3C,SN-ONU-03900,
02:00:00:00:0F:3D,SN-ONT-03901,
02:00:00:00:0F:3E,SN-ONU-03902,
02:00:00:00:0F:3F,SN-ROUTER-03903,
02:00:00:00:0F:40,SN-AP-03904,
02:00:00:00:0F:41,SN-MODEM-03905,
02:00:00:00:0F:42,SN-ROUTER-03906,
02:00:00:00:0F:43,SN-ONU-03907,
02:00:00:00:0F:44,SN-ONT-03908,
02:00:00:00:0F:45,SN-ONU-03909,
02:00:00:00:0F:46,SN-ROUTER-03910,
02:00:00:00:0F:47,SN-AP-03911,
02:00:00:00:0F:48,SN-MODEM-03912,
02:00:00:00:0F:49,SN-ROUTER-03913,
02:00:00:00:0F:4A,SN-ONU-03914,
02:00:00:00:0F:4B,SN-ONT-03915,
02:00:00:00:0F:4C,SN-ONU-03916,
02:00:00:00:0F:4D,SN-ROUTER-03917,
02:00:00:00:0F:4E,SN-AP-03918,
02:00:00:00:0F:4F,SN-MODEM-03919,
02:00:00:00:0F:50,SN-ROUTER-03920,
02:00:00:00:0F:51,SN-ONU-03921,
02:00:00:00:0F:52,SN-ONT-03922,
02:00:00:00:0F:53,SN-ONU-03923,
02:00:00:00:0F:54,SN-ROUTER-03924,
02:00:00:00:0F:55,SN-AP-03925,
02:00:00:00:0F:56,SN-MODEM-03926,
02:00:00:00:0F:57,SN-ROUTER-03927,
02:00:00:00:0F:58,SN-ONU-03928,
02:00:00:00:0F:59,SN-ONT-03929,
02:00:00:00:0F:5A,SN-ONU-03930,
02:00:00:00:0F:5B,SN-ROUTER-03931,
02:00:00:00:0F:5C,SN-AP-03932,
02:00:00:00:0F:5D,SN-MODEM-03933,
02:00:00:00:0F:5E,SN-ROUTER-03934,
02:00:00:00:0F:5F,SN-ONU-03935,
02:00:00:00:0F:60,SN-ONT-03936,
02:00:00:00:0F:61,SN-ONU-03937,
02:00:00:00:0F:62,SN-ROUTER-03938,
02:00:00:00:0F:63,SN-AP-03939,
02:00:00:00:0F:64,SN-MODEM-03940,
02:00:00:00:0F:65,SN-ROUTER-03941,
02:00:00:00:0F:66,SN-ONU-03942,
02:00:00:00:0F:67,SN-ONT-03943,
02:00:00:00:0F:68,SN-ONU-03944,
02:00:00:00:0F:69,SN-ROUTER-03945,
02:00:00:00:0F:6A,SN-AP-03946,
02:00:00:00:0F:6B,SN-MODEM-03947,
02:00:00:00:0F:6C,SN-ROUTER-03948,
02:00:00:00:0F:6D,SN-ONU-03949,
02:00:00:00:0F:6E,SN-ONT-03950,
02:00:00:00:0F:6F,SN-ONU-03951,
02:00:00:00:0F:70,SN-ROUTER-03952,
02:00:00:00:0F:71,SN-AP-03953,
02:00:00:00:0F:72,SN-MODEM-03954,
02:00:00:00:0F:73,SN-ROUTER-03955,
02:00:00:00:0F:74,SN-ONU-03956,
02:00:00:00:0F:75,SN-ONT-03957,
02:00:00:00:0F:76,SN-ONU-03958,
02:00:00:00:0F:77,SN-ROUTER-03959,
02:00:00:00:0F:78,SN-AP-03960,
02:00:00:00:0F:79,SN-MODEM-03961,
02:00:00:00:0F:7A,SN-ROUTER-03962,
02:00:00:00:0F:7B,SN-ONU-03963,
02:00:00:00:0F:7C,SN-ONT-03964,
02:00:00:00:0F:7D,SN-ONU-03965,
02:00:00:00:0F:7E,SN-ROUTER-03966,
02:00:00:00:0F:7F,SN-AP-03967,
02:00:00:00:0F:80,SN-MODEM-03968,
02:00:00:00:0F:81,SN-ROUTER-03969,
02:00:00:00:0F:82,SN-ONU-03970,
02:00:00:00:0F:83,SN-ONT-03971,
02:00:00:00:0F:84,SN-ONU-03972,
02:00:00:00:0F:85,SN-ROUTER-03973,
02:00:00:00:0F:86,SN-AP-03974,
02:00:00:00:0F:87,SN-MODEM-03975,
02:00:00:00:0F:88,SN-ROUTER-03976,
02:00:00:00:0F:89,SN-ONU-03977,
02:00:00:00:0F:8A,SN-ONT-03978,
02:00:00:00:0F:8B,SN-ONU-03979,
02:00:00:00:0F:8C,SN-ROUTER-03980,
02:00:00:00:0F:8D,SN-AP-03981,
02:00:00:00:0F:8E,SN-MODEM-03982,
02:00:00:00:0F:8F,SN-ROUTER-03983,
02:00:00:00:0F:90,SN-ONU-03984,
02:00:00:00:0F:91,SN-ONT-03985,
02:00:00:00:0F:92,SN-ONU-03986,
02:00:00:00:0F:93,SN-ROUTER-03987,
02:00:00:00:0F:94,SN-AP-03988,
02:00:00:00:0F:95,SN-MODEM-03989,
02:00:00:00:0F:96,SN-ROUTER-03990,
02:00:00:00:0F:97,SN-ONU-03991,
02:00:00:00:0F:98,SN-ONT-03992,
02:00:00:00:0F:99,SN-ONU-03993,
02:00:00:00:0F:9A,SN-ROUTER-03994,
02:00:00:00:0F:9B,SN-AP-03995,
02:00:00:00:0F:9C,SN-MODEM-03996,
02:00:00:00:0F:9D,SN-ROUTER-03997,
02:00:00:00:0F:9E,SN-ONU-03998,
02:00:00:00:0F:9F,SN-ONT-03999,
02:00:00:00:0F:A0,SN-ONU-04000,
02:00:00:00:0F:A1,SN-ROUTER-04001,
02:00:00:00:0F:A2,SN-AP-04002,
02:00:00:00:0F:A3,SN-MODEM-04003,
02:00:00:00:0F:A4,SN-ROUTER-04004,
02:00:00:00:0F:A5,SN-ONU-04005,
02:00:00:00:0F:A6,SN-ONT-04006,
02:00:00:00:0F:A7,SN-ONU-04007,
02:00:00:00:0F:A8,SN-ROUTER-04008,
02:00:00:00:0F:A9,SN-AP-04009,
02:00:00:00:0F:AA,SN-MODEM-04010,
02:00:00:00:0F:AB,SN-ROUTER-04011,
02:00:00:00:0F:AC,SN-ONU-04012,
02:00:00:00:0F:AD,SN-ONT-04013,
02:00:00:00:0F:AE,SN-ONU-04014,
02:00:00:00:0F:AF,SN-ROUTER-04015,
02:00:00:00:0F:B0,SN-AP-04016,
02:00:00:00:0F:B1,SN-MODEM-04017,
02:00:00:00:0F:B2,SN-ROUTER-04018,
02:00:00:00:0F:B3,SN-ONU-04019,
02:00:00:00:0F:B4,SN-ONT-04020,
02:00:00:00:0F:B5,SN-ONU-04021,
02:00:00:00:0F:B6,SN-ROUTER-04022,
02:00:00:00:0F:B7,SN-AP-04023,
02:00:00:00:0F:B8,SN-MODEM-04024,
02:00:00:00:0F:B9,SN-ROUTER-04025,
02:00:00:00:0F:BA,SN-ONU-04026,
02:00:00:00:0F:BB,SN-ONT-04027,
02:00:00:00:0F:BC,SN-ONU-04028,
02:00:00:00:0F:BD,SN-ROUTER-04029,
02:00:00:00:0F:BE,SN-AP-04030,
02:00:00:00:0F:BF,SN-MODEM-04031,
02:00:00:00:0F:C0,SN-ROUTER-04032,
02:00:00:00:0F:C1,SN-ONU-04033,
02:00:00:00:0F:C2,SN-ONT-04034,
02:00:00:00:0F:C3,SN-ONU-04035,
02:00:00:00:0F:C4,SN-ROUTER-04036,
02:00:00:00:0F:C5,SN-AP-04037,
02:00:00:00:0F:C6,SN-MODEM-04038,
02:00:00:00:0F:C7,SN-ROUTER-04039,
02:00:00:00:0F:C8,SN-ONU-04040,
02:00:00:00:0F:C9,SN-ONT-04041,
02:00:00:00:0F:CA,SN-ONU-04042,
02:00:00:00:0F:CB,SN-ROUTER-04043,
02:00:00:00:0F:CC,SN-AP-04044,
02:00:00:00:0F:CD,SN-MODEM-04045,
02:00:00:00:0F:CE,SN-ROUTER-04046,
02:00:00:00:0F:CF,SN-ONU-04047,
02:00:00:00:0F:D0,SN-ONT-04048,
02:00:00:00:0F:D1,SN-ONU-04049,
02:00:00:00:0F:D2,SN-ROUTER-04050,
02:00:00:00:0F:D3,SN-AP-04051,
02:00:00:00:0F:D4,SN-MODEM-04052,
02:00:00:00:0F:D5,SN-ROUTER-04053,
02:00:00:00:0F:D6,SN-ONU-04054,
02:00:00:00:0F:D7,SN-ONT-04055,
02:00:00:00:0F:D8,SN-ONU-04056,
02:00:00:00:0F:D9,SN-ROUTER-04057,
02:00:00:00:0F:DA,SN-AP-04058,
02:00:00:00:0F:DB,SN-MODEM-04059,
02:00:00:00:0F:DC,SN-ROUTER-04060,
02:00:00:00:0F:DD,SN-ONU-04061,
02:00:00:00:0F:DE,SN-ONT-04062,
02:00:00:00:0F:DF,SN-ONU-04063,
02:00:00:00:0F:E0,SN-ROUTER-04064,
02:00:00:00:0F:E1,SN-AP-04065,
02:00:00:00:0F:E2,SN-MODEM-04066,
02:00:00:00:0F:E3,SN-ROUTER-04067,
02:00:00:00:0F:E4,SN-ONU-04068,
02:00:00:00:0F:E5,SN-ONT-04069,
02:00:00:00:0F:E6,SN-ONU-04070,
02:00:00:00:0F:E7,SN-ROUTER-04071,
02:00:00:00:0F:E8,SN-AP-04072,
02:00:00:00:0F:E9,SN-MODEM-04073,
02:00:00:00:0F:EA,SN-ROUTER-04074,
02:00:00:00:0F:EB,SN-ONU-04075,
02:00:00:00:0F:EC,SN-ONT-04076,
02:00:00:00:0F:ED,SN-ONU-04077,
02:00:00:00:0F:EE,SN-ROUTER-04078,
02:00:00:00:0F:EF,SN-AP-04079,
02:00:00:00:0F:F0,SN-MODEM-04080,
02:00:00:00:0F:F1,SN-ROUTER-04081,
02:00:00:00:0F:F2,SN-ONU-04082,
02:00:00:00:0F:F3,SN-ONT-04083,
02:00:00:00:0F:F4,SN-ONU-04084,
02:00:00:00:0F:F5,SN-ROUTER-04085,
02:00:00:00:0F:F6,SN-AP-04086,
02:00:00:00:0F:F7,SN-MODEM-04087,
02:00:00:00:0F:F8,SN-ROUTER-04088,
02:00:00:00:0F:F9,SN-ONU-04089,
02:00:00:00:0F:FA,SN-ONT-04090,
02:00:00:00:0F:FB,SN-ONU-04091,
02:00:00:00:0F:FC,SN-ROUTER-04092,
02:00:00:00:0F:FD,SN-AP-04093,
02:00:00:00:0F:FE,SN-MODEM-04094,
02:00:00:00:0F:FF,SN-ROUTER-04095,
02:00:00:00:10:00,SN-ONU-04096,
02:00:00:00:10:01,SN-ONT-04097,
02:00:00:00:10:02,SN-ONU-04098,
02:00:00:00:10:03,SN-ROUTER-04099,
02:00:00:00:10:04,SN-AP-04100,
02:00:00:00:10:05,SN-MODEM-04101,
02:00:00:00:10:06,SN-ROUTER-04102,
02:00:00:00:10:07,SN-ONU-04103,
02:00:00:00:10:08,SN-ONT-04104,
02:00:00:00:10:09,SN-ONU-04105,
02:00:00:00:10:0A,SN-ROUTER-04106,
02:00:00:00:10:0B,SN-AP-04107,
02:00:00:00:10:0C,SN-MODEM-04108,
02:00:00:00:10:0D,SN-ROUTER-04109,
02:00:00:00:10:0E,SN-ONU-04110,
02:00:00:00:10:0F,SN-ONT-04111,
02:00:00:00:10:10,SN-ONU-04112,
02:00:00:00:10:11,SN-ROUTER-04113,
02:00:00:00:10:12,SN-AP-04114,
02:00:00:00:10:13,SN-MODEM-04115,
02:00:00:00:10:14,SN-ROUTER-04116,
02:00:00:00:10:15,SN-ONU-04117,
02:00:00:00:10:16,SN-ONT-04118,
02:00:00:00:10:17,SN-ONU-04119,
02:00:00:00:10:18,SN-ROUTER-04120,
02:00:00:00:10:19,SN-AP-04121,
02:00:00:00:10:1A,SN-MODEM-04122,
02:00:00:00:10:1B,SN-ROUTER-04123,
02:00:00:00:10:1C,SN-ONU-04124,
02:00:00:00:10:1D,SN-ONT-04125,
02:00:00:00:10:1E,SN-ONU-04126,
02:00:00:00:10:1F,SN-ROUTER-04127,
02:00:00:00:10:20,SN-AP-04128,
02:00:00:00:10:21,SN-MODEM-04129,
02:00:00:00:10:22,SN-ROUTER-04130,
02:00:00:00:10:23,SN-ONU-04131,
02:00:00:00:10:24,SN-ONT-04132,
02:00:00:00:10:25,SN-ONU-04133,
02:00:00:00:10:26,SN-ROUTER-04134,
02:00:00:00:10:27,SN-AP-04135,
02:00:00:00:10:28,SN-MODEM-04136,
02:00:00:00:10:29,SN-ROUTER-04137,
02:00:00:00:10:2A,SN-ONU-04138,
02:00:00:00:10:2B,SN-ONT-04139,
02:00:00:00:10:2C,SN-ONU-04140,
02:00:00:00:10:2D,SN-ROUTER-04141,
02:00:00:00:10:2E,SN-AP-04142,
02:00:00:00:10:2F,SN-MODEM-04143,
02:00:00:00:10:30,SN-ROUTER-04144,
02:00:00:00:10:31,SN-ONU-04145,
02:00:00:00:10:32,SN-ONT-04146,
02:00:00:00:10:33,SN-ONU-04147,
02:00:00:00:10:34,SN-ROUTER-04148,
02:00:00:00:10:35,SN-AP-04149,
02:00:00:00:10:36,SN-MODEM-04150,
02:00:00:00:10:37,SN-ROUTER-04151,
02:00:00:00:10:38,SN-ONU-04152,
02:00:00:00:10:39,SN-ONT-04153,
02:00:00:00:10:3A,SN-ONU-04154,
02:00:00:00:10:3B,SN-ROUTER-04155,
02:00:00:00:10:3C,SN-AP-04156,
02:00:00:00:10:3D,SN-MODEM-04157,
02:00:00:00:10:3E,SN-ROUTER-04158,
02:00:00:00:10:3F,SN-ONU-04159,
02:00:00:00:10:40,SN-ONT-04160,
02:00:00:00:10:41,SN-ONU-04161,
02:00:00:00:10:42,SN-ROUTER-04162,
02:00:00:00:10:43,SN-AP-04163,
02:00:00:00:10:44,SN-MODEM-04164,
02:00:00:00:10:45,SN-ROUTER-04165,
02:00:00:00:10:46,SN-ONU-04166,
02:00:00:00:10:47,SN-ONT-04167,
02:00:00:00:10:48,SN-ONU-04168,
02:00:00:00:10:49,SN-ROUTER-04169,
02:00:00:00:10:4A,SN-AP-04170,
02:00:00:00:10:4B,SN-MODEM-04171,
02:00:00:00:10:4C,SN-ROUTER-04172,
02:00:00:00:10:4D,SN-ONU-04173,
02:00:00:00:10:4E,SN-ONT-04174,
02:00:00:00:10:4F,SN-ONU-04175,
02:00:00:00:10:50,SN-ROUTER-04176,
02:00:00:00:10:51,SN-AP-04177,
02:00:00:00:10:52,SN-MODEM-04178,
02:00:00:00:10:53,SN-ROUTER-04179,
02:00:00:00:10:54,SN-ONU-04180,
02:00:00:00:10:55,SN-ONT-04181,
02:00:00:00:10:56,SN-ONU-04182,
02:00:00:00:10:57,SN-ROUTER-04183,
02:00:00:00:10:58,SN-AP-04184,
02:00:00:00:10:59,SN-MODEM-04185,
02:00:00:00:10:5A,SN-ROUTER-04186,
02:00:00:00:10:5B,SN-ONU-04187,
02:00:00:00:10:5C,SN-ONT-04188,
02:00:00:00:10:5D,SN-ONU-04189,
02:00:00:00:10:5E,SN-ROUTER-04190,
02:00:00:00:10:5F,SN-AP-04191,
02:00:00:00:10:60,SN-MODEM-04192,
02:00:00:00:10:61,SN-ROUTER-04193,
02:00:00:00:10:62,SN-ONU-04194,
02:00:00:00:10:63,SN-ONT-04195,
02:00:00:00:10:64,SN-ONU-04196,
02:00:00:00:10:65,SN-ROUTER-04197,
02:00:00:00:10:66,SN-AP-04198,
02:00:00:00:10:67,SN-MODEM-04199,
02:00:00:00:10:68,SN-ROUTER-04200,
02:00:00:00:10:69,SN-ONU-04201,
02:00:00:00:10:6A,SN-ONT-04202,
02:00:00:00:10:6B,SN-ONU-04203,
02:00:00:00:10:6C,SN-ROUTER-04204,
02:00:00:00:10:6D,SN-AP-04205,
02:00:00:00:10:6E,SN-MODEM-04206,
02:00:00:00:10:6F,SN-ROUTER-04207,
02:00:00:00:10:70,SN-ONU-04208,
02:00:00:00:10:71,SN-ONT-04209,
02:00:00:00:10:72,SN-ONU-04210,
02:00:00:00:10:73,SN-ROUTER-04211,
02:00:00:00:10:74,SN-AP-04212,
02:00:00:00:10:75,SN-MODEM-04213,
02:00:00:00:10:76,SN-ROUTER-04214,
02:00:00:00:10:77,SN-ONU-04215,
02:00:00:00:10:78,SN-ONT-04216,
02:00:00:00:10:79,SN-ONU-04217,
02:00:00:00:10:7A,SN-ROUTER-04218,
02:00:00:00:10:7B,SN-AP-04219,
02:00:00:00:10:7C,SN-MODEM-04220,
02:00:00:00:10:7D,SN-ROUTER-04221,
02:00:00:00:10:7E,SN-ONU-04222,
02:00:00:00:10:7F,SN-ONT-04223,
02:00:00:00:10:80,SN-ONU-04224,
02:00:00:00:10:81,SN-ROUTER-04225,
02:00:00:00:10:82,SN-AP-04226,
02:00:00:00:10:83,SN-MODEM-04227,
02:00:00:00:10:84,SN-ROUTER-04228,
02:00:00:00:10:85,SN-ONU-04229,
02:00:00:00:10:86,SN-ONT-04230,
02:00:00:00:10:87,SN-ONU-04231,
02:00:00:00:10:88,SN-ROUTER-04232,
02:00:00:00:10:89,SN-AP-04233,
02:00:00:00:10:8A,SN-MODEM-04234,
02:00:00:00:10:8B,SN-ROUTER-04235,
02:00:00:00:10:8C,SN-ONU-04236,
02:00:00:00:10:8D,SN-ONT-04237,
02:00:00:00:10:8E,SN-ONU-04238,
02:00:00:00:10:8F,SN-ROUTER-04239,
02:00:00:00:10:90,SN-AP-04240,
02:00:00:00:10:91,SN-MODEM-04241,
02:00:00:00:10:92,SN-ROUTER-04242,
02:00:00:00:10:93,SN-ONU-04243,
02:00:00:00:10:94,SN-ONT-04244,
02:00:00:00:10:95,SN-ONU-04245,
02:00:00:00:10:96,SN-ROUTER-04246,
02:00:00:00:10:97,SN-AP-04247,
02:00:00:00:10:98,SN-MODEM-04248,
02:00:00:00:10:99,SN-ROUTER-04249,
02:00:00:00:10:9A,SN-ONU-04250,
02:00:00:00:10:9B,SN-ONT-04251,
02:00:00:00:10:9C,SN-ONU-04252,
02:00:00:00:10:9D,SN-ROUTER-04253,
02:00:00:00:10:9E,SN-AP-04254,
02:00:00:00:10:9F,SN-MODEM-04255,
02:00:00:00:10:A0,SN-ROUTER-04256,
02:00:00:00:10:A1,SN-ONU-04257,
02:00:00:00:10:A2,SN-ONT-04258,
02:00:00:00:10:A3,SN-ONU-04259,
02:00:00:00:10:A4,SN-ROUTER-04260,
02:00:00:00:10:A5,SN-AP-04261,
02:00:00:00:10:A6,SN-MODEM-04262,
02:00:00:00:10:A7,SN-ROUTER-04263,
02:00:00:00:10:A8,SN-ONU-04264,
02:00:00:00:10:A9,SN-ONT-04265,
02:00:00:00:10:AA,SN-ONU-04266,
02:00:00:00:10:AB,SN-ROUTER-04267,
02:00:00:00:10:AC,SN-AP-04268,
02:00:00:00:10:AD,SN-MODEM-04269,
02:00:00:00:10:AE,SN-ROUTER-04270,
02:00:00:00:10:AF,SN-ONU-04271,
02:00:00:00:10:B0,SN-ONT-04272,
02:00:00:00:10:B1,SN-ONU-04273,
02:00:00:00:10:B2,SN-ROUTER-04274,
02:00:00:00:10:B3,SN-AP-04275,
02:00:00:00:10:B4,SN-MODEM-04276,
02:00:00:00:10:B5,SN-ROUTER-04277,
02:00:00:00:10:B6,SN-ONU-04278,
02:00:00:00:10:B7,SN-ONT-04279,
02:00:00:00:10:B8,SN-ONU-04280,
02:00:00:00:10:B9,SN-ROUTER-04281,
02:00:00:00:10:BA,SN-AP-04282,
02:00:00:00:10:BB,SN-MODEM-04283,
02:00:00:00:10:BC,SN-ROUTER-04284,
02:00:00:00:10:BD,SN-ONU-04285,
02:00:00:00:10:BE,SN-ONT-04286,
02:00:00:00:10:BF,SN-ONU-04287,
02:00:00:00:10:C0,SN-ROUTER-04288,
02:00:00:00:10:C1,SN-AP-04289,
02:00:00:00:10:C2,SN-MODEM-04290,
02:00:00:00:10:C3,SN-ROUTER-04291,
02:00:00:00:10:C4,SN-ONU-04292,
02:00:00:00:10:C5,SN-ONT-04293,
02:00:00:00:10:C6,SN-ONU-04294,
02:00:00:00:10:C7,SN-ROUTER-04295,
02:00:00:00:10:C8,SN-AP-04296,
02:00:00:00:10:C9,SN-MODEM-04297,
02:00:00:00:10:CA,SN-ROUTER-04298,
02:00:00:00:10:CB,SN-ONU-04299,
02:00:00:00:10:CC,SN-ONT-04300,
02:00:00:00:10:CD,SN-ONU-04301,
02:00:00:00:10:CE,SN-ROUTER-04302,
02:00:00:00:10:CF,SN-AP-04303,
02:00:00:00:10:D0,SN-MODEM-04304,
02:00:00:00:10:D1,SN-ROUTER-04305,
02:00:00:00:10:D2,SN-ONU-04306,
02:00:00:00:10:D3,SN-ONT-04307,
02:00:00:00:10:D4,SN-ONU-04308,
02:00:00:00:10:D5,SN-ROUTER-04309,
02:00:00:00:10:D6,SN-AP-04310,
02:00:00:00:10:D7,SN-MODEM-04311,
02:00:00:00:10:D8,SN-ROUTER-04312,
02:00:00:00:10:D9,SN-ONU-04313,
02:00:00:00:10:DA,SN-ONT-04314,
02:00:00:00:10:DB,SN-ONU-04315,
02:00:00:00:10:DC,SN-ROUTER-04316,
02:00:00:00:10:DD,SN-AP-04317,
02:00:00:00:10:DE,SN-MODEM-04318,
02:00:00:00:10:DF,SN-ROUTER-04319,
02:00:00:00:10:E0,SN-ONU-04320,
02:00:00:00:10:E1,SN-ONT-04321,
02:00:00:00:10:E2,SN-ONU-04322,
02:00:00:00:10:E3,SN-ROUTER-04323,
02:00:00:00:10:E4,SN-AP-04324,
02:00:00:00:10:E5,SN-MODEM-04325,
02:00:00:00:10:E6,SN-ROUTER-04326,
02:00:00:00:10:E7,SN-ONU-04327,
02:00:00:00:10:E8,SN-ONT-04328,
02:00:00:00:10:E9,SN-ONU-04329,
02:00:00:00:10:EA,SN-ROUTER-04330,
02:00:00:00:10:EB,SN-AP-04331,
02:00:00:00:10:EC,SN-MODEM-04332,
02:00:00:00:10:ED,SN-ROUTER-04333,
02:00:00:00:10:EE,SN-ONU-04334,
02:00:00:00:10:EF,SN-ONT-04335,
02:00:00:00:10:F0,SN-ONU-04336,
02:00:00:00:10:F1,SN-ROUTER-04337,
02:00:00:00:10:F2,SN-AP-04338,
02:00:00:00:10:F3,SN-MODEM-04339,
02:00:00:00:10:F4,SN-ROUTER-04340,
02:00:00:00:10:F5,SN-ONU-04341,
02:00:00:00:10:F6,SN-ONT-04342,
02:00:00:00:10:F7,SN-ONU-04343,
02:00:00:00:10:F8,SN-ROUTER-04344,
02:00:00:00:10:F9,SN-AP-04345,
02:00:00:00:10:FA,SN-MODEM-04346,
02:00:00:00:10:FB,SN-ROUTER-04347,
02:00:00:00:10:FC,SN-ONU-04348,
02:00:00:00:10:FD,SN-ONT-04349,
02:00:00:00:10:FE,SN-ONU-04350,
02:00:00:00:10:FF,SN-ROUTER-04351,
02:00:00:00:11:00,SN-AP-04352,
02:00:00:00:11:01,SN-MODEM-04353,
02:00:00:00:11:02,SN-ROUTER-04354,
02:00:00:00:11:03,SN-ONU-04355,
02:00:00:00:11:04,SN-ONT-04356,
02:00:00:00:11:05,SN-ONU-04357,
02:00:00:00:11:06,SN-ROUTER-04358,
02:00:00:00:11:07,SN-AP-04359,
02:00:00:00:11:08,SN-MODEM-04360,
02:00:00:00:11:09,SN-ROUTER-04361,
02:00:00:00:11:0A,SN-ONU-04362,
02:00:00:00:11:0B,SN-ONT-04363,
02:00:00:00:11:0C,SN-ONU-04364,
02:00:00:00:11:0D,SN-ROUTER-04365,
02:00:00:00:11:0E,SN-AP-04366,
02:00:00:00:11:0F,SN-MODEM-04367,
02:00:00:00:11:10,SN-ROUTER-04368,
02:00:00:00:11:11,SN-ONU-04369,
02:00:00:00:11:12,SN-ONT-04370,
02:00:00:00:11:13,SN-ONU-04371,
02:00:00:00:11:14,SN-ROUTER-04372,
02:00:00:00:11:15,SN-AP-04373,
02:00:00:00:11:16,SN-MODEM-04374,
02:00:00:00:11:17,SN-ROUTER-04375,
02:00:00:00:11:18,SN-ONU-04376,
02:00:00:00:11:19,SN-ONT-04377,
02:00:00:00:11:1A,SN-ONU-04378,
02:00:00:00:11:1B,SN-ROUTER-04379,
02:00:00:00:11:1C,SN-AP-04380,
02:00:00:00:11:1D,SN-MODEM-04381,
02:00:00:00:11:1E,SN-ROUTER-04382,
02:00:00:00:11:1F,SN-ONU-04383,
02:00:00:00:11:20,SN-ONT-04384,
02:00:00:00:11:21,SN-ONU-04385,
02:00:00:00:11:22,SN-ROUTER-04386,
02:00:00:00:11:23,SN-AP-04387,
02:00:00:00:11:24,SN-MODEM-04388,
02:00:00:00:11:25,SN-ROUTER-04389,
02:00:00:00:11:26,SN-ONU-04390,
02:00:00:00:11:27,SN-ONT-04391,
02:00:00:00:11:28,SN-ONU-04392,
02:00:00:00:11:29,SN-ROUTER-04393,
02:00:00:00:11:2A,SN-AP-04394,
02:00:00:00:11:2B,SN-MODEM-04395,
02:00:00:00:11:2C,SN-ROUTER-04396,
02:00:00:00:11:2D,SN-ONU-04397,
02:00:00:00:11:2E,SN-ONT-04398,
02:00:00:00:11:2F,SN-ONU-04399,
02:00:00:00:11:30,SN-ROUTER-04400,
02:00:00:00:11:31,SN-AP-04401,
02:00:00:00:11:32,SN-MODEM-04402,
02:00:00:00:11:33,SN-ROUTER-04403,
02:00:00:00:11:34,SN-ONU-04404,
02:00:00:00:11:35,SN-ONT-04405,
02:00:00:00:11:36,SN-ONU-04406,
02:00:00:00:11:37,SN-ROUTER-04407,
02:00:00:00:11:38,SN-AP-04408,
02:00:00:00:11:39,SN-MODEM-04409,
02:00:00:00:11:3A,SN-ROUTER-04410,
02:00:00:00:11:3B,SN-ONU-04411,
02:00:00:00:11:3C,SN-ONT-04412,
02:00:00:00:11:3D,SN-ONU-04413,
02:00:00:00:11:3E,SN-ROUTER-04414,
02:00:00:00:11:3F,SN-AP-04415,
02:00:00:00:11:40,SN-MODEM-04416,
02:00:00:00:11:41,SN-ROUTER-04417,
02:00:00:00:11:42,SN-ONU-04418,
02:00:00:00:11:43,SN-ONT-04419,
02:00:00:00:11:44,SN-ONU-04420,
02:00:00:00:11:45,SN-ROUTER-04421,
02:00:00:00:11:46,SN-AP-04422,
02:00:00:00:11:47,SN-MODEM-04423,
02:00:00:00:11:48,SN-ROUTER-04424,
02:00:00:00:11:49,SN-ONU-04425,
02:00:00:00:11:4A,SN-ONT-04426,
02:00:00:00:11:4B,SN-ONU-04427,
02:00:00:00:11:4C,SN-ROUTER-04428,
02:00:00:00:11:4D,SN-AP-04429,
02:00:00:00:11:4E,SN-MODEM-04430,
02:00:00:00:11:4F,SN-ROUTER-04431,
02:00:00:00:11:50,SN-ONU-04432,
02:00:00:00:11:51,SN-ONT-04433,
02:00:00:00:11:52,SN-ONU-04434,
02:00:00:00:11:53,SN-ROUTER-04435,
02:00:00:00:11:54,SN-AP-04436,
02:00:00:00:11:55,SN-MODEM-04437,
02:00:00:00:11:56,SN-ROUTER-04438,
02:00:00:00:11:57,SN-ONU-04439,
02:00:00:00:11:58,SN-ONT-04440,
02:00:00:00:11:59,SN-ONU-04441,
02:00:00:00:11:5A,SN-ROUTER-04442,
02:00:00:00:11:5B,SN-AP-04443,
02:00:00:00:11:5C,SN-MODEM-04444,
02:00:00:00:11:5D,SN-ROUTER-04445,
02:00:00:00:11:5E,SN-ONU-04446,
02:00:00:00:11:5F,SN-ONT-04447,
02:00:00:00:11:60,SN-ONU-04448,
02:00:00:00:11:61,SN-ROUTER-04449,
02:00:00:00:11:62,SN-AP-04450,
02:00:00:00:11:63,SN-MODEM-04451,
02:00:00:00:11:64,SN-ROUTER-04452,
02:00:00:00:11:65,SN-ONU-04453,
02:00:00:00:11:66,SN-ONT-04454,
02:00:00:00:11:67,SN-ONU-04455,
02:00:00:00:11:68,SN-ROUTER-04456,
02:00:00:00:11:69,SN-AP-04457,
02:00:00:00:11:6A,SN-MODEM-04458,
02:00:00:00:11:6B,SN-ROUTER-04459,
02:00:00:00:11:6C,SN-ONU-04460,
02:00:00:00:11:6D,SN-ONT-04461,
02:00:00:00:11:6E,SN-ONU-04462,
02:00:00:00:11:6F,SN-ROUTER-04463,
02:00:00:00:11:70,SN-AP-04464,
02:00:00:00:11:71,SN-MODEM-04465,
02:00:00:00:11:72,SN-ROUTER-04466,
02:00:00:00:11:73,SN-ONU-04467,
02:00:00:00:11:74,SN-ONT-04468,
02:00:00:00:11:75,SN-ONU-04469,
02:00:00:00:11:76,SN-ROUTER-04470,
02:00:00:00:11:77,SN-AP-04471,
02:00:00:00:11:78,SN-MODEM-04472,
02:00:00:00:11:79,SN-ROUTER-04473,
02:00:00:00:11:7A,SN-ONU-04474,
02:00:00:00:11:7B,SN-ONT-04475,
02:00:00:00:11:7C,SN-ONU-04476,
02:00:00:00:11:7D,SN-ROUTER-04477,
02:00:00:00:11:7E,SN-AP-04478,
02:00:00:00:11:7F,SN-MODEM-04479,
02:00:00:00:11:80,SN-ROUTER-04480,
02:00:00:00:11:81,SN-ONU-04481,
02:00:00:00:11:82,SN-ONT-04482,
02:00:00:00:11:83,SN-ONU-04483,
02:00:00:00:11:84,SN-ROUTER-04484,
02:00:00:00:11:85,SN-AP-04485,
02:00:00:00:11:86,SN-MODEM-04486,
02:00:00:00:11:87,SN-ROUTER-04487,
02:00:00:00:11:88,SN-ONU-04488,
02:00:00:00:11:89,SN-ONT-04489,
02:00:00:00:11:8A,SN-ONU-04490,
02:00:00:00:11:8B,SN-ROUTER-04491,
02:00:00:00:11:8C,SN-AP-04492,
02:00:00:00:11:8D,SN-MODEM-04493,
02:00:00:00:11:8E,SN-ROUTER-04494,
02:00:00:00:11:8F,SN-ONU-04495,
02:00:00:00:11:90,SN-ONT-04496,
02:00:00:00:11:91,SN-ONU-04497,
02:00:00:00:11:92,SN-ROUTER-04498,
02:00:00:00:11:93,SN-AP-04499,
02:00:00:00:11:94,SN-MODEM-04500,
02:00:00:00:11:95,SN-ROUTER-04501,
02:00:00:00:11:96,SN-ONU-04502,
02:00:00:00:11:97,SN-ONT-04503,
02:00:00:00:11:98,SN-ONU-04504,
02:00:00:00:11:99,SN-ROUTER-04505,
02:00:00:00:11:9A,SN-AP-04506,
02:00:00:00:11:9B,SN-MODEM-04507,
02:00:00:00:11:9C,SN-ROUTER-04508,
02:00:00:00:11:9D,SN-ONU-04509,
02:00:00:00:11:9E,SN-ONT-04510,
02:00:00:00:11:9F,SN-ONU-04511,
02:00:00:00:11:A0,SN-ROUTER-04512,
02:00:00:00:11:A1,SN-AP-04513,
02:00:00:00:11:A2,SN-MODEM-04514,
02:00:00:00:11:A3,SN-ROUTER-04515,
02:00:00:00:11:A4,SN-ONU-04516,
02:00:00:00:11:A5,SN-ONT-04517,
02:00:00:00:11:A6,SN-ONU-04518,
02:00:00:00:11:A7,SN-ROUTER-04519,
02:00:00:00:11:A8,SN-AP-04520,
02:00:00:00:11:A9,SN-MODEM-04521,
02:00:00:00:11:AA,SN-ROUTER-04522,
02:00:00:00:11:AB,SN-ONU-04523,
02:00:00:00:11:AC,SN-ONT-04524,
02:00:00:00:11:AD,SN-ONU-04525,
02:00:00:00:11:AE,SN-ROUTER-04526,
02:00:00:00:11:AF,SN-AP-04527,
02:00:00:00:11:B0,SN-MODEM-04528,
02:00:00:00:11:B1,SN-ROUTER-04529,
02:00:00:00:11:B2,SN-ONU-04530,
02:00:00:00:11:B3,SN-ONT-04531,
02:00:00:00:11:B4,SN-ONU-04532,
02:00:00:00:11:B5,SN-ROUTER-04533,
02:00:00:00:11:B6,SN-AP-04534,
02:00:00:00:11:B7,SN-MODEM-04535,
02:00:00:00:11:B8,SN-ROUTER-04536,
02:00:00:00:11:B9,SN-ONU-04537,
02:00:00:00:11:BA,SN-ONT-04538,
02:00:00:00:11:BB,SN-ONU-04539,
02:00:00:00:11:BC,SN-ROUTER-04540,
02:00:00:00:11:BD,SN-AP-04541,
02:00:00:00:11:BE,SN-MODEM-04542,
02:00:00:00:11:BF,SN-ROUTER-04543,
02:00:00:00:11:C0,SN-ONU-04544,
02:00:00:00:11:C1,SN-ONT-04545,
02:00:00:00:11:C2,SN-ONU-04546,
02:00:00:00:11:C3,SN-ROUTER-04547,
02:00:00:00:11:C4,SN-AP-04548,
02:00:00:00:11:C5,SN-MODEM-04549,
02:00:00:00:11:C6,SN-ROUTER-04550,
02:00:00:00:11:C7,SN-ONU-04551,
02:00:00:00:11:C8,SN-ONT-04552,
02:00:00:00:11:C9,SN-ONU-04553,
02:00:00:00:11:CA,SN-ROUTER-04554,
02:00:00:00:11:CB,SN-AP-04555,
02:00:00:00:11:CC,SN-MODEM-04556,
02:00:00:00:11:CD,SN-ROUTER-04557,
02:00:00:00:11:CE,SN-ONU-04558,
02:00:00:00:11:CF,SN-ONT-04559,
02:00:00:00:11:D0,SN-ONU-04560,
02:00:00:00:11:D1,SN-ROUTER-04561,
02:00:00:00:11:D2,SN-AP-04562,
02:00:00:00:11:D3,SN-MODEM-04563,
02:00:00:00:11:D4,SN-ROUTER-04564,
02:00:00:00:11:D5,SN-ONU-04565,
02:00:00:00:11:D6,SN-ONT-04566,
02:00:00:00:11:D7,SN-ONU-04567,
02:00:00:00:11:D8,SN-ROUTER-04568,
02:00:00:00:11:D9,SN-AP-04569,
02:00:00:00:11:DA,SN-MODEM-04570,
02:00:00:00:11:DB,SN-ROUTER-04571,
02:00:00:00:11:DC,SN-ONU-04572,
02:00:00:00:11:DD,SN-ONT-04573,
02:00:00:00:11:DE,SN-ONU-04574,
02:00:00:00:11:DF,SN-ROUTER-04575,
02:00:00:00:11:E0,SN-AP-04576,
02:00:00:00:11:E1,SN-MODEM-04577,
02:00:00:00:11:E2,SN-ROUTER-04578,
02:00:00:00:11:E3,SN-ONU-04579,
02:00:00:00:11:E4,SN-ONT-04580,
02:00:00:00:11:E5,SN-ONU-04581,
02:00:00:00:11:E6,SN-ROUTER-04582,
02:00:00:00:11:E7,SN-AP-04583,
02:00:00:00:11:E8,SN-MODEM-04584,
02:00:00:00:11:E9,SN-ROUTER-04585,
02:00:00:00:11:EA,SN-ONU-04586,
02:00:00:00:11:EB,SN-ONT-04587,
02:00:00:00:11:EC,SN-ONU-04588,
02:00:00:00:11:ED,SN-ROUTER-04589,
02:00:00:00:11:EE,SN-AP-04590,
02:00:00:00:11:EF,SN-MODEM-04591,
02:00:00:00:11:F0,SN-ROUTER-04592,
02:00:00:00:11:F1,SN-ONU-04593,
02:00:00:00:11:F2,SN-ONT-04594,
02:00:00:00:11:F3,SN-ONU-04595,
02:00:00:00:11:F4,SN-ROUTER-04596,
02:00:00:00:11:F5,SN-AP-04597,
02:00:00:00:11:F6,SN-MODEM-04598,
02:00:00:00:11:F7,SN-ROUTER-04599,
02:00:00:00:11:F8,SN-ONU-04600,
02:00:00:00:11:F9,SN-ONT-04601,
02:00:00:00:11:FA,SN-ONU-04602,
02:00:00:00:11:FB,SN-ROUTER-04603,
02:00:00:00:11:FC,SN-AP-04604,
02:00:00:00:11:FD,SN-MODEM-04605,
02:00:00:00:11:FE,SN-ROUTER-04606,
02:00:00:00:11:FF,SN-ONU-04607,
02:00:00:00:12:00,SN-ONT-04608,
02:00:00:00:12:01,SN-ONU-04609,
02:00:00:00:12:02,SN-ROUTER-04610,
02:00:00:00:12:03,SN-AP-04611,
02:00:00:00:12:04,SN-MODEM-04612,
02:00:00:00:12:05,SN-ROUTER-04613,
02:00:00:00:12:06,SN-ONU-04614,
02:00:00:00:12:07,SN-ONT-04615,
02:00:00:00:12:08,SN-ONU-04616,
02:00:00:00:12:09,SN-ROUTER-04617,
02:00:00:00:12:0A,SN-AP-04618,
02:00:00:00:12:0B,SN-MODEM-04619,
02:00:00:00:12:0C,SN-ROUTER-04620,
02:00:00:00:12:0D,SN-ONU-04621,
02:00:00:00:12:0E,SN-ONT-04622,
02:00:00:00:12:0F,SN-ONU-04623,
02:00:00:00:12:10,SN-ROUTER-04624,
02:00:00:00:12:11,SN-AP-04625,
02:00:00:00:12:12,SN-MODEM-04626,
02:00:00:00:12:13,SN-ROUTER-04627,
02:00:00:00:12:14,SN-ONU-04628,
02:00:00:00:12:15,SN-ONT-04629,
02:00:00:00:12:16,SN-ONU-04630,
02:00:00:00:12:17,SN-ROUTER-04631,
02:00:00:00:12:18,SN-AP-04632,
02:00:00:00:12:19,SN-MODEM-04633,
02:00:00:00:12:1A,SN-ROUTER-04634,
02:00:00:00:12:1B,SN-ONU-04635,
02:00:00:00:12:1C,SN-ONT-04636,
02:00:00:00:12:1D,SN-ONU-04637,
02:00:00:00:12:1E,SN-ROUTER-04638,
02:00:00:00:12:1F,SN-AP-04639,
02:00:00:00:12:20,SN-MODEM-04640,
02:00:00:00:12:21,SN-ROUTER-04641,
02:00:00:00:12:22,SN-ONU-04642,
02:00:00:00:12:23,SN-ONT-04643,
02:00:00:00:12:24,SN-ONU-04644,
02:00:00:00:12:25,SN-ROUTER-04645,
02:00:00:00:12:26,SN-AP-04646,
02:00:00:00:12:27,SN-MODEM-04647,
02:00:00:00:12:28,SN-ROUTER-04648,
02:00:00:00:12:29,SN-ONU-04649,
02:00:00:00:12:2A,SN-ONT-04650,
02:00:00:00:12:2B,SN-ONU-04651,
02:00:00:00:12:2C,SN-ROUTER-04652,
02:00:00:00:12:2D,SN-AP-04653,
02:00:00:00:12:2E,SN-MODEM-04654,
02:00:00:00:12:2F,SN-ROUTER-04655,
02:00:00:00:12:30,SN-ONU-04656,
02:00:00:00:12:31,SN-ONT-04657,
02:00:00:00:12:32,SN-ONU-04658,
02:00:00:00:12:33,SN-ROUTER-04659,
02:00:00:00:12:34,SN-AP-04660,
02:00:00:00:12:35,SN-MODEM-04661,
02:00:00:00:12:36,SN-ROUTER-04662,
02:00:00:00:12:37,SN-ONU-04663,
02:00:00:00:12:38,SN-ONT-04664,
02:00:00:00:12:39,SN-ONU-04665,
02:00:00:00:12:3A,SN-ROUTER-04666,
02:00:00:00:12:3B,SN-AP-04667,
02:00:00:00:12:3C,SN-MODEM-04668,
02:00:00:00:12:3D,SN-ROUTER-04669,
02:00:00:00:12:3E,SN-ONU-04670,
02:00:00:00:12:3F,SN-ONT-04671,
02:00:00:00:12:40,SN-ONU-04672,
02:00:00:00:12:41,SN-ROUTER-04673,
02:00:00:00:12:42,SN-AP-04674,
02:00:00:00:12:43,SN-MODEM-04675,
02:00:00:00:12:44,SN-ROUTER-04676,
02:00:00:00:12:45,SN-ONU-04677,
02:00:00:00:12:46,SN-ONT-04678,
02:00:00:00:12:47,SN-ONU-04679,
02:00:00:00:12:48,SN-ROUTER-04680,
02:00:00:00:12:49,SN-AP-04681,
02:00:00:00:12:4A,SN-MODEM-04682,
02:00:00:00:12:4B,SN-ROUTER-04683,
02:00:00:00:12:4C,SN-ONU-04684,
02:00:00:00:12:4D,SN-ONT-04685,
02:00:00:00:12:4E,SN-ONU-04686,
02:00:00:00:12:4F,SN-ROUTER-04687,
02:00:00:00:12:50,SN-AP-04688,
02:00:00:00:12:51,SN-MODEM-04689,
02:00:00:00:12:52,SN-ROUTER-04690,
02:00:00:00:12:53,SN-ONU-04691,
02:00:00:00:12:54,SN-ONT-04692,
02:00:00:00:12:55,SN-ONU-04693,
02:00:00:00:12:56,SN-ROUTER-04694,
02:00:00:00:12:57,SN-AP-04695,
02:00:00:00:12:58,SN-MODEM-04696,
02:00:00:00:12:59,SN-ROUTER-04697,
02:00:00:00:12:5A,SN-ONU-04698,
02:00:00:00:12:5B,SN-ONT-04699,
02:00:00:00:12:5C,SN-ONU-04700,
02:00:00:00:12:5D,SN-ROUTER-04701,
02:00:00:00:12:5E,SN-AP-04702,
02:00:00:00:12:5F,SN-MODEM-04703,
02:00:00:00:12:60,SN-ROUTER-04704,
02:00:00:00:12:61,SN-ONU-04705,
02:00:00:00:12:62,SN-ONT-04706,
02:00:00:00:12:63,SN-ONU-04707,
02:00:00:00:12:64,SN-ROUTER-04708,
02:00:00:00:12:65,SN-AP-04709,
02:00:00:00:12:66,SN-MODEM-04710,
02:00:00:00:12:67,SN-ROUTER-04711,
02:00:00:00:12:68,SN-ONU-04712,
02:00:00:00:12:69,SN-ONT-04713,
02:00:00:00:12:6A,SN-ONU-04714,
02:00:00:00:12:6B,SN-ROUTER-04715,
02:00:00:00:12:6C,SN-AP-04716,
02:00:00:00:12:6D,SN-MODEM-04717,
02:00:00:00:12:6E,SN-ROUTER-04718,
02:00:00:00:12:6F,SN-ONU-04719,
02:00:00:00:12:70,SN-ONT-04720,
02:00:00:00:12:71,SN-ONU-04721,
02:00:00:00:12:72,SN-ROUTER-04722,
02:00:00:00:12:73,SN-AP-04723,
02:00:00:00:12:74,SN-MODEM-04724,
02:00:00:00:12:75,SN-ROUTER-04725,
02:00:00:00:12:76,SN-ONU-04726,
02:00:00:00:12:77,SN-ONT-04727,
02:00:00:00:12:78,SN-ONU-04728,
02:00:00:00:12:79,SN-ROUTER-04729,
02:00:00:00:12:7A,SN-AP-04730,
02:00:00:00:12:7B,SN-MODEM-04731,
02:00:00:00:12:7C,SN-ROUTER-04732,
02:00:00:00:12:7D,SN-ONU-04733,
02:00:00:00:12:7E,SN-ONT-04734,
02:00:00:00:12:7F,SN-ONU-04735,
02:00:00:00:12:80,SN-ROUTER-04736,
02:00:00:00:12:81,SN-AP-04737,
02:00:00:00:12:82,SN-MODEM-04738,
02:00:00:00:12:83,SN-ROUTER-04739,
02:00:00:00:12:84,SN-ONU-04740,
02:00:00:00:12:85,SN-ONT-04741,
02:00:00:00:12:86,SN-ONU-04742,
02:00:00:00:12:87,SN-ROUTER-04743,
02:00:00:00:12:88,SN-AP-04744,
02:00:00:00:12:89,SN-MODEM-04745,
02:00:00:00:12:8A,SN-ROUTER-04746,
02:00:00:00:12:8B,SN-ONU-04747,
02:00:00:00:12:8C,SN-ONT-04748,
02:00:00:00:12:8D,SN-ONU-04749,
02:00:00:00:12:8E,SN-ROUTER-04750,
02:00:00:00:12:8F,SN-AP-04751,
02:00:00:00:12:90,SN-MODEM-04752,
02:00:00:00:12:91,SN-ROUTER-04753,
02:00:00:00:12:92,SN-ONU-04754,
02:00:00:00:12:93,SN-ONT-04755,
02:00:00:00:12:94,SN-ONU-04756,
02:00:00:00:12:95,SN-ROUTER-04757,
02:00:00:00:12:96,SN-AP-04758,
02:00:00:00:12:97,SN-MODEM-04759,
02:00:00:00:12:98,SN-ROUTER-04760,
02:00:00:00:12:99,SN-ONU-04761,
02:00:00:00:12:9A,SN-ONT-04762,
02:00:00:00:12:9B,SN-ONU-04763,
02:00:00:00:12:9C,SN-ROUTER-04764,
02:00:00:00:12:9D,SN-AP-04765,
02:00:00:00:12:9E,SN-MODEM-04766,
02:00:00:00:12:9F,SN-ROUTER-04767,
02:00:00:00:12:A0,SN-ONU-04768,
02:00:00:00:12:A1,SN-ONT-04769,
02:00:00:00:12:A2,SN-ONU-04770,
02:00:00:00:12:A3,SN-ROUTER-04771,
02:00:00:00:12:A4,SN-AP-04772,
02:00:00:00:12:A5,SN-MODEM-04773,
02:00:00:00:12:A6,SN-ROUTER-04774,
02:00:00:00:12:A7,SN-ONU-04775,
02:00:00:00:12:A8,SN-ONT-04776,
02:00:00:00:12:A9,SN-ONU-04777,
02:00:00:00:12:AA,SN-ROUTER-04778,
02:00:00:00:12:AB,SN-AP-04779,
02:00:00:00:12:AC,SN-MODEM-04780,
02:00:00:00:12:AD,SN-ROUTER-04781,
02:00:00:00:12:AE,SN-ONU-04782,
02:00:00:00:12:AF,SN-ONT-04783,
02:00:00:00:12:B0,SN-ONU-04784,
02:00:00:00:12:B1,SN-ROUTER-04785,
02:00:00:00:12:B2,SN-AP-04786,
02:00:00:00:12:B3,SN-MODEM-04787,
02:00:00:00:12:B4,SN-ROUTER-04788,
02:00:00:00:12:B5,SN-ONU-04789,
02:00:00:00:12:B6,SN-ONT-04790,
02:00:00:00:12:B7,SN-ONU-04791,
02:00:00:00:12:B8,SN-ROUTER-04792,
02:00:00:00:12:B9,SN-AP-04793,
02:00:00:00:12:BA,SN-MODEM-04794,
02:00:00:00:12:BB,SN-ROUTER-04795,
02:00:00:00:12:BC,SN-ONU-04796,
02:00:00:00:12:BD,SN-ONT-04797,
02:00:00:00:12:BE,SN-ONU-04798,
02:00:00:00:12:BF,SN-ROUTER-04799,
02:00:00:00:12:C0,SN-AP-04800,
02:00:00:00:12:C1,SN-MODEM-04801,
02:00:00:00:12:C2,SN-ROUTER-04802,
02:00:00:00:12:C3,SN-ONU-04803,
02:00:00:00:12:C4,SN-ONT-04804,
02:00:00:00:12:C5,SN-ONU-04805,
02:00:00:00:12:C6,SN-ROUTER-04806,
02:00:00:00:12:C7,SN-AP-04807,
02:00:00:00:12:C8,SN-MODEM-04808,
02:00:00:00:12:C9,SN-ROUTER-04809,
02:00:00:00:12:CA,SN-ONU-04810,
02:00:00:00:12:CB,SN-ONT-04811,
02:00:00:00:12:CC,SN-ONU-04812,
02:00:00:00:12:CD,SN-ROUTER-04813,
02:00:00:00:12:CE,SN-AP-04814,
02:00:00:00:12:CF,SN-MODEM-04815,
02:00:00:00:12:D0,SN-ROUTER-04816,
02:00:00:00:12:D1,SN-ONU-04817,
02:00:00:00:12:D2,SN-ONT-04818,
02:00:00:00:12:D3,SN-ONU-04819,
02:00:00:00:12:D4,SN-ROUTER-04820,
02:00:00:00:12:D5,SN-AP-04821,
02:00:00:00:12:D6,SN-MODEM-04822,
02:00:00:00:12:D7,SN-ROUTER-04823,
02:00:00:00:12:D8,SN-ONU-04824,
02:00:00:00:12:D9,SN-ONT-04825,
02:00:00:00:12:DA,SN-ONU-04826,
02:00:00:00:12:DB,SN-ROUTER-04827,
02:00:00:00:12:DC,SN-AP-04828,
02:00:00:00:12:DD,SN-MODEM-04829,
02:00:00:00:12:DE,SN-ROUTER-04830,
02:00:00:00:12:DF,SN-ONU-04831,
02:00:00:00:12:E0,SN-ONT-04832,
02:00:00:00:12:E1,SN-ONU-04833,
02:00:00:00:12:E2,SN-ROUTER-04834,
02:00:00:00:12:E3,SN-AP-04835,
02:00:00:00:12:E4,SN-MODEM-04836,
02:00:00:00:12:E5,SN-ROUTER-04837,
02:00:00:00:12:E6,SN-ONU-04838,
02:00:00:00:12:E7,SN-ONT-04839,
02:00:00:00:12:E8,SN-ONU-04840,
02:00:00:00:12:E9,SN-ROUTER-04841,
02:00:00:00:12:EA,SN-AP-04842,
02:00:00:00:12:EB,SN-MODEM-04843,
02:00:00:00:12:EC,SN-ROUTER-04844,
02:00:00:00:12:ED,SN-ONU-04845,
02:00:00:00:12:EE,SN-ONT-04846,
02:00:00:00:12:EF,SN-ONU-04847,
02:00:00:00:12:F0,SN-ROUTER-04848,
02:00:00:00:12:F1,SN-AP-04849,
02:00:00:00:12:F2,SN-MODEM-04850,
02:00:00:00:12:F3,SN-ROUTER-04851,
02:00:00:00:12:F4,SN-ONU-04852,
02:00:00:00:12:F5,SN-ONT-04853,
02:00:00:00:12:F6,SN-ONU-04854,
02:00:00:00:12:F7,SN-ROUTER-04855,
02:00:00:00:12:F8,SN-AP-04856,
02:00:00:00:12:F9,SN-MODEM-04857,
02:00:00:00:12:FA,SN-ROUTER-04858,
02:00:00:00:12:FB,SN-ONU-04859,
02:00:00:00:12:FC,SN-ONT-04860,
02:00:00:00:12:FD,SN-ONU-04861,
02:00:00:00:12:FE,SN-ROUTER-04862,
02:00:00:00:12:FF,SN-AP-04863,
02:00:00:00:13:00,SN-MODEM-04864,
02:00:00:00:13:01,SN-ROUTER-04865,
02:00:00:00:13:02,SN-ONU-04866,
02:00:00:00:13:03,SN-ONT-04867,
02:00:00:00:13:04,SN-ONU-04868,
02:00:00:00:13:05,SN-ROUTER-04869,
02:00:00:00:13:06,SN-AP-04870,
02:00:00:00:13:07,SN-MODEM-04871,
02:00:00:00:13:08,SN-ROUTER-04872,
02:00:00:00:13:09,SN-ONU-04873,
02:00:00:00:13:0A,SN-ONT-04874,
02:00:00:00:13:0B,SN-ONU-04875,
02:00:00:00:13:0C,SN-ROUTER-04876,
02:00:00:00:13:0D,SN-AP-04877,
02:00:00:00:13:0E,SN-MODEM-04878,
02:00:00:00:13:0F,SN-ROUTER-04879,
02:00:00:00:13:10,SN-ONU-04880,
02:00:00:00:13:11,SN-ONT-04881,
02:00:00:00:13:12,SN-ONU-04882,
02:00:00:00:13:13,SN-ROUTER-04883,
02:00:00:00:13:14,SN-AP-04884,
02:00:00:00:13:15,SN-MODEM-04885,
02:00:00:00:13:16,SN-ROUTER-04886,
02:00:00:00:13:17,SN-ONU-04887,
02:00:00:00:13:18,SN-ONT-04888,
02:00:00:00:13:19,SN-ONU-04889,
02:00:00:00:13:1A,SN-ROUTER-04890,
02:00:00:00:13:1B,SN-AP-04891,
02:00:00:00:13:1C,SN-MODEM-04892,
02:00:00:00:13:1D,SN-ROUTER-04893,
02:00:00:00:13:1E,SN-ONU-04894,
02:00:00:00:13:1F,SN-ONT-04895,
02:00:00:00:13:20,SN-ONU-04896,
02:00:00:00:13:21,SN-ROUTER-04897,
02:00:00:00:13:22,SN-AP-04898,
02:00:00:00:13:23,SN-MODEM-04899,
02:00:00:00:13:24,SN-ROUTER-04900,
02:00:00:00:13:25,SN-ONU-04901,
02:00:00:00:13:26,SN-ONT-04902,
02:00:00:00:13:27,SN-ONU-04903,
02:00:00:00:13:28,SN-ROUTER-04904,
02:00:00:00:13:29,SN-AP-04905,
02:00:00:00:13:2A,SN-MODEM-04906,
02:00:00:00:13:2B,SN-ROUTER-04907,
02:00:00:00:13:2C,SN-ONU-04908,
02:00:00:00:13:2D,SN-ONT-04909,
02:00:00:00:13:2E,SN-ONU-04910,
02:00:00:00:13:2F,SN-ROUTER-04911,
02:00:00:00:13:30,SN-AP-04912,
02:00:00:00:13:31,SN-MODEM-04913,
02:00:00:00:13:32,SN-ROUTER-04914,
02:00:00:00:13:33,SN-ONU-04915,
02:00:00:00:13:34,SN-ONT-04916,
02:00:00:00:13:35,SN-ONU-04917,
02:00:00:00:13:36,SN-ROUTER-04918,
02:00:00:00:13:37,SN-AP-04919,
02:00:00:00:13:38,SN-MODEM-04920,
02:00:00:00:13:39,SN-ROUTER-04921,
02:00:00:00:13:3A,SN-ONU-04922,
02:00:00:00:13:3B,SN-ONT-04923,
02:00:00:00:13:3C,SN-ONU-04924,
02:00:00:00:13:3D,SN-ROUTER-04925,
02:00:00:00:13:3E,SN-AP-04926,
02:00:00:00:13:3F,SN-MODEM-04927,
02:00:00:00:13:40,SN-ROUTER-04928,
02:00:00:00:13:41,SN-ONU-04929,
02:00:00:00:13:42,SN-ONT-04930,
02:00:00:00:13:43,SN-ONU-04931,
02:00:00:00:13:44,SN-ROUTER-04932,
02:00:00:00:13:45,SN-AP-04933,
02:00:00:00:13:46,SN-MODEM-04934,
02:00:00:00:13:47,SN-ROUTER-04935,
02:00:00:00:13:48,SN-ONU-04936,
02:00:00:00:13:49,SN-ONT-04937,
02:00:00:00:13:4A,SN-ONU-04938,
02:00:00:00:13:4B,SN-ROUTER-04939,
02:00:00:00:13:4C,SN-AP-04940,
02:00:00:00:13:4D,SN-MODEM-04941,
02:00:00:00:13:4E,SN-ROUTER-04942,
02:00:00:00:13:4F,SN-ONU-04943,
02:00:00:00:13:50,SN-ONT-04944,
02:00:00:00:13:51,SN-ONU-04945,
02:00:00:00:13:52,SN-ROUTER-04946,
02:00:00:00:13:53,SN-AP-04947,
02:00:00:00:13:54,SN-MODEM-04948,
02:00:00:00:13:55,SN-ROUTER-04949,
02:00:00:00:13:56,SN-ONU-04950,
02:00:00:00:13:57,SN-ONT-04951,
02:00:00:00:13:58,SN-ONU-04952,
02:00:00:00:13:59,SN-ROUTER-04953,
02:00:00:00:13:5A,SN-AP-04954,
02:00:00:00:13:5B,SN-MODEM-04955,
02:00:00:00:13:5C,SN-ROUTER-04956,
02:00:00:00:13:5D,SN-ONU-04957,
02:00:00:00:13:5E,SN-ONT-04958,
02:00:00:00:13:5F,SN-ONU-04959,
02:00:00:00:13:60,SN-ROUTER-04960,
02:00:00:00:13:61,SN-AP-04961,
02:00:00:00:13:62,SN-MODEM-04962,
02:00:00:00:13:63,SN-ROUTER-04963,
02:00:00:00:13:64,SN-ONU-04964,
02:00:00:00:13:65,SN-ONT-04965,
02:00:00:00:13:66,SN-ONU-04966,
02:00:00:00:13:67,SN-ROUTER-04967,
02:00:00:00:13:68,SN-AP-04968,
02:00:00:00:13:69,SN-MODEM-04969,
02:00:00:00:13:6A,SN-ROUTER-04970,
02:00:00:00:13:6B,SN-ONU-04971,
02:00:00:00:13:6C,SN-ONT-04972,
02:00:00:00:13:6D,SN-ONU-04973,
02:00:00:00:13:6E,SN-ROUTER-04974,
02:00:00:00:13:6F,SN-AP-04975,
02:00:00:00:13:70,SN-MODEM-04976,
02:00:00:00:13:71,SN-ROUTER-04977,
02:00:00:00:13:72,SN-ONU-04978,
02:00:00:00:13:73,SN-ONT-04979,
02:00:00:00:13:74,SN-ONU-04980,
02:00:00:00:13:75,SN-ROUTER-04981,
02:00:00:00:13:76,SN-AP-04982,
02:00:00:00:13:77,SN-MODEM-04983,
02:00:00:00:13:78,SN-ROUTER-04984,
02:00:00:00:13:79,SN-ONU-04985,
02:00:00:00:13:7A,SN-ONT-04986,
02:00:00:00:13:7B,SN-ONU-04987,
02:00:00:00:13:7C,SN-ROUTER-04988,
02:00:00:00:13:7D,SN-AP-04989,
02:00:00:00:13:7E,SN-MODEM-04990,
02:00:00:00:13:7F,SN-ROUTER-04991,
02:00:00:00:13:80,SN-ONU-04992,
02:00:00:00:13:81,SN-ONT-04993,
02:00:00:00:13:82,SN-ONU-04994,
02:00:00:00:13:83,SN-ROUTER-04995,
02:00:00:00:13:84,SN-AP-04996,
02:00:00:00:13:85,SN-MODEM-04997,
02:00:00:00:13:86,SN-ROUTER-04998,
02:00:00:00:13:87,SN-ONU-04999,
02:00:00:00:13:88,SN-ONT-05000,
02:00:00:00:13:89,SN-ONU-05001,
02:00:00:00:13:8A,SN-ROUTER-05002,
02:00:00:00:13:8B,SN-AP-05003,
02:00:00:00:13:8C,SN-MODEM-05004,
02:00:00:00:13:8D,SN-ROUTER-05005,
02:00:00:00:13:8E,SN-ONU-05006,
02:00:00:00:13:8F,SN-ONT-05007,
02:00:00:00:13:90,SN-ONU-05008,
02:00:00:00:13:91,SN-ROUTER-05009,
02:00:00:00:13:92,SN-AP-05010,
02:00:00:00:13:93,SN-MODEM-05011,
02:00:00:00:13:94,SN-ROUTER-05012,
02:00:00:00:13:95,SN-ONU-05013,
02:00:00:00:13:96,SN-ONT-05014,
02:00:00:00:13:97,SN-ONU-05015,
02:00:00:00:13:98,SN-ROUTER-05016,
02:00:00:00:13:99,SN-AP-05017,
02:00:00:00:13:9A,SN-MODEM-05018,
02:00:00:00:13:9B,SN-ROUTER-05019,
02:00:00:00:13:9C,SN-ONU-05020,
02:00:00:00:13:9D,SN-ONT-05021,
02:00:00:00:13:9E,SN-ONU-05022,
02:00:00:00:13:9F,SN-ROUTER-05023,
02:00:00:00:13:A0,SN-AP-05024,
02:00:00:00:13:A1,SN-MODEM-05025,
02:00:00:00:13:A2,SN-ROUTER-05026,
02:00:00:00:13:A3,SN-ONU-05027,
02:00:00:00:13:A4,SN-ONT-05028,
02:00:00:00:13:A5,SN-ONU-05029,
02:00:00:00:13:A6,SN-ROUTER-05030,
02:00:00:00:13:A7,SN-AP-05031,
02:00:00:00:13:A8,SN-MODEM-05032,
02:00:00:00:13:A9,SN-ROUTER-05033,
02:00:00:00:13:AA,SN-ONU-05034,
02:00:00:00:13:AB,SN-ONT-05035,
02:00:00:00:13:AC,SN-ONU-05036,
02:00:00:00:13:AD,SN-ROUTER-05037,
02:00:00:00:13:AE,SN-AP-05038,
02:00:00:00:13:AF,SN-MODEM-05039,
02:00:00:00:13:B0,SN-ROUTER-05040,
02:00:00:00:13:B1,SN-ONU-05041,
02:00:00:00:13:B2,SN-ONT-05042,
02:00:00:00:13:B3,SN-ONU-05043,
02:00:00:00:13:B4,SN-ROUTER-05044,
02:00:00:00:13:B5,SN-AP-05045,
02:00:00:00:13:B6,SN-MODEM-05046,
02:00:00:00:13:B7,SN-ROUTER-05047,
02:00:00:00:13:B8,SN-ONU-05048,
02:00:00:00:13:B9,SN-ONT-05049,
02:00:00:00:13:BA,SN-ONU-05050,
02:00:00:00:13:BB,SN-ROUTER-05051,
02:00:00:00:13:BC,SN-AP-05052,
02:00:00:00:13:BD,SN-MODEM-05053,
02:00:00:00:13:BE,SN-ROUTER-05054,
02:00:00:00:13:BF,SN-ONU-05055,
02:00:00:00:13:C0,SN-ONT-05056,
02:00:00:00:13:C1,SN-ONU-05057,
02:00:00:00:13:C2,SN-ROUTER-05058,
02:00:00:00:13:C3,SN-AP-05059,
02:00:00:00:13:C4,SN-MODEM-05060,
02:00:00:00:13:C5,SN-ROUTER-05061,
02:00:00:00:13:C6,SN-ONU-05062,
02:00:00:00:13:C7,SN-ONT-05063,
02:00:00:00:13:C8,SN-ONU-05064,
02:00:00:00:13:C9,SN-ROUTER-05065,
02:00:00:00:13:CA,SN-AP-05066,
02:00:00:00:13:CB,SN-MODEM-05067,
02:00:00:00:13:CC,SN-ROUTER-05068,
02:00:00:00:13:CD,SN-ONU-05069,
02:00:00:00:13:CE,SN-ONT-05070,
02:00:00:00:13:CF,SN-ONU-05071,
02:00:00:00:13:D0,SN-ROUTER-05072,
02:00:00:00:13:D1,SN-AP-05073,
02:00:00:00:13:D2,SN-MODEM-05074,
02:00:00:00:13:D3,SN-ROUTER-05075,
02:00:00:00:13:D4,SN-ONU-05076,
02:00:00:00:13:D5,SN-ONT-05077,
02:00:00:00:13:D6,SN-ONU-05078,
02:00:00:00:13:D7,SN-ROUTER-05079,
02:00:00:00:13:D8,SN-AP-05080,
02:00:00:00:13:D9,SN-MODEM-05081,
02:00:00:00:13:DA,SN-ROUTER-05082,
02:00:00:00:13:DB,SN-ONU-05083,
02:00:00:00:13:DC,SN-ONT-05084,
02:00:00:00:13:DD,SN-ONU-05085,
02:00:00:00:13:DE,SN-ROUTER-05086,
02:00:00:00:13:DF,SN-AP-05087,
02:00:00:00:13:E0,SN-MODEM-05088,
02:00:00:00:13:E1,SN-ROUTER-05089,
02:00:00:00:13:E2,SN-ONU-05090,
02:00:00:00:13:E3,SN-ONT-05091,
02:00:00:00:13:E4,SN-ONU-05092,
02:00:00:00:13:E5,SN-ROUTER-05093,
02:00:00:00:13:E6,SN-AP-05094,
02:00:00:00:13:E7,SN-MODEM-05095,
02:00:00:00:13:E8,SN-ROUTER-05096,
02:00:00:00:13:E9,SN-ONU-05097,
02:00:00:00:13:EA,SN-ONT-05098,
02:00:00:00:13:EB,SN-ONU-05099,
02:00:00:00:13:EC,SN-ROUTER-05100,
02:00:00:00:13:ED,SN-AP-05101,
02:00:00:00:13:EE,SN-MODEM-05102,
02:00:00:00:13:EF,SN-ROUTER-05103,
02:00:00:00:13:F0,SN-ONU-05104,
02:00:00:00:13:F1,SN-ONT-05105,
02:00:00:00:13:F2,SN-ONU-05106,
02:00:00:00:13:F3,SN-ROUTER-05107,
02:00:00:00:13:F4,SN-AP-05108,
02:00:00:00:13:F5,SN-MODEM-05109,
02:00:00:00:13:F6,SN-ROUTER-05110,
02:00:00:00:13:F7,SN-ONU-05111,
02:00:00:00:13:F8,SN-ONT-05112,
02:00:00:00:13:F9,SN-ONU-05113,
02:00:00:00:13:FA,SN-ROUTER-05114,
02:00:00:00:13:FB,SN-AP-05115,
02:00:00:00:13:FC,SN-MODEM-05116,
02:00:00:00:13:FD,SN-ROUTER-05117,
02:00:00:00:13:FE,SN-ONU-05118,
02:00:00:00:13:FF,SN-ONT-05119,
02:00:00:00:14:00,SN-ONU-05120,
02:00:00:00:14:01,SN-ROUTER-05121,
02:00:00:00:14:02,SN-AP-05122,
02:00:00:00:14:03,SN-MODEM-05123,
02:00:00:00:14:04,SN-ROUTER-05124,
02:00:00:00:14:05,SN-ONU-05125,
02:00:00:00:14:06,SN-ONT-05126,
02:00:00:00:14:07,SN-ONU-05127,
02:00:00:00:14:08,SN-ROUTER-05128,
02:00:00:00:14:09,SN-AP-05129,
02:00:00:00:14:0A,SN-MODEM-05130,
02:00:00:00:14:0B,SN-ROUTER-05131,
02:00:00:00:14:0C,SN-ONU-05132,
02:00:00:00:14:0D,SN-ONT-05133,
02:00:00:00:14:0E,SN-ONU-05134,
02:00:00:00:14:0F,SN-ROUTER-05135,
02:00:00:00:14:10,SN-AP-05136,
02:00:00:00:14:11,SN-MODEM-05137,
02:00:00:00:14:12,SN-ROUTER-05138,
02:00:00:00:14:13,SN-ONU-05139,
02:00:00:00:14:14,SN-ONT-05140,
02:00:00:00:14:15,SN-ONU-05141,
02:00:00:00:14:16,SN-ROUTER-05142,
02:00:00:00:14:17,SN-AP-05143,
02:00:00:00:14:18,SN-MODEM-05144,
02:00:00:00:14:19,SN-ROUTER-05145,
02:00:00:00:14:1A,SN-ONU-05146,
02:00:00:00:14:1B,SN-ONT-05147,
02:00:00:00:14:1C,SN-ONU-05148,
02:00:00:00:14:1D,SN-ROUTER-05149,
02:00:00:00:14:1E,SN-AP-05150,
02:00:00:00:14:1F,SN-MODEM-05151,
02:00:00:00:14:20,SN-ROUTER-05152,
02:00:00:00:14:21,SN-ONU-05153,
02:00:00:00:14:22,SN-ONT-05154,
02:00:00:00:14:23,SN-ONU-05155,
02:00:00:00:14:24,SN-ROUTER-05156,
02:00:00:00:14:25,SN-AP-05157,
02:00:00:00:14:26,SN-MODEM-05158,
02:00:00:00:14:27,SN-ROUTER-05159,
02:00:00:00:14:28,SN-ONU-05160,
02:00:00:00:14:29,SN-ONT-05161,
02:00:00:00:14:2A,SN-ONU-05162,
02:00:00:00:14:2B,SN-ROUTER-05163,
02:00:00:00:14:2C,SN-AP-05164,
02:00:00:00:14:2D,SN-MODEM-05165,
02:00:00:00:14:2E,SN-ROUTER-05166,
02:00:00:00:14:2F,SN-ONU-05167,
02:00:00:00:14:30,SN-ONT-05168,
02:00:00:00:14:31,SN-ONU-05169,
02:00:00:00:14:32,SN-ROUTER-05170,
02:00:00:00:14:33,SN-AP-05171,
02:00:00:00:14:34,SN-MODEM-05172,
02:00:00:00:14:35,SN-ROUTER-05173,
02:00:00:00:14:36,SN-ONU-05174,
02:00:00:00:14:37,SN-ONT-05175,
02:00:00:00:14:38,SN-ONU-05176,
02:00:00:00:14:39,SN-ROUTER-05177,
02:00:00:00:14:3A,SN-AP-05178,
02:00:00:00:14:3B,SN-MODEM-05179,
02:00:00:00:14:3C,SN-ROUTER-05180,
02:00:00:00:14:3D,SN-ONU-05181,
02:00:00:00:14:3E,SN-ONT-05182,
02:00:00:00:14:3F,SN-ONU-05183,
02:00:00:00:14:40,SN-ROUTER-05184,
02:00:00:00:14:41,SN-AP-05185,
02:00:00:00:14:42,SN-MODEM-05186,
02:00:00:00:14:43,SN-ROUTER-05187,
02:00:00:00:14:44,SN-ONU-05188,
02:00:00:00:14:45,SN-ONT-05189,
02:00:00:00:14:46,SN-ONU-05190,
02:00:00:00:14:47,SN-ROUTER-05191,
02:00:00:00:14:48,SN-AP-05192,
02:00:00:00:14:49,SN-MODEM-05193,
02:00:00:00:14:4A,SN-ROUTER-05194,
02:00:00:00:14:4B,SN-ONU-05195,
02:00:00:00:14:4C,SN-ONT-05196,
02:00:00:00:14:4D,SN-ONU-05197,
02:00:00:00:14:4E,SN-ROUTER-05198,
02:00:00:00:14:4F,SN-AP-05199,
02:00:00:00:14:50,SN-MODEM-05200,
02:00:00:00:14:51,SN-ROUTER-05201,
02:00:00:00:14:52,SN-ONU-05202,
02:00:00:00:14:53,SN-ONT-05203,
02:00:00:00:14:54,SN-ONU-05204,
02:00:00:00:14:55,SN-ROUTER-05205,
02:00:00:00:14:56,SN-AP-05206,
02:00:00:00:14:57,SN-MODEM-05207,
02:00:00:00:14:58,SN-ROUTER-05208,
02:00:00:00:14:59,SN-ONU-05209,
02:00:00:00:14:5A,SN-ONT-05210,
02:00:00:00:14:5B,SN-ONU-05211,
02:00:00:00:14:5C,SN-ROUTER-05212,
02:00:00:00:14:5D,SN-AP-05213,
02:00:00:00:14:5E,SN-MODEM-05214,
02:00:00:00:14:5F,SN-ROUTER-05215,
02:00:00:00:14:60,SN-ONU-05216,
02:00:00:00:14:61,SN-ONT-05217,
02:00:00:00:14:62,SN-ONU-05218,
02:00:00:00:14:63,SN-ROUTER-05219,
02:00:00:00:14:64,SN-AP-05220,
02:00:00:00:14:65,SN-MODEM-05221,
02:00:00:00:14:66,SN-ROUTER-05222,
02:00:00:00:14:67,SN-ONU-05223,
02:00:00:00:14:68,SN-ONT-05224,
02:00:00:00:14:69,SN-ONU-05225,
02:00:00:00:14:6A,SN-ROUTER-05226,
02:00:00:00:14:6B,SN-AP-05227,
02:00:00:00:14:6C,SN-MODEM-05228,
02:00:00:00:14:6D,SN-ROUTER-05229,
02:00:00:00:14:6E,SN-ONU-05230,
02:00:00:00:14:6F,SN-ONT-05231,
02:00:00:00:14:70,SN-ONU-05232,
02:00:00:00:14:71,SN-ROUTER-05233,
02:00:00:00:14:72,SN-AP-05234,
02:00:00:00:14:73,SN-MODEM-05235,
02:00:00:00:14:74,SN-ROUTER-05236,
02:00:00:00:14:75,SN-ONU-05237,
02:00:00:00:14:76,SN-ONT-05238,
02:00:00:00:14:77,SN-ONU-05239,
02:00:00:00:14:78,SN-ROUTER-05240,
02:00:00:00:14:79,SN-AP-05241,
02:00:00:00:14:7A,SN-MODEM-05242,
02:00:00:00:14:7B,SN-ROUTER-05243,
02:00:00:00:14:7C,SN-ONU-05244,
02:00:00:00:14:7D,SN-ONT-05245,
02:00:00:00:14:7E,SN-ONU-05246,
02:00:00:00:14:7F,SN-ROUTER-05247,
02:00:00:00:14:80,SN-AP-05248,
02:00:00:00:14:81,SN-MODEM-05249,
02:00:00:00:14:82,SN-ROUTER-05250,
02:00:00:00:14:83,SN-ONU-05251,
02:00:00:00:14:84,SN-ONT-05252,
02:00:00:00:14:85,SN-ONU-05253,
02:00:00:00:14:86,SN-ROUTER-05254,
02:00:00:00:14:87,SN-AP-05255,
02:00:00:00:14:88,SN-MODEM-05256,
02:00:00:00:14:89,SN-ROUTER-05257,
02:00:00:00:14:8A,SN-ONU-05258,
02:00:00:00:14:8B,SN-ONT-05259,
02:00:00:00:14:8C,SN-ONU-05260,
02:00:00:00:14:8D,SN-ROUTER-05261,
02:00:00:00:14:8E,SN-AP-05262,
02:00:00:00:14:8F,SN-MODEM-05263,
02:00:00:00:14:90,SN-ROUTER-05264,
02:00:00:00:14:91,SN-ONU-05265,
02:00:00:00:14:92,SN-ONT-05266,
02:00:00:00:14:93,SN-ONU-05267,
02:00:00:00:14:94,SN-ROUTER-05268,
02:00:00:00:14:95,SN-AP-05269,
02:00:00:00:14:96,SN-MODEM-05270,
02:00:00:00:14:97,SN-ROUTER-05271,
02:00:00:00:14:98,SN-ONU-05272,
02:00:00:00:14:99,SN-ONT-05273,
02:00:00:00:14:9A,SN-ONU-05274,
02:00:00:00:14:9B,SN-ROUTER-05275,
02:00:00:00:14:9C,SN-AP-05276,
02:00:00:00:14:9D,SN-MODEM-05277,
02:00:00:00:14:9E,SN-ROUTER-05278,
02:00:00:00:14:9F,SN-ONU-05279,
02:00:00:00:14:A0,SN-ONT-05280,
02:00:00:00:14:A1,SN-ONU-05281,
02:00:00:00:14:A2,SN-ROUTER-05282,
02:00:00:00:14:A3,SN-AP-05283,
02:00:00:00:14:A4,SN-MODEM-05284,
02:00:00:00:14:A5,SN-ROUTER-05285,
02:00:00:00:14:A6,SN-ONU-05286,
02:00:00:00:14:A7,SN-ONT-05287,
02:00:00:00:14:A8,SN-ONU-05288,
02:00:00:00:14:A9,SN-ROUTER-05289,
02:00:00:00:14:AA,SN-AP-05290,
02:00:00:00:14:AB,SN-MODEM-05291,
02:00:00:00:14:AC,SN-ROUTER-05292,
02:00:00:00:14:AD,SN-ONU-05293,
02:00:00:00:14:AE,SN-ONT-05294,
02:00:00:00:14:AF,SN-ONU-05295,
02:00:00:00:14:B0,SN-ROUTER-05296,
02:00:00:00:14:B1,SN-AP-05297,
02:00:00:00:14:B2,SN-MODEM-05298,
02:00:00:00:14:B3,SN-ROUTER-05299,
02:00:00:00:14:B4,SN-ONU-05300,
02:00:00:00:14:B5,SN-ONT-05301,
02:00:00:00:14:B6,SN-ONU-05302,
02:00:00:00:14:B7,SN-ROUTER-05303,
02:00:00:00:14:B8,SN-AP-05304,
02:00:00:00:14:B9,SN-MODEM-05305,
02:00:00:00:14:BA,SN-ROUTER-05306,
02:00:00:00:14:BB,SN-ONU-05307,
02:00:00:00:14:BC,SN-ONT-05308,
02:00:00:00:14:BD,SN-ONU-05309,
02:00:00:00:14:BE,SN-ROUTER-05310,
02:00:00:00:14:BF,SN-AP-05311,
02:00:00:00:14:C0,SN-MODEM-05312,
02:00:00:00:14:C1,SN-ROUTER-05313,
02:00:00:00:14:C2,SN-ONU-05314,
02:00:00:00:14:C3,SN-ONT-05315,
02:00:00:00:14:C4,SN-ONU-05316,
02:00:00:00:14:C5,SN-ROUTER-05317,
02:00:00:00:14:C6,SN-AP-05318,
02:00:00:00:14:C7,SN-MODEM-05319,
02:00:00:00:14:C8,SN-ROUTER-05320,
02:00:00:00:14:C9,SN-ONU-05321,
02:00:00:00:14:CA,SN-ONT-05322,
02:00:00:00:14:CB,SN-ONU-05323,
02:00:00:00:14:CC,SN-ROUTER-05324,
02:00:00:00:14:CD,SN-AP-05325,
02:00:00:00:14:CE,SN-MODEM-05326,
02:00:00:00:14:CF,SN-ROUTER-05327,
02:00:00:00:14:D0,SN-ONU-05328,
02:00:00:00:14:D1,SN-ONT-05329,
02:00:00:00:14:D2,SN-ONU-05330,
02:00:00:00:14:D3,SN-ROUTER-05331,
02:00:00:00:14:D4,SN-AP-05332,
02:00:00:00:14:D5,SN-MODEM-05333,
02:00:00:00:14:D6,SN-ROUTER-05334,
02:00:00:00:14:D7,SN-ONU-05335,
02:00:00:00:14:D8,SN-ONT-05336,
02:00:00:00:14:D9,SN-ONU-05337,
02:00:00:00:14:DA,SN-ROUTER-05338,
02:00:00:00:14:DB,SN-AP-05339,
02:00:00:00:14:DC,SN-MODEM-05340,
02:00:00:00:14:DD,SN-ROUTER-05341,
02:00:00:00:14:DE,SN-ONU-05342,
02:00:00:00:14:DF,SN-ONT-05343,
02:00:00:00:14:E0,SN-ONU-05344,
02:00:00:00:14:E1,SN-ROUTER-05345,
02:00:00:00:14:E2,SN-AP-05346,
02:00:00:00:14:E3,SN-MODEM-05347,
02:00:00:00:14:E4,SN-ROUTER-05348,
02:00:00:00:14:E5,SN-ONU-05349,
02:00:00:00:14:E6,SN-ONT-05350,
02:00:00:00:14:E7,SN-ONU-05351,
02:00:00:00:14:E8,SN-ROUTER-05352,
02:00:00:00:14:E9,SN-AP-05353,
02:00:00:00:14:EA,SN-MODEM-05354,
02:00:00:00:14:EB,SN-ROUTER-05355,
02:00:00:00:14:EC,SN-ONU-05356,
02:00:00:00:14:ED,SN-ONT-05357,
02:00:00:00:14:EE,SN-ONU-05358,
02:00:00:00:14:EF,SN-ROUTER-05359,
02:00:00:00:14:F0,SN-AP-05360,
02:00:00:00:14:F1,SN-MODEM-05361,
02:00:00:00:14:F2,SN-ROUTER-05362,
02:00:00:00:14:F3,SN-ONU-05363,
02:00:00:00:14:F4,SN-ONT-05364,
02:00:00:00:14:F5,SN-ONU-05365,
02:00:00:00:14:F6,SN-ROUTER-05366,
02:00:00:00:14:F7,SN-AP-05367,
02:00:00:00:14:F8,SN-MODEM-05368,
02:00:00:00:14:F9,SN-ROUTER-05369,
02:00:00:00:14:FA,SN-ONU-05370,
02:00:00:00:14:FB,SN-ONT-05371,
02:00:00:00:14:FC,SN-ONU-05372,
02:00:00:00:14:FD,SN-ROUTER-05373,
02:00:00:00:14:FE,SN-AP-05374,
02:00:00:00:14:FF,SN-MODEM-05375,
02:00:00:00:15:00,SN-ROUTER-05376,
02:00:00:00:15:01,SN-ONU-05377,
02:00:00:00:15:02,SN-ONT-05378,
02:00:00:00:15:03,SN-ONU-05379,
02:00:00:00:15:04,SN-ROUTER-05380,
02:00:00:00:15:05,SN-AP-05381,
02:00:00:00:15:06,SN-MODEM-05382,
02:00:00:00:15:07,SN-ROUTER-05383,
02:00:00:00:15:08,SN-ONU-05384,
02:00:00:00:15:09,SN-ONT-05385,
02:00:00:00:15:0A,SN-ONU-05386,
02:00:00:00:15:0B,SN-ROUTER-05387,
02:00:00:00:15:0C,SN-AP-05388,
02:00:00:00:15:0D,SN-MODEM-05389,
02:00:00:00:15:0E,SN-ROUTER-05390,
02:00:00:00:15:0F,SN-ONU-05391,
02:00:00:00:15:10,SN-ONT-05392,
02:00:00:00:15:11,SN-ONU-05393,
02:00:00:00:15:12,SN-ROUTER-05394,
02:00:00:00:15:13,SN-AP-05395,
02:00:00:00:15:14,SN-MODEM-05396,
02:00:00:00:15:15,SN-ROUTER-05397,
02:00:00:00:15:16,SN-ONU-05398,
02:00:00:00:15:17,SN-ONT-05399,
02:00:00:00:15:18,SN-ONU-05400,
02:00:00:00:15:19,SN-ROUTER-05401,
02:00:00:00:15:1A,SN-AP-05402,
02:00:00:00:15:1B,SN-MODEM-05403,
02:00:00:00:15:1C,SN-ROUTER-05404,
02:00:00:00:15:1D,SN-ONU-05405,
02:00:00:00:15:1E,SN-ONT-05406,
02:00:00:00:15:1F,SN-ONU-05407,
02:00:00:00:15:20,SN-ROUTER-05408,
02:00:00:00:15:21,SN-AP-05409,
02:00:00:00:15:22,SN-MODEM-05410,
02:00:00:00:15:23,SN-ROUTER-05411,
02:00:00:00:15:24,SN-ONU-05412,
02:00:00:00:15:25,SN-ONT-05413,
02:00:00:00:15:26,SN-ONU-05414,
02:00:00:00:15:27,SN-ROUTER-05415,
02:00:00:00:15:28,SN-AP-05416,
02:00:00:00:15:29,SN-MODEM-05417,
02:00:00:00:15:2A,SN-ROUTER-05418,
02:00:00:00:15:2B,SN-ONU-05419,
02:00:00:00:15:2C,SN-ONT-05420,
02:00:00:00:15:2D,SN-ONU-05421,
02:00:00:00:15:2E,SN-ROUTER-05422,
02:00:00:00:15:2F,SN-AP-05423,
02:00:00:00:15:30,SN-MODEM-05424,
02:00:00:00:15:31,SN-ROUTER-05425,
02:00:00:00:15:32,SN-ONU-05426,
02:00:00:00:15:33,SN-ONT-05427,
02:00:00:00:15:34,SN-ONU-05428,
02:00:00:00:15:35,SN-ROUTER-05429,
02:00:00:00:15:36,SN-AP-05430,
02:00:00:00:15:37,SN-MODEM-05431,
02:00:00:00:15:38,SN-ROUTER-05432,
02:00:00:00:15:39,SN-ONU-05433,
02:00:00:00:15:3A,SN-ONT-05434,
02:00:00:00:15:3B,SN-ONU-05435,
02:00:00:00:15:3C,SN-ROUTER-05436,
02:00:00:00:15:3D,SN-AP-05437,
02:00:00:00:15:3E,SN-MODEM-05438,
02:00:00:00:15:3F,SN-ROUTER-05439,
02:00:00:00:15:40,SN-ONU-05440,
02:00:00:00:15:41,SN-ONT-05441,
02:00:00:00:15:42,SN-ONU-05442,
02:00:00:00:15:43,SN-ROUTER-05443,
02:00:00:00:15:44,SN-AP-05444,
02:00:00:00:15:45,SN-MODEM-05445,
02:00:00:00:15:46,SN-ROUTER-05446,
02:00:00:00:15:47,SN-ONU-05447,
02:00:00:00:15:48,SN-ONT-05448,
02:00:00:00:15:49,SN-ONU-05449,
02:00:00:00:15:4A,SN-ROUTER-05450,
02:00:00:00:15:4B,SN-AP-05451,
02:00:00:00:15:4C,SN-MODEM-05452,
02:00:00:00:15:4D,SN-ROUTER-05453,
02:00:00:00:15:4E,SN-ONU-05454,
02:00:00:00:15:4F,SN-ONT-05455,
02:00:00:00:15:50,SN-ONU-05456,
02:00:00:00:15:51,SN-ROUTER-05457,
02:00:00:00:15:52,SN-AP-05458,
02:00:00:00:15:53,SN-MODEM-05459,
02:00:00:00:15:54,SN-ROUTER-05460,
02:00:00:00:15:55,SN-ONU-05461,
02:00:00:00:15:56,SN-ONT-05462,
02:00:00:00:15:57,SN-ONU-05463,
02:00:00:00:15:58,SN-ROUTER-05464,
02:00:00:00:15:59,SN-AP-05465,
02:00:00:00:15:5A,SN-MODEM-05466,
02:00:00:00:15:5B,SN-ROUTER-05467,
02:00:00:00:15:5C,SN-ONU-05468,
02:00:00:00:15:5D,SN-ONT-05469,
02:00:00:00:15:5E,SN-ONU-05470,
02:00:00:00:15:5F,SN-ROUTER-05471,
02:00:00:00:15:60,SN-AP-05472,
02:00:00:00:15:61,SN-MODEM-05473,
02:00:00:00:15:62,SN-ROUTER-05474,
02:00:00:00:15:63,SN-ONU-05475,
02:00:00:00:15:64,SN-ONT-05476,
02:00:00:00:15:65,SN-ONU-05477,
02:00:00:00:15:66,SN-ROUTER-05478,
02:00:00:00:15:67,SN-AP-05479,
02:00:00:00:15:68,SN-MODEM-05480,
02:00:00:00:15:69,SN-ROUTER-05481,
02:00:00:00:15:6A,SN-ONU-05482,
02:00:00:00:15:6B,SN-ONT-05483,
02:00:00:00:15:6C,SN-ONU-05484,
02:00:00:00:15:6D,SN-ROUTER-05485,
02:00:00:00:15:6E,SN-AP-05486,
02:00:00:00:15:6F,SN-MODEM-05487,
02:00:00:00:15:70,SN-ROUTER-05488,
02:00:00:00:15:71,SN-ONU-05489,
02:00:00:00:15:72,SN-ONT-05490,
02:00:00:00:15:73,SN-ONU-05491,
02:00:00:00:15:74,SN-ROUTER-05492,
02:00:00:00:15:75,SN-AP-05493,
02:00:00:00:15:76,SN-MODEM-05494,
02:00:00:00:15:77,SN-ROUTER-05495,
02:00:00:00:15:78,SN-ONU-05496,
02:00:00:00:15:79,SN-ONT-05497,
02:00:00:00:15:7A,SN-ONU-05498,
02:00:00:00:15:7B,SN-ROUTER-05499,
02:00:00:00:15:7C,SN-AP-05500,
02:00:00:00:15:7D,SN-MODEM-05501,
02:00:00:00:15:7E,SN-ROUTER-05502,
02:00:00:00:15:7F,SN-ONU-05503,
02:00:00:00:15:80,SN-ONT-05504,
02:00:00:00:15:81,SN-ONU-05505,
02:00:00:00:15:82,SN-ROUTER-05506,
02:00:00:00:15:83,SN-AP-05507,
02:00:00:00:15:84,SN-MODEM-05508,
02:00:00:00:15:85,SN-ROUTER-05509,
02:00:00:00:15:86,SN-ONU-05510,
02:00:00:00:15:87,SN-ONT-05511,
02:00:00:00:15:88,SN-ONU-05512,
02:00:00:00:15:89,SN-ROUTER-05513,
02:00:00:00:15:8A,SN-AP-05514,
02:00:00:00:15:8B,SN-MODEM-05515,
02:00:00:00:15:8C,SN-ROUTER-05516,
02:00:00:00:15:8D,SN-ONU-05517,
02:00:00:00:15:8E,SN-ONT-05518,
02:00:00:00:15:8F,SN-ONU-05519,
02:00:00:00:15:90,SN-ROUTER-05520,
02:00:00:00:15:91,SN-AP-05521,
02:00:00:00:15:92,SN-MODEM-05522,
02:00:00:00:15:93,SN-ROUTER-05523,
02:00:00:00:15:94,SN-ONU-05524,
02:00:00:00:15:95,SN-ONT-05525,
02:00:00:00:15:96,SN-ONU-05526,
02:00:00:00:15:97,SN-ROUTER-05527,
02:00:00:00:15:98,SN-AP-05528,
02:00:00:00:15:99,SN-MODEM-05529,
02:00:00:00:15:9A,SN-ROUTER-05530,
02:00:00:00:15:9B,SN-ONU-05531,
02:00:00:00:15:9C,SN-ONT-05532,
02:00:00:00:15:9D,SN-ONU-05533,
02:00:00:00:15:9E,SN-ROUTER-05534,
02:00:00:00:15:9F,SN-AP-05535,
02:00:00:00:15:A0,SN-MODEM-05536,
02:00:00:00:15:A1,SN-ROUTER-05537,
02:00:00:00:15:A2,SN-ONU-05538,
02:00:00:00:15:A3,SN-ONT-05539,
02:00:00:00:15:A4,SN-ONU-05540,
02:00:00:00:15:A5,SN-ROUTER-05541,
02:00:00:00:15:A6,SN-AP-05542,
02:00:00:00:15:A7,SN-MODEM-05543,
02:00:00:00:15:A8,SN-ROUTER-05544,
02:00:00:00:15:A9,SN-ONU-05545,
02:00:00:00:15:AA,SN-ONT-05546,
02:00:00:00:15:AB,SN-ONU-05547,
02:00:00:00:15:AC,SN-ROUTER-05548,
02:00:00:00:15:AD,SN-AP-05549,
02:00:00:00:15:AE,SN-MODEM-05550,
02:00:00:00:15:AF,SN-ROUTER-05551,
02:00:00:00:15:B0,SN-ONU-05552,
02:00:00:00:15:B1,SN-ONT-05553,
02:00:00:00:15:B2,SN-ONU-05554,
02:00:00:00:15:B3,SN-ROUTER-05555,
02:00:00:00:15:B4,SN-AP-05556,
02:00:00:00:15:B5,SN-MODEM-05557,
02:00:00:00:15:B6,SN-ROUTER-05558,
02:00:00:00:15:B7,SN-ONU-05559,
02:00:00:00:15:B8,SN-ONT-05560,
02:00:00:00:15:B9,SN-ONU-05561,
02:00:00:00:15:BA,SN-ROUTER-05562,
02:00:00:00:15:BB,SN-AP-05563,
02:00:00:00:15:BC,SN-MODEM-05564,
02:00:00:00:15:BD,SN-ROUTER-05565,
02:00:00:00:15:BE,SN-ONU-05566,
02:00:00:00:15:BF,SN-ONT-05567,
02:00:00:00:15:C0,SN-ONU-05568,
02:00:00:00:15:C1,SN-ROUTER-05569,
02:00:00:00:15:C2,SN-AP-05570,
02:00:00:00:15:C3,SN-MODEM-05571,
02:00:00:00:15:C4,SN-ROUTER-05572,
02:00:00:00:15:C5,SN-ONU-05573,
02:00:00:00:15:C6,SN-ONT-05574,
02:00:00:00:15:C7,SN-ONU-05575,
02:00:00:00:15:C8,SN-ROUTER-05576,
02:00:00:00:15:C9,SN-AP-05577,
02:00:00:00:15:CA,SN-MODEM-05578,
02:00:00:00:15:CB,SN-ROUTER-05579,
02:00:00:00:15:CC,SN-ONU-05580,
02:00:00:00:15:CD,SN-ONT-05581,
02:00:00:00:15:CE,SN-ONU-05582,
02:00:00:00:15:CF,SN-ROUTER-05583,
02:00:00:00:15:D0,SN-AP-05584,
02:00:00:00:15:D1,SN-MODEM-05585,
02:00:00:00:15:D2,SN-ROUTER-05586,
02:00:00:00:15:D3,SN-ONU-05587,
02:00:00:00:15:D4,SN-ONT-05588,
02:00:00:00:15:D5,SN-ONU-05589,
02:00:00:00:15:D6,SN-ROUTER-05590,
02:00:00:00:15:D7,SN-AP-05591,
02:00:00:00:15:D8,SN-MODEM-05592,
02:00:00:00:15:D9,SN-ROUTER-05593,
02:00:00:00:15:DA,SN-ONU-05594,
02:00:00:00:15:DB,SN-ONT-05595,
02:00:00:00:15:DC,SN-ONU-05596,
02:00:00:00:15:DD,SN-ROUTER-05597,
02:00:00:00:15:DE,SN-AP-05598,
02:00:00:00:15:DF,SN-MODEM-05599,
02:00:00:00:15:E0,SN-ROUTER-05600,
02:00:00:00:15:E1,SN-ONU-05601,
02:00:00:00:15:E2,SN-ONT-05602,
02:00:00:00:15:E3,SN-ONU-05603,
02:00:00:00:15:E4,SN-ROUTER-05604,
02:00:00:00:15:E5,SN-AP-05605,
02:00:00:00:15:E6,SN-MODEM-05606,
02:00:00:00:15:E7,SN-ROUTER-05607,
02:00:00:00:15:E8,SN-ONU-05608,
02:00:00:00:15:E9,SN-ONT-05609,
02:00:00:00:15:EA,SN-ONU-05610,
02:00:00:00:15:EB,SN-ROUTER-05611,
02:00:00:00:15:EC,SN-AP-05612,
02:00:00:00:15:ED,SN-MODEM-05613,
02:00:00:00:15:EE,SN-ROUTER-05614,
02:00:00:00:15:EF,SN-ONU-05615,
02:00:00:00:15:F0,SN-ONT-05616,
02:00:00:00:15:F1,SN-ONU-05617,
02:00:00:00:15:F2,SN-ROUTER-05618,
02:00:00:00:15:F3,SN-AP-05619,
02:00:00:00:15:F4,SN-MODEM-05620,
02:00:00:00:15:F5,SN-ROUTER-05621,
02:00:00:00:15:F6,SN-ONU-05622,
02:00:00:00:15:F7,SN-ONT-05623,
02:00:00:00:15:F8,SN-ONU-05624,
02:00:00:00:15:F9,SN-ROUTER-05625,
02:00:00:00:15:FA,SN-AP-05626,
02:00:00:00:15:FB,SN-MODEM-05627,
02:00:00:00:15:FC,SN-ROUTER-05628,
02:00:00:00:15:FD,SN-ONU-05629,
02:00:00:00:15:FE,SN-ONT-05630,
02:00:00:00:15:FF,SN-ONU-05631,
02:00:00:00:16:00,SN-ROUTER-05632,
02:00:00:00:16:01,SN-AP-05633,
02:00:00:00:16:02,SN-MODEM-05634,
02:00:00:00:16:03,SN-ROUTER-05635,
02:00:00:00:16:04,SN-ONU-05636,
02:00:00:00:16:05,SN-ONT-05637,
02:00:00:00:16:06,SN-ONU-05638,
02:00:00:00:16:07,SN-ROUTER-05639,
02:00:00:00:16:08,SN-AP-05640,
02:00:00:00:16:09,SN-MODEM-05641,
02:00:00:00:16:0A,SN-ROUTER-05642,
02:00:00:00:16:0B,SN-ONU-05643,
02:00:00:00:16:0C,SN-ONT-05644,
02:00:00:00:16:0D,SN-ONU-05645,
02:00:00:00:16:0E,SN-ROUTER-05646,
02:00:00:00:16:0F,SN-AP-05647,
02:00:00:00:16:10,SN-MODEM-05648,
02:00:00:00:16:11,SN-ROUTER-05649,
02:00:00:00:16:12,SN-ONU-05650,
02:00:00:00:16:13,SN-ONT-05651,
02:00:00:00:16:14,SN-ONU-05652,
02:00:00:00:16:15,SN-ROUTER-05653,
02:00:00:00:16:16,SN-AP-05654,
02:00:00:00:16:17,SN-MODEM-05655,
02:00:00:00:16:18,SN-ROUTER-05656,
02:00:00:00:16:19,SN-ONU-05657,
02:00:00:00:16:1A,SN-ONT-05658,
02:00:00:00:16:1B,SN-ONU-05659,
02:00:00:00:16:1C,SN-ROUTER-05660,
02:00:00:00:16:1D,SN-AP-05661,
02:00:00:00:16:1E,SN-MODEM-05662,
02:00:00:00:16:1F,SN-ROUTER-05663,
02:00:00:00:16:20,SN-ONU-05664,
02:00:00:00:16:21,SN-ONT-05665,
02:00:00:00:16:22,SN-ONU-05666,
02:00:00:00:16:23,SN-ROUTER-05667,
02:00:00:00:16:24,SN-AP-05668,
02:00:00:00:16:25,SN-MODEM-05669,
02:00:00:00:16:26,SN-ROUTER-05670,
02:00:00:00:16:27,SN-ONU-05671,
02:00:00:00:16:28,SN-ONT-05672,
02:00:00:00:16:29,SN-ONU-05673,
02:00:00:00:16:2A,SN-ROUTER-05674,
02:00:00:00:16:2B,SN-AP-05675,
02:00:00:00:16:2C,SN-MODEM-05676,
02:00:00:00:16:2D,SN-ROUTER-05677,
02:00:00:00:16:2E,SN-ONU-05678,
02:00:00:00:16:2F,SN-ONT-05679,
02:00:00:00:16:30,SN-ONU-05680,
02:00:00:00:16:31,SN-ROUTER-05681,
02:00:00:00:16:32,SN-AP-05682,
02:00:00:00:16:33,SN-MODEM-05683,
02:00:00:00:16:34,SN-ROUTER-05684,
02:00:00:00:16:35,SN-ONU-05685,
02:00:00:00:16:36,SN-ONT-05686,
02:00:00:00:16:37,SN-ONU-05687,
02:00:00:00:16:38,SN-ROUTER-05688,
02:00:00:00:16:39,SN-AP-05689,
02:00:00:00:16:3A,SN-MODEM-05690,
02:00:00:00:16:3B,SN-ROUTER-05691,
02:00:00:00:16:3C,SN-ONU-05692,
02:00:00:00:16:3D,SN-ONT-05693,
02:00:00:00:16:3E,SN-ONU-05694,
02:00:00:00:16:3F,SN-ROUTER-05695,
02:00:00:00:16:40,SN-AP-05696,
02:00:00:00:16:41,SN-MODEM-05697,
02:00:00:00:16:42,SN-ROUTER-05698,
02:00:00:00:16:43,SN-ONU-05699,
02:00:00:00:16:44,SN-ONT-05700,
02:00:00:00:16:45,SN-ONU-05701,
02:00:00:00:16:46,SN-ROUTER-05702,
02:00:00:00:16:47,SN-AP-05703,
02:00:00:00:16:48,SN-MODEM-05704,
02:00:00:00:16:49,SN-ROUTER-05705,
02:00:00:00:16:4A,SN-ONU-05706,
02:00:00:00:16:4B,SN-ONT-05707,
02:00:00:00:16:4C,SN-ONU-05708,
02:00:00:00:16:4D,SN-ROUTER-05709,
02:00:00:00:16:4E,SN-AP-05710,
02:00:00:00:16:4F,SN-MODEM-05711,
02:00:00:00:16:50,SN-ROUTER-05712,
02:00:00:00:16:51,SN-ONU-05713,
02:00:00:00:16:52,SN-ONT-05714,
02:00:00:00:16:53,SN-ONU-05715,
02:00:00:00:16:54,SN-ROUTER-05716,
02:00:00:00:16:55,SN-AP-05717,
02:00:00:00:16:56,SN-MODEM-05718,
02:00:00:00:16:57,SN-ROUTER-05719,
02:00:00:00:16:58,SN-ONU-05720,
02:00:00:00:16:59,SN-ONT-05721,
02:00:00:00:16:5A,SN-ONU-05722,
02:00:00:00:16:5B,SN-ROUTER-05723,
02:00:00:00:16:5C,SN-AP-05724,
02:00:00:00:16:5D,SN-MODEM-05725,
02:00:00:00:16:5E,SN-ROUTER-05726,
02:00:00:00:16:5F,SN-ONU-05727,
02:00:00:00:16:60,SN-ONT-05728,
02:00:00:00:16:61,SN-ONU-05729,
02:00:00:00:16:62,SN-ROUTER-05730,
02:00:00:00:16:63,SN-AP-05731,
02:00:00:00:16:64,SN-MODEM-05732,
02:00:00:00:16:65,SN-ROUTER-05733,
02:00:00:00:16:66,SN-ONU-05734,
02:00:00:00:16:67,SN-ONT-05735,
02:00:00:00:16:68,SN-ONU-05736,
02:00:00:00:16:69,SN-ROUTER-05737,
02:00:00:00:16:6A,SN-AP-05738,
02:00:00:00:16:6B,SN-MODEM-05739,
02:00:00:00:16:6C,SN-ROUTER-05740,
02:00:00:00:16:6D,SN-ONU-05741,
02:00:00:00:16:6E,SN-ONT-05742,
02:00:00:00:16:6F,SN-ONU-05743,
02:00:00:00:16:70,SN-ROUTER-05744,
02:00:00:00:16:71,SN-AP-05745,
02:00:00:00:16:72,SN-MODEM-05746,
02:00:00:00:16:73,SN-ROUTER-05747,
02:00:00:00:16:74,SN-ONU-05748,
02:00:00:00:16:75,SN-ONT-05749,
02:00:00:00:16:76,SN-ONU-05750,
02:00:00:00:16:77,SN-ROUTER-05751,
02:00:00:00:16:78,SN-AP-05752,
02:00:00:00:16:79,SN-MODEM-05753,
02:00:00:00:16:7A,SN-ROUTER-05754,
02:00:00:00:16:7B,SN-ONU-05755,
02:00:00:00:16:7C,SN-ONT-05756,
02:00:00:00:16:7D,SN-ONU-05757,
02:00:00:00:16:7E,SN-ROUTER-05758,
02:00:00:00:16:7F,SN-AP-05759,
02:00:00:00:16:80,SN-MODEM-05760,
02:00:00:00:16:81,SN-ROUTER-05761,
02:00:00:00:16:82,SN-ONU-05762,
02:00:00:00:16:83,SN-ONT-05763,
02:00:00:00:16:84,SN-ONU-05764,
02:00:00:00:16:85,SN-ROUTER-05765,
02:00:00:00:16:86,SN-AP-05766,
02:00:00:00:16:87,SN-MODEM-05767,
02:00:00:00:16:88,SN-ROUTER-05768,
02:00:00:00:16:89,SN-ONU-05769,
02:00:00:00:16:8A,SN-ONT-05770,
02:00:00:00:16:8B,SN-ONU-05771,
02:00:00:00:16:8C,SN-ROUTER-05772,
02:00:00:00:16:8D,SN-AP-05773,
02:00:00:00:16:8E,SN-MODEM-05774,
02:00:00:00:16:8F,SN-ROUTER-05775,
02:00:00:00:16:90,SN-ONU-05776,
02:00:00:00:16:91,SN-ONT-05777,
02:00:00:00:16:92,SN-ONU-05778,
02:00:00:00:16:93,SN-ROUTER-05779,
02:00:00:00:16:94,SN-AP-05780,
02:00:00:00:16:95,SN-MODEM-05781,
02:00:00:00:16:96,SN-ROUTER-05782,
02:00:00:00:16:97,SN-ONU-05783,
02:00:00:00:16:98,SN-ONT-05784,
02:00:00:00:16:99,SN-ONU-05785,
02:00:00:00:16:9A,SN-ROUTER-05786,
02:00:00:00:16:9B,SN-AP-05787,
02:00:00:00:16:9C,SN-MODEM-05788,
02:00:00:00:16:9D,SN-ROUTER-05789,
02:00:00:00:16:9E,SN-ONU-05790,
02:00:00:00:16:9F,SN-ONT-05791,
02:00:00:00:16:A0,SN-ONU-05792,
02:00:00:00:16:A1,SN-ROUTER-05793,
02:00:00:00:16:A2,SN-AP-05794,
02:00:00:00:16:A3,SN-MODEM-05795,
02:00:00:00:16:A4,SN-ROUTER-05796,
02:00:00:00:16:A5,SN-ONU-05797,
02:00:00:00:16:A6,SN-ONT-05798,
02:00:00:00:16:A7,SN-ONU-05799,
02:00:00:00:16:A8,SN-ROUTER-05800,
02:00:00:00:16:A9,SN-AP-05801,
02:00:00:00:16:AA,SN-MODEM-05802,
02:00:00:00:16:AB,SN-ROUTER-05803,
02:00:00:00:16:AC,SN-ONU-05804,
02:00:00:00:16:AD,SN-ONT-05805,
02:00:00:00:16:AE,SN-ONU-05806,
02:00:00:00:16:AF,SN-ROUTER-05807,
02:00:00:00:16:B0,SN-AP-05808,
02:00:00:00:16:B1,SN-MODEM-05809,
02:00:00:00:16:B2,SN-ROUTER-05810,
02:00:00:00:16:B3,SN-ONU-05811,
02:00:00:00:16:B4,SN-ONT-05812,
02:00:00:00:16:B5,SN-ONU-05813,
02:00:00:00:16:B6,SN-ROUTER-05814,
02:00:00:00:16:B7,SN-AP-05815,
02:00:00:00:16:B8,SN-MODEM-05816,
02:00:00:00:16:B9,SN-ROUTER-05817,
02:00:00:00:16:BA,SN-ONU-05818,
02:00:00:00:16:BB,SN-ONT-05819,
02:00:00:00:16:BC,SN-ONU-05820,
02:00:00:00:16:BD,SN-ROUTER-05821,
02:00:00:00:16:BE,SN-AP-05822,
02:00:00:00:16:BF,SN-MODEM-05823,
02:00:00:00:16:C0,SN-ROUTER-05824,
02:00:00:00:16:C1,SN-ONU-05825,
02:00:00:00:16:C2,SN-ONT-05826,
02:00:00:00:16:C3,SN-ONU-05827,
02:00:00:00:16:C4,SN-ROUTER-05828,
02:00:00:00:16:C5,SN-AP-05829,
02:00:00:00:16:C6,SN-MODEM-05830,
02:00:00:00:16:C7,SN-ROUTER-05831,
02:00:00:00:16:C8,SN-ONU-05832,
02:00:00:00:16:C9,SN-ONT-05833,
02:00:00:00:16:CA,SN-ONU-05834,
02:00:00:00:16:CB,SN-ROUTER-05835,
02:00:00:00:16:CC,SN-AP-05836,
02:00:00:00:16:CD,SN-MODEM-05837,
02:00:00:00:16:CE,SN-ROUTER-05838,
02:00:00:00:16:CF,SN-ONU-05839,
02:00:00:00:16:D0,SN-ONT-05840,
02:00:00:00:16:D1,SN-ONU-05841,
02:00:00:00:16:D2,SN-ROUTER-05842,
02:00:00:00:16:D3,SN-AP-05843,
02:00:00:00:16:D4,SN-MODEM-05844,
02:00:00:00:16:D5,SN-ROUTER-05845,
02:00:00:00:16:D6,SN-ONU-05846,
02:00:00:00:16:D7,SN-ONT-05847,
02:00:00:00:16:D8,SN-ONU-05848,
02:00:00:00:16:D9,SN-ROUTER-05849,
02:00:00:00:16:DA,SN-AP-05850,
02:00:00:00:16:DB,SN-MODEM-05851,
02:00:00:00:16:DC,SN-ROUTER-05852,
02:00:00:00:16:DD,SN-ONU-05853,
02:00:00:00:16:DE,SN-ONT-05854,
02:00:00:00:16:DF,SN-ONU-05855,
02:00:00:00:16:E0,SN-ROUTER-05856,
02:00:00:00:16:E1,SN-AP-05857,
02:00:00:00:16:E2,SN-MODEM-05858,
02:00:00:00:16:E3,SN-ROUTER-05859,
02:00:00:00:16:E4,SN-ONU-05860,
02:00:00:00:16:E5,SN-ONT-05861,
02:00:00:00:16:E6,SN-ONU-05862,
02:00:00:00:16:E7,SN-ROUTER-05863,
02:00:00:00:16:E8,SN-AP-05864,
02:00:00:00:16:E9,SN-MODEM-05865,
02:00:00:00:16:EA,SN-ROUTER-05866,
02:00:00:00:16:EB,SN-ONU-05867,
02:00:00:00:16:EC,SN-ONT-05868,
02:00:00:00:16:ED,SN-ONU-05869,
02:00:00:00:16:EE,SN-ROUTER-05870,
02:00:00:00:16:EF,SN-AP-05871,
02:00:00:00:16:F0,SN-MODEM-05872,
02:00:00:00:16:F1,SN-ROUTER-05873,
02:00:00:00:16:F2,SN-ONU-05874,
02:00:00:00:16:F3,SN-ONT-05875,
02:00:00:00:16:F4,SN-ONU-05876,
02:00:00:00:16:F5,SN-ROUTER-05877,
02:00:00:00:16:F6,SN-AP-05878,
02:00:00:00:16:F7,SN-MODEM-05879,
02:00:00:00:16:F8,SN-ROUTER-05880,
02:00:00:00:16:F9,SN-ONU-05881,
02:00:00:00:16:FA,SN-ONT-05882,
02:00:00:00:16:FB,SN-ONU-05883,
02:00:00:00:16:FC,SN-ROUTER-05884,
02:00:00:00:16:FD,SN-AP-05885,
02:00:00:00:16:FE,SN-MODEM-05886,
02:00:00:00:16:FF,SN-ROUTER-05887,
02:00:00:00:17:00,SN-ONU-05888,
02:00:00:00:17:01,SN-ONT-05889,
02:00:00:00:17:02,SN-ONU-05890,
02:00:00:00:17:03,SN-ROUTER-05891,
02:00:00:00:17:04,SN-AP-05892,
02:00:00:00:17:05,SN-MODEM-05893,
02:00:00:00:17:06,SN-ROUTER-05894,
02:00:00:00:17:07,SN-ONU-05895,
02:00:00:00:17:08,SN-ONT-05896,
02:00:00:00:17:09,SN-ONU-05897,
02:00:00:00:17:0A,SN-ROUTER-05898,
02:00:00:00:17:0B,SN-AP-05899,
02:00:00:00:17:0C,SN-MODEM-05900,
02:00:00:00:17:0D,SN-ROUTER-05901,
02:00:00:00:17:0E,SN-ONU-05902,
02:00:00:00:17:0F,SN-ONT-05903,
02:00:00:00:17:10,SN-ONU-05904,
02:00:00:00:17:11,SN-ROUTER-05905,
02:00:00:00:17:12,SN-AP-05906,
02:00:00:00:17:13,SN-MODEM-05907,
02:00:00:00:17:14,SN-ROUTER-05908,
02:00:00:00:17:15,SN-ONU-05909,
02:00:00:00:17:16,SN-ONT-05910,
02:00:00:00:17:17,SN-ONU-05911,
02:00:00:00:17:18,SN-ROUTER-05912,
02:00:00:00:17:19,SN-AP-05913,
02:00:00:00:17:1A,SN-MODEM-05914,
02:00:00:00:17:1B,SN-ROUTER-05915,
02:00:00:00:17:1C,SN-ONU-05916,
02:00:00:00:17:1D,SN-ONT-05917,
02:00:00:00:17:1E,SN-ONU-05918,
02:00:00:00:17:1F,SN-ROUTER-05919,
02:00:00:00:17:20,SN-AP-05920,
02:00:00:00:17:21,SN-MODEM-05921,
02:00:00:00:17:22,SN-ROUTER-05922,
02:00:00:00:17:23,SN-ONU-05923,
02:00:00:00:17:24,SN-ONT-05924,
02:00:00:00:17:25,SN-ONU-05925,
02:00:00:00:17:26,SN-ROUTER-05926,
02:00:00:00:17:27,SN-AP-05927,
02:00:00:00:17:28,SN-MODEM-05928,
02:00:00:00:17:29,SN-ROUTER-05929,
02:00:00:00:17:2A,SN-ONU-05930,
02:00:00:00:17:2B,SN-ONT-05931,
02:00:00:00:17:2C,SN-ONU-05932,
02:00:00:00:17:2D,SN-ROUTER-05933,
02:00:00:00:17:2E,SN-AP-05934,
02:00:00:00:17:2F,SN-MODEM-05935,
02:00:00:00:17:30,SN-ROUTER-05936,
02:00:00:00:17:31,SN-ONU-05937,
02:00:00:00:17:32,SN-ONT-05938,
02:00:00:00:17:33,SN-ONU-05939,
02:00:00:00:17:34,SN-ROUTER-05940,
02:00:00:00:17:35,SN-AP-05941,
02:00:00:00:17:36,SN-MODEM-05942,
02:00:00:00:17:37,SN-ROUTER-05943,
02:00:00:00:17:38,SN-ONU-05944,
02:00:00:00:17:39,SN-ONT-05945,
02:00:00:00:17:3A,SN-ONU-05946,
02:00:00:00:17:3B,SN-ROUTER-05947,
02:00:00:00:17:3C,SN-AP-05948,
02:00:00:00:17:3D,SN-MODEM-05949,
02:00:00:00:17:3E,SN-ROUTER-05950,
02:00:00:00:17:3F,SN-ONU-05951,
02:00:00:00:17:40,SN-ONT-05952,
02:00:00:00:17:41,SN-ONU-05953,
02:00:00:00:17:42,SN-ROUTER-05954,
02:00:00:00:17:43,SN-AP-05955,
02:00:00:00:17:44,SN-MODEM-05956,
02:00:00:00:17:45,SN-ROUTER-05957,
02:00:00:00:17:46,SN-ONU-05958,
02:00:00:00:17:47,SN-ONT-05959,
02:00:00:00:17:48,SN-ONU-05960,
02:00:00:00:17:49,SN-ROUTER-05961,
02:00:00:00:17:4A,SN-AP-05962,
02:00:00:00:17:4B,SN-MODEM-05963,
02:00:00:00:17:4C,SN-ROUTER-05964,
02:00:00:00:17:4D,SN-ONU-05965,
02:00:00:00:17:4E,SN-ONT-05966,
02:00:00:00:17:4F,SN-ONU-05967,
02:00:00:00:17:50,SN-ROUTER-05968,
02:00:00:00:17:51,SN-AP-05969,
02:00:00:00:17:52,SN-MODEM-05970,
02:00:00:00:17:53,SN-ROUTER-05971,
02:00:00:00:17:54,SN-ONU-05972,
02:00:00:00:17:55,SN-ONT-05973,
02:00:00:00:17:56,SN-ONU-05974,
02:00:00:00:17:57,SN-ROUTER-05975,
02:00:00:00:17:58,SN-AP-05976,
02:00:00:00:17:59,SN-MODEM-05977,
02:00:00:00:17:5A,SN-ROUTER-05978,
02:00:00:00:17:5B,SN-ONU-05979,
02:00:00:00:17:5C,SN-ONT-05980,
02:00:00:00:17:5D,SN-ONU-05981,
02:00:00:00:17:5E,SN-ROUTER-05982,
02:00:00:00:17:5F,SN-AP-05983,
02:00:00:00:17:60,SN-MODEM-05984,
02:00:00:00:17:61,SN-ROUTER-05985,
02:00:00:00:17:62,SN-ONU-05986,
02:00:00:00:17:63,SN-ONT-05987,
02:00:00:00:17:64,SN-ONU-05988,
02:00:00:00:17:65,SN-ROUTER-05989,
02:00:00:00:17:66,SN-AP-05990,
02:00:00:00:17:67,SN-MODEM-05991,
02:00:00:00:17:68,SN-ROUTER-05992,
02:00:00:00:17:69,SN-ONU-05993,
02:00:00:00:17:6A,SN-ONT-05994,
02:00:00:00:17:6B,SN-ONU-05995,
02:00:00:00:17:6C,SN-ROUTER-05996,
02:00:00:00:17:6D,SN-AP-05997,
02:00:00:00:17:6E,SN-MODEM-05998,
02:00:00:00:17:6F,SN-ROUTER-05999,
02:00:00:00:17:70,SN-ONU-06000,
