Vendor,device_type,model,mac_address,serial_number,band_type
Nokia,ONU,G-140W-C,02:00:00:00:00:01,SN-ONU-00001,single_band
Huawei,ONT,HG8245H,02:00:00:00:00:02,SN-ONT-00002,dual_band
ZTE,ONU,F601,02:00:00:00:00:03,SN-ONU-00003,single_band
TP-Link,Router,Archer C6,02:00:00:00:00:04,SN-ROUTER-00004,dual_band
Cisco,Modem,MB8600,02:00:00:00:00:05,SN-MODEM-00005,single_band
Ubiquiti,Access Point,EAP225,02:00:00:00:00:06,SN-ACCESSPOINT-00006,dual_band
MikroTik,Router,hEX-S,02:00:00:00:00:07,SN-ROUTER-00007,single_band
Netgear,Switch,GS308,02:00:00:00:00:08,SN-SWITCH-00008,dual_band
Nokia,ONU,G-140W-C,02:00:00:00:00:09,SN-ONU-00009,single_band
Huawei,ONT,HG8245H,02:00:00:00:00:0A,SN-ONT-00010,dual_band
ZTE,ONU,F601,02:00:00:00:00:0B,SN-ONU-00011,single_band
TP-Link,Router,Archer C6,02:00:00:00:00:0C,SN-ROUTER-00012,dual_band
Cisco,Modem,MB8600,02:00:00:00:00:0D,SN-MODEM-00013,single_band
Ubiquiti,Access Point,EAP225,02:00:00:00:00:0E,SN-ACCESSPOINT-00014,dual_band
MikroTik,Router,hEX-S,02:00:00:00:00:0F,SN-ROUTER-00015,single_band
Netgear,Switch,GS308,02:00:00:00:00:10,SN-SWITCH-00016,dual_band
Nokia,ONU,G-140W-C,02:00:00:00:00:11,SN-ONU-00017,single_band
Huawei,ONT,HG8245H,02:00:00:00:00:12,SN-ONT-00018,dual_band
ZTE,ONU,F601,02:00:00:00:00:13,SN-ONU-00019,single_band
TP-Link,Router,Archer C6,02:00:00:00:00:14,SN-ROUTER-00020,dual_band
Cisco,Modem,MB8600,02:00:00:00:00:15,SN-MODEM-00021,single_band
Ubiquiti,Access Point,EAP225,02:00:00:00:00:16,SN-ACCESSPOINT-00022,dual_band
MikroTik,Router,hEX-S,02:00:00:00:00:17,SN-ROUTER-00023,single_band
Netgear,Switch,GS308,02:00:00:00:00:18,SN-SWITCH-00024,dual_band
Nokia,ONU,G-140W-C,02:00:00:00:00:19,SN-ONU-00025,single_band
Huawei,ONT,HG8245H,02:00:00:00:00:1A,SN-ONT-00026,dual_band
ZTE,ONU,F601,02:00:00:00:00:1B,SN-ONU-00027,single_band
TP-Link,Router,Archer C6,02:00:00:00:00:1C,SN-ROUTER-00028,dual_band
Cisco,Modem,MB8600,02:00:00:00:00:1D,SN-MODEM-00029,single_band
Ubiquiti,Access Point,EAP225,02:00:00:00:00:1E,SN-ACCESSPOINT-00030,dual_band
MikroTik,Router,hEX-S,02:00:00:00:00:1F,SN-ROUTER-00031,single_band
Netgear,Switch,GS308,02:00:00:00:00:20,SN-SWITCH-00032,dual_band
Nokia,ONU,G-140W-C,02:00:00:00:00:21,SN-ONU-00033,single_band
Huawei,ONT,HG8245H,02:00:00:00:00:22,SN-ONT-00034,dual_band
ZTE,ONU,F601,02:00:00:00:00:23,SN-ONU-00035,single_band
TP-Link,Router,Archer C6,02:00:00:00:00:24,SN-ROUTER-00036,dual_band
Cisco,Modem,MB8600,02:00:00:00:00:25,SN-MODEM-00037,single_band
Ubiquiti,Access Point,EAP225,02:00:00:00:00:26,SN-ACCESSPOINT-00038,dual_band
MikroTik,Router,hEX-S,02:00:00:00:00:27,SN-ROUTER-00039,single_band
Netgear,Switch,GS308,02:00:00:00:00:28,SN-SWITCH-00040,dual_band
Nokia,ONU,G-140W-C,02:00:00:00:00:29,SN-ONU-00041,single_band
Huawei,ONT,HG8245H,02:00:00:00:00:2A,SN-ONT-00042,dual_band
ZTE,ONU,F601,02:00:00:00:00:2B,SN-ONU-00043,single_band
TP-Link,Router,Archer C6,02:00:00:00:00:2C,SN-ROUTER-00044,dual_band
Cisco,Modem,MB8600,02:00:00:00:00:2D,SN-MODEM-00045,single_band
Ubiquiti,Access Point,EAP225,02:00:00:00:00:2E,SN-ACCESSPOINT-00046,dual_band
MikroTik,Router,hEX-S,02:00:00:00:00:2F,SN-ROUTER-00047,single_band
Netgear,Switch,GS308,02:00:00:00:00:30,SN-SWITCH-00048,dual_band
Nokia,ONU,G-140W-C,02:00:00:00:00:31,SN-ONU-00049,single_band
Huawei,ONT,HG8245H,02:00:00:00:00:32,SN-ONT-00050,dual_band
ZTE,ONU,F601,02:00:00:00:00:33,SN-ONU-00051,single_band
TP-Link,Router,Archer C6,02:00:00:00:00:34,SN-ROUTER-00052,dual_band
Cisco,Modem,MB8600,02:00:00:00:00:35,SN-MODEM-00053,single_band
Ubiquiti,Access Point,EAP225,02:00:00:00:00:36,SN-ACCESSPOINT-00054,dual_band
MikroTik,Router,hEX-S,02:00:00:00:00:37,SN-ROUTER-00055,single_band
Netgear,Switch,GS308,02:00:00:00:00:38,SN-SWITCH-00056,dual_band
Nokia,ONU,G-140W-C,02:00:00:00:00:39,SN-ONU-00057,single_band
Huawei,ONT,HG8245H,02:00:00:00:00:3A,SN-ONT-00058,dual_band
ZTE,ONU,F601,02:00:00:00:00:3B,SN-ONU-00059,single_band
TP-Link,Router,Archer C6,02:00:00:00:00:3C,SN-ROUTER-00060,dual_band
Cisco,Modem,MB8600,02:00:00:00:00:3D,SN-MODEM-00061,single_band
Ubiquiti,Access Point,EAP225,02:00:00:00:00:3E,SN-ACCESSPOINT-00062,dual_band
MikroTik,Router,hEX-S,02:00:00:00:00:3F,SN-ROUTER-00063,single_band
Netgear,Switch,GS308,02:00:00:00:00:40,SN-SWITCH-00064,dual_band
Nokia,ONU,G-140W-C,02:00:00:00:00:41,SN-ONU-00065,single_band
Huawei,ONT,HG8245H,02:00:00:00:00:42,SN-ONT-00066,dual_band
ZTE,ONU,F601,02:00:00:00:00:43,SN-ONU-00067,single_band
TP-Link,Router,Archer C6,02:00:00:00:00:44,SN-ROUTER-00068,dual_band
Cisco,Modem,MB8600,02:00:00:00:00:45,SN-MODEM-00069,single_band
Ubiquiti,Access Point,EAP225,02:00:00:00:00:46,SN-ACCESSPOINT-00070,dual_band
MikroTik,Router,hEX-S,02:00:00:00:00:47,SN-ROUTER-00071,single_band
Netgear,Switch,GS308,02:00:00:00:00:48,SN-SWITCH-00072,dual_band
Nokia,ONU,G-140W-C,02:00:00:00:00:49,SN-ONU-00073,single_band
Huawei,ONT,HG8245H,02:00:00:00:00:4A,SN-ONT-00074,dual_band
ZTE,ONU,F601,02:00:00:00:00:4B,SN-ONU-00075,single_band
TP-Link,Router,Archer C6,02:00:00:00:00:4C,SN-ROUTER-00076,dual_band
Cisco,Modem,MB8600,02:00:00:00:00:4D,SN-MODEM-00077,single_band
Ubiquiti,Access Point,EAP225,02:00:00:00:00:4E,SN-ACCESSPOINT-00078,dual_band
MikroTik,Router,hEX-S,02:00:00:00:00:4F,SN-ROUTER-00079,single_band
Netgear,Switch,GS308,02:00:00:00:00:50,SN-SWITCH-00080,dual_band
Nokia,ONU,G-140W-C,02:00:00:00:00:51,SN-ONU-00081,single_band
Huawei,ONT,HG8245H,02:00:00:00:00:52,SN-ONT-00082,dual_band
ZTE,ONU,F601,02:00:00:00:00:53,SN-ONU-00083,single_band
TP-Link,Router,Archer C6,02:00:00:00:00:54,SN-ROUTER-00084,dual_band
Cisco,Modem,MB8600,02:00:00:00:00:55,SN-MODEM-00085,single_band
Ubiquiti,Access Point,EAP225,02:00:00:00:00:56,SN-ACCESSPOINT-00086,dual_band
MikroTik,Router,hEX-S,02:00:00:00:00:57,SN-ROUTER-00087,single_band
Netgear,Switch,GS308,02:00:00:00:00:58,SN-SWITCH-00088,dual_band
Nokia,ONU,G-140W-C,02:00:00:00:00:59,SN-ONU-00089,single_band
Huawei,ONT,HG8245H,02:00:00:00:00:5A,SN-ONT-00090,dual_band
ZTE,ONU,F601,02:00:00:00:00:5B,SN-ONU-00091,single_band
TP-Link,Router,Archer C6,02:00:00:00:00:5C,SN-ROUTER-00092,dual_band
Cisco,Modem,MB8600,02:00:00:00:00:5D,SN-MODEM-00093,single_band
Ubiquiti,Access Point,EAP225,02:00:00:00:00:5E,SN-ACCESSPOINT-00094,dual_band
MikroTik,Router,hEX-S,02:00:00:00:00:5F,SN-ROUTER-00095,single_band
Netgear,Switch,GS308,02:00:00:00:00:60,SN-SWITCH-00096,dual_band
Nokia,ONU,G-140W-C,02:00:00:00:00:61,SN-ONU-00097,single_band
Huawei,ONT,HG8245H,02:00:00:00:00:62,SN-ONT-00098,dual_band
ZTE,ONU,F601,02:00:00:00:00:63,SN-ONU-00099,single_band
TP-Link,Router,Archer C6,02:00:00:00:00:64,SN-ROUTER-00100,dual_band
Cisco,Modem,MB8600,02:00:00:00:00:65,SN-MODEM-00101,single_band
Ubiquiti,Access Point,EAP225,02:00:00:00:00:66,SN-ACCESSPOINT-00102,dual_band
MikroTik,Router,hEX-S,02:00:00:00:00:67,SN-ROUTER-00103,single_band
Netgear,Switch,GS308,02:00:00:00:00:68,SN-SWITCH-00104,dual_band
Nokia,ONU,G-140W-C,02:00:00:00:00:69,SN-ONU-00105,single_band
Huawei,ONT,HG8245H,02:00:00:00:00:6A,SN-ONT-00106,dual_band
ZTE,ONU,F601,02:00:00:00:00:6B,SN-ONU-00107,single_band
TP-Link,Router,Archer C6,02:00:00:00:00:6C,SN-ROUTER-00108,dual_band
Cisco,Modem,MB8600,02:00:00:00:00:6D,SN-MODEM-00109,single_band
Ubiquiti,Access Point,EAP225,02:00:00:00:00:6E,SN-ACCESSPOINT-00110,dual_band
MikroTik,Router,hEX-S,02:00:00:00:00:6F,SN-ROUTER-00111,single_band
Netgear,Switch,GS308,02:00:00:00:00:70,SN-SWITCH-00112,dual_band
Nokia,ONU,G-140W-C,02:00:00:00:00:71,SN-ONU-00113,single_band
Huawei,ONT,HG8245H,02:00:00:00:00:72,SN-ONT-00114,dual_band
ZTE,ONU,F601,02:00:00:00:00:73,SN-ONU-00115,single_band
TP-Link,Router,Archer C6,02:00:00:00:00:74,SN-ROUTER-00116,dual_band
Cisco,Modem,MB8600,02:00:00:00:00:75,SN-MODEM-00117,single_band
Ubiquiti,Access Point,EAP225,02:00:00:00:00:76,SN-ACCESSPOINT-00118,dual_band
MikroTik,Router,hEX-S,02:00:00:00:00:77,SN-ROUTER-00119,single_band
Netgear,Switch,GS308,02:00:00:00:00:78,SN-SWITCH-00120,dual_band
Nokia,ONU,G-140W-C,02:00:00:00:00:79,SN-ONU-00121,single_band
Huawei,ONT,HG8245H,02:00:00:00:00:7A,SN-ONT-00122,dual_band
ZTE,ONU,F601,02:00:00:00:00:7B,SN-ONU-00123,single_band
TP-Link,Router,Archer C6,02:00:00:00:00:7C,SN-ROUTER-00124,dual_band
Cisco,Modem,MB8600,02:00:00:00:00:7D,SN-MODEM-00125,single_band
Ubiquiti,Access Point,EAP225,02:00:00:00:00:7E,SN-ACCESSPOINT-00126,dual_band
MikroTik,Router,hEX-S,02:00:00:00:00:7F,SN-ROUTER-00127,single_band
Netgear,Switch,GS308,02:00:00:00:00:80,SN-SWITCH-00128,dual_band
Nokia,ONU,G-140W-C,02:00:00:00:00:81,SN-ONU-00129,single_band
Huawei,ONT,HG8245H,02:00:00:00:00:82,SN-ONT-00130,dual_band
ZTE,ONU,F601,02:00:00:00:00:83,SN-ONU-00131,single_band
TP-Link,Router,Archer C6,02:00:00:00:00:84,SN-ROUTER-00132,dual_band
Cisco,Modem,MB8600,02:00:00:00:00:85,SN-MODEM-00133,single_band
Ubiquiti,Access Point,EAP225,02:00:00:00:00:86,SN-ACCESSPOINT-00134,dual_band
MikroTik,Router,hEX-S,02:00:00:00:00:87,SN-ROUTER-00135,single_band
Netgear,Switch,GS308,02:00:00:00:00:88,SN-SWITCH-00136,dual_band
Nokia,ONU,G-140W-C,02:00:00:00:00:89,SN-ONU-00137,single_band
Huawei,ONT,HG8245H,02:00:00:00:00:8A,SN-ONT-00138,dual_band
ZTE,ONU,F601,02:00:00:00:00:8B,SN-ONU-00139,single_band
TP-Link,Router,Archer C6,02:00:00:00:00:8C,SN-ROUTER-00140,dual_band
Cisco,Modem,MB8600,02:00:00:00:00:8D,SN-MODEM-00141,single_band
Ubiquiti,Access Point,EAP225,02:00:00:00:00:8E,SN-ACCESSPOINT-00142,dual_band
MikroTik,Router,hEX-S,02:00:00:00:00:8F,SN-ROUTER-00143,single_band
Netgear,Switch,GS308,02:00:00:00:00:90,SN-SWITCH-00144,dual_band
Nokia,ONU,G-140W-C,02:00:00:00:00:91,SN-ONU-00145,single_band
Huawei,ONT,HG8245H,02:00:00:00:00:92,SN-ONT-00146,dual_band
ZTE,ONU,F601,02:00:00:00:00:93,SN-ONU-00147,single_band
TP-Link,Router,Archer C6,02:00:00:00:00:94,SN-ROUTER-00148,dual_band
Cisco,Modem,MB8600,02:00:00:00:00:95,SN-MODEM-00149,single_band
Ubiquiti,Access Point,EAP225,02:00:00:00:00:96,SN-ACCESSPOINT-00150,dual_band
MikroTik,Router,hEX-S,02:00:00:00:00:97,SN-ROUTER-00151,single_band
Netgear,Switch,GS308,02:00:00:00:00:98,SN-SWITCH-00152,dual_band
Nokia,ONU,G-140W-C,02:00:00:00:00:99,SN-ONU-00153,single_band
Huawei,ONT,HG8245H,02:00:00:00:00:9A,SN-ONT-00154,dual_band
ZTE,ONU,F601,02:00:00:00:00:9B,SN-ONU-00155,single_band
TP-Link,Router,Archer C6,02:00:00:00:00:9C,SN-ROUTER-00156,dual_band
Cisco,Modem,MB8600,02:00:00:00:00:9D,SN-MODEM-00157,single_band
Ubiquiti,Access Point,EAP225,02:00:00:00:00:9E,SN-ACCESSPOINT-00158,dual_band
MikroTik,Router,hEX-S,02:00:00:00:00:9F,SN-ROUTER-00159,single_band
Netgear,Switch,GS308,02:00:00:00:00:A0,SN-SWITCH-00160,dual_band
Nokia,ONU,G-140W-C,02:00:00:00:00:A1,SN-ONU-00161,single_band
Huawei,ONT,HG8245H,02:00:00:00:00:A2,SN-ONT-00162,dual_band
ZTE,ONU,F601,02:00:00:00:00:A3,SN-ONU-00163,single_band
TP-Link,Router,Archer C6,02:00:00:00:00:A4,SN-ROUTER-00164,dual_band
Cisco,Modem,MB8600,02:00:00:00:00:A5,SN-MODEM-00165,single_band
Ubiquiti,Access Point,EAP225,02:00:00:00:00:A6,SN-ACCESSPOINT-00166,dual_band
MikroTik,Router,hEX-S,02:00:00:00:00:A7,SN-ROUTER-00167,single_band
Netgear,Switch,GS308,02:00:00:00:00:A8,SN-SWITCH-00168,dual_band
Nokia,ONU,G-140W-C,02:00:00:00:00:A9,SN-ONU-00169,single_band
Huawei,ONT,HG8245H,02:00:00:00:00:AA,SN-ONT-00170,dual_band
ZTE,ONU,F601,02:00:00:00:00:AB,SN-ONU-00171,single_band
TP-Link,Router,Archer C6,02:00:00:00:00:AC,SN-ROUTER-00172,dual_band
Cisco,Modem,MB8600,02:00:00:00:00:AD,SN-MODEM-00173,single_band
Ubiquiti,Access Point,EAP225,02:00:00:00:00:AE,SN-ACCESSPOINT-00174,dual_band
MikroTik,Router,hEX-S,02:00:00:00:00:AF,SN-ROUTER-00175,single_band
Netgear,Switch,GS308,02:00:00:00:00:B0,SN-SWITCH-00176,dual_band
Nokia,ONU,G-140W-C,02:00:00:00:00:B1,SN-ONU-00177,single_band
Huawei,ONT,HG8245H,02:00:00:00:00:B2,SN-ONT-00178,dual_band
ZTE,ONU,F601,02:00:00:00:00:B3,SN-ONU-00179,single_band
TP-Link,Router,Archer C6,02:00:00:00:00:B4,SN-ROUTER-00180,dual_band
Cisco,Modem,MB8600,02:00:00:00:00:B5,SN-MODEM-00181,single_band
Ubiquiti,Access Point,EAP225,02:00:00:00:00:B6,SN-ACCESSPOINT-00182,dual_band
MikroTik,Router,hEX-S,02:00:00:00:00:B7,SN-ROUTER-00183,single_band
Netgear,Switch,GS308,02:00:00:00:00:B8,SN-SWITCH-00184,dual_band
Nokia,ONU,G-140W-C,02:00:00:00:00:B9,SN-ONU-00185,single_band
Huawei,ONT,HG8245H,02:00:00:00:00:BA,SN-ONT-00186,dual_band
ZTE,ONU,F601,02:00:00:00:00:BB,SN-ONU-00187,single_band
TP-Link,Router,Archer C6,02:00:00:00:00:BC,SN-ROUTER-00188,dual_band
Cisco,Modem,MB8600,02:00:00:00:00:BD,SN-MODEM-00189,single_band
Ubiquiti,Access Point,EAP225,02:00:00:00:00:BE,SN-ACCESSPOINT-00190,dual_band
MikroTik,Router,hEX-S,02:00:00:00:00:BF,SN-ROUTER-00191,single_band
Netgear,Switch,GS308,02:00:00:00:00:C0,SN-SWITCH-00192,dual_band
Nokia,ONU,G-140W-C,02:00:00:00:00:C1,SN-ONU-00193,single_band
Huawei,ONT,HG8245H,02:00:00:00:00:C2,SN-ONT-00194,dual_band
ZTE,ONU,F601,02:00:00:00:00:C3,SN-ONU-00195,single_band
TP-Link,Router,Archer C6,02:00:00:00:00:C4,SN-ROUTER-00196,dual_band
Cisco,Modem,MB8600,02:00:00:00:00:C5,SN-MODEM-00197,single_band
Ubiquiti,Access Point,EAP225,02:00:00:00:00:C6,SN-ACCESSPOINT-00198,dual_band
MikroTik,Router,hEX-S,02:00:00:00:00:C7,SN-ROUTER-00199,single_band
Netgear,Switch,GS308,02:00:00:00:00:C8,SN-SWITCH-00200,dual_band
Nokia,ONU,G-140W-C,02:00:00:00:00:C9,SN-ONU-00201,single_band
Huawei,ONT,HG8245H,02:00:00:00:00:CA,SN-ONT-00202,dual_band
ZTE,ONU,F601,02:00:00:00:00:CB,SN-ONU-00203,single_band
TP-Link,Router,Archer C6,02:00:00:00:00:CC,SN-ROUTER-00204,dual_band
Cisco,Modem,MB8600,02:00:00:00:00:CD,SN-MODEM-00205,single_band
Ubiquiti,Access Point,EAP225,02:00:00:00:00:CE,SN-ACCESSPOINT-00206,dual_band
MikroTik,Router,hEX-S,02:00:00:00:00:CF,SN-ROUTER-00207,single_band
Netgear,Switch,GS308,02:00:00:00:00:D0,SN-SWITCH-00208,dual_band
Nokia,ONU,G-140W-C,02:00:00:00:00:D1,SN-ONU-00209,single_band
Huawei,ONT,HG8245H,02:00:00:00:00:D2,SN-ONT-00210,dual_band
ZTE,ONU,F601,02:00:00:00:00:D3,SN-ONU-00211,single_band
TP-Link,Router,Archer C6,02:00:00:00:00:D4,SN-ROUTER-00212,dual_band
Cisco,Modem,MB8600,02:00:00:00:00:D5,SN-MODEM-00213,single_band
Ubiquiti,Access Point,EAP225,02:00:00:00:00:D6,SN-ACCESSPOINT-00214,dual_band
MikroTik,Router,hEX-S,02:00:00:00:00:D7,SN-ROUTER-00215,single_band
Netgear,Switch,GS308,02:00:00:00:00:D8,SN-SWITCH-00216,dual_band
Nokia,ONU,G-140W-C,02:00:00:00:00:D9,SN-ONU-00217,single_band
Huawei,ONT,HG8245H,02:00:00:00:00:DA,SN-ONT-00218,dual_band
ZTE,ONU,F601,02:00:00:00:00:DB,SN-ONU-00219,single_band
TP-Link,Router,Archer C6,02:00:00:00:00:DC,SN-ROUTER-00220,dual_band
Cisco,Modem,MB8600,02:00:00:00:00:DD,SN-MODEM-00221,single_band
Ubiquiti,Access Point,EAP225,02:00:00:00:00:DE,SN-ACCESSPOINT-00222,dual_band
MikroTik,Router,hEX-S,02:00:00:00:00:DF,SN-ROUTER-00223,single_band
Netgear,Switch,GS308,02:00:00:00:00:E0,SN-SWITCH-00224,dual_band
Nokia,ONU,G-140W-C,02:00:00:00:00:E1,SN-ONU-00225,single_band
Huawei,ONT,HG8245H,02:00:00:00:00:E2,SN-ONT-00226,dual_band
ZTE,ONU,F601,02:00:00:00:00:E3,SN-ONU-00227,single_band
TP-Link,Router,Archer C6,02:00:00:00:00:E4,SN-ROUTER-00228,dual_band
Cisco,Modem,MB8600,02:00:00:00:00:E5,SN-MODEM-00229,single_band
Ubiquiti,Access Point,EAP225,02:00:00:00:00:E6,SN-ACCESSPOINT-00230,dual_band
MikroTik,Router,hEX-S,02:00:00:00:00:E7,SN-ROUTER-00231,single_band
Netgear,Switch,GS308,02:00:00:00:00:E8,SN-SWITCH-00232,dual_band
Nokia,ONU,G-140W-C,02:00:00:00:00:E9,SN-ONU-00233,single_band
Huawei,ONT,HG8245H,02:00:00:00:00:EA,SN-ONT-00234,dual_band
ZTE,ONU,F601,02:00:00:00:00:EB,SN-ONU-00235,single_band
TP-Link,Router,Archer C6,02:00:00:00:00:EC,SN-ROUTER-00236,dual_band
Cisco,Modem,MB8600,02:00:00:00:00:ED,SN-MODEM-00237,single_band
Ubiquiti,Access Point,EAP225,02:00:00:00:00:EE,SN-ACCESSPOINT-00238,dual_band
MikroTik,Router,hEX-S,02:00:00:00:00:EF,SN-ROUTER-00239,single_band
Netgear,Switch,GS308,02:00:00:00:00:F0,SN-SWITCH-00240,dual_band
Nokia,ONU,G-140W-C,02:00:00:00:00:F1,SN-ONU-00241,single_band
Huawei,ONT,HG8245H,02:00:00:00:00:F2,SN-ONT-00242,dual_band
ZTE,ONU,F601,02:00:00:00:00:F3,SN-ONU-00243,single_band
TP-Link,Router,Archer C6,02:00:00:00:00:F4,SN-ROUTER-00244,dual_band
Cisco,Modem,MB8600,02:00:00:00:00:F5,SN-MODEM-00245,single_band
Ubiquiti,Access Point,EAP225,02:00:00:00:00:F6,SN-ACCESSPOINT-00246,dual_band
MikroTik,Router,hEX-S,02:00:00:00:00:F7,SN-ROUTER-00247,single_band
Netgear,Switch,GS308,02:00:00:00:00:F8,SN-SWITCH-00248,dual_band
Nokia,ONU,G-140W-C,02:00:00:00:00:F9,SN-ONU-00249,single_band
Huawei,ONT,HG8245H,02:00:00:00:00:FA,SN-ONT-00250,dual_band
ZTE,ONU,F601,02:00:00:00:00:FB,SN-ONU-00251,single_band
TP-Link,Router,Archer C6,02:00:00:00:00:FC,SN-ROUTER-00252,dual_band
Cisco,Modem,MB8600,02:00:00:00:00:FD,SN-MODEM-00253,single_band
Ubiquiti,Access Point,EAP225,02:00:00:00:00:FE,SN-ACCESSPOINT-00254,dual_band
MikroTik,Router,hEX-S,02:00:00:00:00:FF,SN-ROUTER-00255,single_band
Netgear,Switch,GS308,02:00:00:00:01:00,SN-SWITCH-00256,dual_band
Nokia,ONU,G-140W-C,02:00:00:00:01:01,SN-ONU-00257,single_band
Huawei,ONT,HG8245H,02:00:00:00:01:02,SN-ONT-00258,dual_band
ZTE,ONU,F601,02:00:00:00:01:03,SN-ONU-00259,single_band
TP-Link,Router,Archer C6,02:00:00:00:01:04,SN-ROUTER-00260,dual_band
Cisco,Modem,MB8600,02:00:00:00:01:05,SN-MODEM-00261,single_band
Ubiquiti,Access Point,EAP225,02:00:00:00:01:06,SN-ACCESSPOINT-00262,dual_band
MikroTik,Router,hEX-S,02:00:00:00:01:07,SN-ROUTER-00263,single_band
Netgear,Switch,GS308,02:00:00:00:01:08,SN-SWITCH-00264,dual_band
Nokia,ONU,G-140W-C,02:00:00:00:01:09,SN-ONU-00265,single_band
Huawei,ONT,HG8245H,02:00:00:00:01:0A,SN-ONT-00266,dual_band
ZTE,ONU,F601,02:00:00:00:01:0B,SN-ONU-00267,single_band
TP-Link,Router,Archer C6,02:00:00:00:01:0C,SN-ROUTER-00268,dual_band
Cisco,Modem,MB8600,02:00:00:00:01:0D,SN-MODEM-00269,single_band
Ubiquiti,Access Point,EAP225,02:00:00:00:01:0E,SN-ACCESSPOINT-00270,dual_band
MikroTik,Router,hEX-S,02:00:00:00:01:0F,SN-ROUTER-00271,single_band
Netgear,Switch,GS308,02:00:00:00:01:10,SN-SWITCH-00272,dual_band
Nokia,ONU,G-140W-C,02:00:00:00:01:11,SN-ONU-00273,single_band
Huawei,ONT,HG8245H,02:00:00:00:01:12,SN-ONT-00274,dual_band
ZTE,ONU,F601,02:00:00:00:01:13,SN-ONU-00275,single_band
TP-Link,Router,Archer C6,02:00:00:00:01:14,SN-ROUTER-00276,dual_band
Cisco,Modem,MB8600,02:00:00:00:01:15,SN-MODEM-00277,single_band
Ubiquiti,Access Point,EAP225,02:00:00:00:01:16,SN-ACCESSPOINT-00278,dual_band
MikroTik,Router,hEX-S,02:00:00:00:01:17,SN-ROUTER-00279,single_band
Netgear,Switch,GS308,02:00:00:00:01:18,SN-SWITCH-00280,dual_band
Nokia,ONU,G-140W-C,02:00:00:00:01:19,SN-ONU-00281,single_band
Huawei,ONT,HG8245H,02:00:00:00:01:1A,SN-ONT-00282,dual_band
ZTE,ONU,F601,02:00:00:00:01:1B,SN-ONU-00283,single_band
TP-Link,Router,Archer C6,02:00:00:00:01:1C,SN-ROUTER-00284,dual_band
Cisco,Modem,MB8600,02:00:00:00:01:1D,SN-MODEM-00285,single_band
Ubiquiti,Access Point,EAP225,02:00:00:00:01:1E,SN-ACCESSPOINT-00286,dual_band
MikroTik,Router,hEX-S,02:00:00:00:01:1F,SN-ROUTER-00287,single_band
Netgear,Switch,GS308,02:00:00:00:01:20,SN-SWITCH-00288,dual_band
Nokia,ONU,G-140W-C,02:00:00:00:01:21,SN-ONU-00289,single_band
Huawei,ONT,HG8245H,02:00:00:00:01:22,SN-ONT-00290,dual_band
ZTE,ONU,F601,02:00:00:00:01:23,SN-ONU-00291,single_band
TP-Link,Router,Archer C6,02:00:00:00:01:24,SN-ROUTER-00292,dual_band
Cisco,Modem,MB8600,02:00:00:00:01:25,SN-MODEM-00293,single_band
Ubiquiti,Access Point,EAP225,02:00:00:00:01:26,SN-ACCESSPOINT-00294,dual_band
MikroTik,Router,hEX-S,02:00:00:00:01:27,SN-ROUTER-00295,single_band
Netgear,Switch,GS308,02:00:00:00:01:28,SN-SWITCH-00296,dual_band
Nokia,ONU,G-140W-C,02:00:00:00:01:29,SN-ONU-00297,single_band
Huawei,ONT,HG8245H,02:00:00:00:01:2A,SN-ONT-00298,dual_band
ZTE,ONU,F601,02:00:00:00:01:2B,SN-ONU-00299,single_band
TP-Link,Router,Archer C6,02:00:00:00:01:2C,SN-ROUTER-00300,dual_band
Cisco,Modem,MB8600,02:00:00:00:01:2D,SN-MODEM-00301,single_band
Ubiquiti,Access Point,EAP225,02:00:00:00:01:2E,SN-ACCESSPOINT-00302,dual_band
MikroTik,Router,hEX-S,02:00:00:00:01:2F,SN-ROUTER-00303,single_band
Netgear,Switch,GS308,02:00:00:00:01:30,SN-SWITCH-00304,dual_band
Nokia,ONU,G-140W-C,02:00:00:00:01:31,SN-ONU-00305,single_band
Huawei,ONT,HG8245H,02:00:00:00:01:32,SN-ONT-00306,dual_band
ZTE,ONU,F601,02:00:00:00:01:33,SN-ONU-00307,single_band
TP-Link,Router,Archer C6,02:00:00:00:01:34,SN-ROUTER-00308,dual_band
Cisco,Modem,MB8600,02:00:00:00:01:35,SN-MODEM-00309,single_band
Ubiquiti,Access Point,EAP225,02:00:00:00:01:36,SN-ACCESSPOINT-00310,dual_band
MikroTik,Router,hEX-S,02:00:00:00:01:37,SN-ROUTER-00311,single_band
Netgear,Switch,GS308,02:00:00:00:01:38,SN-SWITCH-00312,dual_band
Nokia,ONU,G-140W-C,02:00:00:00:01:39,SN-ONU-00313,single_band
Huawei,ONT,HG8245H,02:00:00:00:01:3A,SN-ONT-00314,dual_band
ZTE,ONU,F601,02:00:00:00:01:3B,SN-ONU-00315,single_band
TP-Link,Router,Archer C6,02:00:00:00:01:3C,SN-ROUTER-00316,dual_band
Cisco,Modem,MB8600,02:00:00:00:01:3D,SN-MODEM-00317,single_band
Ubiquiti,Access Point,EAP225,02:00:00:00:01:3E,SN-ACCESSPOINT-00318,dual_band
MikroTik,Router,hEX-S,02:00:00:00:01:3F,SN-ROUTER-00319,single_band
Netgear,Switch,GS308,02:00:00:00:01:40,SN-SWITCH-00320,dual_band
Nokia,ONU,G-140W-C,02:00:00:00:01:41,SN-ONU-00321,single_band
Huawei,ONT,HG8245H,02:00:00:00:01:42,SN-ONT-00322,dual_band
ZTE,ONU,F601,02:00:00:00:01:43,SN-ONU-00323,single_band
TP-Link,Router,Archer C6,02:00:00:00:01:44,SN-ROUTER-00324,dual_band
Cisco,Modem,MB8600,02:00:00:00:01:45,SN-MODEM-00325,single_band
Ubiquiti,Access Point,EAP225,02:00:00:00:01:46,SN-ACCESSPOINT-00326,dual_band
MikroTik,Router,hEX-S,02:00:00:00:01:47,SN-ROUTER-00327,single_band
Netgear,Switch,GS308,02:00:00:00:01:48,SN-SWITCH-00328,dual_band
Nokia,ONU,G-140W-C,02:00:00:00:01:49,SN-ONU-00329,single_band
Huawei,ONT,HG8245H,02:00:00:00:01:4A,SN-ONT-00330,dual_band
ZTE,ONU,F601,02:00:00:00:01:4B,SN-ONU-00331,single_band
TP-Link,Router,Archer C6,02:00:00:00:01:4C,SN-ROUTER-00332,dual_band
Cisco,Modem,MB8600,02:00:00:00:01:4D,SN-MODEM-00333,single_band
Ubiquiti,Access Point,EAP225,02:00:00:00:01:4E,SN-ACCESSPOINT-00334,dual_band
MikroTik,Router,hEX-S,02:00:00:00:01:4F,SN-ROUTER-00335,single_band
Netgear,Switch,GS308,02:00:00:00:01:50,SN-SWITCH-00336,dual_band
Nokia,ONU,G-140W-C,02:00:00:00:01:51,SN-ONU-00337,single_band
Huawei,ONT,HG8245H,02:00:00:00:01:52,SN-ONT-00338,dual_band
ZTE,ONU,F601,02:00:00:00:01:53,SN-ONU-00339,single_band
TP-Link,Router,Archer C6,02:00:00:00:01:54,SN-ROUTER-00340,dual_band
Cisco,Modem,MB8600,02:00:00:00:01:55,SN-MODEM-00341,single_band
Ubiquiti,Access Point,EAP225,02:00:00:00:01:56,SN-ACCESSPOINT-00342,dual_band
MikroTik,Router,hEX-S,02:00:00:00:01:57,SN-ROUTER-00343,single_band
Netgear,Switch,GS308,02:00:00:00:01:58,SN-SWITCH-00344,dual_band
Nokia,ONU,G-140W-C,02:00:00:00:01:59,SN-ONU-00345,single_band
Huawei,ONT,HG8245H,02:00:00:00:01:5A,SN-ONT-00346,dual_band
ZTE,ONU,F601,02:00:00:00:01:5B,SN-ONU-00347,single_band
TP-Link,Router,Archer C6,02:00:00:00:01:5C,SN-ROUTER-00348,dual_band
Cisco,Modem,MB8600,02:00:00:00:01:5D,SN-MODEM-00349,single_band
Ubiquiti,Access Point,EAP225,02:00:00:00:01:5E,SN-ACCESSPOINT-00350,dual_band
MikroTik,Router,hEX-S,02:00:00:00:01:5F,SN-ROUTER-00351,single_band
Netgear,Switch,GS308,02:00:00:00:01:60,SN-SWITCH-00352,dual_band
Nokia,ONU,G-140W-C,02:00:00:00:01:61,SN-ONU-00353,single_band
Huawei,ONT,HG8245H,02:00:00:00:01:62,SN-ONT-00354,dual_band
ZTE,ONU,F601,02:00:00:00:01:63,SN-ONU-00355,single_band
TP-Link,Router,Archer C6,02:00:00:00:01:64,SN-ROUTER-00356,dual_band
Cisco,Modem,MB8600,02:00:00:00:01:65,SN-MODEM-00357,single_band
Ubiquiti,Access Point,EAP225,02:00:00:00:01:66,SN-ACCESSPOINT-00358,dual_band
MikroTik,Router,hEX-S,02:00:00:00:01:67,SN-ROUTER-00359,single_band
Netgear,Switch,GS308,02:00:00:00:01:68,SN-SWITCH-00360,dual_band
Nokia,ONU,G-140W-C,02:00:00:00:01:69,SN-ONU-00361,single_band
Huawei,ONT,HG8245H,02:00:00:00:01:6A,SN-ONT-00362,dual_band
ZTE,ONU,F601,02:00:00:00:01:6B,SN-ONU-00363,single_band
TP-Link,Router,Archer C6,02:00:00:00:01:6C,SN-ROUTER-00364,dual_band
Cisco,Modem,MB8600,02:00:00:00:01:6D,SN-MODEM-00365,single_band
Ubiquiti,Access Point,EAP225,02:00:00:00:01:6E,SN-ACCESSPOINT-00366,dual_band
MikroTik,Router,hEX-S,02:00:00:00:01:6F,SN-ROUTER-00367,single_band
Netgear,Switch,GS308,02:00:00:00:01:70,SN-SWITCH-00368,dual_band
Nokia,ONU,G-140W-C,02:00:00:00:01:71,SN-ONU-00369,single_band
Huawei,ONT,HG8245H,02:00:00:00:01:72,SN-ONT-00370,dual_band
ZTE,ONU,F601,02:00:00:00:01:73,SN-ONU-00371,single_band
TP-Link,Router,Archer C6,02:00:00:00:01:74,SN-ROUTER-00372,dual_band
Cisco,Modem,MB8600,02:00:00:00:01:75,SN-MODEM-00373,single_band
Ubiquiti,Access Point,EAP225,02:00:00:00:01:76,SN-ACCESSPOINT-00374,dual_band
MikroTik,Router,hEX-S,02:00:00:00:01:77,SN-ROUTER-00375,single_band
Netgear,Switch,GS308,02:00:00:00:01:78,SN-SWITCH-00376,dual_band
Nokia,ONU,G-140W-C,02:00:00:00:01:79,SN-ONU-00377,single_band
Huawei,ONT,HG8245H,02:00:00:00:01:7A,SN-ONT-00378,dual_band
ZTE,ONU,F601,02:00:00:00:01:7B,SN-ONU-00379,single_band
TP-Link,Router,Archer C6,02:00:00:00:01:7C,SN-ROUTER-00380,dual_band
Cisco,Modem,MB8600,02:00:00:00:01:7D,SN-MODEM-00381,single_band
Ubiquiti,Access Point,EAP225,02:00:00:00:01:7E,SN-ACCESSPOINT-00382,dual_band
MikroTik,Router,hEX-S,02:00:00:00:01:7F,SN-ROUTER-00383,single_band
Netgear,Switch,GS308,02:00:00:00:01:80,SN-SWITCH-00384,dual_band
Nokia,ONU,G-140W-C,02:00:00:00:01:81,SN-ONU-00385,single_band
Huawei,ONT,HG8245H,02:00:00:00:01:82,SN-ONT-00386,dual_band
ZTE,ONU,F601,02:00:00:00:01:83,SN-ONU-00387,single_band
TP-Link,Router,Archer C6,02:00:00:00:01:84,SN-ROUTER-00388,dual_band
Cisco,Modem,MB8600,02:00:00:00:01:85,SN-MODEM-00389,single_band
Ubiquiti,Access Point,EAP225,02:00:00:00:01:86,SN-ACCESSPOINT-00390,dual_band
MikroTik,Router,hEX-S,02:00:00:00:01:87,SN-ROUTER-00391,single_band
Netgear,Switch,GS308,02:00:00:00:01:88,SN-SWITCH-00392,dual_band
Nokia,ONU,G-140W-C,02:00:00:00:01:89,SN-ONU-00393,single_band
Huawei,ONT,HG8245H,02:00:00:00:01:8A,SN-ONT-00394,dual_band
ZTE,ONU,F601,02:00:00:00:01:8B,SN-ONU-00395,single_band
TP-Link,Router,Archer C6,02:00:00:00:01:8C,SN-ROUTER-00396,dual_band
Cisco,Modem,MB8600,02:00:00:00:01:8D,SN-MODEM-00397,single_band
Ubiquiti,Access Point,EAP225,02:00:00:00:01:8E,SN-ACCESSPOINT-00398,dual_band
MikroTik,Router,hEX-S,02:00:00:00:01:8F,SN-ROUTER-00399,single_band
Netgear,Switch,GS308,02:00:00:00:01:90,SN-SWITCH-00400,dual_band
Nokia,ONU,G-140W-C,02:00:00:00:01:91,SN-ONU-00401,single_band
Huawei,ONT,HG8245H,02:00:00:00:01:92,SN-ONT-00402,dual_band
ZTE,ONU,F601,02:00:00:00:01:93,SN-ONU-00403,single_band
TP-Link,Router,Archer C6,02:00:00:00:01:94,SN-ROUTER-00404,dual_band
Cisco,Modem,MB8600,02:00:00:00:01:95,SN-MODEM-00405,single_band
Ubiquiti,Access Point,EAP225,02:00:00:00:01:96,SN-ACCESSPOINT-00406,dual_band
MikroTik,Router,hEX-S,02:00:00:00:01:97,SN-ROUTER-00407,single_band
Netgear,Switch,GS308,02:00:00:00:01:98,SN-SWITCH-00408,dual_band
Nokia,ONU,G-140W-C,02:00:00:00:01:99,SN-ONU-00409,single_band
Huawei,ONT,HG8245H,02:00:00:00:01:9A,SN-ONT-00410,dual_band
ZTE,ONU,F601,02:00:00:00:01:9B,SN-ONU-00411,single_band
TP-Link,Router,Archer C6,02:00:00:00:01:9C,SN-ROUTER-00412,dual_band
Cisco,Modem,MB8600,02:00:00:00:01:9D,SN-MODEM-00413,single_band
Ubiquiti,Access Point,EAP225,02:00:00:00:01:9E,SN-ACCESSPOINT-00414,dual_band
MikroTik,Router,hEX-S,02:00:00:00:01:9F,SN-ROUTER-00415,single_band
Netgear,Switch,GS308,02:00:00:00:01:A0,SN-SWITCH-00416,dual_band
Nokia,ONU,G-140W-C,02:00:00:00:01:A1,SN-ONU-00417,single_band
Huawei,ONT,HG8245H,02:00:00:00:01:A2,SN-ONT-00418,dual_band
ZTE,ONU,F601,02:00:00:00:01:A3,SN-ONU-00419,single_band
TP-Link,Router,Archer C6,02:00:00:00:01:A4,SN-ROUTER-00420,dual_band
Cisco,Modem,MB8600,02:00:00:00:01:A5,SN-MODEM-00421,single_band
Ubiquiti,Access Point,EAP225,02:00:00:00:01:A6,SN-ACCESSPOINT-00422,dual_band
MikroTik,Router,hEX-S,02:00:00:00:01:A7,SN-ROUTER-00423,single_band
Netgear,Switch,GS308,02:00:00:00:01:A8,SN-SWITCH-00424,dual_band
Nokia,ONU,G-140W-C,02:00:00:00:01:A9,SN-ONU-00425,single_band
Huawei,ONT,HG8245H,02:00:00:00:01:AA,SN-ONT-00426,dual_band
ZTE,ONU,F601,02:00:00:00:01:AB,SN-ONU-00427,single_band
TP-Link,Router,Archer C6,02:00:00:00:01:AC,SN-ROUTER-00428,dual_band
Cisco,Modem,MB8600,02:00:00:00:01:AD,SN-MODEM-00429,single_band
Ubiquiti,Access Point,EAP225,02:00:00:00:01:AE,SN-ACCESSPOINT-00430,dual_band
MikroTik,Router,hEX-S,02:00:00:00:01:AF,SN-ROUTER-00431,single_band
Netgear,Switch,GS308,02:00:00:00:01:B0,SN-SWITCH-00432,dual_band
Nokia,ONU,G-140W-C,02:00:00:00:01:B1,SN-ONU-00433,single_band
Huawei,ONT,HG8245H,02:00:00:00:01:B2,SN-ONT-00434,dual_band
ZTE,ONU,F601,02:00:00:00:01:B3,SN-ONU-00435,single_band
TP-Link,Router,Archer C6,02:00:00:00:01:B4,SN-ROUTER-00436,dual_band
Cisco,Modem,MB8600,02:00:00:00:01:B5,SN-MODEM-00437,single_band
Ubiquiti,Access Point,EAP225,02:00:00:00:01:B6,SN-ACCESSPOINT-00438,dual_band
MikroTik,Router,hEX-S,02:00:00:00:01:B7,SN-ROUTER-00439,single_band
Netgear,Switch,GS308,02:00:00:00:01:B8,SN-SWITCH-00440,dual_band
Nokia,ONU,G-140W-C,02:00:00:00:01:B9,SN-ONU-00441,single_band
Huawei,ONT,HG8245H,02:00:00:00:01:BA,SN-ONT-00442,dual_band
ZTE,ONU,F601,02:00:00:00:01:BB,SN-ONU-00443,single_band
TP-Link,Router,Archer C6,02:00:00:00:01:BC,SN-ROUTER-00444,dual_band
Cisco,Modem,MB8600,02:00:00:00:01:BD,SN-MODEM-00445,single_band
Ubiquiti,Access Point,EAP225,02:00:00:00:01:BE,SN-ACCESSPOINT-00446,dual_band
MikroTik,Router,hEX-S,02:00:00:00:01:BF,SN-ROUTER-00447,single_band
Netgear,Switch,GS308,02:00:00:00:01:C0,SN-SWITCH-00448,dual_band
Nokia,ONU,G-140W-C,02:00:00:00:01:C1,SN-ONU-00449,single_band
Huawei,ONT,HG8245H,02:00:00:00:01:C2,SN-ONT-00450,dual_band
ZTE,ONU,F601,02:00:00:00:01:C3,SN-ONU-00451,single_band
TP-Link,Router,Archer C6,02:00:00:00:01:C4,SN-ROUTER-00452,dual_band
Cisco,Modem,MB8600,02:00:00:00:01:C5,SN-MODEM-00453,single_band
Ubiquiti,Access Point,EAP225,02:00:00:00:01:C6,SN-ACCESSPOINT-00454,dual_band
MikroTik,Router,hEX-S,02:00:00:00:01:C7,SN-ROUTER-00455,single_band
Netgear,Switch,GS308,02:00:00:00:01:C8,SN-SWITCH-00456,dual_band
Nokia,ONU,G-140W-C,02:00:00:00:01:C9,SN-ONU-00457,single_band
Huawei,ONT,HG8245H,02:00:00:00:01:CA,SN-ONT-00458,dual_band
ZTE,ONU,F601,02:00:00:00:01:CB,SN-ONU-00459,single_band
TP-Link,Router,Archer C6,02:00:00:00:01:CC,SN-ROUTER-00460,dual_band
Cisco,Modem,MB8600,02:00:00:00:01:CD,SN-MODEM-00461,single_band
Ubiquiti,Access Point,EAP225,02:00:00:00:01:CE,SN-ACCESSPOINT-00462,dual_band
MikroTik,Router,hEX-S,02:00:00:00:01:CF,SN-ROUTER-00463,single_band
Netgear,Switch,GS308,02:00:00:00:01:D0,SN-SWITCH-00464,dual_band
Nokia,ONU,G-140W-C,02:00:00:00:01:D1,SN-ONU-00465,single_band
Huawei,ONT,HG8245H,02:00:00:00:01:D2,SN-ONT-00466,dual_band
ZTE,ONU,F601,02:00:00:00:01:D3,SN-ONU-00467,single_band
TP-Link,Router,Archer C6,02:00:00:00:01:D4,SN-ROUTER-00468,dual_band
Cisco,Modem,MB8600,02:00:00:00:01:D5,SN-MODEM-00469,single_band
Ubiquiti,Access Point,EAP225,02:00:00:00:01:D6,SN-ACCESSPOINT-00470,dual_band
MikroTik,Router,hEX-S,02:00:00:00:01:D7,SN-ROUTER-00471,single_band
Netgear,Switch,GS308,02:00:00:00:01:D8,SN-SWITCH-00472,dual_band
Nokia,ONU,G-140W-C,02:00:00:00:01:D9,SN-ONU-00473,single_band
Huawei,ONT,HG8245H,02:00:00:00:01:DA,SN-ONT-00474,dual_band
ZTE,ONU,F601,02:00:00:00:01:DB,SN-ONU-00475,single_band
TP-Link,Router,Archer C6,02:00:00:00:01:DC,SN-ROUTER-00476,dual_band
Cisco,Modem,MB8600,02:00:00:00:01:DD,SN-MODEM-00477,single_band
Ubiquiti,Access Point,EAP225,02:00:00:00:01:DE,SN-ACCESSPOINT-00478,dual_band
MikroTik,Router,hEX-S,02:00:00:00:01:DF,SN-ROUTER-00479,single_band
Netgear,Switch,GS308,02:00:00:00:01:E0,SN-SWITCH-00480,dual_band
Nokia,ONU,G-140W-C,02:00:00:00:01:E1,SN-ONU-00481,single_band
Huawei,ONT,HG8245H,02:00:00:00:01:E2,SN-ONT-00482,dual_band
ZTE,ONU,F601,02:00:00:00:01:E3,SN-ONU-00483,single_band
TP-Link,Router,Archer C6,02:00:00:00:01:E4,SN-ROUTER-00484,dual_band
Cisco,Modem,MB8600,02:00:00:00:01:E5,SN-MODEM-00485,single_band
Ubiquiti,Access Point,EAP225,02:00:00:00:01:E6,SN-ACCESSPOINT-00486,dual_band
MikroTik,Router,hEX-S,02:00:00:00:01:E7,SN-ROUTER-00487,single_band
Netgear,Switch,GS308,02:00:00:00:01:E8,SN-SWITCH-00488,dual_band
Nokia,ONU,G-140W-C,02:00:00:00:01:E9,SN-ONU-00489,single_band
Huawei,ONT,HG8245H,02:00:00:00:01:EA,SN-ONT-00490,dual_band
ZTE,ONU,F601,02:00:00:00:01:EB,SN-ONU-00491,single_band
TP-Link,Router,Archer C6,02:00:00:00:01:EC,SN-ROUTER-00492,dual_band
Cisco,Modem,MB8600,02:00:00:00:01:ED,SN-MODEM-00493,single_band
Ubiquiti,Access Point,EAP225,02:00:00:00:01:EE,SN-ACCESSPOINT-00494,dual_band
MikroTik,Router,hEX-S,02:00:00:00:01:EF,SN-ROUTER-00495,single_band
Netgear,Switch,GS308,02:00:00:00:01:F0,SN-SWITCH-00496,dual_band
Nokia,ONU,G-140W-C,02:00:00:00:01:F1,SN-ONU-00497,single_band
Huawei,ONT,HG8245H,02:00:00:00:01:F2,SN-ONT-00498,dual_band
ZTE,ONU,F601,02:00:00:00:01:F3,SN-ONU-00499,single_band
TP-Link,Router,Archer C6,02:00:00:00:01:F4,SN-ROUTER-00500,dual_band
Cisco,Modem,MB8600,02:00:00:00:01:F5,SN-MODEM-00501,single_band
Ubiquiti,Access Point,EAP225,02:00:00:00:01:F6,SN-ACCESSPOINT-00502,dual_band
MikroTik,Router,hEX-S,02:00:00:00:01:F7,SN-ROUTER-00503,single_band
Netgear,Switch,GS308,02:00:00:00:01:F8,SN-SWITCH-00504,dual_band
Nokia,ONU,G-140W-C,02:00:00:00:01:F9,SN-ONU-00505,single_band
Huawei,ONT,HG8245H,02:00:00:00:01:FA,SN-ONT-00506,dual_band
ZTE,ONU,F601,02:00:00:00:01:FB,SN-ONU-00507,single_band
TP-Link,Router,Archer C6,02:00:00:00:01:FC,SN-ROUTER-00508,dual_band
Cisco,Modem,MB8600,02:00:00:00:01:FD,SN-MODEM-00509,single_band
Ubiquiti,Access Point,EAP225,02:00:00:00:01:FE,SN-ACCESSPOINT-00510,dual_band
MikroTik,Router,hEX-S,02:00:00:00:01:FF,SN-ROUTER-00511,single_band
Netgear,Switch,GS308,02:00:00:00:02:00,SN-SWITCH-00512,dual_band
Nokia,ONU,G-140W-C,02:00:00:00:02:01,SN-ONU-00513,single_band
Huawei,ONT,HG8245H,02:00:00:00:02:02,SN-ONT-00514,dual_band
ZTE,ONU,F601,02:00:00:00:02:03,SN-ONU-00515,single_band
TP-Link,Router,Archer C6,02:00:00:00:02:04,SN-ROUTER-00516,dual_band
Cisco,Modem,MB8600,02:00:00:00:02:05,SN-MODEM-00517,single_band
Ubiquiti,Access Point,EAP225,02:00:00:00:02:06,SN-ACCESSPOINT-00518,dual_band
MikroTik,Router,hEX-S,02:00:00:00:02:07,SN-ROUTER-00519,single_band
Netgear,Switch,GS308,02:00:00:00:02:08,SN-SWITCH-00520,dual_band
Nokia,ONU,G-140W-C,02:00:00:00:02:09,SN-ONU-00521,single_band
Huawei,ONT,HG8245H,02:00:00:00:02:0A,SN-ONT-00522,dual_band
ZTE,ONU,F601,02:00:00:00:02:0B,SN-ONU-00523,single_band
TP-Link,Router,Archer C6,02:00:00:00:02:0C,SN-ROUTER-00524,dual_band
Cisco,Modem,MB8600,02:00:00:00:02:0D,SN-MODEM-00525,single_band
Ubiquiti,Access Point,EAP225,02:00:00:00:02:0E,SN-ACCESSPOINT-00526,dual_band
MikroTik,Router,hEX-S,02:00:00:00:02:0F,SN-ROUTER-00527,single_band
Netgear,Switch,GS308,02:00:00:00:02:10,SN-SWITCH-00528,dual_band
Nokia,ONU,G-140W-C,02:00:00:00:02:11,SN-ONU-00529,single_band
Huawei,ONT,HG8245H,02:00:00:00:02:12,SN-ONT-00530,dual_band
ZTE,ONU,F601,02:00:00:00:02:13,SN-ONU-00531,single_band
TP-Link,Router,Archer C6,02:00:00:00:02:14,SN-ROUTER-00532,dual_band
Cisco,Modem,MB8600,02:00:00:00:02:15,SN-MODEM-00533,single_band
Ubiquiti,Access Point,EAP225,02:00:00:00:02:16,SN-ACCESSPOINT-00534,dual_band
MikroTik,Router,hEX-S,02:00:00:00:02:17,SN-ROUTER-00535,single_band
Netgear,Switch,GS308,02:00:00:00:02:18,SN-SWITCH-00536,dual_band
Nokia,ONU,G-140W-C,02:00:00:00:02:19,SN-ONU-00537,single_band
Huawei,ONT,HG8245H,02:00:00:00:02:1A,SN-ONT-00538,dual_band
ZTE,ONU,F601,02:00:00:00:02:1B,SN-ONU-00539,single_band
TP-Link,Router,Archer C6,02:00:00:00:02:1C,SN-ROUTER-00540,dual_band
Cisco,Modem,MB8600,02:00:00:00:02:1D,SN-MODEM-00541,single_band
Ubiquiti,Access Point,EAP225,02:00:00:00:02:1E,SN-ACCESSPOINT-00542,dual_band
MikroTik,Router,hEX-S,02:00:00:00:02:1F,SN-ROUTER-00543,single_band
Netgear,Switch,GS308,02:00:00:00:02:20,SN-SWITCH-00544,dual_band
Nokia,ONU,G-140W-C,02:00:00:00:02:21,SN-ONU-00545,single_band
Huawei,ONT,HG8245H,02:00:00:00:02:22,SN-ONT-00546,dual_band
ZTE,ONU,F601,02:00:00:00:02:23,SN-ONU-00547,single_band
TP-Link,Router,Archer C6,02:00:00:00:02:24,SN-ROUTER-00548,dual_band
Cisco,Modem,MB8600,02:00:00:00:02:25,SN-MODEM-00549,single_band
Ubiquiti,Access Point,EAP225,02:00:00:00:02:26,SN-ACCESSPOINT-00550,dual_band
MikroTik,Router,hEX-S,02:00:00:00:02:27,SN-ROUTER-00551,single_band
Netgear,Switch,GS308,02:00:00:00:02:28,SN-SWITCH-00552,dual_band
Nokia,ONU,G-140W-C,02:00:00:00:02:29,SN-ONU-00553,single_band
Huawei,ONT,HG8245H,02:00:00:00:02:2A,SN-ONT-00554,dual_band
ZTE,ONU,F601,02:00:00:00:02:2B,SN-ONU-00555,single_band
TP-Link,Router,Archer C6,02:00:00:00:02:2C,SN-ROUTER-00556,dual_band
Cisco,Modem,MB8600,02:00:00:00:02:2D,SN-MODEM-00557,single_band
Ubiquiti,Access Point,EAP225,02:00:00:00:02:2E,SN-ACCESSPOINT-00558,dual_band
MikroTik,Router,hEX-S,02:00:00:00:02:2F,SN-ROUTER-00559,single_band
Netgear,Switch,GS308,02:00:00:00:02:30,SN-SWITCH-00560,dual_band
Nokia,ONU,G-140W-C,02:00:00:00:02:31,SN-ONU-00561,single_band
Huawei,ONT,HG8245H,02:00:00:00:02:32,SN-ONT-00562,dual_band
ZTE,ONU,F601,02:00:00:00:02:33,SN-ONU-00563,single_band
TP-Link,Router,Archer C6,02:00:00:00:02:34,SN-ROUTER-00564,dual_band
Cisco,Modem,MB8600,02:00:00:00:02:35,SN-MODEM-00565,single_band
Ubiquiti,Access Point,EAP225,02:00:00:00:02:36,SN-ACCESSPOINT-00566,dual_band
MikroTik,Router,hEX-S,02:00:00:00:02:37,SN-ROUTER-00567,single_band
Netgear,Switch,GS308,02:00:00:00:02:38,SN-SWITCH-00568,dual_band
Nokia,ONU,G-140W-C,02:00:00:00:02:39,SN-ONU-00569,single_band
Huawei,ONT,HG8245H,02:00:00:00:02:3A,SN-ONT-00570,dual_band
ZTE,ONU,F601,02:00:00:00:02:3B,SN-ONU-00571,single_band
TP-Link,Router,Archer C6,02:00:00:00:02:3C,SN-ROUTER-00572,dual_band
Cisco,Modem,MB8600,02:00:00:00:02:3D,SN-MODEM-00573,single_band
Ubiquiti,Access Point,EAP225,02:00:00:00:02:3E,SN-ACCESSPOINT-00574,dual_band
MikroTik,Router,hEX-S,02:00:00:00:02:3F,SN-ROUTER-00575,single_band
Netgear,Switch,GS308,02:00:00:00:02:40,SN-SWITCH-00576,dual_band
Nokia,ONU,G-140W-C,02:00:00:00:02:41,SN-ONU-00577,single_band
Huawei,ONT,HG8245H,02:00:00:00:02:42,SN-ONT-00578,dual_band
ZTE,ONU,F601,02:00:00:00:02:43,SN-ONU-00579,single_band
TP-Link,Router,Archer C6,02:00:00:00:02:44,SN-ROUTER-00580,dual_band
Cisco,Modem,MB8600,02:00:00:00:02:45,SN-MODEM-00581,single_band
Ubiquiti,Access Point,EAP225,02:00:00:00:02:46,SN-ACCESSPOINT-00582,dual_band
MikroTik,Router,hEX-S,02:00:00:00:02:47,SN-ROUTER-00583,single_band
Netgear,Switch,GS308,02:00:00:00:02:48,SN-SWITCH-00584,dual_band
Nokia,ONU,G-140W-C,02:00:00:00:02:49,SN-ONU-00585,single_band
Huawei,ONT,HG8245H,02:00:00:00:02:4A,SN-ONT-00586,dual_band
ZTE,ONU,F601,02:00:00:00:02:4B,SN-ONU-00587,single_band
TP-Link,Router,Archer C6,02:00:00:00:02:4C,SN-ROUTER-00588,dual_band
Cisco,Modem,MB8600,02:00:00:00:02:4D,SN-MODEM-00589,single_band
Ubiquiti,Access Point,EAP225,02:00:00:00:02:4E,SN-ACCESSPOINT-00590,dual_band
MikroTik,Router,hEX-S,02:00:00:00:02:4F,SN-ROUTER-00591,single_band
Netgear,Switch,GS308,02:00:00:00:02:50,SN-SWITCH-00592,dual_band
Nokia,ONU,G-140W-C,02:00:00:00:02:51,SN-ONU-00593,single_band
Huawei,ONT,HG8245H,02:00:00:00:02:52,SN-ONT-00594,dual_band
ZTE,ONU,F601,02:00:00:00:02:53,SN-ONU-00595,single_band
TP-Link,Router,Archer C6,02:00:00:00:02:54,SN-ROUTER-00596,dual_band
Cisco,Modem,MB8600,02:00:00:00:02:55,SN-MODEM-00597,single_band
Ubiquiti,Access Point,EAP225,02:00:00:00:02:56,SN-ACCESSPOINT-00598,dual_band
MikroTik,Router,hEX-S,02:00:00:00:02:57,SN-ROUTER-00599,single_band
Netgear,Switch,GS308,02:00:00:00:02:58,SN-SWITCH-00600,dual_band
Nokia,ONU,G-140W-C,02:00:00:00:02:59,SN-ONU-00601,single_band
Huawei,ONT,HG8245H,02:00:00:00:02:5A,SN-ONT-00602,dual_band
ZTE,ONU,F601,02:00:00:00:02:5B,SN-ONU-00603,single_band
TP-Link,Router,Archer C6,02:00:00:00:02:5C,SN-ROUTER-00604,dual_band
Cisco,Modem,MB8600,02:00:00:00:02:5D,SN-MODEM-00605,single_band
Ubiquiti,Access Point,EAP225,02:00:00:00:02:5E,SN-ACCESSPOINT-00606,dual_band
MikroTik,Router,hEX-S,02:00:00:00:02:5F,SN-ROUTER-00607,single_band
Netgear,Switch,GS308,02:00:00:00:02:60,SN-SWITCH-00608,dual_band
Nokia,ONU,G-140W-C,02:00:00:00:02:61,SN-ONU-00609,single_band
Huawei,ONT,HG8245H,02:00:00:00:02:62,SN-ONT-00610,dual_band
ZTE,ONU,F601,02:00:00:00:02:63,SN-ONU-00611,single_band
TP-Link,Router,Archer C6,02:00:00:00:02:64,SN-ROUTER-00612,dual_band
Cisco,Modem,MB8600,02:00:00:00:02:65,SN-MODEM-00613,single_band
Ubiquiti,Access Point,EAP225,02:00:00:00:02:66,SN-ACCESSPOINT-00614,dual_band
MikroTik,Router,hEX-S,02:00:00:00:02:67,SN-ROUTER-00615,single_band
Netgear,Switch,GS308,02:00:00:00:02:68,SN-SWITCH-00616,dual_band
Nokia,ONU,G-140W-C,02:00:00:00:02:69,SN-ONU-00617,single_band
Huawei,ONT,HG8245H,02:00:00:00:02:6A,SN-ONT-00618,dual_band
ZTE,ONU,F601,02:00:00:00:02:6B,SN-ONU-00619,single_band
TP-Link,Router,Archer C6,02:00:00:00:02:6C,SN-ROUTER-00620,dual_band
Cisco,Modem,MB8600,02:00:00:00:02:6D,SN-MODEM-00621,single_band
Ubiquiti,Access Point,EAP225,02:00:00:00:02:6E,SN-ACCESSPOINT-00622,dual_band
MikroTik,Router,hEX-S,02:00:00:00:02:6F,SN-ROUTER-00623,single_band
Netgear,Switch,GS308,02:00:00:00:02:70,SN-SWITCH-00624,dual_band
Nokia,ONU,G-140W-C,02:00:00:00:02:71,SN-ONU-00625,single_band
Huawei,ONT,HG8245H,02:00:00:00:02:72,SN-ONT-00626,dual_band
ZTE,ONU,F601,02:00:00:00:02:73,SN-ONU-00627,single_band
TP-Link,Router,Archer C6,02:00:00:00:02:74,SN-ROUTER-00628,dual_band
Cisco,Modem,MB8600,02:00:00:00:02:75,SN-MODEM-00629,single_band
Ubiquiti,Access Point,EAP225,02:00:00:00:02:76,SN-ACCESSPOINT-00630,dual_band
MikroTik,Router,hEX-S,02:00:00:00:02:77,SN-ROUTER-00631,single_band
Netgear,Switch,GS308,02:00:00:00:02:78,SN-SWITCH-00632,dual_band
Nokia,ONU,G-140W-C,02:00:00:00:02:79,SN-ONU-00633,single_band
Huawei,ONT,HG8245H,02:00:00:00:02:7A,SN-ONT-00634,dual_band
ZTE,ONU,F601,02:00:00:00:02:7B,SN-ONU-00635,single_band
TP-Link,Router,Archer C6,02:00:00:00:02:7C,SN-ROUTER-00636,dual_band
Cisco,Modem,MB8600,02:00:00:00:02:7D,SN-MODEM-00637,single_band
Ubiquiti,Access Point,EAP225,02:00:00:00:02:7E,SN-ACCESSPOINT-00638,dual_band
MikroTik,Router,hEX-S,02:00:00:00:02:7F,SN-ROUTER-00639,single_band
Netgear,Switch,GS308,02:00:00:00:02:80,SN-SWITCH-00640,dual_band
Nokia,ONU,G-140W-C,02:00:00:00:02:81,SN-ONU-00641,single_band
Huawei,ONT,HG8245H,02:00:00:00:02:82,SN-ONT-00642,dual_band
ZTE,ONU,F601,02:00:00:00:02:83,SN-ONU-00643,single_band
TP-Link,Router,Archer C6,02:00:00:00:02:84,SN-ROUTER-00644,dual_band
Cisco,Modem,MB8600,02:00:00:00:02:85,SN-MODEM-00645,single_band
Ubiquiti,Access Point,EAP225,02:00:00:00:02:86,SN-ACCESSPOINT-00646,dual_band
MikroTik,Router,hEX-S,02:00:00:00:02:87,SN-ROUTER-00647,single_band
Netgear,Switch,GS308,02:00:00:00:02:88,SN-SWITCH-00648,dual_band
Nokia,ONU,G-140W-C,02:00:00:00:02:89,SN-ONU-00649,single_band
Huawei,ONT,HG8245H,02:00:00:00:02:8A,SN-ONT-00650,dual_band
ZTE,ONU,F601,02:00:00:00:02:8B,SN-ONU-00651,single_band
TP-Link,Router,Archer C6,02:00:00:00:02:8C,SN-ROUTER-00652,dual_band
Cisco,Modem,MB8600,02:00:00:00:02:8D,SN-MODEM-00653,single_band
Ubiquiti,Access Point,EAP225,02:00:00:00:02:8E,SN-ACCESSPOINT-00654,dual_band
MikroTik,Router,hEX-S,02:00:00:00:02:8F,SN-ROUTER-00655,single_band
Netgear,Switch,GS308,02:00:00:00:02:90,SN-SWITCH-00656,dual_band
Nokia,ONU,G-140W-C,02:00:00:00:02:91,SN-ONU-00657,single_band
Huawei,ONT,HG8245H,02:00:00:00:02:92,SN-ONT-00658,dual_band
ZTE,ONU,F601,02:00:00:00:02:93,SN-ONU-00659,single_band
TP-Link,Router,Archer C6,02:00:00:00:02:94,SN-ROUTER-00660,dual_band
Cisco,Modem,MB8600,02:00:00:00:02:95,SN-MODEM-00661,single_band
Ubiquiti,Access Point,EAP225,02:00:00:00:02:96,SN-ACCESSPOINT-00662,dual_band
MikroTik,Router,hEX-S,02:00:00:00:02:97,SN-ROUTER-00663,single_band
Netgear,Switch,GS308,02:00:00:00:02:98,SN-SWITCH-00664,dual_band
Nokia,ONU,G-140W-C,02:00:00:00:02:99,SN-ONU-00665,single_band
Huawei,ONT,HG8245H,02:00:00:00:02:9A,SN-ONT-00666,dual_band
ZTE,ONU,F601,02:00:00:00:02:9B,SN-ONU-00667,single_band
TP-Link,Router,Archer C6,02:00:00:00:02:9C,SN-ROUTER-00668,dual_band
Cisco,Modem,MB8600,02:00:00:00:02:9D,SN-MODEM-00669,single_band
Ubiquiti,Access Point,EAP225,02:00:00:00:02:9E,SN-ACCESSPOINT-00670,dual_band
MikroTik,Router,hEX-S,02:00:00:00:02:9F,SN-ROUTER-00671,single_band
Netgear,Switch,GS308,02:00:00:00:02:A0,SN-SWITCH-00672,dual_band
Nokia,ONU,G-140W-C,02:00:00:00:02:A1,SN-ONU-00673,single_band
Huawei,ONT,HG8245H,02:00:00:00:02:A2,SN-ONT-00674,dual_band
ZTE,ONU,F601,02:00:00:00:02:A3,SN-ONU-00675,single_band
TP-Link,Router,Archer C6,02:00:00:00:02:A4,SN-ROUTER-00676,dual_band
Cisco,Modem,MB8600,02:00:00:00:02:A5,SN-MODEM-00677,single_band
Ubiquiti,Access Point,EAP225,02:00:00:00:02:A6,SN-ACCESSPOINT-00678,dual_band
MikroTik,Router,hEX-S,02:00:00:00:02:A7,SN-ROUTER-00679,single_band
Netgear,Switch,GS308,02:00:00:00:02:A8,SN-SWITCH-00680,dual_band
Nokia,ONU,G-140W-C,02:00:00:00:02:A9,SN-ONU-00681,single_band
Huawei,ONT,HG8245H,02:00:00:00:02:AA,SN-ONT-00682,dual_band
ZTE,ONU,F601,02:00:00:00:02:AB,SN-ONU-00683,single_band
TP-Link,Router,Archer C6,02:00:00:00:02:AC,SN-ROUTER-00684,dual_band
Cisco,Modem,MB8600,02:00:00:00:02:AD,SN-MODEM-00685,single_band
Ubiquiti,Access Point,EAP225,02:00:00:00:02:AE,SN-ACCESSPOINT-00686,dual_band
MikroTik,Router,hEX-S,02:00:00:00:02:AF,SN-ROUTER-00687,single_band
Netgear,Switch,GS308,02:00:00:00:02:B0,SN-SWITCH-00688,dual_band
Nokia,ONU,G-140W-C,02:00:00:00:02:B1,SN-ONU-00689,single_band
Huawei,ONT,HG8245H,02:00:00:00:02:B2,SN-ONT-00690,dual_band
ZTE,ONU,F601,02:00:00:00:02:B3,SN-ONU-00691,single_band
TP-Link,Router,Archer C6,02:00:00:00:02:B4,SN-ROUTER-00692,dual_band
Cisco,Modem,MB8600,02:00:00:00:02:B5,SN-MODEM-00693,single_band
Ubiquiti,Access Point,EAP225,02:00:00:00:02:B6,SN-ACCESSPOINT-00694,dual_band
MikroTik,Router,hEX-S,02:00:00:00:02:B7,SN-ROUTER-00695,single_band
Netgear,Switch,GS308,02:00:00:00:02:B8,SN-SWITCH-00696,dual_band
Nokia,ONU,G-140W-C,02:00:00:00:02:B9,SN-ONU-00697,single_band
Huawei,ONT,HG8245H,02:00:00:00:02:BA,SN-ONT-00698,dual_band
ZTE,ONU,F601,02:00:00:00:02:BB,SN-ONU-00699,single_band
TP-Link,Router,Archer C6,02:00:00:00:02:BC,SN-ROUTER-00700,dual_band
Cisco,Modem,MB8600,02:00:00:00:02:BD,SN-MODEM-00701,single_band
Ubiquiti,Access Point,EAP225,02:00:00:00:02:BE,SN-ACCESSPOINT-00702,dual_band
MikroTik,Router,hEX-S,02:00:00:00:02:BF,SN-ROUTER-00703,single_band
Netgear,Switch,GS308,02:00:00:00:02:C0,SN-SWITCH-00704,dual_band
Nokia,ONU,G-140W-C,02:00:00:00:02:C1,SN-ONU-00705,single_band
Huawei,ONT,HG8245H,02:00:00:00:02:C2,SN-ONT-00706,dual_band
ZTE,ONU,F601,02:00:00:00:02:C3,SN-ONU-00707,single_band
TP-Link,Router,Archer C6,02:00:00:00:02:C4,SN-ROUTER-00708,dual_band
Cisco,Modem,MB8600,02:00:00:00:02:C5,SN-MODEM-00709,single_band
Ubiquiti,Access Point,EAP225,02:00:00:00:02:C6,SN-ACCESSPOINT-00710,dual_band
MikroTik,Router,hEX-S,02:00:00:00:02:C7,SN-ROUTER-00711,single_band
Netgear,Switch,GS308,02:00:00:00:02:C8,SN-SWITCH-00712,dual_band
Nokia,ONU,G-140W-C,02:00:00:00:02:C9,SN-ONU-00713,single_band
Huawei,ONT,HG8245H,02:00:00:00:02:CA,SN-ONT-00714,dual_band
ZTE,ONU,F601,02:00:00:00:02:CB,SN-ONU-00715,single_band
TP-Link,Router,Archer C6,02:00:00:00:02:CC,SN-ROUTER-00716,dual_band
Cisco,Modem,MB8600,02:00:00:00:02:CD,SN-MODEM-00717,single_band
Ubiquiti,Access Point,EAP225,02:00:00:00:02:CE,SN-ACCESSPOINT-00718,dual_band
MikroTik,Router,hEX-S,02:00:00:00:02:CF,SN-ROUTER-00719,single_band
Netgear,Switch,GS308,02:00:00:00:02:D0,SN-SWITCH-00720,dual_band
Nokia,ONU,G-140W-C,02:00:00:00:02:D1,SN-ONU-00721,single_band
Huawei,ONT,HG8245H,02:00:00:00:02:D2,SN-ONT-00722,dual_band
ZTE,ONU,F601,02:00:00:00:02:D3,SN-ONU-00723,single_band
TP-Link,Router,Archer C6,02:00:00:00:02:D4,SN-ROUTER-00724,dual_band
Cisco,Modem,MB8600,02:00:00:00:02:D5,SN-MODEM-00725,single_band
Ubiquiti,Access Point,EAP225,02:00:00:00:02:D6,SN-ACCESSPOINT-00726,dual_band
MikroTik,Router,hEX-S,02:00:00:00:02:D7,SN-ROUTER-00727,single_band
Netgear,Switch,GS308,02:00:00:00:02:D8,SN-SWITCH-00728,dual_band
Nokia,ONU,G-140W-C,02:00:00:00:02:D9,SN-ONU-00729,single_band
Huawei,ONT,HG8245H,02:00:00:00:02:DA,SN-ONT-00730,dual_band
ZTE,ONU,F601,02:00:00:00:02:DB,SN-ONU-00731,single_band
TP-Link,Router,Archer C6,02:00:00:00:02:DC,SN-ROUTER-00732,dual_band
Cisco,Modem,MB8600,02:00:00:00:02:DD,SN-MODEM-00733,single_band
Ubiquiti,Access Point,EAP225,02:00:00:00:02:DE,SN-ACCESSPOINT-00734,dual_band
MikroTik,Router,hEX-S,02:00:00:00:02:DF,SN-ROUTER-00735,single_band
Netgear,Switch,GS308,02:00:00:00:02:E0,SN-SWITCH-00736,dual_band
Nokia,ONU,G-140W-C,02:00:00:00:02:E1,SN-ONU-00737,single_band
Huawei,ONT,HG8245H,02:00:00:00:02:E2,SN-ONT-00738,dual_band
ZTE,ONU,F601,02:00:00:00:02:E3,SN-ONU-00739,single_band
TP-Link,Router,Archer C6,02:00:00:00:02:E4,SN-ROUTER-00740,dual_band
Cisco,Modem,MB8600,02:00:00:00:02:E5,SN-MODEM-00741,single_band
Ubiquiti,Access Point,EAP225,02:00:00:00:02:E6,SN-ACCESSPOINT-00742,dual_band
MikroTik,Router,hEX-S,02:00:00:00:02:E7,SN-ROUTER-00743,single_band
Netgear,Switch,GS308,02:00:00:00:02:E8,SN-SWITCH-00744,dual_band
Nokia,ONU,G-140W-C,02:00:00:00:02:E9,SN-ONU-00745,single_band
Huawei,ONT,HG8245H,02:00:00:00:02:EA,SN-ONT-00746,dual_band
ZTE,ONU,F601,02:00:00:00:02:EB,SN-ONU-00747,single_band
TP-Link,Router,Archer C6,02:00:00:00:02:EC,SN-ROUTER-00748,dual_band
Cisco,Modem,MB8600,02:00:00:00:02:ED,SN-MODEM-00749,single_band
Ubiquiti,Access Point,EAP225,02:00:00:00:02:EE,SN-ACCESSPOINT-00750,dual_band
MikroTik,Router,hEX-S,02:00:00:00:02:EF,SN-ROUTER-00751,single_band
Netgear,Switch,GS308,02:00:00:00:02:F0,SN-SWITCH-00752,dual_band
Nokia,ONU,G-140W-C,02:00:00:00:02:F1,SN-ONU-00753,single_band
Huawei,ONT,HG8245H,02:00:00:00:02:F2,SN-ONT-00754,dual_band
ZTE,ONU,F601,02:00:00:00:02:F3,SN-ONU-00755,single_band
TP-Link,Router,Archer C6,02:00:00:00:02:F4,SN-ROUTER-00756,dual_band
Cisco,Modem,MB8600,02:00:00:00:02:F5,SN-MODEM-00757,single_band
Ubiquiti,Access Point,EAP225,02:00:00:00:02:F6,SN-ACCESSPOINT-00758,dual_band
MikroTik,Router,hEX-S,02:00:00:00:02:F7,SN-ROUTER-00759,single_band
Netgear,Switch,GS308,02:00:00:00:02:F8,SN-SWITCH-00760,dual_band
Nokia,ONU,G-140W-C,02:00:00:00:02:F9,SN-ONU-00761,single_band
Huawei,ONT,HG8245H,02:00:00:00:02:FA,SN-ONT-00762,dual_band
ZTE,ONU,F601,02:00:00:00:02:FB,SN-ONU-00763,single_band
TP-Link,Router,Archer C6,02:00:00:00:02:FC,SN-ROUTER-00764,dual_band
Cisco,Modem,MB8600,02:00:00:00:02:FD,SN-MODEM-00765,single_band
Ubiquiti,Access Point,EAP225,02:00:00:00:02:FE,SN-ACCESSPOINT-00766,dual_band
MikroTik,Router,hEX-S,02:00:00:00:02:FF,SN-ROUTER-00767,single_band
Netgear,Switch,GS308,02:00:00:00:03:00,SN-SWITCH-00768,dual_band
Nokia,ONU,G-140W-C,02:00:00:00:03:01,SN-ONU-00769,single_band
Huawei,ONT,HG8245H,02:00:00:00:03:02,SN-ONT-00770,dual_band
ZTE,ONU,F601,02:00:00:00:03:03,SN-ONU-00771,single_band
TP-Link,Router,Archer C6,02:00:00:00:03:04,SN-ROUTER-00772,dual_band
Cisco,Modem,MB8600,02:00:00:00:03:05,SN-MODEM-00773,single_band
Ubiquiti,Access Point,EAP225,02:00:00:00:03:06,SN-ACCESSPOINT-00774,dual_band
MikroTik,Router,hEX-S,02:00:00:00:03:07,SN-ROUTER-00775,single_band
Netgear,Switch,GS308,02:00:00:00:03:08,SN-SWITCH-00776,dual_band
Nokia,ONU,G-140W-C,02:00:00:00:03:09,SN-ONU-00777,single_band
Huawei,ONT,HG8245H,02:00:00:00:03:0A,SN-ONT-00778,dual_band
ZTE,ONU,F601,02:00:00:00:03:0B,SN-ONU-00779,single_band
TP-Link,Router,Archer C6,02:00:00:00:03:0C,SN-ROUTER-00780,dual_band
Cisco,Modem,MB8600,02:00:00:00:03:0D,SN-MODEM-00781,single_band
Ubiquiti,Access Point,EAP225,02:00:00:00:03:0E,SN-ACCESSPOINT-00782,dual_band
MikroTik,Router,hEX-S,02:00:00:00:03:0F,SN-ROUTER-00783,single_band
Netgear,Switch,GS308,02:00:00:00:03:10,SN-SWITCH-00784,dual_band
Nokia,ONU,G-140W-C,02:00:00:00:03:11,SN-ONU-00785,single_band
Huawei,ONT,HG8245H,02:00:00:00:03:12,SN-ONT-00786,dual_band
ZTE,ONU,F601,02:00:00:00:03:13,SN-ONU-00787,single_band
TP-Link,Router,Archer C6,02:00:00:00:03:14,SN-ROUTER-00788,dual_band
Cisco,Modem,MB8600,02:00:00:00:03:15,SN-MODEM-00789,single_band
Ubiquiti,Access Point,EAP225,02:00:00:00:03:16,SN-ACCESSPOINT-00790,dual_band
MikroTik,Router,hEX-S,02:00:00:00:03:17,SN-ROUTER-00791,single_band
Netgear,Switch,GS308,02:00:00:00:03:18,SN-SWITCH-00792,dual_band
Nokia,ONU,G-140W-C,02:00:00:00:03:19,SN-ONU-00793,single_band
Huawei,ONT,HG8245H,02:00:00:00:03:1A,SN-ONT-00794,dual_band
ZTE,ONU,F601,02:00:00:00:03:1B,SN-ONU-00795,single_band
TP-Link,Router,Archer C6,02:00:00:00:03:1C,SN-ROUTER-00796,dual_band
Cisco,Modem,MB8600,02:00:00:00:03:1D,SN-MODEM-00797,single_band
Ubiquiti,Access Point,EAP225,02:00:00:00:03:1E,SN-ACCESSPOINT-00798,dual_band
MikroTik,Router,hEX-S,02:00:00:00:03:1F,SN-ROUTER-00799,single_band
Netgear,Switch,GS308,02:00:00:00:03:20,SN-SWITCH-00800,dual_band
Nokia,ONU,G-140W-C,02:00:00:00:03:21,SN-ONU-00801,single_band
Huawei,ONT,HG8245H,02:00:00:00:03:22,SN-ONT-00802,dual_band
ZTE,ONU,F601,02:00:00:00:03:23,SN-ONU-00803,single_band
TP-Link,Router,Archer C6,02:00:00:00:03:24,SN-ROUTER-00804,dual_band
Cisco,Modem,MB8600,02:00:00:00:03:25,SN-MODEM-00805,single_band
Ubiquiti,Access Point,EAP225,02:00:00:00:03:26,SN-ACCESSPOINT-00806,dual_band
MikroTik,Router,hEX-S,02:00:00:00:03:27,SN-ROUTER-00807,single_band
Netgear,Switch,GS308,02:00:00:00:03:28,SN-SWITCH-00808,dual_band
Nokia,ONU,G-140W-C,02:00:00:00:03:29,SN-ONU-00809,single_band
Huawei,ONT,HG8245H,02:00:00:00:03:2A,SN-ONT-00810,dual_band
ZTE,ONU,F601,02:00:00:00:03:2B,SN-ONU-00811,single_band
TP-Link,Router,Archer C6,02:00:00:00:03:2C,SN-ROUTER-00812,dual_band
Cisco,Modem,MB8600,02:00:00:00:03:2D,SN-MODEM-00813,single_band
Ubiquiti,Access Point,EAP225,02:00:00:00:03:2E,SN-ACCESSPOINT-00814,dual_band
MikroTik,Router,hEX-S,02:00:00:00:03:2F,SN-ROUTER-00815,single_band
Netgear,Switch,GS308,02:00:00:00:03:30,SN-SWITCH-00816,dual_band
Nokia,ONU,G-140W-C,02:00:00:00:03:31,SN-ONU-00817,single_band
Huawei,ONT,HG8245H,02:00:00:00:03:32,SN-ONT-00818,dual_band
ZTE,ONU,F601,02:00:00:00:03:33,SN-ONU-00819,single_band
TP-Link,Router,Archer C6,02:00:00:00:03:34,SN-ROUTER-00820,dual_band
Cisco,Modem,MB8600,02:00:00:00:03:35,SN-MODEM-00821,single_band
Ubiquiti,Access Point,EAP225,02:00:00:00:03:36,SN-ACCESSPOINT-00822,dual_band
MikroTik,Router,hEX-S,02:00:00:00:03:37,SN-ROUTER-00823,single_band
Netgear,Switch,GS308,02:00:00:00:03:38,SN-SWITCH-00824,dual_band
Nokia,ONU,G-140W-C,02:00:00:00:03:39,SN-ONU-00825,single_band
Huawei,ONT,HG8245H,02:00:00:00:03:3A,SN-ONT-00826,dual_band
ZTE,ONU,F601,02:00:00:00:03:3B,SN-ONU-00827,single_band
TP-Link,Router,Archer C6,02:00:00:00:03:3C,SN-ROUTER-00828,dual_band
Cisco,Modem,MB8600,02:00:00:00:03:3D,SN-MODEM-00829,single_band
Ubiquiti,Access Point,EAP225,02:00:00:00:03:3E,SN-ACCESSPOINT-00830,dual_band
MikroTik,Router,hEX-S,02:00:00:00:03:3F,SN-ROUTER-00831,single_band
Netgear,Switch,GS308,02:00:00:00:03:40,SN-SWITCH-00832,dual_band
Nokia,ONU,G-140W-C,02:00:00:00:03:41,SN-ONU-00833,single_band
Huawei,ONT,HG8245H,02:00:00:00:03:42,SN-ONT-00834,dual_band
ZTE,ONU,F601,02:00:00:00:03:43,SN-ONU-00835,single_band
TP-Link,Router,Archer C6,02:00:00:00:03:44,SN-ROUTER-00836,dual_band
Cisco,Modem,MB8600,02:00:00:00:03:45,SN-MODEM-00837,single_band
Ubiquiti,Access Point,EAP225,02:00:00:00:03:46,SN-ACCESSPOINT-00838,dual_band
MikroTik,Router,hEX-S,02:00:00:00:03:47,SN-ROUTER-00839,single_band
Netgear,Switch,GS308,02:00:00:00:03:48,SN-SWITCH-00840,dual_band
Nokia,ONU,G-140W-C,02:00:00:00:03:49,SN-ONU-00841,single_band
Huawei,ONT,HG8245H,02:00:00:00:03:4A,SN-ONT-00842,dual_band
ZTE,ONU,F601,02:00:00:00:03:4B,SN-ONU-00843,single_band
TP-Link,Router,Archer C6,02:00:00:00:03:4C,SN-ROUTER-00844,dual_band
Cisco,Modem,MB8600,02:00:00:00:03:4D,SN-MODEM-00845,single_band
Ubiquiti,Access Point,EAP225,02:00:00:00:03:4E,SN-ACCESSPOINT-00846,dual_band
MikroTik,Router,hEX-S,02:00:00:00:03:4F,SN-ROUTER-00847,single_band
Netgear,Switch,GS308,02:00:00:00:03:50,SN-SWITCH-00848,dual_band
Nokia,ONU,G-140W-C,02:00:00:00:03:51,SN-ONU-00849,single_band
Huawei,ONT,HG8245H,02:00:00:00:03:52,SN-ONT-00850,dual_band
ZTE,ONU,F601,02:00:00:00:03:53,SN-ONU-00851,single_band
TP-Link,Router,Archer C6,02:00:00:00:03:54,SN-ROUTER-00852,dual_band
Cisco,Modem,MB8600,02:00:00:00:03:55,SN-MODEM-00853,single_band
Ubiquiti,Access Point,EAP225,02:00:00:00:03:56,SN-ACCESSPOINT-00854,dual_band
MikroTik,Router,hEX-S,02:00:00:00:03:57,SN-ROUTER-00855,single_band
Netgear,Switch,GS308,02:00:00:00:03:58,SN-SWITCH-00856,dual_band
Nokia,ONU,G-140W-C,02:00:00:00:03:59,SN-ONU-00857,single_band
Huawei,ONT,HG8245H,02:00:00:00:03:5A,SN-ONT-00858,dual_band
ZTE,ONU,F601,02:00:00:00:03:5B,SN-ONU-00859,single_band
TP-Link,Router,Archer C6,02:00:00:00:03:5C,SN-ROUTER-00860,dual_band
Cisco,Modem,MB8600,02:00:00:00:03:5D,SN-MODEM-00861,single_band
Ubiquiti,Access Point,EAP225,02:00:00:00:03:5E,SN-ACCESSPOINT-00862,dual_band
MikroTik,Router,hEX-S,02:00:00:00:03:5F,SN-ROUTER-00863,single_band
Netgear,Switch,GS308,02:00:00:00:03:60,SN-SWITCH-00864,dual_band
Nokia,ONU,G-140W-C,02:00:00:00:03:61,SN-ONU-00865,single_band
Huawei,ONT,HG8245H,02:00:00:00:03:62,SN-ONT-00866,dual_band
ZTE,ONU,F601,02:00:00:00:03:63,SN-ONU-00867,single_band
TP-Link,Router,Archer C6,02:00:00:00:03:64,SN-ROUTER-00868,dual_band
Cisco,Modem,MB8600,02:00:00:00:03:65,SN-MODEM-00869,single_band
Ubiquiti,Access Point,EAP225,02:00:00:00:03:66,SN-ACCESSPOINT-00870,dual_band
MikroTik,Router,hEX-S,02:00:00:00:03:67,SN-ROUTER-00871,single_band
Netgear,Switch,GS308,02:00:00:00:03:68,SN-SWITCH-00872,dual_band
Nokia,ONU,G-140W-C,02:00:00:00:03:69,SN-ONU-00873,single_band
Huawei,ONT,HG8245H,02:00:00:00:03:6A,SN-ONT-00874,dual_band
ZTE,ONU,F601,02:00:00:00:03:6B,SN-ONU-00875,single_band
TP-Link,Router,Archer C6,02:00:00:00:03:6C,SN-ROUTER-00876,dual_band
Cisco,Modem,MB8600,02:00:00:00:03:6D,SN-MODEM-00877,single_band
Ubiquiti,Access Point,EAP225,02:00:00:00:03:6E,SN-ACCESSPOINT-00878,dual_band
MikroTik,Router,hEX-S,02:00:00:00:03:6F,SN-ROUTER-00879,single_band
Netgear,Switch,GS308,02:00:00:00:03:70,SN-SWITCH-00880,dual_band
Nokia,ONU,G-140W-C,02:00:00:00:03:71,SN-ONU-00881,single_band
Huawei,ONT,HG8245H,02:00:00:00:03:72,SN-ONT-00882,dual_band
ZTE,ONU,F601,02:00:00:00:03:73,SN-ONU-00883,single_band
TP-Link,Router,Archer C6,02:00:00:00:03:74,SN-ROUTER-00884,dual_band
Cisco,Modem,MB8600,02:00:00:00:03:75,SN-MODEM-00885,single_band
Ubiquiti,Access Point,EAP225,02:00:00:00:03:76,SN-ACCESSPOINT-00886,dual_band
MikroTik,Router,hEX-S,02:00:00:00:03:77,SN-ROUTER-00887,single_band
Netgear,Switch,GS308,02:00:00:00:03:78,SN-SWITCH-00888,dual_band
Nokia,ONU,G-140W-C,02:00:00:00:03:79,SN-ONU-00889,single_band
Huawei,ONT,HG8245H,02:00:00:00:03:7A,SN-ONT-00890,dual_band
ZTE,ONU,F601,02:00:00:00:03:7B,SN-ONU-00891,single_band
TP-Link,Router,Archer C6,02:00:00:00:03:7C,SN-ROUTER-00892,dual_band
Cisco,Modem,MB8600,02:00:00:00:03:7D,SN-MODEM-00893,single_band
Ubiquiti,Access Point,EAP225,02:00:00:00:03:7E,SN-ACCESSPOINT-00894,dual_band
MikroTik,Router,hEX-S,02:00:00:00:03:7F,SN-ROUTER-00895,single_band
Netgear,Switch,GS308,02:00:00:00:03:80,SN-SWITCH-00896,dual_band
Nokia,ONU,G-140W-C,02:00:00:00:03:81,SN-ONU-00897,single_band
Huawei,ONT,HG8245H,02:00:00:00:03:82,SN-ONT-00898,dual_band
ZTE,ONU,F601,02:00:00:00:03:83,SN-ONU-00899,single_band
TP-Link,Router,Archer C6,02:00:00:00:03:84,SN-ROUTER-00900,dual_band
Cisco,Modem,MB8600,02:00:00:00:03:85,SN-MODEM-00901,single_band
Ubiquiti,Access Point,EAP225,02:00:00:00:03:86,SN-ACCESSPOINT-00902,dual_band
MikroTik,Router,hEX-S,02:00:00:00:03:87,SN-ROUTER-00903,single_band
Netgear,Switch,GS308,02:00:00:00:03:88,SN-SWITCH-00904,dual_band
Nokia,ONU,G-140W-C,02:00:00:00:03:89,SN-ONU-00905,single_band
Huawei,ONT,HG8245H,02:00:00:00:03:8A,SN-ONT-00906,dual_band
ZTE,ONU,F601,02:00:00:00:03:8B,SN-ONU-00907,single_band
TP-Link,Router,Archer C6,02:00:00:00:03:8C,SN-ROUTER-00908,dual_band
Cisco,Modem,MB8600,02:00:00:00:03:8D,SN-MODEM-00909,single_band
Ubiquiti,Access Point,EAP225,02:00:00:00:03:8E,SN-ACCESSPOINT-00910,dual_band
MikroTik,Router,hEX-S,02:00:00:00:03:8F,SN-ROUTER-00911,single_band
Netgear,Switch,GS308,02:00:00:00:03:90,SN-SWITCH-00912,dual_band
Nokia,ONU,G-140W-C,02:00:00:00:03:91,SN-ONU-00913,single_band
Huawei,ONT,HG8245H,02:00:00:00:03:92,SN-ONT-00914,dual_band
ZTE,ONU,F601,02:00:00:00:03:93,SN-ONU-00915,single_band
TP-Link,Router,Archer C6,02:00:00:00:03:94,SN-ROUTER-00916,dual_band
Cisco,Modem,MB8600,02:00:00:00:03:95,SN-MODEM-00917,single_band
Ubiquiti,Access Point,EAP225,02:00:00:00:03:96,SN-ACCESSPOINT-00918,dual_band
MikroTik,Router,hEX-S,02:00:00:00:03:97,SN-ROUTER-00919,single_band
Netgear,Switch,GS308,02:00:00:00:03:98,SN-SWITCH-00920,dual_band
Nokia,ONU,G-140W-C,02:00:00:00:03:99,SN-ONU-00921,single_band
Huawei,ONT,HG8245H,02:00:00:00:03:9A,SN-ONT-00922,dual_band
ZTE,ONU,F601,02:00:00:00:03:9B,SN-ONU-00923,single_band
TP-Link,Router,Archer C6,02:00:00:00:03:9C,SN-ROUTER-00924,dual_band
Cisco,Modem,MB8600,02:00:00:00:03:9D,SN-MODEM-00925,single_band
Ubiquiti,Access Point,EAP225,02:00:00:00:03:9E,SN-ACCESSPOINT-00926,dual_band
MikroTik,Router,hEX-S,02:00:00:00:03:9F,SN-ROUTER-00927,single_band
Netgear,Switch,GS308,02:00:00:00:03:A0,SN-SWITCH-00928,dual_band
Nokia,ONU,G-140W-C,02:00:00:00:03:A1,SN-ONU-00929,single_band
Huawei,ONT,HG8245H,02:00:00:00:03:A2,SN-ONT-00930,dual_band
ZTE,ONU,F601,02:00:00:00:03:A3,SN-ONU-00931,single_band
TP-Link,Router,Archer C6,02:00:00:00:03:A4,SN-ROUTER-00932,dual_band
Cisco,Modem,MB8600,02:00:00:00:03:A5,SN-MODEM-00933,single_band
Ubiquiti,Access Point,EAP225,02:00:00:00:03:A6,SN-ACCESSPOINT-00934,dual_band
MikroTik,Router,hEX-S,02:00:00:00:03:A7,SN-ROUTER-00935,single_band
Netgear,Switch,GS308,02:00:00:00:03:A8,SN-SWITCH-00936,dual_band
Nokia,ONU,G-140W-C,02:00:00:00:03:A9,SN-ONU-00937,single_band
Huawei,ONT,HG8245H,02:00:00:00:03:AA,SN-ONT-00938,dual_band
ZTE,ONU,F601,02:00:00:00:03:AB,SN-ONU-00939,single_band
TP-Link,Router,Archer C6,02:00:00:00:03:AC,SN-ROUTER-00940,dual_band
Cisco,Modem,MB8600,02:00:00:00:03:AD,SN-MODEM-00941,single_band
Ubiquiti,Access Point,EAP225,02:00:00:00:03:AE,SN-ACCESSPOINT-00942,dual_band
MikroTik,Router,hEX-S,02:00:00:00:03:AF,SN-ROUTER-00943,single_band
Netgear,Switch,GS308,02:00:00:00:03:B0,SN-SWITCH-00944,dual_band
Nokia,ONU,G-140W-C,02:00:00:00:03:B1,SN-ONU-00945,single_band
Huawei,ONT,HG8245H,02:00:00:00:03:B2,SN-ONT-00946,dual_band
ZTE,ONU,F601,02:00:00:00:03:B3,SN-ONU-00947,single_band
TP-Link,Router,Archer C6,02:00:00:00:03:B4,SN-ROUTER-00948,dual_band
Cisco,Modem,MB8600,02:00:00:00:03:B5,SN-MODEM-00949,single_band
Ubiquiti,Access Point,EAP225,02:00:00:00:03:B6,SN-ACCESSPOINT-00950,dual_band
MikroTik,Router,hEX-S,02:00:00:00:03:B7,SN-ROUTER-00951,single_band
Netgear,Switch,GS308,02:00:00:00:03:B8,SN-SWITCH-00952,dual_band
Nokia,ONU,G-140W-C,02:00:00:00:03:B9,SN-ONU-00953,single_band
Huawei,ONT,HG8245H,02:00:00:00:03:BA,SN-ONT-00954,dual_band
ZTE,ONU,F601,02:00:00:00:03:BB,SN-ONU-00955,single_band
TP-Link,Router,Archer C6,02:00:00:00:03:BC,SN-ROUTER-00956,dual_band
Cisco,Modem,MB8600,02:00:00:00:03:BD,SN-MODEM-00957,single_band
Ubiquiti,Access Point,EAP225,02:00:00:00:03:BE,SN-ACCESSPOINT-00958,dual_band
MikroTik,Router,hEX-S,02:00:00:00:03:BF,SN-ROUTER-00959,single_band
Netgear,Switch,GS308,02:00:00:00:03:C0,SN-SWITCH-00960,dual_band
Nokia,ONU,G-140W-C,02:00:00:00:03:C1,SN-ONU-00961,single_band
Huawei,ONT,HG8245H,02:00:00:00:03:C2,SN-ONT-00962,dual_band
ZTE,ONU,F601,02:00:00:00:03:C3,SN-ONU-00963,single_band
TP-Link,Router,Archer C6,02:00:00:00:03:C4,SN-ROUTER-00964,dual_band
Cisco,Modem,MB8600,02:00:00:00:03:C5,SN-MODEM-00965,single_band
Ubiquiti,Access Point,EAP225,02:00:00:00:03:C6,SN-ACCESSPOINT-00966,dual_band
MikroTik,Router,hEX-S,02:00:00:00:03:C7,SN-ROUTER-00967,single_band
Netgear,Switch,GS308,02:00:00:00:03:C8,SN-SWITCH-00968,dual_band
Nokia,ONU,G-140W-C,02:00:00:00:03:C9,SN-ONU-00969,single_band
Huawei,ONT,HG8245H,02:00:00:00:03:CA,SN-ONT-00970,dual_band
ZTE,ONU,F601,02:00:00:00:03:CB,SN-ONU-00971,single_band
TP-Link,Router,Archer C6,02:00:00:00:03:CC,SN-ROUTER-00972,dual_band
Cisco,Modem,MB8600,02:00:00:00:03:CD,SN-MODEM-00973,single_band
Ubiquiti,Access Point,EAP225,02:00:00:00:03:CE,SN-ACCESSPOINT-00974,dual_band
MikroTik,Router,hEX-S,02:00:00:00:03:CF,SN-ROUTER-00975,single_band
Netgear,Switch,GS308,02:00:00:00:03:D0,SN-SWITCH-00976,dual_band
Nokia,ONU,G-140W-C,02:00:00:00:03:D1,SN-ONU-00977,single_band
Huawei,ONT,HG8245H,02:00:00:00:03:D2,SN-ONT-00978,dual_band
ZTE,ONU,F601,02:00:00:00:03:D3,SN-ONU-00979,single_band
TP-Link,Router,Archer C6,02:00:00:00:03:D4,SN-ROUTER-00980,dual_band
Cisco,Modem,MB8600,02:00:00:00:03:D5,SN-MODEM-00981,single_band
Ubiquiti,Access Point,EAP225,02:00:00:00:03:D6,SN-ACCESSPOINT-00982,dual_band
MikroTik,Router,hEX-S,02:00:00:00:03:D7,SN-ROUTER-00983,single_band
Netgear,Switch,GS308,02:00:00:00:03:D8,SN-SWITCH-00984,dual_band
Nokia,ONU,G-140W-C,02:00:00:00:03:D9,SN-ONU-00985,single_band
Huawei,ONT,HG8245H,02:00:00:00:03:DA,SN-ONT-00986,dual_band
ZTE,ONU,F601,02:00:00:00:03:DB,SN-ONU-00987,single_band
TP-Link,Router,Archer C6,02:00:00:00:03:DC,SN-ROUTER-00988,dual_band
Cisco,Modem,MB8600,02:00:00:00:03:DD,SN-MODEM-00989,single_band
Ubiquiti,Access Point,EAP225,02:00:00:00:03:DE,SN-ACCESSPOINT-00990,dual_band
MikroTik,Router,hEX-S,02:00:00:00:03:DF,SN-ROUTER-00991,single_band
Netgear,Switch,GS308,02:00:00:00:03:E0,SN-SWITCH-00992,dual_band
Nokia,ONU,G-140W-C,02:00:00:00:03:E1,SN-ONU-00993,single_band
Huawei,ONT,HG8245H,02:00:00:00:03:E2,SN-ONT-00994,dual_band
ZTE,ONU,F601,02:00:00:00:03:E3,SN-ONU-00995,single_band
TP-Link,Router,Archer C6,02:00:00:00:03:E4,SN-ROUTER-00996,dual_band
Cisco,Modem,MB8600,02:00:00:00:03:E5,SN-MODEM-00997,single_band
Ubiquiti,Access Point,EAP225,02:00:00:00:03:E6,SN-ACCESSPOINT-00998,dual_band
MikroTik,Router,hEX-S,02:00:00:00:03:E7,SN-ROUTER-00999,single_band
Netgear,Switch,GS308,02:00:00:00:03:E8,SN-SWITCH-01000,dual_band
Nokia,ONU,G-140W-C,02:00:00:00:03:E9,SN-ONU-01001,single_band
Huawei,ONT,HG8245H,02:00:00:00:03:EA,SN-ONT-01002,dual_band
ZTE,ONU,F601,02:00:00:00:03:EB,SN-ONU-01003,single_band
TP-Link,Router,Archer C6,02:00:00:00:03:EC,SN-ROUTER-01004,dual_band
Cisco,Modem,MB8600,02:00:00:00:03:ED,SN-MODEM-01005,single_band
Ubiquiti,Access Point,EAP225,02:00:00:00:03:EE,SN-ACCESSPOINT-01006,dual_band
MikroTik,Router,hEX-S,02:00:00:00:03:EF,SN-ROUTER-01007,single_band
Netgear,Switch,GS308,02:00:00:00:03:F0,SN-SWITCH-01008,dual_band
Nokia,ONU,G-140W-C,02:00:00:00:03:F1,SN-ONU-01009,single_band
Huawei,ONT,HG8245H,02:00:00:00:03:F2,SN-ONT-01010,dual_band
ZTE,ONU,F601,02:00:00:00:03:F3,SN-ONU-01011,single_band
TP-Link,Router,Archer C6,02:00:00:00:03:F4,SN-ROUTER-01012,dual_band
Cisco,Modem,MB8600,02:00:00:00:03:F5,SN-MODEM-01013,single_band
Ubiquiti,Access Point,EAP225,02:00:00:00:03:F6,SN-ACCESSPOINT-01014,dual_band
MikroTik,Router,hEX-S,02:00:00:00:03:F7,SN-ROUTER-01015,single_band
Netgear,Switch,GS308,02:00:00:00:03:F8,SN-SWITCH-01016,dual_band
Nokia,ONU,G-140W-C,02:00:00:00:03:F9,SN-ONU-01017,single_band
Huawei,ONT,HG8245H,02:00:00:00:03:FA,SN-ONT-01018,dual_band
ZTE,ONU,F601,02:00:00:00:03:FB,SN-ONU-01019,single_band
TP-Link,Router,Archer C6,02:00:00:00:03:FC,SN-ROUTER-01020,dual_band
Cisco,Modem,MB8600,02:00:00:00:03:FD,SN-MODEM-01021,single_band
Ubiquiti,Access Point,EAP225,02:00:00:00:03:FE,SN-ACCESSPOINT-01022,dual_band
MikroTik,Router,hEX-S,02:00:00:00:03:FF,SN-ROUTER-01023,single_band
Netgear,Switch,GS308,02:00:00:00:04:00,SN-SWITCH-01024,dual_band
Nokia,ONU,G-140W-C,02:00:00:00:04:01,SN-ONU-01025,single_band
Huawei,ONT,HG8245H,02:00:00:00:04:02,SN-ONT-01026,dual_band
ZTE,ONU,F601,02:00:00:00:04:03,SN-ONU-01027,single_band
TP-Link,Router,Archer C6,02:00:00:00:04:04,SN-ROUTER-01028,dual_band
Cisco,Modem,MB8600,02:00:00:00:04:05,SN-MODEM-01029,single_band
Ubiquiti,Access Point,EAP225,02:00:00:00:04:06,SN-ACCESSPOINT-01030,dual_band
MikroTik,Router,hEX-S,02:00:00:00:04:07,SN-ROUTER-01031,single_band
Netgear,Switch,GS308,02:00:00:00:04:08,SN-SWITCH-01032,dual_band
Nokia,ONU,G-140W-C,02:00:00:00:04:09,SN-ONU-01033,single_band
Huawei,ONT,HG8245H,02:00:00:00:04:0A,SN-ONT-01034,dual_band
ZTE,ONU,F601,02:00:00:00:04:0B,SN-ONU-01035,single_band
TP-Link,Router,Archer C6,02:00:00:00:04:0C,SN-ROUTER-01036,dual_band
Cisco,Modem,MB8600,02:00:00:00:04:0D,SN-MODEM-01037,single_band
Ubiquiti,Access Point,EAP225,02:00:00:00:04:0E,SN-ACCESSPOINT-01038,dual_band
MikroTik,Router,hEX-S,02:00:00:00:04:0F,SN-ROUTER-01039,single_band
Netgear,Switch,GS308,02:00:00:00:04:10,SN-SWITCH-01040,dual_band
Nokia,ONU,G-140W-C,02:00:00:00:04:11,SN-ONU-01041,single_band
Huawei,ONT,HG8245H,02:00:00:00:04:12,SN-ONT-01042,dual_band
ZTE,ONU,F601,02:00:00:00:04:13,SN-ONU-01043,single_band
TP-Link,Router,Archer C6,02:00:00:00:04:14,SN-ROUTER-01044,dual_band
Cisco,Modem,MB8600,02:00:00:00:04:15,SN-MODEM-01045,single_band
Ubiquiti,Access Point,EAP225,02:00:00:00:04:16,SN-ACCESSPOINT-01046,dual_band
MikroTik,Router,hEX-S,02:00:00:00:04:17,SN-ROUTER-01047,single_band
Netgear,Switch,GS308,02:00:00:00:04:18,SN-SWITCH-01048,dual_band
Nokia,ONU,G-140W-C,02:00:00:00:04:19,SN-ONU-01049,single_band
Huawei,ONT,HG8245H,02:00:00:00:04:1A,SN-ONT-01050,dual_band
ZTE,ONU,F601,02:00:00:00:04:1B,SN-ONU-01051,single_band
TP-Link,Router,Archer C6,02:00:00:00:04:1C,SN-ROUTER-01052,dual_band
Cisco,Modem,MB8600,02:00:00:00:04:1D,SN-MODEM-01053,single_band
Ubiquiti,Access Point,EAP225,02:00:00:00:04:1E,SN-ACCESSPOINT-01054,dual_band
MikroTik,Router,hEX-S,02:00:00:00:04:1F,SN-ROUTER-01055,single_band
Netgear,Switch,GS308,02:00:00:00:04:20,SN-SWITCH-01056,dual_band
Nokia,ONU,G-140W-C,02:00:00:00:04:21,SN-ONU-01057,single_band
Huawei,ONT,HG8245H,02:00:00:00:04:22,SN-ONT-01058,dual_band
ZTE,ONU,F601,02:00:00:00:04:23,SN-ONU-01059,single_band
TP-Link,Router,Archer C6,02:00:00:00:04:24,SN-ROUTER-01060,dual_band
Cisco,Modem,MB8600,02:00:00:00:04:25,SN-MODEM-01061,single_band
Ubiquiti,Access Point,EAP225,02:00:00:00:04:26,SN-ACCESSPOINT-01062,dual_band
MikroTik,Router,hEX-S,02:00:00:00:04:27,SN-ROUTER-01063,single_band
Netgear,Switch,GS308,02:00:00:00:04:28,SN-SWITCH-01064,dual_band
Nokia,ONU,G-140W-C,02:00:00:00:04:29,SN-ONU-01065,single_band
Huawei,ONT,HG8245H,02:00:00:00:04:2A,SN-ONT-01066,dual_band
ZTE,ONU,F601,02:00:00:00:04:2B,SN-ONU-01067,single_band
TP-Link,Router,Archer C6,02:00:00:00:04:2C,SN-ROUTER-01068,dual_band
Cisco,Modem,MB8600,02:00:00:00:04:2D,SN-MODEM-01069,single_band
Ubiquiti,Access Point,EAP225,02:00:00:00:04:2E,SN-ACCESSPOINT-01070,dual_band
MikroTik,Router,hEX-S,02:00:00:00:04:2F,SN-ROUTER-01071,single_band
Netgear,Switch,GS308,02:00:00:00:04:30,SN-SWITCH-01072,dual_band
Nokia,ONU,G-140W-C,02:00:00:00:04:31,SN-ONU-01073,single_band
Huawei,ONT,HG8245H,02:00:00:00:04:32,SN-ONT-01074,dual_band
ZTE,ONU,F601,02:00:00:00:04:33,SN-ONU-01075,single_band
TP-Link,Router,Archer C6,02:00:00:00:04:34,SN-ROUTER-01076,dual_band
Cisco,Modem,MB8600,02:00:00:00:04:35,SN-MODEM-01077,single_band
Ubiquiti,Access Point,EAP225,02:00:00:00:04:36,SN-ACCESSPOINT-01078,dual_band
MikroTik,Router,hEX-S,02:00:00:00:04:37,SN-ROUTER-01079,single_band
Netgear,Switch,GS308,02:00:00:00:04:38,SN-SWITCH-01080,dual_band
Nokia,ONU,G-140W-C,02:00:00:00:04:39,SN-ONU-01081,single_band
Huawei,ONT,HG8245H,02:00:00:00:04:3A,SN-ONT-01082,dual_band
ZTE,ONU,F601,02:00:00:00:04:3B,SN-ONU-01083,single_band
TP-Link,Router,Archer C6,02:00:00:00:04:3C,SN-ROUTER-01084,dual_band
Cisco,Modem,MB8600,02:00:00:00:04:3D,SN-MODEM-01085,single_band
Ubiquiti,Access Point,EAP225,02:00:00:00:04:3E,SN-ACCESSPOINT-01086,dual_band
MikroTik,Router,hEX-S,02:00:00:00:04:3F,SN-ROUTER-01087,single_band
Netgear,Switch,GS308,02:00:00:00:04:40,SN-SWITCH-01088,dual_band
Nokia,ONU,G-140W-C,02:00:00:00:04:41,SN-ONU-01089,single_band
Huawei,ONT,HG8245H,02:00:00:00:04:42,SN-ONT-01090,dual_band
ZTE,ONU,F601,02:00:00:00:04:43,SN-ONU-01091,single_band
TP-Link,Router,Archer C6,02:00:00:00:04:44,SN-ROUTER-01092,dual_band
Cisco,Modem,MB8600,02:00:00:00:04:45,SN-MODEM-01093,single_band
Ubiquiti,Access Point,EAP225,02:00:00:00:04:46,SN-ACCESSPOINT-01094,dual_band
MikroTik,Router,hEX-S,02:00:00:00:04:47,SN-ROUTER-01095,single_band
Netgear,Switch,GS308,02:00:00:00:04:48,SN-SWITCH-01096,dual_band
Nokia,ONU,G-140W-C,02:00:00:00:04:49,SN-ONU-01097,single_band
Huawei,ONT,HG8245H,02:00:00:00:04:4A,SN-ONT-01098,dual_band
ZTE,ONU,F601,02:00:00:00:04:4B,SN-ONU-01099,single_band
TP-Link,Router,Archer C6,02:00:00:00:04:4C,SN-ROUTER-01100,dual_band
Cisco,Modem,MB8600,02:00:00:00:04:4D,SN-MODEM-01101,single_band
Ubiquiti,Access Point,EAP225,02:00:00:00:04:4E,SN-ACCESSPOINT-01102,dual_band
MikroTik,Router,hEX-S,02:00:00:00:04:4F,SN-ROUTER-01103,single_band
Netgear,Switch,GS308,02:00:00:00:04:50,SN-SWITCH-01104,dual_band
Nokia,ONU,G-140W-C,02:00:00:00:04:51,SN-ONU-01105,single_band
Huawei,ONT,HG8245H,02:00:00:00:04:52,SN-ONT-01106,dual_band
ZTE,ONU,F601,02:00:00:00:04:53,SN-ONU-01107,single_band
TP-Link,Router,Archer C6,02:00:00:00:04:54,SN-ROUTER-01108,dual_band
Cisco,Modem,MB8600,02:00:00:00:04:55,SN-MODEM-01109,single_band
Ubiquiti,Access Point,EAP225,02:00:00:00:04:56,SN-ACCESSPOINT-01110,dual_band
MikroTik,Router,hEX-S,02:00:00:00:04:57,SN-ROUTER-01111,single_band
Netgear,Switch,GS308,02:00:00:00:04:58,SN-SWITCH-01112,dual_band
Nokia,ONU,G-140W-C,02:00:00:00:04:59,SN-ONU-01113,single_band
Huawei,ONT,HG8245H,02:00:00:00:04:5A,SN-ONT-01114,dual_band
ZTE,ONU,F601,02:00:00:00:04:5B,SN-ONU-01115,single_band
TP-Link,Router,Archer C6,02:00:00:00:04:5C,SN-ROUTER-01116,dual_band
Cisco,Modem,MB8600,02:00:00:00:04:5D,SN-MODEM-01117,single_band
Ubiquiti,Access Point,EAP225,02:00:00:00:04:5E,SN-ACCESSPOINT-01118,dual_band
MikroTik,Router,hEX-S,02:00:00:00:04:5F,SN-ROUTER-01119,single_band
Netgear,Switch,GS308,02:00:00:00:04:60,SN-SWITCH-01120,dual_band
Nokia,ONU,G-140W-C,02:00:00:00:04:61,SN-ONU-01121,single_band
Huawei,ONT,HG8245H,02:00:00:00:04:62,SN-ONT-01122,dual_band
ZTE,ONU,F601,02:00:00:00:04:63,SN-ONU-01123,single_band
TP-Link,Router,Archer C6,02:00:00:00:04:64,SN-ROUTER-01124,dual_band
Cisco,Modem,MB8600,02:00:00:00:04:65,SN-MODEM-01125,single_band
Ubiquiti,Access Point,EAP225,02:00:00:00:04:66,SN-ACCESSPOINT-01126,dual_band
MikroTik,Router,hEX-S,02:00:00:00:04:67,SN-ROUTER-01127,single_band
Netgear,Switch,GS308,02:00:00:00:04:68,SN-SWITCH-01128,dual_band
Nokia,ONU,G-140W-C,02:00:00:00:04:69,SN-ONU-01129,single_band
Huawei,ONT,HG8245H,02:00:00:00:04:6A,SN-ONT-01130,dual_band
ZTE,ONU,F601,02:00:00:00:04:6B,SN-ONU-01131,single_band
TP-Link,Router,Archer C6,02:00:00:00:04:6C,SN-ROUTER-01132,dual_band
Cisco,Modem,MB8600,02:00:00:00:04:6D,SN-MODEM-01133,single_band
Ubiquiti,Access Point,EAP225,02:00:00:00:04:6E,SN-ACCESSPOINT-01134,dual_band
MikroTik,Router,hEX-S,02:00:00:00:04:6F,SN-ROUTER-01135,single_band
Netgear,Switch,GS308,02:00:00:00:04:70,SN-SWITCH-01136,dual_band
Nokia,ONU,G-140W-C,02:00:00:00:04:71,SN-ONU-01137,single_band
Huawei,ONT,HG8245H,02:00:00:00:04:72,SN-ONT-01138,dual_band
ZTE,ONU,F601,02:00:00:00:04:73,SN-ONU-01139,single_band
TP-Link,Router,Archer C6,02:00:00:00:04:74,SN-ROUTER-01140,dual_band
Cisco,Modem,MB8600,02:00:00:00:04:75,SN-MODEM-01141,single_band
Ubiquiti,Access Point,EAP225,02:00:00:00:04:76,SN-ACCESSPOINT-01142,dual_band
MikroTik,Router,hEX-S,02:00:00:00:04:77,SN-ROUTER-01143,single_band
Netgear,Switch,GS308,02:00:00:00:04:78,SN-SWITCH-01144,dual_band
Nokia,ONU,G-140W-C,02:00:00:00:04:79,SN-ONU-01145,single_band
Huawei,ONT,HG8245H,02:00:00:00:04:7A,SN-ONT-01146,dual_band
ZTE,ONU,F601,02:00:00:00:04:7B,SN-ONU-01147,single_band
TP-Link,Router,Archer C6,02:00:00:00:04:7C,SN-ROUTER-01148,dual_band
Cisco,Modem,MB8600,02:00:00:00:04:7D,SN-MODEM-01149,single_band
Ubiquiti,Access Point,EAP225,02:00:00:00:04:7E,SN-ACCESSPOINT-01150,dual_band
MikroTik,Router,hEX-S,02:00:00:00:04:7F,SN-ROUTER-01151,single_band
Netgear,Switch,GS308,02:00:00:00:04:80,SN-SWITCH-01152,dual_band
Nokia,ONU,G-140W-C,02:00:00:00:04:81,SN-ONU-01153,single_band
Huawei,ONT,HG8245H,02:00:00:00:04:82,SN-ONT-01154,dual_band
ZTE,ONU,F601,02:00:00:00:04:83,SN-ONU-01155,single_band
TP-Link,Router,Archer C6,02:00:00:00:04:84,SN-ROUTER-01156,dual_band
Cisco,Modem,MB8600,02:00:00:00:04:85,SN-MODEM-01157,single_band
Ubiquiti,Access Point,EAP225,02:00:00:00:04:86,SN-ACCESSPOINT-01158,dual_band
MikroTik,Router,hEX-S,02:00:00:00:04:87,SN-ROUTER-01159,single_band
Netgear,Switch,GS308,02:00:00:00:04:88,SN-SWITCH-01160,dual_band
Nokia,ONU,G-140W-C,02:00:00:00:04:89,SN-ONU-01161,single_band
Huawei,ONT,HG8245H,02:00:00:00:04:8A,SN-ONT-01162,dual_band
ZTE,ONU,F601,02:00:00:00:04:8B,SN-ONU-01163,single_band
TP-Link,Router,Archer C6,02:00:00:00:04:8C,SN-ROUTER-01164,dual_band
Cisco,Modem,MB8600,02:00:00:00:04:8D,SN-MODEM-01165,single_band
Ubiquiti,Access Point,EAP225,02:00:00:00:04:8E,SN-ACCESSPOINT-01166,dual_band
MikroTik,Router,hEX-S,02:00:00:00:04:8F,SN-ROUTER-01167,single_band
Netgear,Switch,GS308,02:00:00:00:04:90,SN-SWITCH-01168,dual_band
Nokia,ONU,G-140W-C,02:00:00:00:04:91,SN-ONU-01169,single_band
Huawei,ONT,HG8245H,02:00:00:00:04:92,SN-ONT-01170,dual_band
ZTE,ONU,F601,02:00:00:00:04:93,SN-ONU-01171,single_band
TP-Link,Router,Archer C6,02:00:00:00:04:94,SN-ROUTER-01172,dual_band
Cisco,Modem,MB8600,02:00:00:00:04:95,SN-MODEM-01173,single_band
Ubiquiti,Access Point,EAP225,02:00:00:00:04:96,SN-ACCESSPOINT-01174,dual_band
MikroTik,Router,hEX-S,02:00:00:00:04:97,SN-ROUTER-01175,single_band
Netgear,Switch,GS308,02:00:00:00:04:98,SN-SWITCH-01176,dual_band
Nokia,ONU,G-140W-C,02:00:00:00:04:99,SN-ONU-01177,single_band
Huawei,ONT,HG8245H,02:00:00:00:04:9A,SN-ONT-01178,dual_band
ZTE,ONU,F601,02:00:00:00:04:9B,SN-ONU-01179,single_band
TP-Link,Router,Archer C6,02:00:00:00:04:9C,SN-ROUTER-01180,dual_band
Cisco,Modem,MB8600,02:00:00:00:04:9D,SN-MODEM-01181,single_band
Ubiquiti,Access Point,EAP225,02:00:00:00:04:9E,SN-ACCESSPOINT-01182,dual_band
MikroTik,Router,hEX-S,02:00:00:00:04:9F,SN-ROUTER-01183,single_band
Netgear,Switch,GS308,02:00:00:00:04:A0,SN-SWITCH-01184,dual_band
Nokia,ONU,G-140W-C,02:00:00:00:04:A1,SN-ONU-01185,single_band
Huawei,ONT,HG8245H,02:00:00:00:04:A2,SN-ONT-01186,dual_band
ZTE,ONU,F601,02:00:00:00:04:A3,SN-ONU-01187,single_band
TP-Link,Router,Archer C6,02:00:00:00:04:A4,SN-ROUTER-01188,dual_band
Cisco,Modem,MB8600,02:00:00:00:04:A5,SN-MODEM-01189,single_band
Ubiquiti,Access Point,EAP225,02:00:00:00:04:A6,SN-ACCESSPOINT-01190,dual_band
MikroTik,Router,hEX-S,02:00:00:00:04:A7,SN-ROUTER-01191,single_band
Netgear,Switch,GS308,02:00:00:00:04:A8,SN-SWITCH-01192,dual_band
Nokia,ONU,G-140W-C,02:00:00:00:04:A9,SN-ONU-01193,single_band
Huawei,ONT,HG8245H,02:00:00:00:04:AA,SN-ONT-01194,dual_band
ZTE,ONU,F601,02:00:00:00:04:AB,SN-ONU-01195,single_band
TP-Link,Router,Archer C6,02:00:00:00:04:AC,SN-ROUTER-01196,dual_band
Cisco,Modem,MB8600,02:00:00:00:04:AD,SN-MODEM-01197,single_band
Ubiquiti,Access Point,EAP225,02:00:00:00:04:AE,SN-ACCESSPOINT-01198,dual_band
MikroTik,Router,hEX-S,02:00:00:00:04:AF,SN-ROUTER-01199,single_band
Netgear,Switch,GS308,02:00:00:00:04:B0,SN-SWITCH-01200,dual_band
Nokia,ONU,G-140W-C,02:00:00:00:04:B1,SN-ONU-01201,single_band
Huawei,ONT,HG8245H,02:00:00:00:04:B2,SN-ONT-01202,dual_band
ZTE,ONU,F601,02:00:00:00:04:B3,SN-ONU-01203,single_band
TP-Link,Router,Archer C6,02:00:00:00:04:B4,SN-ROUTER-01204,dual_band
Cisco,Modem,MB8600,02:00:00:00:04:B5,SN-MODEM-01205,single_band
Ubiquiti,Access Point,EAP225,02:00:00:00:04:B6,SN-ACCESSPOINT-01206,dual_band
MikroTik,Router,hEX-S,02:00:00:00:04:B7,SN-ROUTER-01207,single_band
Netgear,Switch,GS308,02:00:00:00:04:B8,SN-SWITCH-01208,dual_band
Nokia,ONU,G-140W-C,02:00:00:00:04:B9,SN-ONU-01209,single_band
Huawei,ONT,HG8245H,02:00:00:00:04:BA,SN-ONT-01210,dual_band
ZTE,ONU,F601,02:00:00:00:04:BB,SN-ONU-01211,single_band
TP-Link,Router,Archer C6,02:00:00:00:04:BC,SN-ROUTER-01212,dual_band
Cisco,Modem,MB8600,02:00:00:00:04:BD,SN-MODEM-01213,single_band
Ubiquiti,Access Point,EAP225,02:00:00:00:04:BE,SN-ACCESSPOINT-01214,dual_band
MikroTik,Router,hEX-S,02:00:00:00:04:BF,SN-ROUTER-01215,single_band
Netgear,Switch,GS308,02:00:00:00:04:C0,SN-SWITCH-01216,dual_band
Nokia,ONU,G-140W-C,02:00:00:00:04:C1,SN-ONU-01217,single_band
Huawei,ONT,HG8245H,02:00:00:00:04:C2,SN-ONT-01218,dual_band
ZTE,ONU,F601,02:00:00:00:04:C3,SN-ONU-01219,single_band
TP-Link,Router,Archer C6,02:00:00:00:04:C4,SN-ROUTER-01220,dual_band
Cisco,Modem,MB8600,02:00:00:00:04:C5,SN-MODEM-01221,single_band
Ubiquiti,Access Point,EAP225,02:00:00:00:04:C6,SN-ACCESSPOINT-01222,dual_band
MikroTik,Router,hEX-S,02:00:00:00:04:C7,SN-ROUTER-01223,single_band
Netgear,Switch,GS308,02:00:00:00:04:C8,SN-SWITCH-01224,dual_band
Nokia,ONU,G-140W-C,02:00:00:00:04:C9,SN-ONU-01225,single_band
Huawei,ONT,HG8245H,02:00:00:00:04:CA,SN-ONT-01226,dual_band
ZTE,ONU,F601,02:00:00:00:04:CB,SN-ONU-01227,single_band
TP-Link,Router,Archer C6,02:00:00:00:04:CC,SN-ROUTER-01228,dual_band
Cisco,Modem,MB8600,02:00:00:00:04:CD,SN-MODEM-01229,single_band
Ubiquiti,Access Point,EAP225,02:00:00:00:04:CE,SN-ACCESSPOINT-01230,dual_band
MikroTik,Router,hEX-S,02:00:00:00:04:CF,SN-ROUTER-01231,single_band
Netgear,Switch,GS308,02:00:00:00:04:D0,SN-SWITCH-01232,dual_band
Nokia,ONU,G-140W-C,02:00:00:00:04:D1,SN-ONU-01233,single_band
Huawei,ONT,HG8245H,02:00:00:00:04:D2,SN-ONT-01234,dual_band
ZTE,ONU,F601,02:00:00:00:04:D3,SN-ONU-01235,single_band
TP-Link,Router,Archer C6,02:00:00:00:04:D4,SN-ROUTER-01236,dual_band
Cisco,Modem,MB8600,02:00:00:00:04:D5,SN-MODEM-01237,single_band
Ubiquiti,Access Point,EAP225,02:00:00:00:04:D6,SN-ACCESSPOINT-01238,dual_band
MikroTik,Router,hEX-S,02:00:00:00:04:D7,SN-ROUTER-01239,single_band
Netgear,Switch,GS308,02:00:00:00:04:D8,SN-SWITCH-01240,dual_band
Nokia,ONU,G-140W-C,02:00:00:00:04:D9,SN-ONU-01241,single_band
Huawei,ONT,HG8245H,02:00:00:00:04:DA,SN-ONT-01242,dual_band
ZTE,ONU,F601,02:00:00:00:04:DB,SN-ONU-01243,single_band
TP-Link,Router,Archer C6,02:00:00:00:04:DC,SN-ROUTER-01244,dual_band
Cisco,Modem,MB8600,02:00:00:00:04:DD,SN-MODEM-01245,single_band
Ubiquiti,Access Point,EAP225,02:00:00:00:04:DE,SN-ACCESSPOINT-01246,dual_band
MikroTik,Router,hEX-S,02:00:00:00:04:DF,SN-ROUTER-01247,single_band
Netgear,Switch,GS308,02:00:00:00:04:E0,SN-SWITCH-01248,dual_band
Nokia,ONU,G-140W-C,02:00:00:00:04:E1,SN-ONU-01249,single_band
Huawei,ONT,HG8245H,02:00:00:00:04:E2,SN-ONT-01250,dual_band
ZTE,ONU,F601,02:00:00:00:04:E3,SN-ONU-01251,single_band
TP-Link,Router,Archer C6,02:00:00:00:04:E4,SN-ROUTER-01252,dual_band
Cisco,Modem,MB8600,02:00:00:00:04:E5,SN-MODEM-01253,single_band
Ubiquiti,Access Point,EAP225,02:00:00:00:04:E6,SN-ACCESSPOINT-01254,dual_band
MikroTik,Router,hEX-S,02:00:00:00:04:E7,SN-ROUTER-01255,single_band
Netgear,Switch,GS308,02:00:00:00:04:E8,SN-SWITCH-01256,dual_band
Nokia,ONU,G-140W-C,02:00:00:00:04:E9,SN-ONU-01257,single_band
Huawei,ONT,HG8245H,02:00:00:00:04:EA,SN-ONT-01258,dual_band
ZTE,ONU,F601,02:00:00:00:04:EB,SN-ONU-01259,single_band
TP-Link,Router,Archer C6,02:00:00:00:04:EC,SN-ROUTER-01260,dual_band
Cisco,Modem,MB8600,02:00:00:00:04:ED,SN-MODEM-01261,single_band
Ubiquiti,Access Point,EAP225,02:00:00:00:04:EE,SN-ACCESSPOINT-01262,dual_band
MikroTik,Router,hEX-S,02:00:00:00:04:EF,SN-ROUTER-01263,single_band
Netgear,Switch,GS308,02:00:00:00:04:F0,SN-SWITCH-01264,dual_band
Nokia,ONU,G-140W-C,02:00:00:00:04:F1,SN-ONU-01265,single_band
Huawei,ONT,HG8245H,02:00:00:00:04:F2,SN-ONT-01266,dual_band
ZTE,ONU,F601,02:00:00:00:04:F3,SN-ONU-01267,single_band
TP-Link,Router,Archer C6,02:00:00:00:04:F4,SN-ROUTER-01268,dual_band
Cisco,Modem,MB8600,02:00:00:00:04:F5,SN-MODEM-01269,single_band
Ubiquiti,Access Point,EAP225,02:00:00:00:04:F6,SN-ACCESSPOINT-01270,dual_band
MikroTik,Router,hEX-S,02:00:00:00:04:F7,SN-ROUTER-01271,single_band
Netgear,Switch,GS308,02:00:00:00:04:F8,SN-SWITCH-01272,dual_band
Nokia,ONU,G-140W-C,02:00:00:00:04:F9,SN-ONU-01273,single_band
Huawei,ONT,HG8245H,02:00:00:00:04:FA,SN-ONT-01274,dual_band
ZTE,ONU,F601,02:00:00:00:04:FB,SN-ONU-01275,single_band
TP-Link,Router,Archer C6,02:00:00:00:04:FC,SN-ROUTER-01276,dual_band
Cisco,Modem,MB8600,02:00:00:00:04:FD,SN-MODEM-01277,single_band
Ubiquiti,Access Point,EAP225,02:00:00:00:04:FE,SN-ACCESSPOINT-01278,dual_band
MikroTik,Router,hEX-S,02:00:00:00:04:FF,SN-ROUTER-01279,single_band
Netgear,Switch,GS308,02:00:00:00:05:00,SN-SWITCH-01280,dual_band
Nokia,ONU,G-140W-C,02:00:00:00:05:01,SN-ONU-01281,single_band
Huawei,ONT,HG8245H,02:00:00:00:05:02,SN-ONT-01282,dual_band
ZTE,ONU,F601,02:00:00:00:05:03,SN-ONU-01283,single_band
TP-Link,Router,Archer C6,02:00:00:00:05:04,SN-ROUTER-01284,dual_band
Cisco,Modem,MB8600,02:00:00:00:05:05,SN-MODEM-01285,single_band
Ubiquiti,Access Point,EAP225,02:00:00:00:05:06,SN-ACCESSPOINT-01286,dual_band
MikroTik,Router,hEX-S,02:00:00:00:05:07,SN-ROUTER-01287,single_band
Netgear,Switch,GS308,02:00:00:00:05:08,SN-SWITCH-01288,dual_band
Nokia,ONU,G-140W-C,02:00:00:00:05:09,SN-ONU-01289,single_band
Huawei,ONT,HG8245H,02:00:00:00:05:0A,SN-ONT-01290,dual_band
ZTE,ONU,F601,02:00:00:00:05:0B,SN-ONU-01291,single_band
TP-Link,Router,Archer C6,02:00:00:00:05:0C,SN-ROUTER-01292,dual_band
Cisco,Modem,MB8600,02:00:00:00:05:0D,SN-MODEM-01293,single_band
Ubiquiti,Access Point,EAP225,02:00:00:00:05:0E,SN-ACCESSPOINT-01294,dual_band
MikroTik,Router,hEX-S,02:00:00:00:05:0F,SN-ROUTER-01295,single_band
Netgear,Switch,GS308,02:00:00:00:05:10,SN-SWITCH-01296,dual_band
Nokia,ONU,G-140W-C,02:00:00:00:05:11,SN-ONU-01297,single_band
Huawei,ONT,HG8245H,02:00:00:00:05:12,SN-ONT-01298,dual_band
ZTE,ONU,F601,02:00:00:00:05:13,SN-ONU-01299,single_band
TP-Link,Router,Archer C6,02:00:00:00:05:14,SN-ROUTER-01300,dual_band
Cisco,Modem,MB8600,02:00:00:00:05:15,SN-MODEM-01301,single_band
Ubiquiti,Access Point,EAP225,02:00:00:00:05:16,SN-ACCESSPOINT-01302,dual_band
MikroTik,Router,hEX-S,02:00:00:00:05:17,SN-ROUTER-01303,single_band
Netgear,Switch,GS308,02:00:00:00:05:18,SN-SWITCH-01304,dual_band
Nokia,ONU,G-140W-C,02:00:00:00:05:19,SN-ONU-01305,single_band
Huawei,ONT,HG8245H,02:00:00:00:05:1A,SN-ONT-01306,dual_band
ZTE,ONU,F601,02:00:00:00:05:1B,SN-ONU-01307,single_band
TP-Link,Router,Archer C6,02:00:00:00:05:1C,SN-ROUTER-01308,dual_band
Cisco,Modem,MB8600,02:00:00:00:05:1D,SN-MODEM-01309,single_band
Ubiquiti,Access Point,EAP225,02:00:00:00:05:1E,SN-ACCESSPOINT-01310,dual_band
MikroTik,Router,hEX-S,02:00:00:00:05:1F,SN-ROUTER-01311,single_band
Netgear,Switch,GS308,02:00:00:00:05:20,SN-SWITCH-01312,dual_band
Nokia,ONU,G-140W-C,02:00:00:00:05:21,SN-ONU-01313,single_band
Huawei,ONT,HG8245H,02:00:00:00:05:22,SN-ONT-01314,dual_band
ZTE,ONU,F601,02:00:00:00:05:23,SN-ONU-01315,single_band
TP-Link,Router,Archer C6,02:00:00:00:05:24,SN-ROUTER-01316,dual_band
Cisco,Modem,MB8600,02:00:00:00:05:25,SN-MODEM-01317,single_band
Ubiquiti,Access Point,EAP225,02:00:00:00:05:26,SN-ACCESSPOINT-01318,dual_band
MikroTik,Router,hEX-S,02:00:00:00:05:27,SN-ROUTER-01319,single_band
Netgear,Switch,GS308,02:00:00:00:05:28,SN-SWITCH-01320,dual_band
Nokia,ONU,G-140W-C,02:00:00:00:05:29,SN-ONU-01321,single_band
Huawei,ONT,HG8245H,02:00:00:00:05:2A,SN-ONT-01322,dual_band
ZTE,ONU,F601,02:00:00:00:05:2B,SN-ONU-01323,single_band
TP-Link,Router,Archer C6,02:00:00:00:05:2C,SN-ROUTER-01324,dual_band
Cisco,Modem,MB8600,02:00:00:00:05:2D,SN-MODEM-01325,single_band
Ubiquiti,Access Point,EAP225,02:00:00:00:05:2E,SN-ACCESSPOINT-01326,dual_band
MikroTik,Router,hEX-S,02:00:00:00:05:2F,SN-ROUTER-01327,single_band
Netgear,Switch,GS308,02:00:00:00:05:30,SN-SWITCH-01328,dual_band
Nokia,ONU,G-140W-C,02:00:00:00:05:31,SN-ONU-01329,single_band
Huawei,ONT,HG8245H,02:00:00:00:05:32,SN-ONT-01330,dual_band
ZTE,ONU,F601,02:00:00:00:05:33,SN-ONU-01331,single_band
TP-Link,Router,Archer C6,02:00:00:00:05:34,SN-ROUTER-01332,dual_band
Cisco,Modem,MB8600,02:00:00:00:05:35,SN-MODEM-01333,single_band
Ubiquiti,Access Point,EAP225,02:00:00:00:05:36,SN-ACCESSPOINT-01334,dual_band
MikroTik,Router,hEX-S,02:00:00:00:05:37,SN-ROUTER-01335,single_band
Netgear,Switch,GS308,02:00:00:00:05:38,SN-SWITCH-01336,dual_band
Nokia,ONU,G-140W-C,02:00:00:00:05:39,SN-ONU-01337,single_band
Huawei,ONT,HG8245H,02:00:00:00:05:3A,SN-ONT-01338,dual_band
ZTE,ONU,F601,02:00:00:00:05:3B,SN-ONU-01339,single_band
TP-Link,Router,Archer C6,02:00:00:00:05:3C,SN-ROUTER-01340,dual_band
Cisco,Modem,MB8600,02:00:00:00:05:3D,SN-MODEM-01341,single_band
Ubiquiti,Access Point,EAP225,02:00:00:00:05:3E,SN-ACCESSPOINT-01342,dual_band
MikroTik,Router,hEX-S,02:00:00:00:05:3F,SN-ROUTER-01343,single_band
Netgear,Switch,GS308,02:00:00:00:05:40,SN-SWITCH-01344,dual_band
Nokia,ONU,G-140W-C,02:00:00:00:05:41,SN-ONU-01345,single_band
Huawei,ONT,HG8245H,02:00:00:00:05:42,SN-ONT-01346,dual_band
ZTE,ONU,F601,02:00:00:00:05:43,SN-ONU-01347,single_band
TP-Link,Router,Archer C6,02:00:00:00:05:44,SN-ROUTER-01348,dual_band
Cisco,Modem,MB8600,02:00:00:00:05:45,SN-MODEM-01349,single_band
Ubiquiti,Access Point,EAP225,02:00:00:00:05:46,SN-ACCESSPOINT-01350,dual_band
MikroTik,Router,hEX-S,02:00:00:00:05:47,SN-ROUTER-01351,single_band
Netgear,Switch,GS308,02:00:00:00:05:48,SN-SWITCH-01352,dual_band
Nokia,ONU,G-140W-C,02:00:00:00:05:49,SN-ONU-01353,single_band
Huawei,ONT,HG8245H,02:00:00:00:05:4A,SN-ONT-01354,dual_band
ZTE,ONU,F601,02:00:00:00:05:4B,SN-ONU-01355,single_band
TP-Link,Router,Archer C6,02:00:00:00:05:4C,SN-ROUTER-01356,dual_band
Cisco,Modem,MB8600,02:00:00:00:05:4D,SN-MODEM-01357,single_band
Ubiquiti,Access Point,EAP225,02:00:00:00:05:4E,SN-ACCESSPOINT-01358,dual_band
MikroTik,Router,hEX-S,02:00:00:00:05:4F,SN-ROUTER-01359,single_band
Netgear,Switch,GS308,02:00:00:00:05:50,SN-SWITCH-01360,dual_band
Nokia,ONU,G-140W-C,02:00:00:00:05:51,SN-ONU-01361,single_band
Huawei,ONT,HG8245H,02:00:00:00:05:52,SN-ONT-01362,dual_band
ZTE,ONU,F601,02:00:00:00:05:53,SN-ONU-01363,single_band
TP-Link,Router,Archer C6,02:00:00:00:05:54,SN-ROUTER-01364,dual_band
Cisco,Modem,MB8600,02:00:00:00:05:55,SN-MODEM-01365,single_band
Ubiquiti,Access Point,EAP225,02:00:00:00:05:56,SN-ACCESSPOINT-01366,dual_band
MikroTik,Router,hEX-S,02:00:00:00:05:57,SN-ROUTER-01367,single_band
Netgear,Switch,GS308,02:00:00:00:05:58,SN-SWITCH-01368,dual_band
Nokia,ONU,G-140W-C,02:00:00:00:05:59,SN-ONU-01369,single_band
Huawei,ONT,HG8245H,02:00:00:00:05:5A,SN-ONT-01370,dual_band
ZTE,ONU,F601,02:00:00:00:05:5B,SN-ONU-01371,single_band
TP-Link,Router,Archer C6,02:00:00:00:05:5C,SN-ROUTER-01372,dual_band
Cisco,Modem,MB8600,02:00:00:00:05:5D,SN-MODEM-01373,single_band
Ubiquiti,Access Point,EAP225,02:00:00:00:05:5E,SN-ACCESSPOINT-01374,dual_band
MikroTik,Router,hEX-S,02:00:00:00:05:5F,SN-ROUTER-01375,single_band
Netgear,Switch,GS308,02:00:00:00:05:60,SN-SWITCH-01376,dual_band
Nokia,ONU,G-140W-C,02:00:00:00:05:61,SN-ONU-01377,single_band
Huawei,ONT,HG8245H,02:00:00:00:05:62,SN-ONT-01378,dual_band
ZTE,ONU,F601,02:00:00:00:05:63,SN-ONU-01379,single_band
TP-Link,Router,Archer C6,02:00:00:00:05:64,SN-ROUTER-01380,dual_band
Cisco,Modem,MB8600,02:00:00:00:05:65,SN-MODEM-01381,single_band
Ubiquiti,Access Point,EAP225,02:00:00:00:05:66,SN-ACCESSPOINT-01382,dual_band
MikroTik,Router,hEX-S,02:00:00:00:05:67,SN-ROUTER-01383,single_band
Netgear,Switch,GS308,02:00:00:00:05:68,SN-SWITCH-01384,dual_band
Nokia,ONU,G-140W-C,02:00:00:00:05:69,SN-ONU-01385,single_band
Huawei,ONT,HG8245H,02:00:00:00:05:6A,SN-ONT-01386,dual_band
ZTE,ONU,F601,02:00:00:00:05:6B,SN-ONU-01387,single_band
TP-Link,Router,Archer C6,02:00:00:00:05:6C,SN-ROUTER-01388,dual_band
Cisco,Modem,MB8600,02:00:00:00:05:6D,SN-MODEM-01389,single_band
Ubiquiti,Access Point,EAP225,02:00:00:00:05:6E,SN-ACCESSPOINT-01390,dual_band
MikroTik,Router,hEX-S,02:00:00:00:05:6F,SN-ROUTER-01391,single_band
Netgear,Switch,GS308,02:00:00:00:05:70,SN-SWITCH-01392,dual_band
Nokia,ONU,G-140W-C,02:00:00:00:05:71,SN-ONU-01393,single_band
Huawei,ONT,HG8245H,02:00:00:00:05:72,SN-ONT-01394,dual_band
ZTE,ONU,F601,02:00:00:00:05:73,SN-ONU-01395,single_band
TP-Link,Router,Archer C6,02:00:00:00:05:74,SN-ROUTER-01396,dual_band
Cisco,Modem,MB8600,02:00:00:00:05:75,SN-MODEM-01397,single_band
Ubiquiti,Access Point,EAP225,02:00:00:00:05:76,SN-ACCESSPOINT-01398,dual_band
MikroTik,Router,hEX-S,02:00:00:00:05:77,SN-ROUTER-01399,single_band
Netgear,Switch,GS308,02:00:00:00:05:78,SN-SWITCH-01400,dual_band
Nokia,ONU,G-140W-C,02:00:00:00:05:79,SN-ONU-01401,single_band
Huawei,ONT,HG8245H,02:00:00:00:05:7A,SN-ONT-01402,dual_band
ZTE,ONU,F601,02:00:00:00:05:7B,SN-ONU-01403,single_band
TP-Link,Router,Archer C6,02:00:00:00:05:7C,SN-ROUTER-01404,dual_band
Cisco,Modem,MB8600,02:00:00:00:05:7D,SN-MODEM-01405,single_band
Ubiquiti,Access Point,EAP225,02:00:00:00:05:7E,SN-ACCESSPOINT-01406,dual_band
MikroTik,Router,hEX-S,02:00:00:00:05:7F,SN-ROUTER-01407,single_band
Netgear,Switch,GS308,02:00:00:00:05:80,SN-SWITCH-01408,dual_band
Nokia,ONU,G-140W-C,02:00:00:00:05:81,SN-ONU-01409,single_band
Huawei,ONT,HG8245H,02:00:00:00:05:82,SN-ONT-01410,dual_band
ZTE,ONU,F601,02:00:00:00:05:83,SN-ONU-01411,single_band
TP-Link,Router,Archer C6,02:00:00:00:05:84,SN-ROUTER-01412,dual_band
Cisco,Modem,MB8600,02:00:00:00:05:85,SN-MODEM-01413,single_band
Ubiquiti,Access Point,EAP225,02:00:00:00:05:86,SN-ACCESSPOINT-01414,dual_band
MikroTik,Router,hEX-S,02:00:00:00:05:87,SN-ROUTER-01415,single_band
Netgear,Switch,GS308,02:00:00:00:05:88,SN-SWITCH-01416,dual_band
Nokia,ONU,G-140W-C,02:00:00:00:05:89,SN-ONU-01417,single_band
Huawei,ONT,HG8245H,02:00:00:00:05:8A,SN-ONT-01418,dual_band
ZTE,ONU,F601,02:00:00:00:05:8B,SN-ONU-01419,single_band
TP-Link,Router,Archer C6,02:00:00:00:05:8C,SN-ROUTER-01420,dual_band
Cisco,Modem,MB8600,02:00:00:00:05:8D,SN-MODEM-01421,single_band
Ubiquiti,Access Point,EAP225,02:00:00:00:05:8E,SN-ACCESSPOINT-01422,dual_band
MikroTik,Router,hEX-S,02:00:00:00:05:8F,SN-ROUTER-01423,single_band
Netgear,Switch,GS308,02:00:00:00:05:90,SN-SWITCH-01424,dual_band
Nokia,ONU,G-140W-C,02:00:00:00:05:91,SN-ONU-01425,single_band
Huawei,ONT,HG8245H,02:00:00:00:05:92,SN-ONT-01426,dual_band
ZTE,ONU,F601,02:00:00:00:05:93,SN-ONU-01427,single_band
TP-Link,Router,Archer C6,02:00:00:00:05:94,SN-ROUTER-01428,dual_band
Cisco,Modem,MB8600,02:00:00:00:05:95,SN-MODEM-01429,single_band
Ubiquiti,Access Point,EAP225,02:00:00:00:05:96,SN-ACCESSPOINT-01430,dual_band
MikroTik,Router,hEX-S,02:00:00:00:05:97,SN-ROUTER-01431,single_band
Netgear,Switch,GS308,02:00:00:00:05:98,SN-SWITCH-01432,dual_band
Nokia,ONU,G-140W-C,02:00:00:00:05:99,SN-ONU-01433,single_band
Huawei,ONT,HG8245H,02:00:00:00:05:9A,SN-ONT-01434,dual_band
ZTE,ONU,F601,02:00:00:00:05:9B,SN-ONU-01435,single_band
TP-Link,Router,Archer C6,02:00:00:00:05:9C,SN-ROUTER-01436,dual_band
Cisco,Modem,MB8600,02:00:00:00:05:9D,SN-MODEM-01437,single_band
Ubiquiti,Access Point,EAP225,02:00:00:00:05:9E,SN-ACCESSPOINT-01438,dual_band
MikroTik,Router,hEX-S,02:00:00:00:05:9F,SN-ROUTER-01439,single_band
Netgear,Switch,GS308,02:00:00:00:05:A0,SN-SWITCH-01440,dual_band
Nokia,ONU,G-140W-C,02:00:00:00:05:A1,SN-ONU-01441,single_band
Huawei,ONT,HG8245H,02:00:00:00:05:A2,SN-ONT-01442,dual_band
ZTE,ONU,F601,02:00:00:00:05:A3,SN-ONU-01443,single_band
TP-Link,Router,Archer C6,02:00:00:00:05:A4,SN-ROUTER-01444,dual_band
Cisco,Modem,MB8600,02:00:00:00:05:A5,SN-MODEM-01445,single_band
Ubiquiti,Access Point,EAP225,02:00:00:00:05:A6,SN-ACCESSPOINT-01446,dual_band
MikroTik,Router,hEX-S,02:00:00:00:05:A7,SN-ROUTER-01447,single_band
Netgear,Switch,GS308,02:00:00:00:05:A8,SN-SWITCH-01448,dual_band
Nokia,ONU,G-140W-C,02:00:00:00:05:A9,SN-ONU-01449,single_band
Huawei,ONT,HG8245H,02:00:00:00:05:AA,SN-ONT-01450,dual_band
ZTE,ONU,F601,02:00:00:00:05:AB,SN-ONU-01451,single_band
TP-Link,Router,Archer C6,02:00:00:00:05:AC,SN-ROUTER-01452,dual_band
Cisco,Modem,MB8600,02:00:00:00:05:AD,SN-MODEM-01453,single_band
Ubiquiti,Access Point,EAP225,02:00:00:00:05:AE,SN-ACCESSPOINT-01454,dual_band
MikroTik,Router,hEX-S,02:00:00:00:05:AF,SN-ROUTER-01455,single_band
Netgear,Switch,GS308,02:00:00:00:05:B0,SN-SWITCH-01456,dual_band
Nokia,ONU,G-140W-C,02:00:00:00:05:B1,SN-ONU-01457,single_band
Huawei,ONT,HG8245H,02:00:00:00:05:B2,SN-ONT-01458,dual_band
ZTE,ONU,F601,02:00:00:00:05:B3,SN-ONU-01459,single_band
TP-Link,Router,Archer C6,02:00:00:00:05:B4,SN-ROUTER-01460,dual_band
Cisco,Modem,MB8600,02:00:00:00:05:B5,SN-MODEM-01461,single_band
Ubiquiti,Access Point,EAP225,02:00:00:00:05:B6,SN-ACCESSPOINT-01462,dual_band
MikroTik,Router,hEX-S,02:00:00:00:05:B7,SN-ROUTER-01463,single_band
Netgear,Switch,GS308,02:00:00:00:05:B8,SN-SWITCH-01464,dual_band
Nokia,ONU,G-140W-C,02:00:00:00:05:B9,SN-ONU-01465,single_band
Huawei,ONT,HG8245H,02:00:00:00:05:BA,SN-ONT-01466,dual_band
ZTE,ONU,F601,02:00:00:00:05:BB,SN-ONU-01467,single_band
TP-Link,Router,Archer C6,02:00:00:00:05:BC,SN-ROUTER-01468,dual_band
Cisco,Modem,MB8600,02:00:00:00:05:BD,SN-MODEM-01469,single_band
Ubiquiti,Access Point,EAP225,02:00:00:00:05:BE,SN-ACCESSPOINT-01470,dual_band
MikroTik,Router,hEX-S,02:00:00:00:05:BF,SN-ROUTER-01471,single_band
Netgear,Switch,GS308,02:00:00:00:05:C0,SN-SWITCH-01472,dual_band
Nokia,ONU,G-140W-C,02:00:00:00:05:C1,SN-ONU-01473,single_band
Huawei,ONT,HG8245H,02:00:00:00:05:C2,SN-ONT-01474,dual_band
ZTE,ONU,F601,02:00:00:00:05:C3,SN-ONU-01475,single_band
TP-Link,Router,Archer C6,02:00:00:00:05:C4,SN-ROUTER-01476,dual_band
Cisco,Modem,MB8600,02:00:00:00:05:C5,SN-MODEM-01477,single_band
Ubiquiti,Access Point,EAP225,02:00:00:00:05:C6,SN-ACCESSPOINT-01478,dual_band
MikroTik,Router,hEX-S,02:00:00:00:05:C7,SN-ROUTER-01479,single_band
Netgear,Switch,GS308,02:00:00:00:05:C8,SN-SWITCH-01480,dual_band
Nokia,ONU,G-140W-C,02:00:00:00:05:C9,SN-ONU-01481,single_band
Huawei,ONT,HG8245H,02:00:00:00:05:CA,SN-ONT-01482,dual_band
ZTE,ONU,F601,02:00:00:00:05:CB,SN-ONU-01483,single_band
TP-Link,Router,Archer C6,02:00:00:00:05:CC,SN-ROUTER-01484,dual_band
Cisco,Modem,MB8600,02:00:00:00:05:CD,SN-MODEM-01485,single_band
Ubiquiti,Access Point,EAP225,02:00:00:00:05:CE,SN-ACCESSPOINT-01486,dual_band
MikroTik,Router,hEX-S,02:00:00:00:05:CF,SN-ROUTER-01487,single_band
Netgear,Switch,GS308,02:00:00:00:05:D0,SN-SWITCH-01488,dual_band
Nokia,ONU,G-140W-C,02:00:00:00:05:D1,SN-ONU-01489,single_band
Huawei,ONT,HG8245H,02:00:00:00:05:D2,SN-ONT-01490,dual_band
ZTE,ONU,F601,02:00:00:00:05:D3,SN-ONU-01491,single_band
TP-Link,Router,Archer C6,02:00:00:00:05:D4,SN-ROUTER-01492,dual_band
Cisco,Modem,MB8600,02:00:00:00:05:D5,SN-MODEM-01493,single_band
Ubiquiti,Access Point,EAP225,02:00:00:00:05:D6,SN-ACCESSPOINT-01494,dual_band
MikroTik,Router,hEX-S,02:00:00:00:05:D7,SN-ROUTER-01495,single_band
Netgear,Switch,GS308,02:00:00:00:05:D8,SN-SWITCH-01496,dual_band
Nokia,ONU,G-140W-C,02:00:00:00:05:D9,SN-ONU-01497,single_band
Huawei,ONT,HG8245H,02:00:00:00:05:DA,SN-ONT-01498,dual_band
ZTE,ONU,F601,02:00:00:00:05:DB,SN-ONU-01499,single_band
TP-Link,Router,Archer C6,02:00:00:00:05:DC,SN-ROUTER-01500,dual_band
Cisco,Modem,MB8600,02:00:00:00:05:DD,SN-MODEM-01501,single_band
Ubiquiti,Access Point,EAP225,02:00:00:00:05:DE,SN-ACCESSPOINT-01502,dual_band
MikroTik,Router,hEX-S,02:00:00:00:05:DF,SN-ROUTER-01503,single_band
Netgear,Switch,GS308,02:00:00:00:05:E0,SN-SWITCH-01504,dual_band
Nokia,ONU,G-140W-C,02:00:00:00:05:E1,SN-ONU-01505,single_band
Huawei,ONT,HG8245H,02:00:00:00:05:E2,SN-ONT-01506,dual_band
ZTE,ONU,F601,02:00:00:00:05:E3,SN-ONU-01507,single_band
TP-Link,Router,Archer C6,02:00:00:00:05:E4,SN-ROUTER-01508,dual_band
Cisco,Modem,MB8600,02:00:00:00:05:E5,SN-MODEM-01509,single_band
Ubiquiti,Access Point,EAP225,02:00:00:00:05:E6,SN-ACCESSPOINT-01510,dual_band
MikroTik,Router,hEX-S,02:00:00:00:05:E7,SN-ROUTER-01511,single_band
Netgear,Switch,GS308,02:00:00:00:05:E8,SN-SWITCH-01512,dual_band
Nokia,ONU,G-140W-C,02:00:00:00:05:E9,SN-ONU-01513,single_band
Huawei,ONT,HG8245H,02:00:00:00:05:EA,SN-ONT-01514,dual_band
ZTE,ONU,F601,02:00:00:00:05:EB,SN-ONU-01515,single_band
TP-Link,Router,Archer C6,02:00:00:00:05:EC,SN-ROUTER-01516,dual_band
Cisco,Modem,MB8600,02:00:00:00:05:ED,SN-MODEM-01517,single_band
Ubiquiti,Access Point,EAP225,02:00:00:00:05:EE,SN-ACCESSPOINT-01518,dual_band
MikroTik,Router,hEX-S,02:00:00:00:05:EF,SN-ROUTER-01519,single_band
Netgear,Switch,GS308,02:00:00:00:05:F0,SN-SWITCH-01520,dual_band
Nokia,ONU,G-140W-C,02:00:00:00:05:F1,SN-ONU-01521,single_band
Huawei,ONT,HG8245H,02:00:00:00:05:F2,SN-ONT-01522,dual_band
ZTE,ONU,F601,02:00:00:00:05:F3,SN-ONU-01523,single_band
TP-Link,Router,Archer C6,02:00:00:00:05:F4,SN-ROUTER-01524,dual_band
Cisco,Modem,MB8600,02:00:00:00:05:F5,SN-MODEM-01525,single_band
Ubiquiti,Access Point,EAP225,02:00:00:00:05:F6,SN-ACCESSPOINT-01526,dual_band
MikroTik,Router,hEX-S,02:00:00:00:05:F7,SN-ROUTER-01527,single_band
Netgear,Switch,GS308,02:00:00:00:05:F8,SN-SWITCH-01528,dual_band
Nokia,ONU,G-140W-C,02:00:00:00:05:F9,SN-ONU-01529,single_band
Huawei,ONT,HG8245H,02:00:00:00:05:FA,SN-ONT-01530,dual_band
ZTE,ONU,F601,02:00:00:00:05:FB,SN-ONU-01531,single_band
TP-Link,Router,Archer C6,02:00:00:00:05:FC,SN-ROUTER-01532,dual_band
Cisco,Modem,MB8600,02:00:00:00:05:FD,SN-MODEM-01533,single_band
Ubiquiti,Access Point,EAP225,02:00:00:00:05:FE,SN-ACCESSPOINT-01534,dual_band
MikroTik,Router,hEX-S,02:00:00:00:05:FF,SN-ROUTER-01535,single_band
Netgear,Switch,GS308,02:00:00:00:06:00,SN-SWITCH-01536,dual_band
Nokia,ONU,G-140W-C,02:00:00:00:06:01,SN-ONU-01537,single_band
Huawei,ONT,HG8245H,02:00:00:00:06:02,SN-ONT-01538,dual_band
ZTE,ONU,F601,02:00:00:00:06:03,SN-ONU-01539,single_band
TP-Link,Router,Archer C6,02:00:00:00:06:04,SN-ROUTER-01540,dual_band
Cisco,Modem,MB8600,02:00:00:00:06:05,SN-MODEM-01541,single_band
Ubiquiti,Access Point,EAP225,02:00:00:00:06:06,SN-ACCESSPOINT-01542,dual_band
MikroTik,Router,hEX-S,02:00:00:00:06:07,SN-ROUTER-01543,single_band
Netgear,Switch,GS308,02:00:00:00:06:08,SN-SWITCH-01544,dual_band
Nokia,ONU,G-140W-C,02:00:00:00:06:09,SN-ONU-01545,single_band
Huawei,ONT,HG8245H,02:00:00:00:06:0A,SN-ONT-01546,dual_band
ZTE,ONU,F601,02:00:00:00:06:0B,SN-ONU-01547,single_band
TP-Link,Router,Archer C6,02:00:00:00:06:0C,SN-ROUTER-01548,dual_band
Cisco,Modem,MB8600,02:00:00:00:06:0D,SN-MODEM-01549,single_band
Ubiquiti,Access Point,EAP225,02:00:00:00:06:0E,SN-ACCESSPOINT-01550,dual_band
MikroTik,Router,hEX-S,02:00:00:00:06:0F,SN-ROUTER-01551,single_band
Netgear,Switch,GS308,02:00:00:00:06:10,SN-SWITCH-01552,dual_band
Nokia,ONU,G-140W-C,02:00:00:00:06:11,SN-ONU-01553,single_band
Huawei,ONT,HG8245H,02:00:00:00:06:12,SN-ONT-01554,dual_band
ZTE,ONU,F601,02:00:00:00:06:13,SN-ONU-01555,single_band
TP-Link,Router,Archer C6,02:00:00:00:06:14,SN-ROUTER-01556,dual_band
Cisco,Modem,MB8600,02:00:00:00:06:15,SN-MODEM-01557,single_band
Ubiquiti,Access Point,EAP225,02:00:00:00:06:16,SN-ACCESSPOINT-01558,dual_band
MikroTik,Router,hEX-S,02:00:00:00:06:17,SN-ROUTER-01559,single_band
Netgear,Switch,GS308,02:00:00:00:06:18,SN-SWITCH-01560,dual_band
Nokia,ONU,G-140W-C,02:00:00:00:06:19,SN-ONU-01561,single_band
Huawei,ONT,HG8245H,02:00:00:00:06:1A,SN-ONT-01562,dual_band
ZTE,ONU,F601,02:00:00:00:06:1B,SN-ONU-01563,single_band
TP-Link,Router,Archer C6,02:00:00:00:06:1C,SN-ROUTER-01564,dual_band
Cisco,Modem,MB8600,02:00:00:00:06:1D,SN-MODEM-01565,single_band
Ubiquiti,Access Point,EAP225,02:00:00:00:06:1E,SN-ACCESSPOINT-01566,dual_band
MikroTik,Router,hEX-S,02:00:00:00:06:1F,SN-ROUTER-01567,single_band
Netgear,Switch,GS308,02:00:00:00:06:20,SN-SWITCH-01568,dual_band
Nokia,ONU,G-140W-C,02:00:00:00:06:21,SN-ONU-01569,single_band
Huawei,ONT,HG8245H,02:00:00:00:06:22,SN-ONT-01570,dual_band
ZTE,ONU,F601,02:00:00:00:06:23,SN-ONU-01571,single_band
TP-Link,Router,Archer C6,02:00:00:00:06:24,SN-ROUTER-01572,dual_band
Cisco,Modem,MB8600,02:00:00:00:06:25,SN-MODEM-01573,single_band
Ubiquiti,Access Point,EAP225,02:00:00:00:06:26,SN-ACCESSPOINT-01574,dual_band
MikroTik,Router,hEX-S,02:00:00:00:06:27,SN-ROUTER-01575,single_band
Netgear,Switch,GS308,02:00:00:00:06:28,SN-SWITCH-01576,dual_band
Nokia,ONU,G-140W-C,02:00:00:00:06:29,SN-ONU-01577,single_band
Huawei,ONT,HG8245H,02:00:00:00:06:2A,SN-ONT-01578,dual_band
ZTE,ONU,F601,02:00:00:00:06:2B,SN-ONU-01579,single_band
TP-Link,Router,Archer C6,02:00:00:00:06:2C,SN-ROUTER-01580,dual_band
Cisco,Modem,MB8600,02:00:00:00:06:2D,SN-MODEM-01581,single_band
Ubiquiti,Access Point,EAP225,02:00:00:00:06:2E,SN-ACCESSPOINT-01582,dual_band
MikroTik,Router,hEX-S,02:00:00:00:06:2F,SN-ROUTER-01583,single_band
Netgear,Switch,GS308,02:00:00:00:06:30,SN-SWITCH-01584,dual_band
Nokia,ONU,G-140W-C,02:00:00:00:06:31,SN-ONU-01585,single_band
Huawei,ONT,HG8245H,02:00:00:00:06:32,SN-ONT-01586,dual_band
ZTE,ONU,F601,02:00:00:00:06:33,SN-ONU-01587,single_band
TP-Link,Router,Archer C6,02:00:00:00:06:34,SN-ROUTER-01588,dual_band
Cisco,Modem,MB8600,02:00:00:00:06:35,SN-MODEM-01589,single_band
Ubiquiti,Access Point,EAP225,02:00:00:00:06:36,SN-ACCESSPOINT-01590,dual_band
MikroTik,Router,hEX-S,02:00:00:00:06:37,SN-ROUTER-01591,single_band
Netgear,Switch,GS308,02:00:00:00:06:38,SN-SWITCH-01592,dual_band
Nokia,ONU,G-140W-C,02:00:00:00:06:39,SN-ONU-01593,single_band
Huawei,ONT,HG8245H,02:00:00:00:06:3A,SN-ONT-01594,dual_band
ZTE,ONU,F601,02:00:00:00:06:3B,SN-ONU-01595,single_band
TP-Link,Router,Archer C6,02:00:00:00:06:3C,SN-ROUTER-01596,dual_band
Cisco,Modem,MB8600,02:00:00:00:06:3D,SN-MODEM-01597,single_band
Ubiquiti,Access Point,EAP225,02:00:00:00:06:3E,SN-ACCESSPOINT-01598,dual_band
MikroTik,Router,hEX-S,02:00:00:00:06:3F,SN-ROUTER-01599,single_band
Netgear,Switch,GS308,02:00:00:00:06:40,SN-SWITCH-01600,dual_band
Nokia,ONU,G-140W-C,02:00:00:00:06:41,SN-ONU-01601,single_band
Huawei,ONT,HG8245H,02:00:00:00:06:42,SN-ONT-01602,dual_band
ZTE,ONU,F601,02:00:00:00:06:43,SN-ONU-01603,single_band
TP-Link,Router,Archer C6,02:00:00:00:06:44,SN-ROUTER-01604,dual_band
Cisco,Modem,MB8600,02:00:00:00:06:45,SN-MODEM-01605,single_band
Ubiquiti,Access Point,EAP225,02:00:00:00:06:46,SN-ACCESSPOINT-01606,dual_band
MikroTik,Router,hEX-S,02:00:00:00:06:47,SN-ROUTER-01607,single_band
Netgear,Switch,GS308,02:00:00:00:06:48,SN-SWITCH-01608,dual_band
Nokia,ONU,G-140W-C,02:00:00:00:06:49,SN-ONU-01609,single_band
Huawei,ONT,HG8245H,02:00:00:00:06:4A,SN-ONT-01610,dual_band
ZTE,ONU,F601,02:00:00:00:06:4B,SN-ONU-01611,single_band
TP-Link,Router,Archer C6,02:00:00:00:06:4C,SN-ROUTER-01612,dual_band
Cisco,Modem,MB8600,02:00:00:00:06:4D,SN-MODEM-01613,single_band
Ubiquiti,Access Point,EAP225,02:00:00:00:06:4E,SN-ACCESSPOINT-01614,dual_band
MikroTik,Router,hEX-S,02:00:00:00:06:4F,SN-ROUTER-01615,single_band
Netgear,Switch,GS308,02:00:00:00:06:50,SN-SWITCH-01616,dual_band
Nokia,ONU,G-140W-C,02:00:00:00:06:51,SN-ONU-01617,single_band
Huawei,ONT,HG8245H,02:00:00:00:06:52,SN-ONT-01618,dual_band
ZTE,ONU,F601,02:00:00:00:06:53,SN-ONU-01619,single_band
TP-Link,Router,Archer C6,02:00:00:00:06:54,SN-ROUTER-01620,dual_band
Cisco,Modem,MB8600,02:00:00:00:06:55,SN-MODEM-01621,single_band
Ubiquiti,Access Point,EAP225,02:00:00:00:06:56,SN-ACCESSPOINT-01622,dual_band
MikroTik,Router,hEX-S,02:00:00:00:06:57,SN-ROUTER-01623,single_band
Netgear,Switch,GS308,02:00:00:00:06:58,SN-SWITCH-01624,dual_band
Nokia,ONU,G-140W-C,02:00:00:00:06:59,SN-ONU-01625,single_band
Huawei,ONT,HG8245H,02:00:00:00:06:5A,SN-ONT-01626,dual_band
ZTE,ONU,F601,02:00:00:00:06:5B,SN-ONU-01627,single_band
TP-Link,Router,Archer C6,02:00:00:00:06:5C,SN-ROUTER-01628,dual_band
Cisco,Modem,MB8600,02:00:00:00:06:5D,SN-MODEM-01629,single_band
Ubiquiti,Access Point,EAP225,02:00:00:00:06:5E,SN-ACCESSPOINT-01630,dual_band
MikroTik,Router,hEX-S,02:00:00:00:06:5F,SN-ROUTER-01631,single_band
Netgear,Switch,GS308,02:00:00:00:06:60,SN-SWITCH-01632,dual_band
Nokia,ONU,G-140W-C,02:00:00:00:06:61,SN-ONU-01633,single_band
Huawei,ONT,HG8245H,02:00:00:00:06:62,SN-ONT-01634,dual_band
ZTE,ONU,F601,02:00:00:00:06:63,SN-ONU-01635,single_band
TP-Link,Router,Archer C6,02:00:00:00:06:64,SN-ROUTER-01636,dual_band
Cisco,Modem,MB8600,02:00:00:00:06:65,SN-MODEM-01637,single_band
Ubiquiti,Access Point,EAP225,02:00:00:00:06:66,SN-ACCESSPOINT-01638,dual_band
MikroTik,Router,hEX-S,02:00:00:00:06:67,SN-ROUTER-01639,single_band
Netgear,Switch,GS308,02:00:00:00:06:68,SN-SWITCH-01640,dual_band
Nokia,ONU,G-140W-C,02:00:00:00:06:69,SN-ONU-01641,single_band
Huawei,ONT,HG8245H,02:00:00:00:06:6A,SN-ONT-01642,dual_band
ZTE,ONU,F601,02:00:00:00:06:6B,SN-ONU-01643,single_band
TP-Link,Router,Archer C6,02:00:00:00:06:6C,SN-ROUTER-01644,dual_band
Cisco,Modem,MB8600,02:00:00:00:06:6D,SN-MODEM-01645,single_band
Ubiquiti,Access Point,EAP225,02:00:00:00:06:6E,SN-ACCESSPOINT-01646,dual_band
MikroTik,Router,hEX-S,02:00:00:00:06:6F,SN-ROUTER-01647,single_band
Netgear,Switch,GS308,02:00:00:00:06:70,SN-SWITCH-01648,dual_band
Nokia,ONU,G-140W-C,02:00:00:00:06:71,SN-ONU-01649,single_band
Huawei,ONT,HG8245H,02:00:00:00:06:72,SN-ONT-01650,dual_band
ZTE,ONU,F601,02:00:00:00:06:73,SN-ONU-01651,single_band
TP-Link,Router,Archer C6,02:00:00:00:06:74,SN-ROUTER-01652,dual_band
Cisco,Modem,MB8600,02:00:00:00:06:75,SN-MODEM-01653,single_band
Ubiquiti,Access Point,EAP225,02:00:00:00:06:76,SN-ACCESSPOINT-01654,dual_band
MikroTik,Router,hEX-S,02:00:00:00:06:77,SN-ROUTER-01655,single_band
Netgear,Switch,GS308,02:00:00:00:06:78,SN-SWITCH-01656,dual_band
Nokia,ONU,G-140W-C,02:00:00:00:06:79,SN-ONU-01657,single_band
Huawei,ONT,HG8245H,02:00:00:00:06:7A,SN-ONT-01658,dual_band
ZTE,ONU,F601,02:00:00:00:06:7B,SN-ONU-01659,single_band
TP-Link,Router,Archer C6,02:00:00:00:06:7C,SN-ROUTER-01660,dual_band
Cisco,Modem,MB8600,02:00:00:00:06:7D,SN-MODEM-01661,single_band
Ubiquiti,Access Point,EAP225,02:00:00:00:06:7E,SN-ACCESSPOINT-01662,dual_band
MikroTik,Router,hEX-S,02:00:00:00:06:7F,SN-ROUTER-01663,single_band
Netgear,Switch,GS308,02:00:00:00:06:80,SN-SWITCH-01664,dual_band
Nokia,ONU,G-140W-C,02:00:00:00:06:81,SN-ONU-01665,single_band
Huawei,ONT,HG8245H,02:00:00:00:06:82,SN-ONT-01666,dual_band
ZTE,ONU,F601,02:00:00:00:06:83,SN-ONU-01667,single_band
TP-Link,Router,Archer C6,02:00:00:00:06:84,SN-ROUTER-01668,dual_band
Cisco,Modem,MB8600,02:00:00:00:06:85,SN-MODEM-01669,single_band
Ubiquiti,Access Point,EAP225,02:00:00:00:06:86,SN-ACCESSPOINT-01670,dual_band
MikroTik,Router,hEX-S,02:00:00:00:06:87,SN-ROUTER-01671,single_band
Netgear,Switch,GS308,02:00:00:00:06:88,SN-SWITCH-01672,dual_band
Nokia,ONU,G-140W-C,02:00:00:00:06:89,SN-ONU-01673,single_band
Huawei,ONT,HG8245H,02:00:00:00:06:8A,SN-ONT-01674,dual_band
ZTE,ONU,F601,02:00:00:00:06:8B,SN-ONU-01675,single_band
TP-Link,Router,Archer C6,02:00:00:00:06:8C,SN-ROUTER-01676,dual_band
Cisco,Modem,MB8600,02:00:00:00:06:8D,SN-MODEM-01677,single_band
Ubiquiti,Access Point,EAP225,02:00:00:00:06:8E,SN-ACCESSPOINT-01678,dual_band
MikroTik,Router,hEX-S,02:00:00:00:06:8F,SN-ROUTER-01679,single_band
Netgear,Switch,GS308,02:00:00:00:06:90,SN-SWITCH-01680,dual_band
Nokia,ONU,G-140W-C,02:00:00:00:06:91,SN-ONU-01681,single_band
Huawei,ONT,HG8245H,02:00:00:00:06:92,SN-ONT-01682,dual_band
ZTE,ONU,F601,02:00:00:00:06:93,SN-ONU-01683,single_band
TP-Link,Router,Archer C6,02:00:00:00:06:94,SN-ROUTER-01684,dual_band
Cisco,Modem,MB8600,02:00:00:00:06:95,SN-MODEM-01685,single_band
Ubiquiti,Access Point,EAP225,02:00:00:00:06:96,SN-ACCESSPOINT-01686,dual_band
MikroTik,Router,hEX-S,02:00:00:00:06:97,SN-ROUTER-01687,single_band
Netgear,Switch,GS308,02:00:00:00:06:98,SN-SWITCH-01688,dual_band
Nokia,ONU,G-140W-C,02:00:00:00:06:99,SN-ONU-01689,single_band
Huawei,ONT,HG8245H,02:00:00:00:06:9A,SN-ONT-01690,dual_band
ZTE,ONU,F601,02:00:00:00:06:9B,SN-ONU-01691,single_band
TP-Link,Router,Archer C6,02:00:00:00:06:9C,SN-ROUTER-01692,dual_band
Cisco,Modem,MB8600,02:00:00:00:06:9D,SN-MODEM-01693,single_band
Ubiquiti,Access Point,EAP225,02:00:00:00:06:9E,SN-ACCESSPOINT-01694,dual_band
MikroTik,Router,hEX-S,02:00:00:00:06:9F,SN-ROUTER-01695,single_band
Netgear,Switch,GS308,02:00:00:00:06:A0,SN-SWITCH-01696,dual_band
Nokia,ONU,G-140W-C,02:00:00:00:06:A1,SN-ONU-01697,single_band
Huawei,ONT,HG8245H,02:00:00:00:06:A2,SN-ONT-01698,dual_band
ZTE,ONU,F601,02:00:00:00:06:A3,SN-ONU-01699,single_band
TP-Link,Router,Archer C6,02:00:00:00:06:A4,SN-ROUTER-01700,dual_band
Cisco,Modem,MB8600,02:00:00:00:06:A5,SN-MODEM-01701,single_band
Ubiquiti,Access Point,EAP225,02:00:00:00:06:A6,SN-ACCESSPOINT-01702,dual_band
MikroTik,Router,hEX-S,02:00:00:00:06:A7,SN-ROUTER-01703,single_band
Netgear,Switch,GS308,02:00:00:00:06:A8,SN-SWITCH-01704,dual_band
Nokia,ONU,G-140W-C,02:00:00:00:06:A9,SN-ONU-01705,single_band
Huawei,ONT,HG8245H,02:00:00:00:06:AA,SN-ONT-01706,dual_band
ZTE,ONU,F601,02:00:00:00:06:AB,SN-ONU-01707,single_band
TP-Link,Router,Archer C6,02:00:00:00:06:AC,SN-ROUTER-01708,dual_band
Cisco,Modem,MB8600,02:00:00:00:06:AD,SN-MODEM-01709,single_band
Ubiquiti,Access Point,EAP225,02:00:00:00:06:AE,SN-ACCESSPOINT-01710,dual_band
MikroTik,Router,hEX-S,02:00:00:00:06:AF,SN-ROUTER-01711,single_band
Netgear,Switch,GS308,02:00:00:00:06:B0,SN-SWITCH-01712,dual_band
Nokia,ONU,G-140W-C,02:00:00:00:06:B1,SN-ONU-01713,single_band
Huawei,ONT,HG8245H,02:00:00:00:06:B2,SN-ONT-01714,dual_band
ZTE,ONU,F601,02:00:00:00:06:B3,SN-ONU-01715,single_band
TP-Link,Router,Archer C6,02:00:00:00:06:B4,SN-ROUTER-01716,dual_band
Cisco,Modem,MB8600,02:00:00:00:06:B5,SN-MODEM-01717,single_band
Ubiquiti,Access Point,EAP225,02:00:00:00:06:B6,SN-ACCESSPOINT-01718,dual_band
MikroTik,Router,hEX-S,02:00:00:00:06:B7,SN-ROUTER-01719,single_band
Netgear,Switch,GS308,02:00:00:00:06:B8,SN-SWITCH-01720,dual_band
Nokia,ONU,G-140W-C,02:00:00:00:06:B9,SN-ONU-01721,single_band
Huawei,ONT,HG8245H,02:00:00:00:06:BA,SN-ONT-01722,dual_band
ZTE,ONU,F601,02:00:00:00:06:BB,SN-ONU-01723,single_band
TP-Link,Router,Archer C6,02:00:00:00:06:BC,SN-ROUTER-01724,dual_band
Cisco,Modem,MB8600,02:00:00:00:06:BD,SN-MODEM-01725,single_band
Ubiquiti,Access Point,EAP225,02:00:00:00:06:BE,SN-ACCESSPOINT-01726,dual_band
MikroTik,Router,hEX-S,02:00:00:00:06:BF,SN-ROUTER-01727,single_band
Netgear,Switch,GS308,02:00:00:00:06:C0,SN-SWITCH-01728,dual_band
Nokia,ONU,G-140W-C,02:00:00:00:06:C1,SN-ONU-01729,single_band
Huawei,ONT,HG8245H,02:00:00:00:06:C2,SN-ONT-01730,dual_band
ZTE,ONU,F601,02:00:00:00:06:C3,SN-ONU-01731,single_band
TP-Link,Router,Archer C6,02:00:00:00:06:C4,SN-ROUTER-01732,dual_band
Cisco,Modem,MB8600,02:00:00:00:06:C5,SN-MODEM-01733,single_band
Ubiquiti,Access Point,EAP225,02:00:00:00:06:C6,SN-ACCESSPOINT-01734,dual_band
MikroTik,Router,hEX-S,02:00:00:00:06:C7,SN-ROUTER-01735,single_band
Netgear,Switch,GS308,02:00:00:00:06:C8,SN-SWITCH-01736,dual_band
Nokia,ONU,G-140W-C,02:00:00:00:06:C9,SN-ONU-01737,single_band
Huawei,ONT,HG8245H,02:00:00:00:06:CA,SN-ONT-01738,dual_band
ZTE,ONU,F601,02:00:00:00:06:CB,SN-ONU-01739,single_band
TP-Link,Router,Archer C6,02:00:00:00:06:CC,SN-ROUTER-01740,dual_band
Cisco,Modem,MB8600,02:00:00:00:06:CD,SN-MODEM-01741,single_band
Ubiquiti,Access Point,EAP225,02:00:00:00:06:CE,SN-ACCESSPOINT-01742,dual_band
MikroTik,Router,hEX-S,02:00:00:00:06:CF,SN-ROUTER-01743,single_band
Netgear,Switch,GS308,02:00:00:00:06:D0,SN-SWITCH-01744,dual_band
Nokia,ONU,G-140W-C,02:00:00:00:06:D1,SN-ONU-01745,single_band
Huawei,ONT,HG8245H,02:00:00:00:06:D2,SN-ONT-01746,dual_band
ZTE,ONU,F601,02:00:00:00:06:D3,SN-ONU-01747,single_band
TP-Link,Router,Archer C6,02:00:00:00:06:D4,SN-ROUTER-01748,dual_band
Cisco,Modem,MB8600,02:00:00:00:06:D5,SN-MODEM-01749,single_band
Ubiquiti,Access Point,EAP225,02:00:00:00:06:D6,SN-ACCESSPOINT-01750,dual_band
MikroTik,Router,hEX-S,02:00:00:00:06:D7,SN-ROUTER-01751,single_band
Netgear,Switch,GS308,02:00:00:00:06:D8,SN-SWITCH-01752,dual_band
Nokia,ONU,G-140W-C,02:00:00:00:06:D9,SN-ONU-01753,single_band
Huawei,ONT,HG8245H,02:00:00:00:06:DA,SN-ONT-01754,dual_band
ZTE,ONU,F601,02:00:00:00:06:DB,SN-ONU-01755,single_band
TP-Link,Router,Archer C6,02:00:00:00:06:DC,SN-ROUTER-01756,dual_band
Cisco,Modem,MB8600,02:00:00:00:06:DD,SN-MODEM-01757,single_band
Ubiquiti,Access Point,EAP225,02:00:00:00:06:DE,SN-ACCESSPOINT-01758,dual_band
MikroTik,Router,hEX-S,02:00:00:00:06:DF,SN-ROUTER-01759,single_band
Netgear,Switch,GS308,02:00:00:00:06:E0,SN-SWITCH-01760,dual_band
Nokia,ONU,G-140W-C,02:00:00:00:06:E1,SN-ONU-01761,single_band
Huawei,ONT,HG8245H,02:00:00:00:06:E2,SN-ONT-01762,dual_band
ZTE,ONU,F601,02:00:00:00:06:E3,SN-ONU-01763,single_band
TP-Link,Router,Archer C6,02:00:00:00:06:E4,SN-ROUTER-01764,dual_band
Cisco,Modem,MB8600,02:00:00:00:06:E5,SN-MODEM-01765,single_band
Ubiquiti,Access Point,EAP225,02:00:00:00:06:E6,SN-ACCESSPOINT-01766,dual_band
MikroTik,Router,hEX-S,02:00:00:00:06:E7,SN-ROUTER-01767,single_band
Netgear,Switch,GS308,02:00:00:00:06:E8,SN-SWITCH-01768,dual_band
Nokia,ONU,G-140W-C,02:00:00:00:06:E9,SN-ONU-01769,single_band
Huawei,ONT,HG8245H,02:00:00:00:06:EA,SN-ONT-01770,dual_band
ZTE,ONU,F601,02:00:00:00:06:EB,SN-ONU-01771,single_band
TP-Link,Router,Archer C6,02:00:00:00:06:EC,SN-ROUTER-01772,dual_band
Cisco,Modem,MB8600,02:00:00:00:06:ED,SN-MODEM-01773,single_band
Ubiquiti,Access Point,EAP225,02:00:00:00:06:EE,SN-ACCESSPOINT-01774,dual_band
MikroTik,Router,hEX-S,02:00:00:00:06:EF,SN-ROUTER-01775,single_band
Netgear,Switch,GS308,02:00:00:00:06:F0,SN-SWITCH-01776,dual_band
Nokia,ONU,G-140W-C,02:00:00:00:06:F1,SN-ONU-01777,single_band
Huawei,ONT,HG8245H,02:00:00:00:06:F2,SN-ONT-01778,dual_band
ZTE,ONU,F601,02:00:00:00:06:F3,SN-ONU-01779,single_band
TP-Link,Router,Archer C6,02:00:00:00:06:F4,SN-ROUTER-01780,dual_band
Cisco,Modem,MB8600,02:00:00:00:06:F5,SN-MODEM-01781,single_band
Ubiquiti,Access Point,EAP225,02:00:00:00:06:F6,SN-ACCESSPOINT-01782,dual_band
MikroTik,Router,hEX-S,02:00:00:00:06:F7,SN-ROUTER-01783,single_band
Netgear,Switch,GS308,02:00:00:00:06:F8,SN-SWITCH-01784,dual_band
Nokia,ONU,G-140W-C,02:00:00:00:06:F9,SN-ONU-01785,single_band
Huawei,ONT,HG8245H,02:00:00:00:06:FA,SN-ONT-01786,dual_band
ZTE,ONU,F601,02:00:00:00:06:FB,SN-ONU-01787,single_band
TP-Link,Router,Archer C6,02:00:00:00:06:FC,SN-ROUTER-01788,dual_band
Cisco,Modem,MB8600,02:00:00:00:06:FD,SN-MODEM-01789,single_band
Ubiquiti,Access Point,EAP225,02:00:00:00:06:FE,SN-ACCESSPOINT-01790,dual_band
MikroTik,Router,hEX-S,02:00:00:00:06:FF,SN-ROUTER-01791,single_band
Netgear,Switch,GS308,02:00:00:00:07:00,SN-SWITCH-01792,dual_band
Nokia,ONU,G-140W-C,02:00:00:00:07:01,SN-ONU-01793,single_band
Huawei,ONT,HG8245H,02:00:00:00:07:02,SN-ONT-01794,dual_band
ZTE,ONU,F601,02:00:00:00:07:03,SN-ONU-01795,single_band
TP-Link,Router,Archer C6,02:00:00:00:07:04,SN-ROUTER-01796,dual_band
Cisco,Modem,MB8600,02:00:00:00:07:05,SN-MODEM-01797,single_band
Ubiquiti,Access Point,EAP225,02:00:00:00:07:06,SN-ACCESSPOINT-01798,dual_band
MikroTik,Router,hEX-S,02:00:00:00:07:07,SN-ROUTER-01799,single_band
Netgear,Switch,GS308,02:00:00:00:07:08,SN-SWITCH-01800,dual_band
Nokia,ONU,G-140W-C,02:00:00:00:07:09,SN-ONU-01801,single_band
Huawei,ONT,HG8245H,02:00:00:00:07:0A,SN-ONT-01802,dual_band
ZTE,ONU,F601,02:00:00:00:07:0B,SN-ONU-01803,single_band
TP-Link,Router,Archer C6,02:00:00:00:07:0C,SN-ROUTER-01804,dual_band
Cisco,Modem,MB8600,02:00:00:00:07:0D,SN-MODEM-01805,single_band
Ubiquiti,Access Point,EAP225,02:00:00:00:07:0E,SN-ACCESSPOINT-01806,dual_band
MikroTik,Router,hEX-S,02:00:00:00:07:0F,SN-ROUTER-01807,single_band
Netgear,Switch,GS308,02:00:00:00:07:10,SN-SWITCH-01808,dual_band
Nokia,ONU,G-140W-C,02:00:00:00:07:11,SN-ONU-01809,single_band
Huawei,ONT,HG8245H,02:00:00:00:07:12,SN-ONT-01810,dual_band
ZTE,ONU,F601,02:00:00:00:07:13,SN-ONU-01811,single_band
TP-Link,Router,Archer C6,02:00:00:00:07:14,SN-ROUTER-01812,dual_band
Cisco,Modem,MB8600,02:00:00:00:07:15,SN-MODEM-01813,single_band
Ubiquiti,Access Point,EAP225,02:00:00:00:07:16,SN-ACCESSPOINT-01814,dual_band
MikroTik,Router,hEX-S,02:00:00:00:07:17,SN-ROUTER-01815,single_band
Netgear,Switch,GS308,02:00:00:00:07:18,SN-SWITCH-01816,dual_band
Nokia,ONU,G-140W-C,02:00:00:00:07:19,SN-ONU-01817,single_band
Huawei,ONT,HG8245H,02:00:00:00:07:1A,SN-ONT-01818,dual_band
ZTE,ONU,F601,02:00:00:00:07:1B,SN-ONU-01819,single_band
TP-Link,Router,Archer C6,02:00:00:00:07:1C,SN-ROUTER-01820,dual_band
Cisco,Modem,MB8600,02:00:00:00:07:1D,SN-MODEM-01821,single_band
Ubiquiti,Access Point,EAP225,02:00:00:00:07:1E,SN-ACCESSPOINT-01822,dual_band
MikroTik,Router,hEX-S,02:00:00:00:07:1F,SN-ROUTER-01823,single_band
Netgear,Switch,GS308,02:00:00:00:07:20,SN-SWITCH-01824,dual_band
Nokia,ONU,G-140W-C,02:00:00:00:07:21,SN-ONU-01825,single_band
Huawei,ONT,HG8245H,02:00:00:00:07:22,SN-ONT-01826,dual_band
ZTE,ONU,F601,02:00:00:00:07:23,SN-ONU-01827,single_band
TP-Link,Router,Archer C6,02:00:00:00:07:24,SN-ROUTER-01828,dual_band
Cisco,Modem,MB8600,02:00:00:00:07:25,SN-MODEM-01829,single_band
Ubiquiti,Access Point,EAP225,02:00:00:00:07:26,SN-ACCESSPOINT-01830,dual_band
MikroTik,Router,hEX-S,02:00:00:00:07:27,SN-ROUTER-01831,single_band
Netgear,Switch,GS308,02:00:00:00:07:28,SN-SWITCH-01832,dual_band
Nokia,ONU,G-140W-C,02:00:00:00:07:29,SN-ONU-01833,single_band
Huawei,ONT,HG8245H,02:00:00:00:07:2A,SN-ONT-01834,dual_band
ZTE,ONU,F601,02:00:00:00:07:2B,SN-ONU-01835,single_band
TP-Link,Router,Archer C6,02:00:00:00:07:2C,SN-ROUTER-01836,dual_band
Cisco,Modem,MB8600,02:00:00:00:07:2D,SN-MODEM-01837,single_band
Ubiquiti,Access Point,EAP225,02:00:00:00:07:2E,SN-ACCESSPOINT-01838,dual_band
MikroTik,Router,hEX-S,02:00:00:00:07:2F,SN-ROUTER-01839,single_band
Netgear,Switch,GS308,02:00:00:00:07:30,SN-SWITCH-01840,dual_band
Nokia,ONU,G-140W-C,02:00:00:00:07:31,SN-ONU-01841,single_band
Huawei,ONT,HG8245H,02:00:00:00:07:32,SN-ONT-01842,dual_band
ZTE,ONU,F601,02:00:00:00:07:33,SN-ONU-01843,single_band
TP-Link,Router,Archer C6,02:00:00:00:07:34,SN-ROUTER-01844,dual_band
Cisco,Modem,MB8600,02:00:00:00:07:35,SN-MODEM-01845,single_band
Ubiquiti,Access Point,EAP225,02:00:00:00:07:36,SN-ACCESSPOINT-01846,dual_band
MikroTik,Router,hEX-S,02:00:00:00:07:37,SN-ROUTER-01847,single_band
Netgear,Switch,GS308,02:00:00:00:07:38,SN-SWITCH-01848,dual_band
Nokia,ONU,G-140W-C,02:00:00:00:07:39,SN-ONU-01849,single_band
Huawei,ONT,HG8245H,02:00:00:00:07:3A,SN-ONT-01850,dual_band
ZTE,ONU,F601,02:00:00:00:07:3B,SN-ONU-01851,single_band
TP-Link,Router,Archer C6,02:00:00:00:07:3C,SN-ROUTER-01852,dual_band
Cisco,Modem,MB8600,02:00:00:00:07:3D,SN-MODEM-01853,single_band
Ubiquiti,Access Point,EAP225,02:00:00:00:07:3E,SN-ACCESSPOINT-01854,dual_band
MikroTik,Router,hEX-S,02:00:00:00:07:3F,SN-ROUTER-01855,single_band
Netgear,Switch,GS308,02:00:00:00:07:40,SN-SWITCH-01856,dual_band
Nokia,ONU,G-140W-C,02:00:00:00:07:41,SN-ONU-01857,single_band
Huawei,ONT,HG8245H,02:00:00:00:07:42,SN-ONT-01858,dual_band
ZTE,ONU,F601,02:00:00:00:07:43,SN-ONU-01859,single_band
TP-Link,Router,Archer C6,02:00:00:00:07:44,SN-ROUTER-01860,dual_band
Cisco,Modem,MB8600,02:00:00:00:07:45,SN-MODEM-01861,single_band
Ubiquiti,Access Point,EAP225,02:00:00:00:07:46,SN-ACCESSPOINT-01862,dual_band
MikroTik,Router,hEX-S,02:00:00:00:07:47,SN-ROUTER-01863,single_band
Netgear,Switch,GS308,02:00:00:00:07:48,SN-SWITCH-01864,dual_band
Nokia,ONU,G-140W-C,02:00:00:00:07:49,SN-ONU-01865,single_band
Huawei,ONT,HG8245H,02:00:00:00:07:4A,SN-ONT-01866,dual_band
ZTE,ONU,F601,02:00:00:00:07:4B,SN-ONU-01867,single_band
TP-Link,Router,Archer C6,02:00:00:00:07:4C,SN-ROUTER-01868,dual_band
Cisco,Modem,MB8600,02:00:00:00:07:4D,SN-MODEM-01869,single_band
Ubiquiti,Access Point,EAP225,02:00:00:00:07:4E,SN-ACCESSPOINT-01870,dual_band
MikroTik,Router,hEX-S,02:00:00:00:07:4F,SN-ROUTER-01871,single_band
Netgear,Switch,GS308,02:00:00:00:07:50,SN-SWITCH-01872,dual_band
Nokia,ONU,G-140W-C,02:00:00:00:07:51,SN-ONU-01873,single_band
Huawei,ONT,HG8245H,02:00:00:00:07:52,SN-ONT-01874,dual_band
ZTE,ONU,F601,02:00:00:00:07:53,SN-ONU-01875,single_band
TP-Link,Router,Archer C6,02:00:00:00:07:54,SN-ROUTER-01876,dual_band
Cisco,Modem,MB8600,02:00:00:00:07:55,SN-MODEM-01877,single_band
Ubiquiti,Access Point,EAP225,02:00:00:00:07:56,SN-ACCESSPOINT-01878,dual_band
MikroTik,Router,hEX-S,02:00:00:00:07:57,SN-ROUTER-01879,single_band
Netgear,Switch,GS308,02:00:00:00:07:58,SN-SWITCH-01880,dual_band
Nokia,ONU,G-140W-C,02:00:00:00:07:59,SN-ONU-01881,single_band
Huawei,ONT,HG8245H,02:00:00:00:07:5A,SN-ONT-01882,dual_band
ZTE,ONU,F601,02:00:00:00:07:5B,SN-ONU-01883,single_band
TP-Link,Router,Archer C6,02:00:00:00:07:5C,SN-ROUTER-01884,dual_band
Cisco,Modem,MB8600,02:00:00:00:07:5D,SN-MODEM-01885,single_band
Ubiquiti,Access Point,EAP225,02:00:00:00:07:5E,SN-ACCESSPOINT-01886,dual_band
MikroTik,Router,hEX-S,02:00:00:00:07:5F,SN-ROUTER-01887,single_band
Netgear,Switch,GS308,02:00:00:00:07:60,SN-SWITCH-01888,dual_band
Nokia,ONU,G-140W-C,02:00:00:00:07:61,SN-ONU-01889,single_band
Huawei,ONT,HG8245H,02:00:00:00:07:62,SN-ONT-01890,dual_band
ZTE,ONU,F601,02:00:00:00:07:63,SN-ONU-01891,single_band
TP-Link,Router,Archer C6,02:00:00:00:07:64,SN-ROUTER-01892,dual_band
Cisco,Modem,MB8600,02:00:00:00:07:65,SN-MODEM-01893,single_band
Ubiquiti,Access Point,EAP225,02:00:00:00:07:66,SN-ACCESSPOINT-01894,dual_band
MikroTik,Router,hEX-S,02:00:00:00:07:67,SN-ROUTER-01895,single_band
Netgear,Switch,GS308,02:00:00:00:07:68,SN-SWITCH-01896,dual_band
Nokia,ONU,G-140W-C,02:00:00:00:07:69,SN-ONU-01897,single_band
Huawei,ONT,HG8245H,02:00:00:00:07:6A,SN-ONT-01898,dual_band
ZTE,ONU,F601,02:00:00:00:07:6B,SN-ONU-01899,single_band
TP-Link,Router,Archer C6,02:00:00:00:07:6C,SN-ROUTER-01900,dual_band
Cisco,Modem,MB8600,02:00:00:00:07:6D,SN-MODEM-01901,single_band
Ubiquiti,Access Point,EAP225,02:00:00:00:07:6E,SN-ACCESSPOINT-01902,dual_band
MikroTik,Router,hEX-S,02:00:00:00:07:6F,SN-ROUTER-01903,single_band
Netgear,Switch,GS308,02:00:00:00:07:70,SN-SWITCH-01904,dual_band
Nokia,ONU,G-140W-C,02:00:00:00:07:71,SN-ONU-01905,single_band
Huawei,ONT,HG8245H,02:00:00:00:07:72,SN-ONT-01906,dual_band
ZTE,ONU,F601,02:00:00:00:07:73,SN-ONU-01907,single_band
TP-Link,Router,Archer C6,02:00:00:00:07:74,SN-ROUTER-01908,dual_band
Cisco,Modem,MB8600,02:00:00:00:07:75,SN-MODEM-01909,single_band
Ubiquiti,Access Point,EAP225,02:00:00:00:07:76,SN-ACCESSPOINT-01910,dual_band
MikroTik,Router,hEX-S,02:00:00:00:07:77,SN-ROUTER-01911,single_band
Netgear,Switch,GS308,02:00:00:00:07:78,SN-SWITCH-01912,dual_band
Nokia,ONU,G-140W-C,02:00:00:00:07:79,SN-ONU-01913,single_band
Huawei,ONT,HG8245H,02:00:00:00:07:7A,SN-ONT-01914,dual_band
ZTE,ONU,F601,02:00:00:00:07:7B,SN-ONU-01915,single_band
TP-Link,Router,Archer C6,02:00:00:00:07:7C,SN-ROUTER-01916,dual_band
Cisco,Modem,MB8600,02:00:00:00:07:7D,SN-MODEM-01917,single_band
Ubiquiti,Access Point,EAP225,02:00:00:00:07:7E,SN-ACCESSPOINT-01918,dual_band
MikroTik,Router,hEX-S,02:00:00:00:07:7F,SN-ROUTER-01919,single_band
Netgear,Switch,GS308,02:00:00:00:07:80,SN-SWITCH-01920,dual_band
Nokia,ONU,G-140W-C,02:00:00:00:07:81,SN-ONU-01921,single_band
Huawei,ONT,HG8245H,02:00:00:00:07:82,SN-ONT-01922,dual_band
ZTE,ONU,F601,02:00:00:00:07:83,SN-ONU-01923,single_band
TP-Link,Router,Archer C6,02:00:00:00:07:84,SN-ROUTER-01924,dual_band
Cisco,Modem,MB8600,02:00:00:00:07:85,SN-MODEM-01925,single_band
Ubiquiti,Access Point,EAP225,02:00:00:00:07:86,SN-ACCESSPOINT-01926,dual_band
MikroTik,Router,hEX-S,02:00:00:00:07:87,SN-ROUTER-01927,single_band
Netgear,Switch,GS308,02:00:00:00:07:88,SN-SWITCH-01928,dual_band
Nokia,ONU,G-140W-C,02:00:00:00:07:89,SN-ONU-01929,single_band
Huawei,ONT,HG8245H,02:00:00:00:07:8A,SN-ONT-01930,dual_band
ZTE,ONU,F601,02:00:00:00:07:8B,SN-ONU-01931,single_band
TP-Link,Router,Archer C6,02:00:00:00:07:8C,SN-ROUTER-01932,dual_band
Cisco,Modem,MB8600,02:00:00:00:07:8D,SN-MODEM-01933,single_band
Ubiquiti,Access Point,EAP225,02:00:00:00:07:8E,SN-ACCESSPOINT-01934,dual_band
MikroTik,Router,hEX-S,02:00:00:00:07:8F,SN-ROUTER-01935,single_band
Netgear,Switch,GS308,02:00:00:00:07:90,SN-SWITCH-01936,dual_band
Nokia,ONU,G-140W-C,02:00:00:00:07:91,SN-ONU-01937,single_band
Huawei,ONT,HG8245H,02:00:00:00:07:92,SN-ONT-01938,dual_band
ZTE,ONU,F601,02:00:00:00:07:93,SN-ONU-01939,single_band
TP-Link,Router,Archer C6,02:00:00:00:07:94,SN-ROUTER-01940,dual_band
Cisco,Modem,MB8600,02:00:00:00:07:95,SN-MODEM-01941,single_band
Ubiquiti,Access Point,EAP225,02:00:00:00:07:96,SN-ACCESSPOINT-01942,dual_band
MikroTik,Router,hEX-S,02:00:00:00:07:97,SN-ROUTER-01943,single_band
Netgear,Switch,GS308,02:00:00:00:07:98,SN-SWITCH-01944,dual_band
Nokia,ONU,G-140W-C,02:00:00:00:07:99,SN-ONU-01945,single_band
Huawei,ONT,HG8245H,02:00:00:00:07:9A,SN-ONT-01946,dual_band
ZTE,ONU,F601,02:00:00:00:07:9B,SN-ONU-01947,single_band
TP-Link,Router,Archer C6,02:00:00:00:07:9C,SN-ROUTER-01948,dual_band
Cisco,Modem,MB8600,02:00:00:00:07:9D,SN-MODEM-01949,single_band
Ubiquiti,Access Point,EAP225,02:00:00:00:07:9E,SN-ACCESSPOINT-01950,dual_band
MikroTik,Router,hEX-S,02:00:00:00:07:9F,SN-ROUTER-01951,single_band
Netgear,Switch,GS308,02:00:00:00:07:A0,SN-SWITCH-01952,dual_band
Nokia,ONU,G-140W-C,02:00:00:00:07:A1,SN-ONU-01953,single_band
Huawei,ONT,HG8245H,02:00:00:00:07:A2,SN-ONT-01954,dual_band
ZTE,ONU,F601,02:00:00:00:07:A3,SN-ONU-01955,single_band
TP-Link,Router,Archer C6,02:00:00:00:07:A4,SN-ROUTER-01956,dual_band
Cisco,Modem,MB8600,02:00:00:00:07:A5,SN-MODEM-01957,single_band
Ubiquiti,Access Point,EAP225,02:00:00:00:07:A6,SN-ACCESSPOINT-01958,dual_band
MikroTik,Router,hEX-S,02:00:00:00:07:A7,SN-ROUTER-01959,single_band
Netgear,Switch,GS308,02:00:00:00:07:A8,SN-SWITCH-01960,dual_band
Nokia,ONU,G-140W-C,02:00:00:00:07:A9,SN-ONU-01961,single_band
Huawei,ONT,HG8245H,02:00:00:00:07:AA,SN-ONT-01962,dual_band
ZTE,ONU,F601,02:00:00:00:07:AB,SN-ONU-01963,single_band
TP-Link,Router,Archer C6,02:00:00:00:07:AC,SN-ROUTER-01964,dual_band
Cisco,Modem,MB8600,02:00:00:00:07:AD,SN-MODEM-01965,single_band
Ubiquiti,Access Point,EAP225,02:00:00:00:07:AE,SN-ACCESSPOINT-01966,dual_band
MikroTik,Router,hEX-S,02:00:00:00:07:AF,SN-ROUTER-01967,single_band
Netgear,Switch,GS308,02:00:00:00:07:B0,SN-SWITCH-01968,dual_band
Nokia,ONU,G-140W-C,02:00:00:00:07:B1,SN-ONU-01969,single_band
Huawei,ONT,HG8245H,02:00:00:00:07:B2,SN-ONT-01970,dual_band
ZTE,ONU,F601,02:00:00:00:07:B3,SN-ONU-01971,single_band
TP-Link,Router,Archer C6,02:00:00:00:07:B4,SN-ROUTER-01972,dual_band
Cisco,Modem,MB8600,02:00:00:00:07:B5,SN-MODEM-01973,single_band
Ubiquiti,Access Point,EAP225,02:00:00:00:07:B6,SN-ACCESSPOINT-01974,dual_band
MikroTik,Router,hEX-S,02:00:00:00:07:B7,SN-ROUTER-01975,single_band
Netgear,Switch,GS308,02:00:00:00:07:B8,SN-SWITCH-01976,dual_band
Nokia,ONU,G-140W-C,02:00:00:00:07:B9,SN-ONU-01977,single_band
Huawei,ONT,HG8245H,02:00:00:00:07:BA,SN-ONT-01978,dual_band
ZTE,ONU,F601,02:00:00:00:07:BB,SN-ONU-01979,single_band
TP-Link,Router,Archer C6,02:00:00:00:07:BC,SN-ROUTER-01980,dual_band
Cisco,Modem,MB8600,02:00:00:00:07:BD,SN-MODEM-01981,single_band
Ubiquiti,Access Point,EAP225,02:00:00:00:07:BE,SN-ACCESSPOINT-01982,dual_band
MikroTik,Router,hEX-S,02:00:00:00:07:BF,SN-ROUTER-01983,single_band
Netgear,Switch,GS308,02:00:00:00:07:C0,SN-SWITCH-01984,dual_band
Nokia,ONU,G-140W-C,02:00:00:00:07:C1,SN-ONU-01985,single_band
Huawei,ONT,HG8245H,02:00:00:00:07:C2,SN-ONT-01986,dual_band
ZTE,ONU,F601,02:00:00:00:07:C3,SN-ONU-01987,single_band
TP-Link,Router,Archer C6,02:00:00:00:07:C4,SN-ROUTER-01988,dual_band
Cisco,Modem,MB8600,02:00:00:00:07:C5,SN-MODEM-01989,single_band
Ubiquiti,Access Point,EAP225,02:00:00:00:07:C6,SN-ACCESSPOINT-01990,dual_band
MikroTik,Router,hEX-S,02:00:00:00:07:C7,SN-ROUTER-01991,single_band
Netgear,Switch,GS308,02:00:00:00:07:C8,SN-SWITCH-01992,dual_band
Nokia,ONU,G-140W-C,02:00:00:00:07:C9,SN-ONU-01993,single_band
Huawei,ONT,HG8245H,02:00:00:00:07:CA,SN-ONT-01994,dual_band
ZTE,ONU,F601,02:00:00:00:07:CB,SN-ONU-01995,single_band
TP-Link,Router,Archer C6,02:00:00:00:07:CC,SN-ROUTER-01996,dual_band
Cisco,Modem,MB8600,02:00:00:00:07:CD,SN-MODEM-01997,single_band
Ubiquiti,Access Point,EAP225,02:00:00:00:07:CE,SN-ACCESSPOINT-01998,dual_band
MikroTik,Router,hEX-S,02:00:00:00:07:CF,SN-ROUTER-01999,single_band
Netgear,Switch,GS308,02:00:00:00:07:D0,SN-SWITCH-02000,dual_band
Nokia,ONU,G-140W-C,02:00:00:00:07:D1,SN-ONU-02001,single_band
Huawei,ONT,HG8245H,02:00:00:00:07:D2,SN-ONT-02002,dual_band
ZTE,ONU,F601,02:00:00:00:07:D3,SN-ONU-02003,single_band
TP-Link,Router,Archer C6,02:00:00:00:07:D4,SN-ROUTER-02004,dual_band
Cisco,Modem,MB8600,02:00:00:00:07:D5,SN-MODEM-02005,single_band
Ubiquiti,Access Point,EAP225,02:00:00:00:07:D6,SN-ACCESSPOINT-02006,dual_band
MikroTik,Router,hEX-S,02:00:00:00:07:D7,SN-ROUTER-02007,single_band
Netgear,Switch,GS308,02:00:00:00:07:D8,SN-SWITCH-02008,dual_band
Nokia,ONU,G-140W-C,02:00:00:00:07:D9,SN-ONU-02009,single_band
Huawei,ONT,HG8245H,02:00:00:00:07:DA,SN-ONT-02010,dual_band
ZTE,ONU,F601,02:00:00:00:07:DB,SN-ONU-02011,single_band
TP-Link,Router,Archer C6,02:00:00:00:07:DC,SN-ROUTER-02012,dual_band
Cisco,Modem,MB8600,02:00:00:00:07:DD,SN-MODEM-02013,single_band
Ubiquiti,Access Point,EAP225,02:00:00:00:07:DE,SN-ACCESSPOINT-02014,dual_band
MikroTik,Router,hEX-S,02:00:00:00:07:DF,SN-ROUTER-02015,single_band
Netgear,Switch,GS308,02:00:00:00:07:E0,SN-SWITCH-02016,dual_band
Nokia,ONU,G-140W-C,02:00:00:00:07:E1,SN-ONU-02017,single_band
Huawei,ONT,HG8245H,02:00:00:00:07:E2,SN-ONT-02018,dual_band
ZTE,ONU,F601,02:00:00:00:07:E3,SN-ONU-02019,single_band
TP-Link,Router,Archer C6,02:00:00:00:07:E4,SN-ROUTER-02020,dual_band
Cisco,Modem,MB8600,02:00:00:00:07:E5,SN-MODEM-02021,single_band
Ubiquiti,Access Point,EAP225,02:00:00:00:07:E6,SN-ACCESSPOINT-02022,dual_band
MikroTik,Router,hEX-S,02:00:00:00:07:E7,SN-ROUTER-02023,single_band
Netgear,Switch,GS308,02:00:00:00:07:E8,SN-SWITCH-02024,dual_band
Nokia,ONU,G-140W-C,02:00:00:00:07:E9,SN-ONU-02025,single_band
Huawei,ONT,HG8245H,02:00:00:00:07:EA,SN-ONT-02026,dual_band
ZTE,ONU,F601,02:00:00:00:07:EB,SN-ONU-02027,single_band
TP-Link,Router,Archer C6,02:00:00:00:07:EC,SN-ROUTER-02028,dual_band
Cisco,Modem,MB8600,02:00:00:00:07:ED,SN-MODEM-02029,single_band
Ubiquiti,Access Point,EAP225,02:00:00:00:07:EE,SN-ACCESSPOINT-02030,dual_band
MikroTik,Router,hEX-S,02:00:00:00:07:EF,SN-ROUTER-02031,single_band
Netgear,Switch,GS308,02:00:00:00:07:F0,SN-SWITCH-02032,dual_band
Nokia,ONU,G-140W-C,02:00:00:00:07:F1,SN-ONU-02033,single_band
Huawei,ONT,HG8245H,02:00:00:00:07:F2,SN-ONT-02034,dual_band
ZTE,ONU,F601,02:00:00:00:07:F3,SN-ONU-02035,single_band
TP-Link,Router,Archer C6,02:00:00:00:07:F4,SN-ROUTER-02036,dual_band
Cisco,Modem,MB8600,02:00:00:00:07:F5,SN-MODEM-02037,single_band
Ubiquiti,Access Point,EAP225,02:00:00:00:07:F6,SN-ACCESSPOINT-02038,dual_band
MikroTik,Router,hEX-S,02:00:00:00:07:F7,SN-ROUTER-02039,single_band
Netgear,Switch,GS308,02:00:00:00:07:F8,SN-SWITCH-02040,dual_band
Nokia,ONU,G-140W-C,02:00:00:00:07:F9,SN-ONU-02041,single_band
Huawei,ONT,HG8245H,02:00:00:00:07:FA,SN-ONT-02042,dual_band
ZTE,ONU,F601,02:00:00:00:07:FB,SN-ONU-02043,single_band
TP-Link,Router,Archer C6,02:00:00:00:07:FC,SN-ROUTER-02044,dual_band
Cisco,Modem,MB8600,02:00:00:00:07:FD,SN-MODEM-02045,single_band
Ubiquiti,Access Point,EAP225,02:00:00:00:07:FE,SN-ACCESSPOINT-02046,dual_band
MikroTik,Router,hEX-S,02:00:00:00:07:FF,SN-ROUTER-02047,single_band
Netgear,Switch,GS308,02:00:00:00:08:00,SN-SWITCH-02048,dual_band
Nokia,ONU,G-140W-C,02:00:00:00:08:01,SN-ONU-02049,single_band
Huawei,ONT,HG8245H,02:00:00:00:08:02,SN-ONT-02050,dual_band
ZTE,ONU,F601,02:00:00:00:08:03,SN-ONU-02051,single_band
TP-Link,Router,Archer C6,02:00:00:00:08:04,SN-ROUTER-02052,dual_band
Cisco,Modem,MB8600,02:00:00:00:08:05,SN-MODEM-02053,single_band
Ubiquiti,Access Point,EAP225,02:00:00:00:08:06,SN-ACCESSPOINT-02054,dual_band
MikroTik,Router,hEX-S,02:00:00:00:08:07,SN-ROUTER-02055,single_band
Netgear,Switch,GS308,02:00:00:00:08:08,SN-SWITCH-02056,dual_band
Nokia,ONU,G-140W-C,02:00:00:00:08:09,SN-ONU-02057,single_band
Huawei,ONT,HG8245H,02:00:00:00:08:0A,SN-ONT-02058,dual_band
ZTE,ONU,F601,02:00:00:00:08:0B,SN-ONU-02059,single_band
TP-Link,Router,Archer C6,02:00:00:00:08:0C,SN-ROUTER-02060,dual_band
Cisco,Modem,MB8600,02:00:00:00:08:0D,SN-MODEM-02061,single_band
Ubiquiti,Access Point,EAP225,02:00:00:00:08:0E,SN-ACCESSPOINT-02062,dual_band
MikroTik,Router,hEX-S,02:00:00:00:08:0F,SN-ROUTER-02063,single_band
Netgear,Switch,GS308,02:00:00:00:08:10,SN-SWITCH-02064,dual_band
Nokia,ONU,G-140W-C,02:00:00:00:08:11,SN-ONU-02065,single_band
Huawei,ONT,HG8245H,02:00:00:00:08:12,SN-ONT-02066,dual_band
ZTE,ONU,F601,02:00:00:00:08:13,SN-ONU-02067,single_band
TP-Link,Router,Archer C6,02:00:00:00:08:14,SN-ROUTER-02068,dual_band
Cisco,Modem,MB8600,02:00:00:00:08:15,SN-MODEM-02069,single_band
Ubiquiti,Access Point,EAP225,02:00:00:00:08:16,SN-ACCESSPOINT-02070,dual_band
MikroTik,Router,hEX-S,02:00:00:00:08:17,SN-ROUTER-02071,single_band
Netgear,Switch,GS308,02:00:00:00:08:18,SN-SWITCH-02072,dual_band
Nokia,ONU,G-140W-C,02:00:00:00:08:19,SN-ONU-02073,single_band
Huawei,ONT,HG8245H,02:00:00:00:08:1A,SN-ONT-02074,dual_band
ZTE,ONU,F601,02:00:00:00:08:1B,SN-ONU-02075,single_band
TP-Link,Router,Archer C6,02:00:00:00:08:1C,SN-ROUTER-02076,dual_band
Cisco,Modem,MB8600,02:00:00:00:08:1D,SN-MODEM-02077,single_band
Ubiquiti,Access Point,EAP225,02:00:00:00:08:1E,SN-ACCESSPOINT-02078,dual_band
MikroTik,Router,hEX-S,02:00:00:00:08:1F,SN-ROUTER-02079,single_band
Netgear,Switch,GS308,02:00:00:00:08:20,SN-SWITCH-02080,dual_band
Nokia,ONU,G-140W-C,02:00:00:00:08:21,SN-ONU-02081,single_band
Huawei,ONT,HG8245H,02:00:00:00:08:22,SN-ONT-02082,dual_band
ZTE,ONU,F601,02:00:00:00:08:23,SN-ONU-02083,single_band
TP-Link,Router,Archer C6,02:00:00:00:08:24,SN-ROUTER-02084,dual_band
Cisco,Modem,MB8600,02:00:00:00:08:25,SN-MODEM-02085,single_band
Ubiquiti,Access Point,EAP225,02:00:00:00:08:26,SN-ACCESSPOINT-02086,dual_band
MikroTik,Router,hEX-S,02:00:00:00:08:27,SN-ROUTER-02087,single_band
Netgear,Switch,GS308,02:00:00:00:08:28,SN-SWITCH-02088,dual_band
Nokia,ONU,G-140W-C,02:00:00:00:08:29,SN-ONU-02089,single_band
Huawei,ONT,HG8245H,02:00:00:00:08:2A,SN-ONT-02090,dual_band
ZTE,ONU,F601,02:00:00:00:08:2B,SN-ONU-02091,single_band
TP-Link,Router,Archer C6,02:00:00:00:08:2C,SN-ROUTER-02092,dual_band
Cisco,Modem,MB8600,02:00:00:00:08:2D,SN-MODEM-02093,single_band
Ubiquiti,Access Point,EAP225,02:00:00:00:08:2E,SN-ACCESSPOINT-02094,dual_band
MikroTik,Router,hEX-S,02:00:00:00:08:2F,SN-ROUTER-02095,single_band
Netgear,Switch,GS308,02:00:00:00:08:30,SN-SWITCH-02096,dual_band
Nokia,ONU,G-140W-C,02:00:00:00:08:31,SN-ONU-02097,single_band
Huawei,ONT,HG8245H,02:00:00:00:08:32,SN-ONT-02098,dual_band
ZTE,ONU,F601,02:00:00:00:08:33,SN-ONU-02099,single_band
TP-Link,Router,Archer C6,02:00:00:00:08:34,SN-ROUTER-02100,dual_band
Cisco,Modem,MB8600,02:00:00:00:08:35,SN-MODEM-02101,single_band
Ubiquiti,Access Point,EAP225,02:00:00:00:08:36,SN-ACCESSPOINT-02102,dual_band
MikroTik,Router,hEX-S,02:00:00:00:08:37,SN-ROUTER-02103,single_band
Netgear,Switch,GS308,02:00:00:00:08:38,SN-SWITCH-02104,dual_band
Nokia,ONU,G-140W-C,02:00:00:00:08:39,SN-ONU-02105,single_band
Huawei,ONT,HG8245H,02:00:00:00:08:3A,SN-ONT-02106,dual_band
ZTE,ONU,F601,02:00:00:00:08:3B,SN-ONU-02107,single_band
TP-Link,Router,Archer C6,02:00:00:00:08:3C,SN-ROUTER-02108,dual_band
Cisco,Modem,MB8600,02:00:00:00:08:3D,SN-MODEM-02109,single_band
Ubiquiti,Access Point,EAP225,02:00:00:00:08:3E,SN-ACCESSPOINT-02110,dual_band
MikroTik,Router,hEX-S,02:00:00:00:08:3F,SN-ROUTER-02111,single_band
Netgear,Switch,GS308,02:00:00:00:08:40,SN-SWITCH-02112,dual_band
Nokia,ONU,G-140W-C,02:00:00:00:08:41,SN-ONU-02113,single_band
Huawei,ONT,HG8245H,02:00:00:00:08:42,SN-ONT-02114,dual_band
ZTE,ONU,F601,02:00:00:00:08:43,SN-ONU-02115,single_band
TP-Link,Router,Archer C6,02:00:00:00:08:44,SN-ROUTER-02116,dual_band
Cisco,Modem,MB8600,02:00:00:00:08:45,SN-MODEM-02117,single_band
Ubiquiti,Access Point,EAP225,02:00:00:00:08:46,SN-ACCESSPOINT-02118,dual_band
MikroTik,Router,hEX-S,02:00:00:00:08:47,SN-ROUTER-02119,single_band
Netgear,Switch,GS308,02:00:00:00:08:48,SN-SWITCH-02120,dual_band
Nokia,ONU,G-140W-C,02:00:00:00:08:49,SN-ONU-02121,single_band
Huawei,ONT,HG8245H,02:00:00:00:08:4A,SN-ONT-02122,dual_band
ZTE,ONU,F601,02:00:00:00:08:4B,SN-ONU-02123,single_band
TP-Link,Router,Archer C6,02:00:00:00:08:4C,SN-ROUTER-02124,dual_band
Cisco,Modem,MB8600,02:00:00:00:08:4D,SN-MODEM-02125,single_band
Ubiquiti,Access Point,EAP225,02:00:00:00:08:4E,SN-ACCESSPOINT-02126,dual_band
MikroTik,Router,hEX-S,02:00:00:00:08:4F,SN-ROUTER-02127,single_band
Netgear,Switch,GS308,02:00:00:00:08:50,SN-SWITCH-02128,dual_band
Nokia,ONU,G-140W-C,02:00:00:00:08:51,SN-ONU-02129,single_band
Huawei,ONT,HG8245H,02:00:00:00:08:52,SN-ONT-02130,dual_band
ZTE,ONU,F601,02:00:00:00:08:53,SN-ONU-02131,single_band
TP-Link,Router,Archer C6,02:00:00:00:08:54,SN-ROUTER-02132,dual_band
Cisco,Modem,MB8600,02:00:00:00:08:55,SN-MODEM-02133,single_band
Ubiquiti,Access Point,EAP225,02:00:00:00:08:56,SN-ACCESSPOINT-02134,dual_band
MikroTik,Router,hEX-S,02:00:00:00:08:57,SN-ROUTER-02135,single_band
Netgear,Switch,GS308,02:00:00:00:08:58,SN-SWITCH-02136,dual_band
Nokia,ONU,G-140W-C,02:00:00:00:08:59,SN-ONU-02137,single_band
Huawei,ONT,HG8245H,02:00:00:00:08:5A,SN-ONT-02138,dual_band
ZTE,ONU,F601,02:00:00:00:08:5B,SN-ONU-02139,single_band
TP-Link,Router,Archer C6,02:00:00:00:08:5C,SN-ROUTER-02140,dual_band
Cisco,Modem,MB8600,02:00:00:00:08:5D,SN-MODEM-02141,single_band
Ubiquiti,Access Point,EAP225,02:00:00:00:08:5E,SN-ACCESSPOINT-02142,dual_band
MikroTik,Router,hEX-S,02:00:00:00:08:5F,SN-ROUTER-02143,single_band
Netgear,Switch,GS308,02:00:00:00:08:60,SN-SWITCH-02144,dual_band
Nokia,ONU,G-140W-C,02:00:00:00:08:61,SN-ONU-02145,single_band
Huawei,ONT,HG8245H,02:00:00:00:08:62,SN-ONT-02146,dual_band
ZTE,ONU,F601,02:00:00:00:08:63,SN-ONU-02147,single_band
TP-Link,Router,Archer C6,02:00:00:00:08:64,SN-ROUTER-02148,dual_band
Cisco,Modem,MB8600,02:00:00:00:08:65,SN-MODEM-02149,single_band
Ubiquiti,Access Point,EAP225,02:00:00:00:08:66,SN-ACCESSPOINT-02150,dual_band
MikroTik,Router,hEX-S,02:00:00:00:08:67,SN-ROUTER-02151,single_band
Netgear,Switch,GS308,02:00:00:00:08:68,SN-SWITCH-02152,dual_band
Nokia,ONU,G-140W-C,02:00:00:00:08:69,SN-ONU-02153,single_band
Huawei,ONT,HG8245H,02:00:00:00:08:6A,SN-ONT-02154,dual_band
ZTE,ONU,F601,02:00:00:00:08:6B,SN-ONU-02155,single_band
TP-Link,Router,Archer C6,02:00:00:00:08:6C,SN-ROUTER-02156,dual_band
Cisco,Modem,MB8600,02:00:00:00:08:6D,SN-MODEM-02157,single_band
Ubiquiti,Access Point,EAP225,02:00:00:00:08:6E,SN-ACCESSPOINT-02158,dual_band
MikroTik,Router,hEX-S,02:00:00:00:08:6F,SN-ROUTER-02159,single_band
Netgear,Switch,GS308,02:00:00:00:08:70,SN-SWITCH-02160,dual_band
Nokia,ONU,G-140W-C,02:00:00:00:08:71,SN-ONU-02161,single_band
Huawei,ONT,HG8245H,02:00:00:00:08:72,SN-ONT-02162,dual_band
ZTE,ONU,F601,02:00:00:00:08:73,SN-ONU-02163,single_band
TP-Link,Router,Archer C6,02:00:00:00:08:74,SN-ROUTER-02164,dual_band
Cisco,Modem,MB8600,02:00:00:00:08:75,SN-MODEM-02165,single_band
Ubiquiti,Access Point,EAP225,02:00:00:00:08:76,SN-ACCESSPOINT-02166,dual_band
MikroTik,Router,hEX-S,02:00:00:00:08:77,SN-ROUTER-02167,single_band
Netgear,Switch,GS308,02:00:00:00:08:78,SN-SWITCH-02168,dual_band
Nokia,ONU,G-140W-C,02:00:00:00:08:79,SN-ONU-02169,single_band
Huawei,ONT,HG8245H,02:00:00:00:08:7A,SN-ONT-02170,dual_band
ZTE,ONU,F601,02:00:00:00:08:7B,SN-ONU-02171,single_band
TP-Link,Router,Archer C6,02:00:00:00:08:7C,SN-ROUTER-02172,dual_band
Cisco,Modem,MB8600,02:00:00:00:08:7D,SN-MODEM-02173,single_band
Ubiquiti,Access Point,EAP225,02:00:00:00:08:7E,SN-ACCESSPOINT-02174,dual_band
MikroTik,Router,hEX-S,02:00:00:00:08:7F,SN-ROUTER-02175,single_band
Netgear,Switch,GS308,02:00:00:00:08:80,SN-SWITCH-02176,dual_band
Nokia,ONU,G-140W-C,02:00:00:00:08:81,SN-ONU-02177,single_band
Huawei,ONT,HG8245H,02:00:00:00:08:82,SN-ONT-02178,dual_band
ZTE,ONU,F601,02:00:00:00:08:83,SN-ONU-02179,single_band
TP-Link,Router,Archer C6,02:00:00:00:08:84,SN-ROUTER-02180,dual_band
Cisco,Modem,MB8600,02:00:00:00:08:85,SN-MODEM-02181,single_band
Ubiquiti,Access Point,EAP225,02:00:00:00:08:86,SN-ACCESSPOINT-02182,dual_band
MikroTik,Router,hEX-S,02:00:00:00:08:87,SN-ROUTER-02183,single_band
Netgear,Switch,GS308,02:00:00:00:08:88,SN-SWITCH-02184,dual_band
Nokia,ONU,G-140W-C,02:00:00:00:08:89,SN-ONU-02185,single_band
Huawei,ONT,HG8245H,02:00:00:00:08:8A,SN-ONT-02186,dual_band
ZTE,ONU,F601,02:00:00:00:08:8B,SN-ONU-02187,single_band
TP-Link,Router,Archer C6,02:00:00:00:08:8C,SN-ROUTER-02188,dual_band
Cisco,Modem,MB8600,02:00:00:00:08:8D,SN-MODEM-02189,single_band
Ubiquiti,Access Point,EAP225,02:00:00:00:08:8E,SN-ACCESSPOINT-02190,dual_band
MikroTik,Router,hEX-S,02:00:00:00:08:8F,SN-ROUTER-02191,single_band
Netgear,Switch,GS308,02:00:00:00:08:90,SN-SWITCH-02192,dual_band
Nokia,ONU,G-140W-C,02:00:00:00:08:91,SN-ONU-02193,single_band
Huawei,ONT,HG8245H,02:00:00:00:08:92,SN-ONT-02194,dual_band
ZTE,ONU,F601,02:00:00:00:08:93,SN-ONU-02195,single_band
TP-Link,Router,Archer C6,02:00:00:00:08:94,SN-ROUTER-02196,dual_band
Cisco,Modem,MB8600,02:00:00:00:08:95,SN-MODEM-02197,single_band
Ubiquiti,Access Point,EAP225,02:00:00:00:08:96,SN-ACCESSPOINT-02198,dual_band
MikroTik,Router,hEX-S,02:00:00:00:08:97,SN-ROUTER-02199,single_band
Netgear,Switch,GS308,02:00:00:00:08:98,SN-SWITCH-02200,dual_band
Nokia,ONU,G-140W-C,02:00:00:00:08:99,SN-ONU-02201,single_band
Huawei,ONT,HG8245H,02:00:00:00:08:9A,SN-ONT-02202,dual_band
ZTE,ONU,F601,02:00:00:00:08:9B,SN-ONU-02203,single_band
TP-Link,Router,Archer C6,02:00:00:00:08:9C,SN-ROUTER-02204,dual_band
Cisco,Modem,MB8600,02:00:00:00:08:9D,SN-MODEM-02205,single_band
Ubiquiti,Access Point,EAP225,02:00:00:00:08:9E,SN-ACCESSPOINT-02206,dual_band
MikroTik,Router,hEX-S,02:00:00:00:08:9F,SN-ROUTER-02207,single_band
Netgear,Switch,GS308,02:00:00:00:08:A0,SN-SWITCH-02208,dual_band
Nokia,ONU,G-140W-C,02:00:00:00:08:A1,SN-ONU-02209,single_band
Huawei,ONT,HG8245H,02:00:00:00:08:A2,SN-ONT-02210,dual_band
ZTE,ONU,F601,02:00:00:00:08:A3,SN-ONU-02211,single_band
TP-Link,Router,Archer C6,02:00:00:00:08:A4,SN-ROUTER-02212,dual_band
Cisco,Modem,MB8600,02:00:00:00:08:A5,SN-MODEM-02213,single_band
Ubiquiti,Access Point,EAP225,02:00:00:00:08:A6,SN-ACCESSPOINT-02214,dual_band
MikroTik,Router,hEX-S,02:00:00:00:08:A7,SN-ROUTER-02215,single_band
Netgear,Switch,GS308,02:00:00:00:08:A8,SN-SWITCH-02216,dual_band
Nokia,ONU,G-140W-C,02:00:00:00:08:A9,SN-ONU-02217,single_band
Huawei,ONT,HG8245H,02:00:00:00:08:AA,SN-ONT-02218,dual_band
ZTE,ONU,F601,02:00:00:00:08:AB,SN-ONU-02219,single_band
TP-Link,Router,Archer C6,02:00:00:00:08:AC,SN-ROUTER-02220,dual_band
Cisco,Modem,MB8600,02:00:00:00:08:AD,SN-MODEM-02221,single_band
Ubiquiti,Access Point,EAP225,02:00:00:00:08:AE,SN-ACCESSPOINT-02222,dual_band
MikroTik,Router,hEX-S,02:00:00:00:08:AF,SN-ROUTER-02223,single_band
Netgear,Switch,GS308,02:00:00:00:08:B0,SN-SWITCH-02224,dual_band
Nokia,ONU,G-140W-C,02:00:00:00:08:B1,SN-ONU-02225,single_band
Huawei,ONT,HG8245H,02:00:00:00:08:B2,SN-ONT-02226,dual_band
ZTE,ONU,F601,02:00:00:00:08:B3,SN-ONU-02227,single_band
TP-Link,Router,Archer C6,02:00:00:00:08:B4,SN-ROUTER-02228,dual_band
Cisco,Modem,MB8600,02:00:00:00:08:B5,SN-MODEM-02229,single_band
Ubiquiti,Access Point,EAP225,02:00:00:00:08:B6,SN-ACCESSPOINT-02230,dual_band
MikroTik,Router,hEX-S,02:00:00:00:08:B7,SN-ROUTER-02231,single_band
Netgear,Switch,GS308,02:00:00:00:08:B8,SN-SWITCH-02232,dual_band
Nokia,ONU,G-140W-C,02:00:00:00:08:B9,SN-ONU-02233,single_band
Huawei,ONT,HG8245H,02:00:00:00:08:BA,SN-ONT-02234,dual_band
ZTE,ONU,F601,02:00:00:00:08:BB,SN-ONU-02235,single_band
TP-Link,Router,Archer C6,02:00:00:00:08:BC,SN-ROUTER-02236,dual_band
Cisco,Modem,MB8600,02:00:00:00:08:BD,SN-MODEM-02237,single_band
Ubiquiti,Access Point,EAP225,02:00:00:00:08:BE,SN-ACCESSPOINT-02238,dual_band
MikroTik,Router,hEX-S,02:00:00:00:08:BF,SN-ROUTER-02239,single_band
Netgear,Switch,GS308,02:00:00:00:08:C0,SN-SWITCH-02240,dual_band
Nokia,ONU,G-140W-C,02:00:00:00:08:C1,SN-ONU-02241,single_band
Huawei,ONT,HG8245H,02:00:00:00:08:C2,SN-ONT-02242,dual_band
ZTE,ONU,F601,02:00:00:00:08:C3,SN-ONU-02243,single_band
TP-Link,Router,Archer C6,02:00:00:00:08:C4,SN-ROUTER-02244,dual_band
Cisco,Modem,MB8600,02:00:00:00:08:C5,SN-MODEM-02245,single_band
Ubiquiti,Access Point,EAP225,02:00:00:00:08:C6,SN-ACCESSPOINT-02246,dual_band
MikroTik,Router,hEX-S,02:00:00:00:08:C7,SN-ROUTER-02247,single_band
Netgear,Switch,GS308,02:00:00:00:08:C8,SN-SWITCH-02248,dual_band
Nokia,ONU,G-140W-C,02:00:00:00:08:C9,SN-ONU-02249,single_band
Huawei,ONT,HG8245H,02:00:00:00:08:CA,SN-ONT-02250,dual_band
ZTE,ONU,F601,02:00:00:00:08:CB,SN-ONU-02251,single_band
TP-Link,Router,Archer C6,02:00:00:00:08:CC,SN-ROUTER-02252,dual_band
Cisco,Modem,MB8600,02:00:00:00:08:CD,SN-MODEM-02253,single_band
Ubiquiti,Access Point,EAP225,02:00:00:00:08:CE,SN-ACCESSPOINT-02254,dual_band
MikroTik,Router,hEX-S,02:00:00:00:08:CF,SN-ROUTER-02255,single_band
Netgear,Switch,GS308,02:00:00:00:08:D0,SN-SWITCH-02256,dual_band
Nokia,ONU,G-140W-C,02:00:00:00:08:D1,SN-ONU-02257,single_band
Huawei,ONT,HG8245H,02:00:00:00:08:D2,SN-ONT-02258,dual_band
ZTE,ONU,F601,02:00:00:00:08:D3,SN-ONU-02259,single_band
TP-Link,Router,Archer C6,02:00:00:00:08:D4,SN-ROUTER-02260,dual_band
Cisco,Modem,MB8600,02:00:00:00:08:D5,SN-MODEM-02261,single_band
Ubiquiti,Access Point,EAP225,02:00:00:00:08:D6,SN-ACCESSPOINT-02262,dual_band
MikroTik,Router,hEX-S,02:00:00:00:08:D7,SN-ROUTER-02263,single_band
Netgear,Switch,GS308,02:00:00:00:08:D8,SN-SWITCH-02264,dual_band
Nokia,ONU,G-140W-C,02:00:00:00:08:D9,SN-ONU-02265,single_band
Huawei,ONT,HG8245H,02:00:00:00:08:DA,SN-ONT-02266,dual_band
ZTE,ONU,F601,02:00:00:00:08:DB,SN-ONU-02267,single_band
TP-Link,Router,Archer C6,02:00:00:00:08:DC,SN-ROUTER-02268,dual_band
Cisco,Modem,MB8600,02:00:00:00:08:DD,SN-MODEM-02269,single_band
Ubiquiti,Access Point,EAP225,02:00:00:00:08:DE,SN-ACCESSPOINT-02270,dual_band
MikroTik,Router,hEX-S,02:00:00:00:08:DF,SN-ROUTER-02271,single_band
Netgear,Switch,GS308,02:00:00:00:08:E0,SN-SWITCH-02272,dual_band
Nokia,ONU,G-140W-C,02:00:00:00:08:E1,SN-ONU-02273,single_band
Huawei,ONT,HG8245H,02:00:00:00:08:E2,SN-ONT-02274,dual_band
ZTE,ONU,F601,02:00:00:00:08:E3,SN-ONU-02275,single_band
TP-Link,Router,Archer C6,02:00:00:00:08:E4,SN-ROUTER-02276,dual_band
Cisco,Modem,MB8600,02:00:00:00:08:E5,SN-MODEM-02277,single_band
Ubiquiti,Access Point,EAP225,02:00:00:00:08:E6,SN-ACCESSPOINT-02278,dual_band
MikroTik,Router,hEX-S,02:00:00:00:08:E7,SN-ROUTER-02279,single_band
Netgear,Switch,GS308,02:00:00:00:08:E8,SN-SWITCH-02280,dual_band
Nokia,ONU,G-140W-C,02:00:00:00:08:E9,SN-ONU-02281,single_band
Huawei,ONT,HG8245H,02:00:00:00:08:EA,SN-ONT-02282,dual_band
ZTE,ONU,F601,02:00:00:00:08:EB,SN-ONU-02283,single_band
TP-Link,Router,Archer C6,02:00:00:00:08:EC,SN-ROUTER-02284,dual_band
Cisco,Modem,MB8600,02:00:00:00:08:ED,SN-MODEM-02285,single_band
Ubiquiti,Access Point,EAP225,02:00:00:00:08:EE,SN-ACCESSPOINT-02286,dual_band
MikroTik,Router,hEX-S,02:00:00:00:08:EF,SN-ROUTER-02287,single_band
Netgear,Switch,GS308,02:00:00:00:08:F0,SN-SWITCH-02288,dual_band
Nokia,ONU,G-140W-C,02:00:00:00:08:F1,SN-ONU-02289,single_band
Huawei,ONT,HG8245H,02:00:00:00:08:F2,SN-ONT-02290,dual_band
ZTE,ONU,F601,02:00:00:00:08:F3,SN-ONU-02291,single_band
TP-Link,Router,Archer C6,02:00:00:00:08:F4,SN-ROUTER-02292,dual_band
Cisco,Modem,MB8600,02:00:00:00:08:F5,SN-MODEM-02293,single_band
Ubiquiti,Access Point,EAP225,02:00:00:00:08:F6,SN-ACCESSPOINT-02294,dual_band
MikroTik,Router,hEX-S,02:00:00:00:08:F7,SN-ROUTER-02295,single_band
Netgear,Switch,GS308,02:00:00:00:08:F8,SN-SWITCH-02296,dual_band
Nokia,ONU,G-140W-C,02:00:00:00:08:F9,SN-ONU-02297,single_band
Huawei,ONT,HG8245H,02:00:00:00:08:FA,SN-ONT-02298,dual_band
ZTE,ONU,F601,02:00:00:00:08:FB,SN-ONU-02299,single_band
TP-Link,Router,Archer C6,02:00:00:00:08:FC,SN-ROUTER-02300,dual_band
Cisco,Modem,MB8600,02:00:00:00:08:FD,SN-MODEM-02301,single_band
Ubiquiti,Access Point,EAP225,02:00:00:00:08:FE,SN-ACCESSPOINT-02302,dual_band
MikroTik,Router,hEX-S,02:00:00:00:08:FF,SN-ROUTER-02303,single_band
Netgear,Switch,GS308,02:00:00:00:09:00,SN-SWITCH-02304,dual_band
Nokia,ONU,G-140W-C,02:00:00:00:09:01,SN-ONU-02305,single_band
Huawei,ONT,HG8245H,02:00:00:00:09:02,SN-ONT-02306,dual_band
ZTE,ONU,F601,02:00:00:00:09:03,SN-ONU-02307,single_band
TP-Link,Router,Archer C6,02:00:00:00:09:04,SN-ROUTER-02308,dual_band
Cisco,Modem,MB8600,02:00:00:00:09:05,SN-MODEM-02309,single_band
Ubiquiti,Access Point,EAP225,02:00:00:00:09:06,SN-ACCESSPOINT-02310,dual_band
MikroTik,Router,hEX-S,02:00:00:00:09:07,SN-ROUTER-02311,single_band
Netgear,Switch,GS308,02:00:00:00:09:08,SN-SWITCH-02312,dual_band
Nokia,ONU,G-140W-C,02:00:00:00:09:09,SN-ONU-02313,single_band
Huawei,ONT,HG8245H,02:00:00:00:09:0A,SN-ONT-02314,dual_band
ZTE,ONU,F601,02:00:00:00:09:0B,SN-ONU-02315,single_band
TP-Link,Router,Archer C6,02:00:00:00:09:0C,SN-ROUTER-02316,dual_band
Cisco,Modem,MB8600,02:00:00:00:09:0D,SN-MODEM-02317,single_band
Ubiquiti,Access Point,EAP225,02:00:00:00:09:0E,SN-ACCESSPOINT-02318,dual_band
MikroTik,Router,hEX-S,02:00:00:00:09:0F,SN-ROUTER-02319,single_band
Netgear,Switch,GS308,02:00:00:00:09:10,SN-SWITCH-02320,dual_band
Nokia,ONU,G-140W-C,02:00:00:00:09:11,SN-ONU-02321,single_band
Huawei,ONT,HG8245H,02:00:00:00:09:12,SN-ONT-02322,dual_band
ZTE,ONU,F601,02:00:00:00:09:13,SN-ONU-02323,single_band
TP-Link,Router,Archer C6,02:00:00:00:09:14,SN-ROUTER-02324,dual_band
Cisco,Modem,MB8600,02:00:00:00:09:15,SN-MODEM-02325,single_band
Ubiquiti,Access Point,EAP225,02:00:00:00:09:16,SN-ACCESSPOINT-02326,dual_band
MikroTik,Router,hEX-S,02:00:00:00:09:17,SN-ROUTER-02327,single_band
Netgear,Switch,GS308,02:00:00:00:09:18,SN-SWITCH-02328,dual_band
Nokia,ONU,G-140W-C,02:00:00:00:09:19,SN-ONU-02329,single_band
Huawei,ONT,HG8245H,02:00:00:00:09:1A,SN-ONT-02330,dual_band
ZTE,ONU,F601,02:00:00:00:09:1B,SN-ONU-02331,single_band
TP-Link,Router,Archer C6,02:00:00:00:09:1C,SN-ROUTER-02332,dual_band
Cisco,Modem,MB8600,02:00:00:00:09:1D,SN-MODEM-02333,single_band
Ubiquiti,Access Point,EAP225,02:00:00:00:09:1E,SN-ACCESSPOINT-02334,dual_band
MikroTik,Router,hEX-S,02:00:00:00:09:1F,SN-ROUTER-02335,single_band
Netgear,Switch,GS308,02:00:00:00:09:20,SN-SWITCH-02336,dual_band
Nokia,ONU,G-140W-C,02:00:00:00:09:21,SN-ONU-02337,single_band
Huawei,ONT,HG8245H,02:00:00:00:09:22,SN-ONT-02338,dual_band
ZTE,ONU,F601,02:00:00:00:09:23,SN-ONU-02339,single_band
TP-Link,Router,Archer C6,02:00:00:00:09:24,SN-ROUTER-02340,dual_band
Cisco,Modem,MB8600,02:00:00:00:09:25,SN-MODEM-02341,single_band
Ubiquiti,Access Point,EAP225,02:00:00:00:09:26,SN-ACCESSPOINT-02342,dual_band
MikroTik,Router,hEX-S,02:00:00:00:09:27,SN-ROUTER-02343,single_band
Netgear,Switch,GS308,02:00:00:00:09:28,SN-SWITCH-02344,dual_band
Nokia,ONU,G-140W-C,02:00:00:00:09:29,SN-ONU-02345,single_band
Huawei,ONT,HG8245H,02:00:00:00:09:2A,SN-ONT-02346,dual_band
ZTE,ONU,F601,02:00:00:00:09:2B,SN-ONU-02347,single_band
TP-Link,Router,Archer C6,02:00:00:00:09:2C,SN-ROUTER-02348,dual_band
Cisco,Modem,MB8600,02:00:00:00:09:2D,SN-MODEM-02349,single_band
Ubiquiti,Access Point,EAP225,02:00:00:00:09:2E,SN-ACCESSPOINT-02350,dual_band
MikroTik,Router,hEX-S,02:00:00:00:09:2F,SN-ROUTER-02351,single_band
Netgear,Switch,GS308,02:00:00:00:09:30,SN-SWITCH-02352,dual_band
Nokia,ONU,G-140W-C,02:00:00:00:09:31,SN-ONU-02353,single_band
Huawei,ONT,HG8245H,02:00:00:00:09:32,SN-ONT-02354,dual_band
ZTE,ONU,F601,02:00:00:00:09:33,SN-ONU-02355,single_band
TP-Link,Router,Archer C6,02:00:00:00:09:34,SN-ROUTER-02356,dual_band
Cisco,Modem,MB8600,02:00:00:00:09:35,SN-MODEM-02357,single_band
Ubiquiti,Access Point,EAP225,02:00:00:00:09:36,SN-ACCESSPOINT-02358,dual_band
MikroTik,Router,hEX-S,02:00:00:00:09:37,SN-ROUTER-02359,single_band
Netgear,Switch,GS308,02:00:00:00:09:38,SN-SWITCH-02360,dual_band
Nokia,ONU,G-140W-C,02:00:00:00:09:39,SN-ONU-02361,single_band
Huawei,ONT,HG8245H,02:00:00:00:09:3A,SN-ONT-02362,dual_band
ZTE,ONU,F601,02:00:00:00:09:3B,SN-ONU-02363,single_band
TP-Link,Router,Archer C6,02:00:00:00:09:3C,SN-ROUTER-02364,dual_band
Cisco,Modem,MB8600,02:00:00:00:09:3D,SN-MODEM-02365,single_band
Ubiquiti,Access Point,EAP225,02:00:00:00:09:3E,SN-ACCESSPOINT-02366,dual_band
MikroTik,Router,hEX-S,02:00:00:00:09:3F,SN-ROUTER-02367,single_band
Netgear,Switch,GS308,02:00:00:00:09:40,SN-SWITCH-02368,dual_band
Nokia,ONU,G-140W-C,02:00:00:00:09:41,SN-ONU-02369,single_band
Huawei,ONT,HG8245H,02:00:00:00:09:42,SN-ONT-02370,dual_band
ZTE,ONU,F601,02:00:00:00:09:43,SN-ONU-02371,single_band
TP-Link,Router,Archer C6,02:00:00:00:09:44,SN-ROUTER-02372,dual_band
Cisco,Modem,MB8600,02:00:00:00:09:45,SN-MODEM-02373,single_band
Ubiquiti,Access Point,EAP225,02:00:00:00:09:46,SN-ACCESSPOINT-02374,dual_band
MikroTik,Router,hEX-S,02:00:00:00:09:47,SN-ROUTER-02375,single_band
Netgear,Switch,GS308,02:00:00:00:09:48,SN-SWITCH-02376,dual_band
Nokia,ONU,G-140W-C,02:00:00:00:09:49,SN-ONU-02377,single_band
Huawei,ONT,HG8245H,02:00:00:00:09:4A,SN-ONT-02378,dual_band
ZTE,ONU,F601,02:00:00:00:09:4B,SN-ONU-02379,single_band
TP-Link,Router,Archer C6,02:00:00:00:09:4C,SN-ROUTER-02380,dual_band
Cisco,Modem,MB8600,02:00:00:00:09:4D,SN-MODEM-02381,single_band
Ubiquiti,Access Point,EAP225,02:00:00:00:09:4E,SN-ACCESSPOINT-02382,dual_band
MikroTik,Router,hEX-S,02:00:00:00:09:4F,SN-ROUTER-02383,single_band
Netgear,Switch,GS308,02:00:00:00:09:50,SN-SWITCH-02384,dual_band
Nokia,ONU,G-140W-C,02:00:00:00:09:51,SN-ONU-02385,single_band
Huawei,ONT,HG8245H,02:00:00:00:09:52,SN-ONT-02386,dual_band
ZTE,ONU,F601,02:00:00:00:09:53,SN-ONU-02387,single_band
TP-Link,Router,Archer C6,02:00:00:00:09:54,SN-ROUTER-02388,dual_band
Cisco,Modem,MB8600,02:00:00:00:09:55,SN-MODEM-02389,single_band
Ubiquiti,Access Point,EAP225,02:00:00:00:09:56,SN-ACCESSPOINT-02390,dual_band
MikroTik,Router,hEX-S,02:00:00:00:09:57,SN-ROUTER-02391,single_band
Netgear,Switch,GS308,02:00:00:00:09:58,SN-SWITCH-02392,dual_band
Nokia,ONU,G-140W-C,02:00:00:00:09:59,SN-ONU-02393,single_band
Huawei,ONT,HG8245H,02:00:00:00:09:5A,SN-ONT-02394,dual_band
ZTE,ONU,F601,02:00:00:00:09:5B,SN-ONU-02395,single_band
TP-Link,Router,Archer C6,02:00:00:00:09:5C,SN-ROUTER-02396,dual_band
Cisco,Modem,MB8600,02:00:00:00:09:5D,SN-MODEM-02397,single_band
Ubiquiti,Access Point,EAP225,02:00:00:00:09:5E,SN-ACCESSPOINT-02398,dual_band
MikroTik,Router,hEX-S,02:00:00:00:09:5F,SN-ROUTER-02399,single_band
Netgear,Switch,GS308,02:00:00:00:09:60,SN-SWITCH-02400,dual_band
Nokia,ONU,G-140W-C,02:00:00:00:09:61,SN-ONU-02401,single_band
Huawei,ONT,HG8245H,02:00:00:00:09:62,SN-ONT-02402,dual_band
ZTE,ONU,F601,02:00:00:00:09:63,SN-ONU-02403,single_band
TP-Link,Router,Archer C6,02:00:00:00:09:64,SN-ROUTER-02404,dual_band
Cisco,Modem,MB8600,02:00:00:00:09:65,SN-MODEM-02405,single_band
Ubiquiti,Access Point,EAP225,02:00:00:00:09:66,SN-ACCESSPOINT-02406,dual_band
MikroTik,Router,hEX-S,02:00:00:00:09:67,SN-ROUTER-02407,single_band
Netgear,Switch,GS308,02:00:00:00:09:68,SN-SWITCH-02408,dual_band
Nokia,ONU,G-140W-C,02:00:00:00:09:69,SN-ONU-02409,single_band
Huawei,ONT,HG8245H,02:00:00:00:09:6A,SN-ONT-02410,dual_band
ZTE,ONU,F601,02:00:00:00:09:6B,SN-ONU-02411,single_band
TP-Link,Router,Archer C6,02:00:00:00:09:6C,SN-ROUTER-02412,dual_band
Cisco,Modem,MB8600,02:00:00:00:09:6D,SN-MODEM-02413,single_band
Ubiquiti,Access Point,EAP225,02:00:00:00:09:6E,SN-ACCESSPOINT-02414,dual_band
MikroTik,Router,hEX-S,02:00:00:00:09:6F,SN-ROUTER-02415,single_band
Netgear,Switch,GS308,02:00:00:00:09:70,SN-SWITCH-02416,dual_band
Nokia,ONU,G-140W-C,02:00:00:00:09:71,SN-ONU-02417,single_band
Huawei,ONT,HG8245H,02:00:00:00:09:72,SN-ONT-02418,dual_band
ZTE,ONU,F601,02:00:00:00:09:73,SN-ONU-02419,single_band
TP-Link,Router,Archer C6,02:00:00:00:09:74,SN-ROUTER-02420,dual_band
Cisco,Modem,MB8600,02:00:00:00:09:75,SN-MODEM-02421,single_band
Ubiquiti,Access Point,EAP225,02:00:00:00:09:76,SN-ACCESSPOINT-02422,dual_band
MikroTik,Router,hEX-S,02:00:00:00:09:77,SN-ROUTER-02423,single_band
Netgear,Switch,GS308,02:00:00:00:09:78,SN-SWITCH-02424,dual_band
Nokia,ONU,G-140W-C,02:00:00:00:09:79,SN-ONU-02425,single_band
Huawei,ONT,HG8245H,02:00:00:00:09:7A,SN-ONT-02426,dual_band
ZTE,ONU,F601,02:00:00:00:09:7B,SN-ONU-02427,single_band
TP-Link,Router,Archer C6,02:00:00:00:09:7C,SN-ROUTER-02428,dual_band
Cisco,Modem,MB8600,02:00:00:00:09:7D,SN-MODEM-02429,single_band
Ubiquiti,Access Point,EAP225,02:00:00:00:09:7E,SN-ACCESSPOINT-02430,dual_band
MikroTik,Router,hEX-S,02:00:00:00:09:7F,SN-ROUTER-02431,single_band
Netgear,Switch,GS308,02:00:00:00:09:80,SN-SWITCH-02432,dual_band
Nokia,ONU,G-140W-C,02:00:00:00:09:81,SN-ONU-02433,single_band
Huawei,ONT,HG8245H,02:00:00:00:09:82,SN-ONT-02434,dual_band
ZTE,ONU,F601,02:00:00:00:09:83,SN-ONU-02435,single_band
TP-Link,Router,Archer C6,02:00:00:00:09:84,SN-ROUTER-02436,dual_band
Cisco,Modem,MB8600,02:00:00:00:09:85,SN-MODEM-02437,single_band
Ubiquiti,Access Point,EAP225,02:00:00:00:09:86,SN-ACCESSPOINT-02438,dual_band
MikroTik,Router,hEX-S,02:00:00:00:09:87,SN-ROUTER-02439,single_band
Netgear,Switch,GS308,02:00:00:00:09:88,SN-SWITCH-02440,dual_band
Nokia,ONU,G-140W-C,02:00:00:00:09:89,SN-ONU-02441,single_band
Huawei,ONT,HG8245H,02:00:00:00:09:8A,SN-ONT-02442,dual_band
ZTE,ONU,F601,02:00:00:00:09:8B,SN-ONU-02443,single_band
TP-Link,Router,Archer C6,02:00:00:00:09:8C,SN-ROUTER-02444,dual_band
Cisco,Modem,MB8600,02:00:00:00:09:8D,SN-MODEM-02445,single_band
Ubiquiti,Access Point,EAP225,02:00:00:00:09:8E,SN-ACCESSPOINT-02446,dual_band
MikroTik,Router,hEX-S,02:00:00:00:09:8F,SN-ROUTER-02447,single_band
Netgear,Switch,GS308,02:00:00:00:09:90,SN-SWITCH-02448,dual_band
Nokia,ONU,G-140W-C,02:00:00:00:09:91,SN-ONU-02449,single_band
Huawei,ONT,HG8245H,02:00:00:00:09:92,SN-ONT-02450,dual_band
ZTE,ONU,F601,02:00:00:00:09:93,SN-ONU-02451,single_band
TP-Link,Router,Archer C6,02:00:00:00:09:94,SN-ROUTER-02452,dual_band
Cisco,Modem,MB8600,02:00:00:00:09:95,SN-MODEM-02453,single_band
Ubiquiti,Access Point,EAP225,02:00:00:00:09:96,SN-ACCESSPOINT-02454,dual_band
MikroTik,Router,hEX-S,02:00:00:00:09:97,SN-ROUTER-02455,single_band
Netgear,Switch,GS308,02:00:00:00:09:98,SN-SWITCH-02456,dual_band
Nokia,ONU,G-140W-C,02:00:00:00:09:99,SN-ONU-02457,single_band
Huawei,ONT,HG8245H,02:00:00:00:09:9A,SN-ONT-02458,dual_band
ZTE,ONU,F601,02:00:00:00:09:9B,SN-ONU-02459,single_band
TP-Link,Router,Archer C6,02:00:00:00:09:9C,SN-ROUTER-02460,dual_band
Cisco,Modem,MB8600,02:00:00:00:09:9D,SN-MODEM-02461,single_band
Ubiquiti,Access Point,EAP225,02:00:00:00:09:9E,SN-ACCESSPOINT-02462,dual_band
MikroTik,Router,hEX-S,02:00:00:00:09:9F,SN-ROUTER-02463,single_band
Netgear,Switch,GS308,02:00:00:00:09:A0,SN-SWITCH-02464,dual_band
Nokia,ONU,G-140W-C,02:00:00:00:09:A1,SN-ONU-02465,single_band
Huawei,ONT,HG8245H,02:00:00:00:09:A2,SN-ONT-02466,dual_band
ZTE,ONU,F601,02:00:00:00:09:A3,SN-ONU-02467,single_band
TP-Link,Router,Archer C6,02:00:00:00:09:A4,SN-ROUTER-02468,dual_band
Cisco,Modem,MB8600,02:00:00:00:09:A5,SN-MODEM-02469,single_band
Ubiquiti,Access Point,EAP225,02:00:00:00:09:A6,SN-ACCESSPOINT-02470,dual_band
MikroTik,Router,hEX-S,02:00:00:00:09:A7,SN-ROUTER-02471,single_band
Netgear,Switch,GS308,02:00:00:00:09:A8,SN-SWITCH-02472,dual_band
Nokia,ONU,G-140W-C,02:00:00:00:09:A9,SN-ONU-02473,single_band
Huawei,ONT,HG8245H,02:00:00:00:09:AA,SN-ONT-02474,dual_band
ZTE,ONU,F601,02:00:00:00:09:AB,SN-ONU-02475,single_band
TP-Link,Router,Archer C6,02:00:00:00:09:AC,SN-ROUTER-02476,dual_band
Cisco,Modem,MB8600,02:00:00:00:09:AD,SN-MODEM-02477,single_band
Ubiquiti,Access Point,EAP225,02:00:00:00:09:AE,SN-ACCESSPOINT-02478,dual_band
MikroTik,Router,hEX-S,02:00:00:00:09:AF,SN-ROUTER-02479,single_band
Netgear,Switch,GS308,02:00:00:00:09:B0,SN-SWITCH-02480,dual_band
Nokia,ONU,G-140W-C,02:00:00:00:09:B1,SN-ONU-02481,single_band
Huawei,ONT,HG8245H,02:00:00:00:09:B2,SN-ONT-02482,dual_band
ZTE,ONU,F601,02:00:00:00:09:B3,SN-ONU-02483,single_band
TP-Link,Router,Archer C6,02:00:00:00:09:B4,SN-ROUTER-02484,dual_band
Cisco,Modem,MB8600,02:00:00:00:09:B5,SN-MODEM-02485,single_band
Ubiquiti,Access Point,EAP225,02:00:00:00:09:B6,SN-ACCESSPOINT-02486,dual_band
MikroTik,Router,hEX-S,02:00:00:00:09:B7,SN-ROUTER-02487,single_band
Netgear,Switch,GS308,02:00:00:00:09:B8,SN-SWITCH-02488,dual_band
Nokia,ONU,G-140W-C,02:00:00:00:09:B9,SN-ONU-02489,single_band
Huawei,ONT,HG8245H,02:00:00:00:09:BA,SN-ONT-02490,dual_band
ZTE,ONU,F601,02:00:00:00:09:BB,SN-ONU-02491,single_band
TP-Link,Router,Archer C6,02:00:00:00:09:BC,SN-ROUTER-02492,dual_band
Cisco,Modem,MB8600,02:00:00:00:09:BD,SN-MODEM-02493,single_band
Ubiquiti,Access Point,EAP225,02:00:00:00:09:BE,SN-ACCESSPOINT-02494,dual_band
MikroTik,Router,hEX-S,02:00:00:00:09:BF,SN-ROUTER-02495,single_band
Netgear,Switch,GS308,02:00:00:00:09:C0,SN-SWITCH-02496,dual_band
Nokia,ONU,G-140W-C,02:00:00:00:09:C1,SN-ONU-02497,single_band
Huawei,ONT,HG8245H,02:00:00:00:09:C2,SN-ONT-02498,dual_band
ZTE,ONU,F601,02:00:00:00:09:C3,SN-ONU-02499,single_band
TP-Link,Router,Archer C6,02:00:00:00:09:C4,SN-ROUTER-02500,dual_band
Cisco,Modem,MB8600,02:00:00:00:09:C5,SN-MODEM-02501,single_band
Ubiquiti,Access Point,EAP225,02:00:00:00:09:C6,SN-ACCESSPOINT-02502,dual_band
MikroTik,Router,hEX-S,02:00:00:00:09:C7,SN-ROUTER-02503,single_band
Netgear,Switch,GS308,02:00:00:00:09:C8,SN-SWITCH-02504,dual_band
Nokia,ONU,G-140W-C,02:00:00:00:09:C9,SN-ONU-02505,single_band
Huawei,ONT,HG8245H,02:00:00:00:09:CA,SN-ONT-02506,dual_band
ZTE,ONU,F601,02:00:00:00:09:CB,SN-ONU-02507,single_band
TP-Link,Router,Archer C6,02:00:00:00:09:CC,SN-ROUTER-02508,dual_band
Cisco,Modem,MB8600,02:00:00:00:09:CD,SN-MODEM-02509,single_band
Ubiquiti,Access Point,EAP225,02:00:00:00:09:CE,SN-ACCESSPOINT-02510,dual_band
MikroTik,Router,hEX-S,02:00:00:00:09:CF,SN-ROUTER-02511,single_band
Netgear,Switch,GS308,02:00:00:00:09:D0,SN-SWITCH-02512,dual_band
Nokia,ONU,G-140W-C,02:00:00:00:09:D1,SN-ONU-02513,single_band
Huawei,ONT,HG8245H,02:00:00:00:09:D2,SN-ONT-02514,dual_band
ZTE,ONU,F601,02:00:00:00:09:D3,SN-ONU-02515,single_band
TP-Link,Router,Archer C6,02:00:00:00:09:D4,SN-ROUTER-02516,dual_band
Cisco,Modem,MB8600,02:00:00:00:09:D5,SN-MODEM-02517,single_band
Ubiquiti,Access Point,EAP225,02:00:00:00:09:D6,SN-ACCESSPOINT-02518,dual_band
MikroTik,Router,hEX-S,02:00:00:00:09:D7,SN-ROUTER-02519,single_band
Netgear,Switch,GS308,02:00:00:00:09:D8,SN-SWITCH-02520,dual_band
Nokia,ONU,G-140W-C,02:00:00:00:09:D9,SN-ONU-02521,single_band
Huawei,ONT,HG8245H,02:00:00:00:09:DA,SN-ONT-02522,dual_band
ZTE,ONU,F601,02:00:00:00:09:DB,SN-ONU-02523,single_band
TP-Link,Router,Archer C6,02:00:00:00:09:DC,SN-ROUTER-02524,dual_band
Cisco,Modem,MB8600,02:00:00:00:09:DD,SN-MODEM-02525,single_band
Ubiquiti,Access Point,EAP225,02:00:00:00:09:DE,SN-ACCESSPOINT-02526,dual_band
MikroTik,Router,hEX-S,02:00:00:00:09:DF,SN-ROUTER-02527,single_band
Netgear,Switch,GS308,02:00:00:00:09:E0,SN-SWITCH-02528,dual_band
Nokia,ONU,G-140W-C,02:00:00:00:09:E1,SN-ONU-02529,single_band
Huawei,ONT,HG8245H,02:00:00:00:09:E2,SN-ONT-02530,dual_band
ZTE,ONU,F601,02:00:00:00:09:E3,SN-ONU-02531,single_band
TP-Link,Router,Archer C6,02:00:00:00:09:E4,SN-ROUTER-02532,dual_band
Cisco,Modem,MB8600,02:00:00:00:09:E5,SN-MODEM-02533,single_band
Ubiquiti,Access Point,EAP225,02:00:00:00:09:E6,SN-ACCESSPOINT-02534,dual_band
MikroTik,Router,hEX-S,02:00:00:00:09:E7,SN-ROUTER-02535,single_band
Netgear,Switch,GS308,02:00:00:00:09:E8,SN-SWITCH-02536,dual_band
Nokia,ONU,G-140W-C,02:00:00:00:09:E9,SN-ONU-02537,single_band
Huawei,ONT,HG8245H,02:00:00:00:09:EA,SN-ONT-02538,dual_band
ZTE,ONU,F601,02:00:00:00:09:EB,SN-ONU-02539,single_band
TP-Link,Router,Archer C6,02:00:00:00:09:EC,SN-ROUTER-02540,dual_band
Cisco,Modem,MB8600,02:00:00:00:09:ED,SN-MODEM-02541,single_band
Ubiquiti,Access Point,EAP225,02:00:00:00:09:EE,SN-ACCESSPOINT-02542,dual_band
MikroTik,Router,hEX-S,02:00:00:00:09:EF,SN-ROUTER-02543,single_band
Netgear,Switch,GS308,02:00:00:00:09:F0,SN-SWITCH-02544,dual_band
Nokia,ONU,G-140W-C,02:00:00:00:09:F1,SN-ONU-02545,single_band
Huawei,ONT,HG8245H,02:00:00:00:09:F2,SN-ONT-02546,dual_band
ZTE,ONU,F601,02:00:00:00:09:F3,SN-ONU-02547,single_band
TP-Link,Router,Archer C6,02:00:00:00:09:F4,SN-ROUTER-02548,dual_band
Cisco,Modem,MB8600,02:00:00:00:09:F5,SN-MODEM-02549,single_band
Ubiquiti,Access Point,EAP225,02:00:00:00:09:F6,SN-ACCESSPOINT-02550,dual_band
MikroTik,Router,hEX-S,02:00:00:00:09:F7,SN-ROUTER-02551,single_band
Netgear,Switch,GS308,02:00:00:00:09:F8,SN-SWITCH-02552,dual_band
Nokia,ONU,G-140W-C,02:00:00:00:09:F9,SN-ONU-02553,single_band
Huawei,ONT,HG8245H,02:00:00:00:09:FA,SN-ONT-02554,dual_band
ZTE,ONU,F601,02:00:00:00:09:FB,SN-ONU-02555,single_band
TP-Link,Router,Archer C6,02:00:00:00:09:FC,SN-ROUTER-02556,dual_band
Cisco,Modem,MB8600,02:00:00:00:09:FD,SN-MODEM-02557,single_band
Ubiquiti,Access Point,EAP225,02:00:00:00:09:FE,SN-ACCESSPOINT-02558,dual_band
MikroTik,Router,hEX-S,02:00:00:00:09:FF,SN-ROUTER-02559,single_band
Netgear,Switch,GS308,02:00:00:00:0A:00,SN-SWITCH-02560,dual_band
Nokia,ONU,G-140W-C,02:00:00:00:0A:01,SN-ONU-02561,single_band
Huawei,ONT,HG8245H,02:00:00:00:0A:02,SN-ONT-02562,dual_band
ZTE,ONU,F601,02:00:00:00:0A:03,SN-ONU-02563,single_band
TP-Link,Router,Archer C6,02:00:00:00:0A:04,SN-ROUTER-02564,dual_band
Cisco,Modem,MB8600,02:00:00:00:0A:05,SN-MODEM-02565,single_band
Ubiquiti,Access Point,EAP225,02:00:00:00:0A:06,SN-ACCESSPOINT-02566,dual_band
MikroTik,Router,hEX-S,02:00:00:00:0A:07,SN-ROUTER-02567,single_band
Netgear,Switch,GS308,02:00:00:00:0A:08,SN-SWITCH-02568,dual_band
Nokia,ONU,G-140W-C,02:00:00:00:0A:09,SN-ONU-02569,single_band
Huawei,ONT,HG8245H,02:00:00:00:0A:0A,SN-ONT-02570,dual_band
ZTE,ONU,F601,02:00:00:00:0A:0B,SN-ONU-02571,single_band
TP-Link,Router,Archer C6,02:00:00:00:0A:0C,SN-ROUTER-02572,dual_band
Cisco,Modem,MB8600,02:00:00:00:0A:0D,SN-MODEM-02573,single_band
Ubiquiti,Access Point,EAP225,02:00:00:00:0A:0E,SN-ACCESSPOINT-02574,dual_band
MikroTik,Router,hEX-S,02:00:00:00:0A:0F,SN-ROUTER-02575,single_band
Netgear,Switch,GS308,02:00:00:00:0A:10,SN-SWITCH-02576,dual_band
Nokia,ONU,G-140W-C,02:00:00:00:0A:11,SN-ONU-02577,single_band
Huawei,ONT,HG8245H,02:00:00:00:0A:12,SN-ONT-02578,dual_band
ZTE,ONU,F601,02:00:00:00:0A:13,SN-ONU-02579,single_band
TP-Link,Router,Archer C6,02:00:00:00:0A:14,SN-ROUTER-02580,dual_band
Cisco,Modem,MB8600,02:00:00:00:0A:15,SN-MODEM-02581,single_band
Ubiquiti,Access Point,EAP225,02:00:00:00:0A:16,SN-ACCESSPOINT-02582,dual_band
MikroTik,Router,hEX-S,02:00:00:00:0A:17,SN-ROUTER-02583,single_band
Netgear,Switch,GS308,02:00:00:00:0A:18,SN-SWITCH-02584,dual_band
Nokia,ONU,G-140W-C,02:00:00:00:0A:19,SN-ONU-02585,single_band
Huawei,ONT,HG8245H,02:00:00:00:0A:1A,SN-ONT-02586,dual_band
ZTE,ONU,F601,02:00:00:00:0A:1B,SN-ONU-02587,single_band
TP-Link,Router,Archer C6,02:00:00:00:0A:1C,SN-ROUTER-02588,dual_band
Cisco,Modem,MB8600,02:00:00:00:0A:1D,SN-MODEM-02589,single_band
Ubiquiti,Access Point,EAP225,02:00:00:00:0A:1E,SN-ACCESSPOINT-02590,dual_band
MikroTik,Router,hEX-S,02:00:00:00:0A:1F,SN-ROUTER-02591,single_band
Netgear,Switch,GS308,02:00:00:00:0A:20,SN-SWITCH-02592,dual_band
Nokia,ONU,G-140W-C,02:00:00:00:0A:21,SN-ONU-02593,single_band
Huawei,ONT,HG8245H,02:00:00:00:0A:22,SN-ONT-02594,dual_band
ZTE,ONU,F601,02:00:00:00:0A:23,SN-ONU-02595,single_band
TP-Link,Router,Archer C6,02:00:00:00:0A:24,SN-ROUTER-02596,dual_band
Cisco,Modem,MB8600,02:00:00:00:0A:25,SN-MODEM-02597,single_band
Ubiquiti,Access Point,EAP225,02:00:00:00:0A:26,SN-ACCESSPOINT-02598,dual_band
MikroTik,Router,hEX-S,02:00:00:00:0A:27,SN-ROUTER-02599,single_band
Netgear,Switch,GS308,02:00:00:00:0A:28,SN-SWITCH-02600,dual_band
Nokia,ONU,G-140W-C,02:00:00:00:0A:29,SN-ONU-02601,single_band
Huawei,ONT,HG8245H,02:00:00:00:0A:2A,SN-ONT-02602,dual_band
ZTE,ONU,F601,02:00:00:00:0A:2B,SN-ONU-02603,single_band
TP-Link,Router,Archer C6,02:00:00:00:0A:2C,SN-ROUTER-02604,dual_band
Cisco,Modem,MB8600,02:00:00:00:0A:2D,SN-MODEM-02605,single_band
Ubiquiti,Access Point,EAP225,02:00:00:00:0A:2E,SN-ACCESSPOINT-02606,dual_band
MikroTik,Router,hEX-S,02:00:00:00:0A:2F,SN-ROUTER-02607,single_band
Netgear,Switch,GS308,02:00:00:00:0A:30,SN-SWITCH-02608,dual_band
Nokia,ONU,G-140W-C,02:00:00:00:0A:31,SN-ONU-02609,single_band
Huawei,ONT,HG8245H,02:00:00:00:0A:32,SN-ONT-02610,dual_band
ZTE,ONU,F601,02:00:00:00:0A:33,SN-ONU-02611,single_band
TP-Link,Router,Archer C6,02:00:00:00:0A:34,SN-ROUTER-02612,dual_band
Cisco,Modem,MB8600,02:00:00:00:0A:35,SN-MODEM-02613,single_band
Ubiquiti,Access Point,EAP225,02:00:00:00:0A:36,SN-ACCESSPOINT-02614,dual_band
MikroTik,Router,hEX-S,02:00:00:00:0A:37,SN-ROUTER-02615,single_band
Netgear,Switch,GS308,02:00:00:00:0A:38,SN-SWITCH-02616,dual_band
Nokia,ONU,G-140W-C,02:00:00:00:0A:39,SN-ONU-02617,single_band
Huawei,ONT,HG8245H,02:00:00:00:0A:3A,SN-ONT-02618,dual_band
ZTE,ONU,F601,02:00:00:00:0A:3B,SN-ONU-02619,single_band
TP-Link,Router,Archer C6,02:00:00:00:0A:3C,SN-ROUTER-02620,dual_band
Cisco,Modem,MB8600,02:00:00:00:0A:3D,SN-MODEM-02621,single_band
Ubiquiti,Access Point,EAP225,02:00:00:00:0A:3E,SN-ACCESSPOINT-02622,dual_band
MikroTik,Router,hEX-S,02:00:00:00:0A:3F,SN-ROUTER-02623,single_band
Netgear,Switch,GS308,02:00:00:00:0A:40,SN-SWITCH-02624,dual_band
Nokia,ONU,G-140W-C,02:00:00:00:0A:41,SN-ONU-02625,single_band
Huawei,ONT,HG8245H,02:00:00:00:0A:42,SN-ONT-02626,dual_band
ZTE,ONU,F601,02:00:00:00:0A:43,SN-ONU-02627,single_band
TP-Link,Router,Archer C6,02:00:00:00:0A:44,SN-ROUTER-02628,dual_band
Cisco,Modem,MB8600,02:00:00:00:0A:45,SN-MODEM-02629,single_band
Ubiquiti,Access Point,EAP225,02:00:00:00:0A:46,SN-ACCESSPOINT-02630,dual_band
MikroTik,Router,hEX-S,02:00:00:00:0A:47,SN-ROUTER-02631,single_band
Netgear,Switch,GS308,02:00:00:00:0A:48,SN-SWITCH-02632,dual_band
Nokia,ONU,G-140W-C,02:00:00:00:0A:49,SN-ONU-02633,single_band
Huawei,ONT,HG8245H,02:00:00:00:0A:4A,SN-ONT-02634,dual_band
ZTE,ONU,F601,02:00:00:00:0A:4B,SN-ONU-02635,single_band
TP-Link,Router,Archer C6,02:00:00:00:0A:4C,SN-ROUTER-02636,dual_band
Cisco,Modem,MB8600,02:00:00:00:0A:4D,SN-MODEM-02637,single_band
Ubiquiti,Access Point,EAP225,02:00:00:00:0A:4E,SN-ACCESSPOINT-02638,dual_band
MikroTik,Router,hEX-S,02:00:00:00:0A:4F,SN-ROUTER-02639,single_band
Netgear,Switch,GS308,02:00:00:00:0A:50,SN-SWITCH-02640,dual_band
Nokia,ONU,G-140W-C,02:00:00:00:0A:51,SN-ONU-02641,single_band
Huawei,ONT,HG8245H,02:00:00:00:0A:52,SN-ONT-02642,dual_band
ZTE,ONU,F601,02:00:00:00:0A:53,SN-ONU-02643,single_band
TP-Link,Router,Archer C6,02:00:00:00:0A:54,SN-ROUTER-02644,dual_band
Cisco,Modem,MB8600,02:00:00:00:0A:55,SN-MODEM-02645,single_band
Ubiquiti,Access Point,EAP225,02:00:00:00:0A:56,SN-ACCESSPOINT-02646,dual_band
MikroTik,Router,hEX-S,02:00:00:00:0A:57,SN-ROUTER-02647,single_band
Netgear,Switch,GS308,02:00:00:00:0A:58,SN-SWITCH-02648,dual_band
Nokia,ONU,G-140W-C,02:00:00:00:0A:59,SN-ONU-02649,single_band
Huawei,ONT,HG8245H,02:00:00:00:0A:5A,SN-ONT-02650,dual_band
ZTE,ONU,F601,02:00:00:00:0A:5B,SN-ONU-02651,single_band
TP-Link,Router,Archer C6,02:00:00:00:0A:5C,SN-ROUTER-02652,dual_band
Cisco,Modem,MB8600,02:00:00:00:0A:5D,SN-MODEM-02653,single_band
Ubiquiti,Access Point,EAP225,02:00:00:00:0A:5E,SN-ACCESSPOINT-02654,dual_band
MikroTik,Router,hEX-S,02:00:00:00:0A:5F,SN-ROUTER-02655,single_band
Netgear,Switch,GS308,02:00:00:00:0A:60,SN-SWITCH-02656,dual_band
Nokia,ONU,G-140W-C,02:00:00:00:0A:61,SN-ONU-02657,single_band
Huawei,ONT,HG8245H,02:00:00:00:0A:62,SN-ONT-02658,dual_band
ZTE,ONU,F601,02:00:00:00:0A:63,SN-ONU-02659,single_band
TP-Link,Router,Archer C6,02:00:00:00:0A:64,SN-ROUTER-02660,dual_band
Cisco,Modem,MB8600,02:00:00:00:0A:65,SN-MODEM-02661,single_band
Ubiquiti,Access Point,EAP225,02:00:00:00:0A:66,SN-ACCESSPOINT-02662,dual_band
MikroTik,Router,hEX-S,02:00:00:00:0A:67,SN-ROUTER-02663,single_band
Netgear,Switch,GS308,02:00:00:00:0A:68,SN-SWITCH-02664,dual_band
Nokia,ONU,G-140W-C,02:00:00:00:0A:69,SN-ONU-02665,single_band
Huawei,ONT,HG8245H,02:00:00:00:0A:6A,SN-ONT-02666,dual_band
ZTE,ONU,F601,02:00:00:00:0A:6B,SN-ONU-02667,single_band
TP-Link,Router,Archer C6,02:00:00:00:0A:6C,SN-ROUTER-02668,dual_band
Cisco,Modem,MB8600,02:00:00:00:0A:6D,SN-MODEM-02669,single_band
Ubiquiti,Access Point,EAP225,02:00:00:00:0A:6E,SN-ACCESSPOINT-02670,dual_band
MikroTik,Router,hEX-S,02:00:00:00:0A:6F,SN-ROUTER-02671,single_band
Netgear,Switch,GS308,02:00:00:00:0A:70,SN-SWITCH-02672,dual_band
Nokia,ONU,G-140W-C,02:00:00:00:0A:71,SN-ONU-02673,single_band
Huawei,ONT,HG8245H,02:00:00:00:0A:72,SN-ONT-02674,dual_band
ZTE,ONU,F601,02:00:00:00:0A:73,SN-ONU-02675,single_band
TP-Link,Router,Archer C6,02:00:00:00:0A:74,SN-ROUTER-02676,dual_band
Cisco,Modem,MB8600,02:00:00:00:0A:75,SN-MODEM-02677,single_band
Ubiquiti,Access Point,EAP225,02:00:00:00:0A:76,SN-ACCESSPOINT-02678,dual_band
MikroTik,Router,hEX-S,02:00:00:00:0A:77,SN-ROUTER-02679,single_band
Netgear,Switch,GS308,02:00:00:00:0A:78,SN-SWITCH-02680,dual_band
Nokia,ONU,G-140W-C,02:00:00:00:0A:79,SN-ONU-02681,single_band
Huawei,ONT,HG8245H,02:00:00:00:0A:7A,SN-ONT-02682,dual_band
ZTE,ONU,F601,02:00:00:00:0A:7B,SN-ONU-02683,single_band
TP-Link,Router,Archer C6,02:00:00:00:0A:7C,SN-ROUTER-02684,dual_band
Cisco,Modem,MB8600,02:00:00:00:0A:7D,SN-MODEM-02685,single_band
Ubiquiti,Access Point,EAP225,02:00:00:00:0A:7E,SN-ACCESSPOINT-02686,dual_band
MikroTik,Router,hEX-S,02:00:00:00:0A:7F,SN-ROUTER-02687,single_band
Netgear,Switch,GS308,02:00:00:00:0A:80,SN-SWITCH-02688,dual_band
Nokia,ONU,G-140W-C,02:00:00:00:0A:81,SN-ONU-02689,single_band
Huawei,ONT,HG8245H,02:00:00:00:0A:82,SN-ONT-02690,dual_band
ZTE,ONU,F601,02:00:00:00:0A:83,SN-ONU-02691,single_band
TP-Link,Router,Archer C6,02:00:00:00:0A:84,SN-ROUTER-02692,dual_band
Cisco,Modem,MB8600,02:00:00:00:0A:85,SN-MODEM-02693,single_band
Ubiquiti,Access Point,EAP225,02:00:00:00:0A:86,SN-ACCESSPOINT-02694,dual_band
MikroTik,Router,hEX-S,02:00:00:00:0A:87,SN-ROUTER-02695,single_band
Netgear,Switch,GS308,02:00:00:00:0A:88,SN-SWITCH-02696,dual_band
Nokia,ONU,G-140W-C,02:00:00:00:0A:89,SN-ONU-02697,single_band
Huawei,ONT,HG8245H,02:00:00:00:0A:8A,SN-ONT-02698,dual_band
ZTE,ONU,F601,02:00:00:00:0A:8B,SN-ONU-02699,single_band
TP-Link,Router,Archer C6,02:00:00:00:0A:8C,SN-ROUTER-02700,dual_band
Cisco,Modem,MB8600,02:00:00:00:0A:8D,SN-MODEM-02701,single_band
Ubiquiti,Access Point,EAP225,02:00:00:00:0A:8E,SN-ACCESSPOINT-02702,dual_band
MikroTik,Router,hEX-S,02:00:00:00:0A:8F,SN-ROUTER-02703,single_band
Netgear,Switch,GS308,02:00:00:00:0A:90,SN-SWITCH-02704,dual_band
Nokia,ONU,G-140W-C,02:00:00:00:0A:91,SN-ONU-02705,single_band
Huawei,ONT,HG8245H,02:00:00:00:0A:92,SN-ONT-02706,dual_band
ZTE,ONU,F601,02:00:00:00:0A:93,SN-ONU-02707,single_band
TP-Link,Router,Archer C6,02:00:00:00:0A:94,SN-ROUTER-02708,dual_band
Cisco,Modem,MB8600,02:00:00:00:0A:95,SN-MODEM-02709,single_band
Ubiquiti,Access Point,EAP225,02:00:00:00:0A:96,SN-ACCESSPOINT-02710,dual_band
MikroTik,Router,hEX-S,02:00:00:00:0A:97,SN-ROUTER-02711,single_band
Netgear,Switch,GS308,02:00:00:00:0A:98,SN-SWITCH-02712,dual_band
Nokia,ONU,G-140W-C,02:00:00:00:0A:99,SN-ONU-02713,single_band
Huawei,ONT,HG8245H,02:00:00:00:0A:9A,SN-ONT-02714,dual_band
ZTE,ONU,F601,02:00:00:00:0A:9B,SN-ONU-02715,single_band
TP-Link,Router,Archer C6,02:00:00:00:0A:9C,SN-ROUTER-02716,dual_band
Cisco,Modem,MB8600,02:00:00:00:0A:9D,SN-MODEM-02717,single_band
Ubiquiti,Access Point,EAP225,02:00:00:00:0A:9E,SN-ACCESSPOINT-02718,dual_band
MikroTik,Router,hEX-S,02:00:00:00:0A:9F,SN-ROUTER-02719,single_band
Netgear,Switch,GS308,02:00:00:00:0A:A0,SN-SWITCH-02720,dual_band
Nokia,ONU,G-140W-C,02:00:00:00:0A:A1,SN-ONU-02721,single_band
Huawei,ONT,HG8245H,02:00:00:00:0A:A2,SN-ONT-02722,dual_band
ZTE,ONU,F601,02:00:00:00:0A:A3,SN-ONU-02723,single_band
TP-Link,Router,Archer C6,02:00:00:00:0A:A4,SN-ROUTER-02724,dual_band
Cisco,Modem,MB8600,02:00:00:00:0A:A5,SN-MODEM-02725,single_band
Ubiquiti,Access Point,EAP225,02:00:00:00:0A:A6,SN-ACCESSPOINT-02726,dual_band
MikroTik,Router,hEX-S,02:00:00:00:0A:A7,SN-ROUTER-02727,single_band
Netgear,Switch,GS308,02:00:00:00:0A:A8,SN-SWITCH-02728,dual_band
Nokia,ONU,G-140W-C,02:00:00:00:0A:A9,SN-ONU-02729,single_band
Huawei,ONT,HG8245H,02:00:00:00:0A:AA,SN-ONT-02730,dual_band
ZTE,ONU,F601,02:00:00:00:0A:AB,SN-ONU-02731,single_band
TP-Link,Router,Archer C6,02:00:00:00:0A:AC,SN-ROUTER-02732,dual_band
Cisco,Modem,MB8600,02:00:00:00:0A:AD,SN-MODEM-02733,single_band
Ubiquiti,Access Point,EAP225,02:00:00:00:0A:AE,SN-ACCESSPOINT-02734,dual_band
MikroTik,Router,hEX-S,02:00:00:00:0A:AF,SN-ROUTER-02735,single_band
Netgear,Switch,GS308,02:00:00:00:0A:B0,SN-SWITCH-02736,dual_band
Nokia,ONU,G-140W-C,02:00:00:00:0A:B1,SN-ONU-02737,single_band
Huawei,ONT,HG8245H,02:00:00:00:0A:B2,SN-ONT-02738,dual_band
ZTE,ONU,F601,02:00:00:00:0A:B3,SN-ONU-02739,single_band
TP-Link,Router,Archer C6,02:00:00:00:0A:B4,SN-ROUTER-02740,dual_band
Cisco,Modem,MB8600,02:00:00:00:0A:B5,SN-MODEM-02741,single_band
Ubiquiti,Access Point,EAP225,02:00:00:00:0A:B6,SN-ACCESSPOINT-02742,dual_band
MikroTik,Router,hEX-S,02:00:00:00:0A:B7,SN-ROUTER-02743,single_band
Netgear,Switch,GS308,02:00:00:00:0A:B8,SN-SWITCH-02744,dual_band
Nokia,ONU,G-140W-C,02:00:00:00:0A:B9,SN-ONU-02745,single_band
Huawei,ONT,HG8245H,02:00:00:00:0A:BA,SN-ONT-02746,dual_band
ZTE,ONU,F601,02:00:00:00:0A:BB,SN-ONU-02747,single_band
TP-Link,Router,Archer C6,02:00:00:00:0A:BC,SN-ROUTER-02748,dual_band
Cisco,Modem,MB8600,02:00:00:00:0A:BD,SN-MODEM-02749,single_band
Ubiquiti,Access Point,EAP225,02:00:00:00:0A:BE,SN-ACCESSPOINT-02750,dual_band
MikroTik,Router,hEX-S,02:00:00:00:0A:BF,SN-ROUTER-02751,single_band
Netgear,Switch,GS308,02:00:00:00:0A:C0,SN-SWITCH-02752,dual_band
Nokia,ONU,G-140W-C,02:00:00:00:0A:C1,SN-ONU-02753,single_band
Huawei,ONT,HG8245H,02:00:00:00:0A:C2,SN-ONT-02754,dual_band
ZTE,ONU,F601,02:00:00:00:0A:C3,SN-ONU-02755,single_band
TP-Link,Router,Archer C6,02:00:00:00:0A:C4,SN-ROUTER-02756,dual_band
Cisco,Modem,MB8600,02:00:00:00:0A:C5,SN-MODEM-02757,single_band
Ubiquiti,Access Point,EAP225,02:00:00:00:0A:C6,SN-ACCESSPOINT-02758,dual_band
MikroTik,Router,hEX-S,02:00:00:00:0A:C7,SN-ROUTER-02759,single_band
Netgear,Switch,GS308,02:00:00:00:0A:C8,SN-SWITCH-02760,dual_band
Nokia,ONU,G-140W-C,02:00:00:00:0A:C9,SN-ONU-02761,single_band
Huawei,ONT,HG8245H,02:00:00:00:0A:CA,SN-ONT-02762,dual_band
ZTE,ONU,F601,02:00:00:00:0A:CB,SN-ONU-02763,single_band
TP-Link,Router,Archer C6,02:00:00:00:0A:CC,SN-ROUTER-02764,dual_band
Cisco,Modem,MB8600,02:00:00:00:0A:CD,SN-MODEM-02765,single_band
Ubiquiti,Access Point,EAP225,02:00:00:00:0A:CE,SN-ACCESSPOINT-02766,dual_band
MikroTik,Router,hEX-S,02:00:00:00:0A:CF,SN-ROUTER-02767,single_band
Netgear,Switch,GS308,02:00:00:00:0A:D0,SN-SWITCH-02768,dual_band
Nokia,ONU,G-140W-C,02:00:00:00:0A:D1,SN-ONU-02769,single_band
Huawei,ONT,HG8245H,02:00:00:00:0A:D2,SN-ONT-02770,dual_band
ZTE,ONU,F601,02:00:00:00:0A:D3,SN-ONU-02771,single_band
TP-Link,Router,Archer C6,02:00:00:00:0A:D4,SN-ROUTER-02772,dual_band
Cisco,Modem,MB8600,02:00:00:00:0A:D5,SN-MODEM-02773,single_band
Ubiquiti,Access Point,EAP225,02:00:00:00:0A:D6,SN-ACCESSPOINT-02774,dual_band
MikroTik,Router,hEX-S,02:00:00:00:0A:D7,SN-ROUTER-02775,single_band
Netgear,Switch,GS308,02:00:00:00:0A:D8,SN-SWITCH-02776,dual_band
Nokia,ONU,G-140W-C,02:00:00:00:0A:D9,SN-ONU-02777,single_band
Huawei,ONT,HG8245H,02:00:00:00:0A:DA,SN-ONT-02778,dual_band
ZTE,ONU,F601,02:00:00:00:0A:DB,SN-ONU-02779,single_band
TP-Link,Router,Archer C6,02:00:00:00:0A:DC,SN-ROUTER-02780,dual_band
Cisco,Modem,MB8600,02:00:00:00:0A:DD,SN-MODEM-02781,single_band
Ubiquiti,Access Point,EAP225,02:00:00:00:0A:DE,SN-ACCESSPOINT-02782,dual_band
MikroTik,Router,hEX-S,02:00:00:00:0A:DF,SN-ROUTER-02783,single_band
Netgear,Switch,GS308,02:00:00:00:0A:E0,SN-SWITCH-02784,dual_band
Nokia,ONU,G-140W-C,02:00:00:00:0A:E1,SN-ONU-02785,single_band
Huawei,ONT,HG8245H,02:00:00:00:0A:E2,SN-ONT-02786,dual_band
ZTE,ONU,F601,02:00:00:00:0A:E3,SN-ONU-02787,single_band
TP-Link,Router,Archer C6,02:00:00:00:0A:E4,SN-ROUTER-02788,dual_band
Cisco,Modem,MB8600,02:00:00:00:0A:E5,SN-MODEM-02789,single_band
Ubiquiti,Access Point,EAP225,02:00:00:00:0A:E6,SN-ACCESSPOINT-02790,dual_band
MikroTik,Router,hEX-S,02:00:00:00:0A:E7,SN-ROUTER-02791,single_band
Netgear,Switch,GS308,02:00:00:00:0A:E8,SN-SWITCH-02792,dual_band
Nokia,ONU,G-140W-C,02:00:00:00:0A:E9,SN-ONU-02793,single_band
Huawei,ONT,HG8245H,02:00:00:00:0A:EA,SN-ONT-02794,dual_band
ZTE,ONU,F601,02:00:00:00:0A:EB,SN-ONU-02795,single_band
TP-Link,Router,Archer C6,02:00:00:00:0A:EC,SN-ROUTER-02796,dual_band
Cisco,Modem,MB8600,02:00:00:00:0A:ED,SN-MODEM-02797,single_band
Ubiquiti,Access Point,EAP225,02:00:00:00:0A:EE,SN-ACCESSPOINT-02798,dual_band
MikroTik,Router,hEX-S,02:00:00:00:0A:EF,SN-ROUTER-02799,single_band
Netgear,Switch,GS308,02:00:00:00:0A:F0,SN-SWITCH-02800,dual_band
Nokia,ONU,G-140W-C,02:00:00:00:0A:F1,SN-ONU-02801,single_band
Huawei,ONT,HG8245H,02:00:00:00:0A:F2,SN-ONT-02802,dual_band
ZTE,ONU,F601,02:00:00:00:0A:F3,SN-ONU-02803,single_band
TP-Link,Router,Archer C6,02:00:00:00:0A:F4,SN-ROUTER-02804,dual_band
Cisco,Modem,MB8600,02:00:00:00:0A:F5,SN-MODEM-02805,single_band
Ubiquiti,Access Point,EAP225,02:00:00:00:0A:F6,SN-ACCESSPOINT-02806,dual_band
MikroTik,Router,hEX-S,02:00:00:00:0A:F7,SN-ROUTER-02807,single_band
Netgear,Switch,GS308,02:00:00:00:0A:F8,SN-SWITCH-02808,dual_band
Nokia,ONU,G-140W-C,02:00:00:00:0A:F9,SN-ONU-02809,single_band
Huawei,ONT,HG8245H,02:00:00:00:0A:FA,SN-ONT-02810,dual_band
ZTE,ONU,F601,02:00:00:00:0A:FB,SN-ONU-02811,single_band
TP-Link,Router,Archer C6,02:00:00:00:0A:FC,SN-ROUTER-02812,dual_band
Cisco,Modem,MB8600,02:00:00:00:0A:FD,SN-MODEM-02813,single_band
Ubiquiti,Access Point,EAP225,02:00:00:00:0A:FE,SN-ACCESSPOINT-02814,dual_band
MikroTik,Router,hEX-S,02:00:00:00:0A:FF,SN-ROUTER-02815,single_band
Netgear,Switch,GS308,02:00:00:00:0B:00,SN-SWITCH-02816,dual_band
Nokia,ONU,G-140W-C,02:00:00:00:0B:01,SN-ONU-02817,single_band
Huawei,ONT,HG8245H,02:00:00:00:0B:02,SN-ONT-02818,dual_band
ZTE,ONU,F601,02:00:00:00:0B:03,SN-ONU-02819,single_band
TP-Link,Router,Archer C6,02:00:00:00:0B:04,SN-ROUTER-02820,dual_band
Cisco,Modem,MB8600,02:00:00:00:0B:05,SN-MODEM-02821,single_band
Ubiquiti,Access Point,EAP225,02:00:00:00:0B:06,SN-ACCESSPOINT-02822,dual_band
MikroTik,Router,hEX-S,02:00:00:00:0B:07,SN-ROUTER-02823,single_band
Netgear,Switch,GS308,02:00:00:00:0B:08,SN-SWITCH-02824,dual_band
Nokia,ONU,G-140W-C,02:00:00:00:0B:09,SN-ONU-02825,single_band
Huawei,ONT,HG8245H,02:00:00:00:0B:0A,SN-ONT-02826,dual_band
ZTE,ONU,F601,02:00:00:00:0B:0B,SN-ONU-02827,single_band
TP-Link,Router,Archer C6,02:00:00:00:0B:0C,SN-ROUTER-02828,dual_band
Cisco,Modem,MB8600,02:00:00:00:0B:0D,SN-MODEM-02829,single_band
Ubiquiti,Access Point,EAP225,02:00:00:00:0B:0E,SN-ACCESSPOINT-02830,dual_band
MikroTik,Router,hEX-S,02:00:00:00:0B:0F,SN-ROUTER-02831,single_band
Netgear,Switch,GS308,02:00:00:00:0B:10,SN-SWITCH-02832,dual_band
Nokia,ONU,G-140W-C,02:00:00:00:0B:11,SN-ONU-02833,single_band
Huawei,ONT,HG8245H,02:00:00:00:0B:12,SN-ONT-02834,dual_band
ZTE,ONU,F601,02:00:00:00:0B:13,SN-ONU-02835,single_band
TP-Link,Router,Archer C6,02:00:00:00:0B:14,SN-ROUTER-02836,dual_band
Cisco,Modem,MB8600,02:00:00:00:0B:15,SN-MODEM-02837,single_band
Ubiquiti,Access Point,EAP225,02:00:00:00:0B:16,SN-ACCESSPOINT-02838,dual_band
MikroTik,Router,hEX-S,02:00:00:00:0B:17,SN-ROUTER-02839,single_band
Netgear,Switch,GS308,02:00:00:00:0B:18,SN-SWITCH-02840,dual_band
Nokia,ONU,G-140W-C,02:00:00:00:0B:19,SN-ONU-02841,single_band
Huawei,ONT,HG8245H,02:00:00:00:0B:1A,SN-ONT-02842,dual_band
ZTE,ONU,F601,02:00:00:00:0B:1B,SN-ONU-02843,single_band
TP-Link,Router,Archer C6,02:00:00:00:0B:1C,SN-ROUTER-02844,dual_band
Cisco,Modem,MB8600,02:00:00:00:0B:1D,SN-MODEM-02845,single_band
Ubiquiti,Access Point,EAP225,02:00:00:00:0B:1E,SN-ACCESSPOINT-02846,dual_band
MikroTik,Router,hEX-S,02:00:00:00:0B:1F,SN-ROUTER-02847,single_band
Netgear,Switch,GS308,02:00:00:00:0B:20,SN-SWITCH-02848,dual_band
Nokia,ONU,G-140W-C,02:00:00:00:0B:21,SN-ONU-02849,single_band
Huawei,ONT,HG8245H,02:00:00:00:0B:22,SN-ONT-02850,dual_band
ZTE,ONU,F601,02:00:00:00:0B:23,SN-ONU-02851,single_band
TP-Link,Router,Archer C6,02:00:00:00:0B:24,SN-ROUTER-02852,dual_band
Cisco,Modem,MB8600,02:00:00:00:0B:25,SN-MODEM-02853,single_band
Ubiquiti,Access Point,EAP225,02:00:00:00:0B:26,SN-ACCESSPOINT-02854,dual_band
MikroTik,Router,hEX-S,02:00:00:00:0B:27,SN-ROUTER-02855,single_band
Netgear,Switch,GS308,02:00:00:00:0B:28,SN-SWITCH-02856,dual_band
Nokia,ONU,G-140W-C,02:00:00:00:0B:29,SN-ONU-02857,single_band
Huawei,ONT,HG8245H,02:00:00:00:0B:2A,SN-ONT-02858,dual_band
ZTE,ONU,F601,02:00:00:00:0B:2B,SN-ONU-02859,single_band
TP-Link,Router,Archer C6,02:00:00:00:0B:2C,SN-ROUTER-02860,dual_band
Cisco,Modem,MB8600,02:00:00:00:0B:2D,SN-MODEM-02861,single_band
Ubiquiti,Access Point,EAP225,02:00:00:00:0B:2E,SN-ACCESSPOINT-02862,dual_band
MikroTik,Router,hEX-S,02:00:00:00:0B:2F,SN-ROUTER-02863,single_band
Netgear,Switch,GS308,02:00:00:00:0B:30,SN-SWITCH-02864,dual_band
Nokia,ONU,G-140W-C,02:00:00:00:0B:31,SN-ONU-02865,single_band
Huawei,ONT,HG8245H,02:00:00:00:0B:32,SN-ONT-02866,dual_band
ZTE,ONU,F601,02:00:00:00:0B:33,SN-ONU-02867,single_band
TP-Link,Router,Archer C6,02:00:00:00:0B:34,SN-ROUTER-02868,dual_band
Cisco,Modem,MB8600,02:00:00:00:0B:35,SN-MODEM-02869,single_band
Ubiquiti,Access Point,EAP225,02:00:00:00:0B:36,SN-ACCESSPOINT-02870,dual_band
MikroTik,Router,hEX-S,02:00:00:00:0B:37,SN-ROUTER-02871,single_band
Netgear,Switch,GS308,02:00:00:00:0B:38,SN-SWITCH-02872,dual_band
Nokia,ONU,G-140W-C,02:00:00:00:0B:39,SN-ONU-02873,single_band
Huawei,ONT,HG8245H,02:00:00:00:0B:3A,SN-ONT-02874,dual_band
ZTE,ONU,F601,02:00:00:00:0B:3B,SN-ONU-02875,single_band
TP-Link,Router,Archer C6,02:00:00:00:0B:3C,SN-ROUTER-02876,dual_band
Cisco,Modem,MB8600,02:00:00:00:0B:3D,SN-MODEM-02877,single_band
Ubiquiti,Access Point,EAP225,02:00:00:00:0B:3E,SN-ACCESSPOINT-02878,dual_band
MikroTik,Router,hEX-S,02:00:00:00:0B:3F,SN-ROUTER-02879,single_band
Netgear,Switch,GS308,02:00:00:00:0B:40,SN-SWITCH-02880,dual_band
Nokia,ONU,G-140W-C,02:00:00:00:0B:41,SN-ONU-02881,single_band
Huawei,ONT,HG8245H,02:00:00:00:0B:42,SN-ONT-02882,dual_band
ZTE,ONU,F601,02:00:00:00:0B:43,SN-ONU-02883,single_band
TP-Link,Router,Archer C6,02:00:00:00:0B:44,SN-ROUTER-02884,dual_band
Cisco,Modem,MB8600,02:00:00:00:0B:45,SN-MODEM-02885,single_band
Ubiquiti,Access Point,EAP225,02:00:00:00:0B:46,SN-ACCESSPOINT-02886,dual_band
MikroTik,Router,hEX-S,02:00:00:00:0B:47,SN-ROUTER-02887,single_band
Netgear,Switch,GS308,02:00:00:00:0B:48,SN-SWITCH-02888,dual_band
Nokia,ONU,G-140W-C,02:00:00:00:0B:49,SN-ONU-02889,single_band
Huawei,ONT,HG8245H,02:00:00:00:0B:4A,SN-ONT-02890,dual_band
ZTE,ONU,F601,02:00:00:00:0B:4B,SN-ONU-02891,single_band
TP-Link,Router,Archer C6,02:00:00:00:0B:4C,SN-ROUTER-02892,dual_band
Cisco,Modem,MB8600,02:00:00:00:0B:4D,SN-MODEM-02893,single_band
Ubiquiti,Access Point,EAP225,02:00:00:00:0B:4E,SN-ACCESSPOINT-02894,dual_band
MikroTik,Router,hEX-S,02:00:00:00:0B:4F,SN-ROUTER-02895,single_band
Netgear,Switch,GS308,02:00:00:00:0B:50,SN-SWITCH-02896,dual_band
Nokia,ONU,G-140W-C,02:00:00:00:0B:51,SN-ONU-02897,single_band
Huawei,ONT,HG8245H,02:00:00:00:0B:52,SN-ONT-02898,dual_band
ZTE,ONU,F601,02:00:00:00:0B:53,SN-ONU-02899,single_band
TP-Link,Router,Archer C6,02:00:00:00:0B:54,SN-ROUTER-02900,dual_band
Cisco,Modem,MB8600,02:00:00:00:0B:55,SN-MODEM-02901,single_band
Ubiquiti,Access Point,EAP225,02:00:00:00:0B:56,SN-ACCESSPOINT-02902,dual_band
MikroTik,Router,hEX-S,02:00:00:00:0B:57,SN-ROUTER-02903,single_band
Netgear,Switch,GS308,02:00:00:00:0B:58,SN-SWITCH-02904,dual_band
Nokia,ONU,G-140W-C,02:00:00:00:0B:59,SN-ONU-02905,single_band
Huawei,ONT,HG8245H,02:00:00:00:0B:5A,SN-ONT-02906,dual_band
ZTE,ONU,F601,02:00:00:00:0B:5B,SN-ONU-02907,single_band
TP-Link,Router,Archer C6,02:00:00:00:0B:5C,SN-ROUTER-02908,dual_band
Cisco,Modem,MB8600,02:00:00:00:0B:5D,SN-MODEM-02909,single_band
Ubiquiti,Access Point,EAP225,02:00:00:00:0B:5E,SN-ACCESSPOINT-02910,dual_band
MikroTik,Router,hEX-S,02:00:00:00:0B:5F,SN-ROUTER-02911,single_band
Netgear,Switch,GS308,02:00:00:00:0B:60,SN-SWITCH-02912,dual_band
Nokia,ONU,G-140W-C,02:00:00:00:0B:61,SN-ONU-02913,single_band
Huawei,ONT,HG8245H,02:00:00:00:0B:62,SN-ONT-02914,dual_band
ZTE,ONU,F601,02:00:00:00:0B:63,SN-ONU-02915,single_band
TP-Link,Router,Archer C6,02:00:00:00:0B:64,SN-ROUTER-02916,dual_band
Cisco,Modem,MB8600,02:00:00:00:0B:65,SN-MODEM-02917,single_band
Ubiquiti,Access Point,EAP225,02:00:00:00:0B:66,SN-ACCESSPOINT-02918,dual_band
MikroTik,Router,hEX-S,02:00:00:00:0B:67,SN-ROUTER-02919,single_band
Netgear,Switch,GS308,02:00:00:00:0B:68,SN-SWITCH-02920,dual_band
Nokia,ONU,G-140W-C,02:00:00:00:0B:69,SN-ONU-02921,single_band
Huawei,ONT,HG8245H,02:00:00:00:0B:6A,SN-ONT-02922,dual_band
ZTE,ONU,F601,02:00:00:00:0B:6B,SN-ONU-02923,single_band
TP-Link,Router,Archer C6,02:00:00:00:0B:6C,SN-ROUTER-02924,dual_band
Cisco,Modem,MB8600,02:00:00:00:0B:6D,SN-MODEM-02925,single_band
Ubiquiti,Access Point,EAP225,02:00:00:00:0B:6E,SN-ACCESSPOINT-02926,dual_band
MikroTik,Router,hEX-S,02:00:00:00:0B:6F,SN-ROUTER-02927,single_band
Netgear,Switch,GS308,02:00:00:00:0B:70,SN-SWITCH-02928,dual_band
Nokia,ONU,G-140W-C,02:00:00:00:0B:71,SN-ONU-02929,single_band
Huawei,ONT,HG8245H,02:00:00:00:0B:72,SN-ONT-02930,dual_band
ZTE,ONU,F601,02:00:00:00:0B:73,SN-ONU-02931,single_band
TP-Link,Router,Archer C6,02:00:00:00:0B:74,SN-ROUTER-02932,dual_band
Cisco,Modem,MB8600,02:00:00:00:0B:75,SN-MODEM-02933,single_band
Ubiquiti,Access Point,EAP225,02:00:00:00:0B:76,SN-ACCESSPOINT-02934,dual_band
MikroTik,Router,hEX-S,02:00:00:00:0B:77,SN-ROUTER-02935,single_band
Netgear,Switch,GS308,02:00:00:00:0B:78,SN-SWITCH-02936,dual_band
Nokia,ONU,G-140W-C,02:00:00:00:0B:79,SN-ONU-02937,single_band
Huawei,ONT,HG8245H,02:00:00:00:0B:7A,SN-ONT-02938,dual_band
ZTE,ONU,F601,02:00:00:00:0B:7B,SN-ONU-02939,single_band
TP-Link,Router,Archer C6,02:00:00:00:0B:7C,SN-ROUTER-02940,dual_band
Cisco,Modem,MB8600,02:00:00:00:0B:7D,SN-MODEM-02941,single_band
Ubiquiti,Access Point,EAP225,02:00:00:00:0B:7E,SN-ACCESSPOINT-02942,dual_band
MikroTik,Router,hEX-S,02:00:00:00:0B:7F,SN-ROUTER-02943,single_band
Netgear,Switch,GS308,02:00:00:00:0B:80,SN-SWITCH-02944,dual_band
Nokia,ONU,G-140W-C,02:00:00:00:0B:81,SN-ONU-02945,single_band
Huawei,ONT,HG8245H,02:00:00:00:0B:82,SN-ONT-02946,dual_band
ZTE,ONU,F601,02:00:00:00:0B:83,SN-ONU-02947,single_band
TP-Link,Router,Archer C6,02:00:00:00:0B:84,SN-ROUTER-02948,dual_band
Cisco,Modem,MB8600,02:00:00:00:0B:85,SN-MODEM-02949,single_band
Ubiquiti,Access Point,EAP225,02:00:00:00:0B:86,SN-ACCESSPOINT-02950,dual_band
MikroTik,Router,hEX-S,02:00:00:00:0B:87,SN-ROUTER-02951,single_band
Netgear,Switch,GS308,02:00:00:00:0B:88,SN-SWITCH-02952,dual_band
Nokia,ONU,G-140W-C,02:00:00:00:0B:89,SN-ONU-02953,single_band
Huawei,ONT,HG8245H,02:00:00:00:0B:8A,SN-ONT-02954,dual_band
ZTE,ONU,F601,02:00:00:00:0B:8B,SN-ONU-02955,single_band
TP-Link,Router,Archer C6,02:00:00:00:0B:8C,SN-ROUTER-02956,dual_band
Cisco,Modem,MB8600,02:00:00:00:0B:8D,SN-MODEM-02957,single_band
Ubiquiti,Access Point,EAP225,02:00:00:00:0B:8E,SN-ACCESSPOINT-02958,dual_band
MikroTik,Router,hEX-S,02:00:00:00:0B:8F,SN-ROUTER-02959,single_band
Netgear,Switch,GS308,02:00:00:00:0B:90,SN-SWITCH-02960,dual_band
Nokia,ONU,G-140W-C,02:00:00:00:0B:91,SN-ONU-02961,single_band
Huawei,ONT,HG8245H,02:00:00:00:0B:92,SN-ONT-02962,dual_band
ZTE,ONU,F601,02:00:00:00:0B:93,SN-ONU-02963,single_band
TP-Link,Router,Archer C6,02:00:00:00:0B:94,SN-ROUTER-02964,dual_band
Cisco,Modem,MB8600,02:00:00:00:0B:95,SN-MODEM-02965,single_band
Ubiquiti,Access Point,EAP225,02:00:00:00:0B:96,SN-ACCESSPOINT-02966,dual_band
MikroTik,Router,hEX-S,02:00:00:00:0B:97,SN-ROUTER-02967,single_band
Netgear,Switch,GS308,02:00:00:00:0B:98,SN-SWITCH-02968,dual_band
Nokia,ONU,G-140W-C,02:00:00:00:0B:99,SN-ONU-02969,single_band
Huawei,ONT,HG8245H,02:00:00:00:0B:9A,SN-ONT-02970,dual_band
ZTE,ONU,F601,02:00:00:00:0B:9B,SN-ONU-02971,single_band
TP-Link,Router,Archer C6,02:00:00:00:0B:9C,SN-ROUTER-02972,dual_band
Cisco,Modem,MB8600,02:00:00:00:0B:9D,SN-MODEM-02973,single_band
Ubiquiti,Access Point,EAP225,02:00:00:00:0B:9E,SN-ACCESSPOINT-02974,dual_band
MikroTik,Router,hEX-S,02:00:00:00:0B:9F,SN-ROUTER-02975,single_band
Netgear,Switch,GS308,02:00:00:00:0B:A0,SN-SWITCH-02976,dual_band
Nokia,ONU,G-140W-C,02:00:00:00:0B:A1,SN-ONU-02977,single_band
Huawei,ONT,HG8245H,02:00:00:00:0B:A2,SN-ONT-02978,dual_band
ZTE,ONU,F601,02:00:00:00:0B:A3,SN-ONU-02979,single_band
TP-Link,Router,Archer C6,02:00:00:00:0B:A4,SN-ROUTER-02980,dual_band
Cisco,Modem,MB8600,02:00:00:00:0B:A5,SN-MODEM-02981,single_band
Ubiquiti,Access Point,EAP225,02:00:00:00:0B:A6,SN-ACCESSPOINT-02982,dual_band
MikroTik,Router,hEX-S,02:00:00:00:0B:A7,SN-ROUTER-02983,single_band
Netgear,Switch,GS308,02:00:00:00:0B:A8,SN-SWITCH-02984,dual_band
Nokia,ONU,G-140W-C,02:00:00:00:0B:A9,SN-ONU-02985,single_band
Huawei,ONT,HG8245H,02:00:00:00:0B:AA,SN-ONT-02986,dual_band
ZTE,ONU,F601,02:00:00:00:0B:AB,SN-ONU-02987,single_band
TP-Link,Router,Archer C6,02:00:00:00:0B:AC,SN-ROUTER-02988,dual_band
Cisco,Modem,MB8600,02:00:00:00:0B:AD,SN-MODEM-02989,single_band
Ubiquiti,Access Point,EAP225,02:00:00:00:0B:AE,SN-ACCESSPOINT-02990,dual_band
MikroTik,Router,hEX-S,02:00:00:00:0B:AF,SN-ROUTER-02991,single_band
Netgear,Switch,GS308,02:00:00:00:0B:B0,SN-SWITCH-02992,dual_band
Nokia,ONU,G-140W-C,02:00:00:00:0B:B1,SN-ONU-02993,single_band
Huawei,ONT,HG8245H,02:00:00:00:0B:B2,SN-ONT-02994,dual_band
ZTE,ONU,F601,02:00:00:00:0B:B3,SN-ONU-02995,single_band
TP-Link,Router,Archer C6,02:00:00:00:0B:B4,SN-ROUTER-02996,dual_band
Cisco,Modem,MB8600,02:00:00:00:0B:B5,SN-MODEM-02997,single_band
Ubiquiti,Access Point,EAP225,02:00:00:00:0B:B6,SN-ACCESSPOINT-02998,dual_band
MikroTik,Router,hEX-S,02:00:00:00:0B:B7,SN-ROUTER-02999,single_band
Netgear,Switch,GS308,02:00:00:00:0B:B8,SN-SWITCH-03000,dual_band
Nokia,ONU,G-140W-C,02:00:00:00:0B:B9,SN-ONU-03001,single_band
Huawei,ONT,HG8245H,02:00:00:00:0B:BA,SN-ONT-03002,dual_band
ZTE,ONU,F601,02:00:00:00:0B:BB,SN-ONU-03003,single_band
TP-Link,Router,Archer C6,02:00:00:00:0B:BC,SN-ROUTER-03004,dual_band
Cisco,Modem,MB8600,02:00:00:00:0B:BD,SN-MODEM-03005,single_band
Ubiquiti,Access Point,EAP225,02:00:00:00:0B:BE,SN-ACCESSPOINT-03006,dual_band
MikroTik,Router,hEX-S,02:00:00:00:0B:BF,SN-ROUTER-03007,single_band
Netgear,Switch,GS308,02:00:00:00:0B:C0,SN-SWITCH-03008,dual_band
Nokia,ONU,G-140W-C,02:00:00:00:0B:C1,SN-ONU-03009,single_band
Huawei,ONT,HG8245H,02:00:00:00:0B:C2,SN-ONT-03010,dual_band
ZTE,ONU,F601,02:00:00:00:0B:C3,SN-ONU-03011,single_band
TP-Link,Router,Archer C6,02:00:00:00:0B:C4,SN-ROUTER-03012,dual_band
Cisco,Modem,MB8600,02:00:00:00:0B:C5,SN-MODEM-03013,single_band
Ubiquiti,Access Point,EAP225,02:00:00:00:0B:C6,SN-ACCESSPOINT-03014,dual_band
MikroTik,Router,hEX-S,02:00:00:00:0B:C7,SN-ROUTER-03015,single_band
Netgear,Switch,GS308,02:00:00:00:0B:C8,SN-SWITCH-03016,dual_band
Nokia,ONU,G-140W-C,02:00:00:00:0B:C9,SN-ONU-03017,single_band
Huawei,ONT,HG8245H,02:00:00:00:0B:CA,SN-ONT-03018,dual_band
ZTE,ONU,F601,02:00:00:00:0B:CB,SN-ONU-03019,single_band
TP-Link,Router,Archer C6,02:00:00:00:0B:CC,SN-ROUTER-03020,dual_band
Cisco,Modem,MB8600,02:00:00:00:0B:CD,SN-MODEM-03021,single_band
Ubiquiti,Access Point,EAP225,02:00:00:00:0B:CE,SN-ACCESSPOINT-03022,dual_band
MikroTik,Router,hEX-S,02:00:00:00:0B:CF,SN-ROUTER-03023,single_band
Netgear,Switch,GS308,02:00:00:00:0B:D0,SN-SWITCH-03024,dual_band
Nokia,ONU,G-140W-C,02:00:00:00:0B:D1,SN-ONU-03025,single_band
Huawei,ONT,HG8245H,02:00:00:00:0B:D2,SN-ONT-03026,dual_band
ZTE,ONU,F601,02:00:00:00:0B:D3,SN-ONU-03027,single_band
TP-Link,Router,Archer C6,02:00:00:00:0B:D4,SN-ROUTER-03028,dual_band
Cisco,Modem,MB8600,02:00:00:00:0B:D5,SN-MODEM-03029,single_band
Ubiquiti,Access Point,EAP225,02:00:00:00:0B:D6,SN-ACCESSPOINT-03030,dual_band
MikroTik,Router,hEX-S,02:00:00:00:0B:D7,SN-ROUTER-03031,single_band
Netgear,Switch,GS308,02:00:00:00:0B:D8,SN-SWITCH-03032,dual_band
Nokia,ONU,G-140W-C,02:00:00:00:0B:D9,SN-ONU-03033,single_band
Huawei,ONT,HG8245H,02:00:00:00:0B:DA,SN-ONT-03034,dual_band
ZTE,ONU,F601,02:00:00:00:0B:DB,SN-ONU-03035,single_band
TP-Link,Router,Archer C6,02:00:00:00:0B:DC,SN-ROUTER-03036,dual_band
Cisco,Modem,MB8600,02:00:00:00:0B:DD,SN-MODEM-03037,single_band
Ubiquiti,Access Point,EAP225,02:00:00:00:0B:DE,SN-ACCESSPOINT-03038,dual_band
MikroTik,Router,hEX-S,02:00:00:00:0B:DF,SN-ROUTER-03039,single_band
Netgear,Switch,GS308,02:00:00:00:0B:E0,SN-SWITCH-03040,dual_band
Nokia,ONU,G-140W-C,02:00:00:00:0B:E1,SN-ONU-03041,single_band
Huawei,ONT,HG8245H,02:00:00:00:0B:E2,SN-ONT-03042,dual_band
ZTE,ONU,F601,02:00:00:00:0B:E3,SN-ONU-03043,single_band
TP-Link,Router,Archer C6,02:00:00:00:0B:E4,SN-ROUTER-03044,dual_band
Cisco,Modem,MB8600,02:00:00:00:0B:E5,SN-MODEM-03045,single_band
Ubiquiti,Access Point,EAP225,02:00:00:00:0B:E6,SN-ACCESSPOINT-03046,dual_band
MikroTik,Router,hEX-S,02:00:00:00:0B:E7,SN-ROUTER-03047,single_band
Netgear,Switch,GS308,02:00:00:00:0B:E8,SN-SWITCH-03048,dual_band
Nokia,ONU,G-140W-C,02:00:00:00:0B:E9,SN-ONU-03049,single_band
Huawei,ONT,HG8245H,02:00:00:00:0B:EA,SN-ONT-03050,dual_band
ZTE,ONU,F601,02:00:00:00:0B:EB,SN-ONU-03051,single_band
TP-Link,Router,Archer C6,02:00:00:00:0B:EC,SN-ROUTER-03052,dual_band
Cisco,Modem,MB8600,02:00:00:00:0B:ED,SN-MODEM-03053,single_band
Ubiquiti,Access Point,EAP225,02:00:00:00:0B:EE,SN-ACCESSPOINT-03054,dual_band
MikroTik,Router,hEX-S,02:00:00:00:0B:EF,SN-ROUTER-03055,single_band
Netgear,Switch,GS308,02:00:00:00:0B:F0,SN-SWITCH-03056,dual_band
Nokia,ONU,G-140W-C,02:00:00:00:0B:F1,SN-ONU-03057,single_band
Huawei,ONT,HG8245H,02:00:00:00:0B:F2,SN-ONT-03058,dual_band
ZTE,ONU,F601,02:00:00:00:0B:F3,SN-ONU-03059,single_band
TP-Link,Router,Archer C6,02:00:00:00:0B:F4,SN-ROUTER-03060,dual_band
Cisco,Modem,MB8600,02:00:00:00:0B:F5,SN-MODEM-03061,single_band
Ubiquiti,Access Point,EAP225,02:00:00:00:0B:F6,SN-ACCESSPOINT-03062,dual_band
MikroTik,Router,hEX-S,02:00:00:00:0B:F7,SN-ROUTER-03063,single_band
Netgear,Switch,GS308,02:00:00:00:0B:F8,SN-SWITCH-03064,dual_band
Nokia,ONU,G-140W-C,02:00:00:00:0B:F9,SN-ONU-03065,single_band
Huawei,ONT,HG8245H,02:00:00:00:0B:FA,SN-ONT-03066,dual_band
ZTE,ONU,F601,02:00:00:00:0B:FB,SN-ONU-03067,single_band
TP-Link,Router,Archer C6,02:00:00:00:0B:FC,SN-ROUTER-03068,dual_band
Cisco,Modem,MB8600,02:00:00:00:0B:FD,SN-MODEM-03069,single_band
Ubiquiti,Access Point,EAP225,02:00:00:00:0B:FE,SN-ACCESSPOINT-03070,dual_band
MikroTik,Router,hEX-S,02:00:00:00:0B:FF,SN-ROUTER-03071,single_band
Netgear,Switch,GS308,02:00:00:00:0C:00,SN-SWITCH-03072,dual_band
Nokia,ONU,G-140W-C,02:00:00:00:0C:01,SN-ONU-03073,single_band
Huawei,ONT,HG8245H,02:00:00:00:0C:02,SN-ONT-03074,dual_band
ZTE,ONU,F601,02:00:00:00:0C:03,SN-ONU-03075,single_band
TP-Link,Router,Archer C6,02:00:00:00:0C:04,SN-ROUTER-03076,dual_band
Cisco,Modem,MB8600,02:00:00:00:0C:05,SN-MODEM-03077,single_band
Ubiquiti,Access Point,EAP225,02:00:00:00:0C:06,SN-ACCESSPOINT-03078,dual_band
MikroTik,Router,hEX-S,02:00:00:00:0C:07,SN-ROUTER-03079,single_band
Netgear,Switch,GS308,02:00:00:00:0C:08,SN-SWITCH-03080,dual_band
Nokia,ONU,G-140W-C,02:00:00:00:0C:09,SN-ONU-03081,single_band
Huawei,ONT,HG8245H,02:00:00:00:0C:0A,SN-ONT-03082,dual_band
ZTE,ONU,F601,02:00:00:00:0C:0B,SN-ONU-03083,single_band
TP-Link,Router,Archer C6,02:00:00:00:0C:0C,SN-ROUTER-03084,dual_band
Cisco,Modem,MB8600,02:00:00:00:0C:0D,SN-MODEM-03085,single_band
Ubiquiti,Access Point,EAP225,02:00:00:00:0C:0E,SN-ACCESSPOINT-03086,dual_band
MikroTik,Router,hEX-S,02:00:00:00:0C:0F,SN-ROUTER-03087,single_band
Netgear,Switch,GS308,02:00:00:00:0C:10,SN-SWITCH-03088,dual_band
Nokia,ONU,G-140W-C,02:00:00:00:0C:11,SN-ONU-03089,single_band
Huawei,ONT,HG8245H,02:00:00:00:0C:12,SN-ONT-03090,dual_band
ZTE,ONU,F601,02:00:00:00:0C:13,SN-ONU-03091,single_band
TP-Link,Router,Archer C6,02:00:00:00:0C:14,SN-ROUTER-03092,dual_band
Cisco,Modem,MB8600,02:00:00:00:0C:15,SN-MODEM-03093,single_band
Ubiquiti,Access Point,EAP225,02:00:00:00:0C:16,SN-ACCESSPOINT-03094,dual_band
MikroTik,Router,hEX-S,02:00:00:00:0C:17,SN-ROUTER-03095,single_band
Netgear,Switch,GS308,02:00:00:00:0C:18,SN-SWITCH-03096,dual_band
Nokia,ONU,G-140W-C,02:00:00:00:0C:19,SN-ONU-03097,single_band
Huawei,ONT,HG8245H,02:00:00:00:0C:1A,SN-ONT-03098,dual_band
ZTE,ONU,F601,02:00:00:00:0C:1B,SN-ONU-03099,single_band
TP-Link,Router,Archer C6,02:00:00:00:0C:1C,SN-ROUTER-03100,dual_band
Cisco,Modem,MB8600,02:00:00:00:0C:1D,SN-MODEM-03101,single_band
Ubiquiti,Access Point,EAP225,02:00:00:00:0C:1E,SN-ACCESSPOINT-03102,dual_band
MikroTik,Router,hEX-S,02:00:00:00:0C:1F,SN-ROUTER-03103,single_band
Netgear,Switch,GS308,02:00:00:00:0C:20,SN-SWITCH-03104,dual_band
Nokia,ONU,G-140W-C,02:00:00:00:0C:21,SN-ONU-03105,single_band
Huawei,ONT,HG8245H,02:00:00:00:0C:22,SN-ONT-03106,dual_band
ZTE,ONU,F601,02:00:00:00:0C:23,SN-ONU-03107,single_band
TP-Link,Router,Archer C6,02:00:00:00:0C:24,SN-ROUTER-03108,dual_band
Cisco,Modem,MB8600,02:00:00:00:0C:25,SN-MODEM-03109,single_band
Ubiquiti,Access Point,EAP225,02:00:00:00:0C:26,SN-ACCESSPOINT-03110,dual_band
MikroTik,Router,hEX-S,02:00:00:00:0C:27,SN-ROUTER-03111,single_band
Netgear,Switch,GS308,02:00:00:00:0C:28,SN-SWITCH-03112,dual_band
Nokia,ONU,G-140W-C,02:00:00:00:0C:29,SN-ONU-03113,single_band
Huawei,ONT,HG8245H,02:00:00:00:0C:2A,SN-ONT-03114,dual_band
ZTE,ONU,F601,02:00:00:00:0C:2B,SN-ONU-03115,single_band
TP-Link,Router,Archer C6,02:00:00:00:0C:2C,SN-ROUTER-03116,dual_band
Cisco,Modem,MB8600,02:00:00:00:0C:2D,SN-MODEM-03117,single_band
Ubiquiti,Access Point,EAP225,02:00:00:00:0C:2E,SN-ACCESSPOINT-03118,dual_band
MikroTik,Router,hEX-S,02:00:00:00:0C:2F,SN-ROUTER-03119,single_band
Netgear,Switch,GS308,02:00:00:00:0C:30,SN-SWITCH-03120,dual_band
Nokia,ONU,G-140W-C,02:00:00:00:0C:31,SN-ONU-03121,single_band
Huawei,ONT,HG8245H,02:00:00:00:0C:32,SN-ONT-03122,dual_band
ZTE,ONU,F601,02:00:00:00:0C:33,SN-ONU-03123,single_band
TP-Link,Router,Archer C6,02:00:00:00:0C:34,SN-ROUTER-03124,dual_band
Cisco,Modem,MB8600,02:00:00:00:0C:35,SN-MODEM-03125,single_band
Ubiquiti,Access Point,EAP225,02:00:00:00:0C:36,SN-ACCESSPOINT-03126,dual_band
MikroTik,Router,hEX-S,02:00:00:00:0C:37,SN-ROUTER-03127,single_band
Netgear,Switch,GS308,02:00:00:00:0C:38,SN-SWITCH-03128,dual_band
Nokia,ONU,G-140W-C,02:00:00:00:0C:39,SN-ONU-03129,single_band
Huawei,ONT,HG8245H,02:00:00:00:0C:3A,SN-ONT-03130,dual_band
ZTE,ONU,F601,02:00:00:00:0C:3B,SN-ONU-03131,single_band
TP-Link,Router,Archer C6,02:00:00:00:0C:3C,SN-ROUTER-03132,dual_band
Cisco,Modem,MB8600,02:00:00:00:0C:3D,SN-MODEM-03133,single_band
Ubiquiti,Access Point,EAP225,02:00:00:00:0C:3E,SN-ACCESSPOINT-03134,dual_band
MikroTik,Router,hEX-S,02:00:00:00:0C:3F,SN-ROUTER-03135,single_band
Netgear,Switch,GS308,02:00:00:00:0C:40,SN-SWITCH-03136,dual_band
Nokia,ONU,G-140W-C,02:00:00:00:0C:41,SN-ONU-03137,single_band
Huawei,ONT,HG8245H,02:00:00:00:0C:42,SN-ONT-03138,dual_band
ZTE,ONU,F601,02:00:00:00:0C:43,SN-ONU-03139,single_band
TP-Link,Router,Archer C6,02:00:00:00:0C:44,SN-ROUTER-03140,dual_band
Cisco,Modem,MB8600,02:00:00:00:0C:45,SN-MODEM-03141,single_band
Ubiquiti,Access Point,EAP225,02:00:00:00:0C:46,SN-ACCESSPOINT-03142,dual_band
MikroTik,Router,hEX-S,02:00:00:00:0C:47,SN-ROUTER-03143,single_band
Netgear,Switch,GS308,02:00:00:00:0C:48,SN-SWITCH-03144,dual_band
Nokia,ONU,G-140W-C,02:00:00:00:0C:49,SN-ONU-03145,single_band
Huawei,ONT,HG8245H,02:00:00:00:0C:4A,SN-ONT-03146,dual_band
ZTE,ONU,F601,02:00:00:00:0C:4B,SN-ONU-03147,single_band
TP-Link,Router,Archer C6,02:00:00:00:0C:4C,SN-ROUTER-03148,dual_band
Cisco,Modem,MB8600,02:00:00:00:0C:4D,SN-MODEM-03149,single_band
Ubiquiti,Access Point,EAP225,02:00:00:00:0C:4E,SN-ACCESSPOINT-03150,dual_band
MikroTik,Router,hEX-S,02:00:00:00:0C:4F,SN-ROUTER-03151,single_band
Netgear,Switch,GS308,02:00:00:00:0C:50,SN-SWITCH-03152,dual_band
Nokia,ONU,G-140W-C,02:00:00:00:0C:51,SN-ONU-03153,single_band
Huawei,ONT,HG8245H,02:00:00:00:0C:52,SN-ONT-03154,dual_band
ZTE,ONU,F601,02:00:00:00:0C:53,SN-ONU-03155,single_band
TP-Link,Router,Archer C6,02:00:00:00:0C:54,SN-ROUTER-03156,dual_band
Cisco,Modem,MB8600,02:00:00:00:0C:55,SN-MODEM-03157,single_band
Ubiquiti,Access Point,EAP225,02:00:00:00:0C:56,SN-ACCESSPOINT-03158,dual_band
MikroTik,Router,hEX-S,02:00:00:00:0C:57,SN-ROUTER-03159,single_band
Netgear,Switch,GS308,02:00:00:00:0C:58,SN-SWITCH-03160,dual_band
Nokia,ONU,G-140W-C,02:00:00:00:0C:59,SN-ONU-03161,single_band
Huawei,ONT,HG8245H,02:00:00:00:0C:5A,SN-ONT-03162,dual_band
ZTE,ONU,F601,02:00:00:00:0C:5B,SN-ONU-03163,single_band
TP-Link,Router,Archer C6,02:00:00:00:0C:5C,SN-ROUTER-03164,dual_band
Cisco,Modem,MB8600,02:00:00:00:0C:5D,SN-MODEM-03165,single_band
Ubiquiti,Access Point,EAP225,02:00:00:00:0C:5E,SN-ACCESSPOINT-03166,dual_band
MikroTik,Router,hEX-S,02:00:00:00:0C:5F,SN-ROUTER-03167,single_band
Netgear,Switch,GS308,02:00:00:00:0C:60,SN-SWITCH-03168,dual_band
Nokia,ONU,G-140W-C,02:00:00:00:0C:61,SN-ONU-03169,single_band
Huawei,ONT,HG8245H,02:00:00:00:0C:62,SN-ONT-03170,dual_band
ZTE,ONU,F601,02:00:00:00:0C:63,SN-ONU-03171,single_band
TP-Link,Router,Archer C6,02:00:00:00:0C:64,SN-ROUTER-03172,dual_band
Cisco,Modem,MB8600,02:00:00:00:0C:65,SN-MODEM-03173,single_band
Ubiquiti,Access Point,EAP225,02:00:00:00:0C:66,SN-ACCESSPOINT-03174,dual_band
MikroTik,Router,hEX-S,02:00:00:00:0C:67,SN-ROUTER-03175,single_band
Netgear,Switch,GS308,02:00:00:00:0C:68,SN-SWITCH-03176,dual_band
Nokia,ONU,G-140W-C,02:00:00:00:0C:69,SN-ONU-03177,single_band
Huawei,ONT,HG8245H,02:00:00:00:0C:6A,SN-ONT-03178,dual_band
ZTE,ONU,F601,02:00:00:00:0C:6B,SN-ONU-03179,single_band
TP-Link,Router,Archer C6,02:00:00:00:0C:6C,SN-ROUTER-03180,dual_band
Cisco,Modem,MB8600,02:00:00:00:0C:6D,SN-MODEM-03181,single_band
Ubiquiti,Access Point,EAP225,02:00:00:00:0C:6E,SN-ACCESSPOINT-03182,dual_band
MikroTik,Router,hEX-S,02:00:00:00:0C:6F,SN-ROUTER-03183,single_band
Netgear,Switch,GS308,02:00:00:00:0C:70,SN-SWITCH-03184,dual_band
Nokia,ONU,G-140W-C,02:00:00:00:0C:71,SN-ONU-03185,single_band
Huawei,ONT,HG8245H,02:00:00:00:0C:72,SN-ONT-03186,dual_band
ZTE,ONU,F601,02:00:00:00:0C:73,SN-ONU-03187,single_band
TP-Link,Router,Archer C6,02:00:00:00:0C:74,SN-ROUTER-03188,dual_band
Cisco,Modem,MB8600,02:00:00:00:0C:75,SN-MODEM-03189,single_band
Ubiquiti,Access Point,EAP225,02:00:00:00:0C:76,SN-ACCESSPOINT-03190,dual_band
MikroTik,Router,hEX-S,02:00:00:00:0C:77,SN-ROUTER-03191,single_band
Netgear,Switch,GS308,02:00:00:00:0C:78,SN-SWITCH-03192,dual_band
Nokia,ONU,G-140W-C,02:00:00:00:0C:79,SN-ONU-03193,single_band
Huawei,ONT,HG8245H,02:00:00:00:0C:7A,SN-ONT-03194,dual_band
ZTE,ONU,F601,02:00:00:00:0C:7B,SN-ONU-03195,single_band
TP-Link,Router,Archer C6,02:00:00:00:0C:7C,SN-ROUTER-03196,dual_band
Cisco,Modem,MB8600,02:00:00:00:0C:7D,SN-MODEM-03197,single_band
Ubiquiti,Access Point,EAP225,02:00:00:00:0C:7E,SN-ACCESSPOINT-03198,dual_band
MikroTik,Router,hEX-S,02:00:00:00:0C:7F,SN-ROUTER-03199,single_band
Netgear,Switch,GS308,02:00:00:00:0C:80,SN-SWITCH-03200,dual_band
Nokia,ONU,G-140W-C,02:00:00:00:0C:81,SN-ONU-03201,single_band
Huawei,ONT,HG8245H,02:00:00:00:0C:82,SN-ONT-03202,dual_band
ZTE,ONU,F601,02:00:00:00:0C:83,SN-ONU-03203,single_band
TP-Link,Router,Archer C6,02:00:00:00:0C:84,SN-ROUTER-03204,dual_band
Cisco,Modem,MB8600,02:00:00:00:0C:85,SN-MODEM-03205,single_band
Ubiquiti,Access Point,EAP225,02:00:00:00:0C:86,SN-ACCESSPOINT-03206,dual_band
MikroTik,Router,hEX-S,02:00:00:00:0C:87,SN-ROUTER-03207,single_band
Netgear,Switch,GS308,02:00:00:00:0C:88,SN-SWITCH-03208,dual_band
Nokia,ONU,G-140W-C,02:00:00:00:0C:89,SN-ONU-03209,single_band
Huawei,ONT,HG8245H,02:00:00:00:0C:8A,SN-ONT-03210,dual_band
ZTE,ONU,F601,02:00:00:00:0C:8B,SN-ONU-03211,single_band
TP-Link,Router,Archer C6,02:00:00:00:0C:8C,SN-ROUTER-03212,dual_band
Cisco,Modem,MB8600,02:00:00:00:0C:8D,SN-MODEM-03213,single_band
Ubiquiti,Access Point,EAP225,02:00:00:00:0C:8E,SN-ACCESSPOINT-03214,dual_band
MikroTik,Router,hEX-S,02:00:00:00:0C:8F,SN-ROUTER-03215,single_band
Netgear,Switch,GS308,02:00:00:00:0C:90,SN-SWITCH-03216,dual_band
Nokia,ONU,G-140W-C,02:00:00:00:0C:91,SN-ONU-03217,single_band
Huawei,ONT,HG8245H,02:00:00:00:0C:92,SN-ONT-03218,dual_band
ZTE,ONU,F601,02:00:00:00:0C:93,SN-ONU-03219,single_band
TP-Link,Router,Archer C6,02:00:00:00:0C:94,SN-ROUTER-03220,dual_band
Cisco,Modem,MB8600,02:00:00:00:0C:95,SN-MODEM-03221,single_band
Ubiquiti,Access Point,EAP225,02:00:00:00:0C:96,SN-ACCESSPOINT-03222,dual_band
MikroTik,Router,hEX-S,02:00:00:00:0C:97,SN-ROUTER-03223,single_band
Netgear,Switch,GS308,02:00:00:00:0C:98,SN-SWITCH-03224,dual_band
Nokia,ONU,G-140W-C,02:00:00:00:0C:99,SN-ONU-03225,single_band
Huawei,ONT,HG8245H,02:00:00:00:0C:9A,SN-ONT-03226,dual_band
ZTE,ONU,F601,02:00:00:00:0C:9B,SN-ONU-03227,single_band
TP-Link,Router,Archer C6,02:00:00:00:0C:9C,SN-ROUTER-03228,dual_band
Cisco,Modem,MB8600,02:00:00:00:0C:9D,SN-MODEM-03229,single_band
Ubiquiti,Access Point,EAP225,02:00:00:00:0C:9E,SN-ACCESSPOINT-03230,dual_band
MikroTik,Router,hEX-S,02:00:00:00:0C:9F,SN-ROUTER-03231,single_band
Netgear,Switch,GS308,02:00:00:00:0C:A0,SN-SWITCH-03232,dual_band
Nokia,ONU,G-140W-C,02:00:00:00:0C:A1,SN-ONU-03233,single_band
Huawei,ONT,HG8245H,02:00:00:00:0C:A2,SN-ONT-03234,dual_band
ZTE,ONU,F601,02:00:00:00:0C:A3,SN-ONU-03235,single_band
TP-Link,Router,Archer C6,02:00:00:00:0C:A4,SN-ROUTER-03236,dual_band
Cisco,Modem,MB8600,02:00:00:00:0C:A5,SN-MODEM-03237,single_band
Ubiquiti,Access Point,EAP225,02:00:00:00:0C:A6,SN-ACCESSPOINT-03238,dual_band
MikroTik,Router,hEX-S,02:00:00:00:0C:A7,SN-ROUTER-03239,single_band
Netgear,Switch,GS308,02:00:00:00:0C:A8,SN-SWITCH-03240,dual_band
Nokia,ONU,G-140W-C,02:00:00:00:0C:A9,SN-ONU-03241,single_band
Huawei,ONT,HG8245H,02:00:00:00:0C:AA,SN-ONT-03242,dual_band
ZTE,ONU,F601,02:00:00:00:0C:AB,SN-ONU-03243,single_band
TP-Link,Router,Archer C6,02:00:00:00:0C:AC,SN-ROUTER-03244,dual_band
Cisco,Modem,MB8600,02:00:00:00:0C:AD,SN-MODEM-03245,single_band
Ubiquiti,Access Point,EAP225,02:00:00:00:0C:AE,SN-ACCESSPOINT-03246,dual_band
MikroTik,Router,hEX-S,02:00:00:00:0C:AF,SN-ROUTER-03247,single_band
Netgear,Switch,GS308,02:00:00:00:0C:B0,SN-SWITCH-03248,dual_band
Nokia,ONU,G-140W-C,02:00:00:00:0C:B1,SN-ONU-03249,single_band
Huawei,ONT,HG8245H,02:00:00:00:0C:B2,SN-ONT-03250,dual_band
ZTE,ONU,F601,02:00:00:00:0C:B3,SN-ONU-03251,single_band
TP-Link,Router,Archer C6,02:00:00:00:0C:B4,SN-ROUTER-03252,dual_band
Cisco,Modem,MB8600,02:00:00:00:0C:B5,SN-MODEM-03253,single_band
Ubiquiti,Access Point,EAP225,02:00:00:00:0C:B6,SN-ACCESSPOINT-03254,dual_band
MikroTik,Router,hEX-S,02:00:00:00:0C:B7,SN-ROUTER-03255,single_band
Netgear,Switch,GS308,02:00:00:00:0C:B8,SN-SWITCH-03256,dual_band
Nokia,ONU,G-140W-C,02:00:00:00:0C:B9,SN-ONU-03257,single_band
Huawei,ONT,HG8245H,02:00:00:00:0C:BA,SN-ONT-03258,dual_band
ZTE,ONU,F601,02:00:00:00:0C:BB,SN-ONU-03259,single_band
TP-Link,Router,Archer C6,02:00:00:00:0C:BC,SN-ROUTER-03260,dual_band
Cisco,Modem,MB8600,02:00:00:00:0C:BD,SN-MODEM-03261,single_band
Ubiquiti,Access Point,EAP225,02:00:00:00:0C:BE,SN-ACCESSPOINT-03262,dual_band
MikroTik,Router,hEX-S,02:00:00:00:0C:BF,SN-ROUTER-03263,single_band
Netgear,Switch,GS308,02:00:00:00:0C:C0,SN-SWITCH-03264,dual_band
Nokia,ONU,G-140W-C,02:00:00:00:0C:C1,SN-ONU-03265,single_band
Huawei,ONT,HG8245H,02:00:00:00:0C:C2,SN-ONT-03266,dual_band
ZTE,ONU,F601,02:00:00:00:0C:C3,SN-ONU-03267,single_band
TP-Link,Router,Archer C6,02:00:00:00:0C:C4,SN-ROUTER-03268,dual_band
Cisco,Modem,MB8600,02:00:00:00:0C:C5,SN-MODEM-03269,single_band
Ubiquiti,Access Point,EAP225,02:00:00:00:0C:C6,SN-ACCESSPOINT-03270,dual_band
MikroTik,Router,hEX-S,02:00:00:00:0C:C7,SN-ROUTER-03271,single_band
Netgear,Switch,GS308,02:00:00:00:0C:C8,SN-SWITCH-03272,dual_band
Nokia,ONU,G-140W-C,02:00:00:00:0C:C9,SN-ONU-03273,single_band
Huawei,ONT,HG8245H,02:00:00:00:0C:CA,SN-ONT-03274,dual_band
ZTE,ONU,F601,02:00:00:00:0C:CB,SN-ONU-03275,single_band
TP-Link,Router,Archer C6,02:00:00:00:0C:CC,SN-ROUTER-03276,dual_band
Cisco,Modem,MB8600,02:00:00:00:0C:CD,SN-MODEM-03277,single_band
Ubiquiti,Access Point,EAP225,02:00:00:00:0C:CE,SN-ACCESSPOINT-03278,dual_band
MikroTik,Router,hEX-S,02:00:00:00:0C:CF,SN-ROUTER-03279,single_band
Netgear,Switch,GS308,02:00:00:00:0C:D0,SN-SWITCH-03280,dual_band
Nokia,ONU,G-140W-C,02:00:00:00:0C:D1,SN-ONU-03281,single_band
Huawei,ONT,HG8245H,02:00:00:00:0C:D2,SN-ONT-03282,dual_band
ZTE,ONU,F601,02:00:00:00:0C:D3,SN-ONU-03283,single_band
TP-Link,Router,Archer C6,02:00:00:00:0C:D4,SN-ROUTER-03284,dual_band
Cisco,Modem,MB8600,02:00:00:00:0C:D5,SN-MODEM-03285,single_band
Ubiquiti,Access Point,EAP225,02:00:00:00:0C:D6,SN-ACCESSPOINT-03286,dual_band
MikroTik,Router,hEX-S,02:00:00:00:0C:D7,SN-ROUTER-03287,single_band
Netgear,Switch,GS308,02:00:00:00:0C:D8,SN-SWITCH-03288,dual_band
Nokia,ONU,G-140W-C,02:00:00:00:0C:D9,SN-ONU-03289,single_band
Huawei,ONT,HG8245H,02:00:00:00:0C:DA,SN-ONT-03290,dual_band
ZTE,ONU,F601,02:00:00:00:0C:DB,SN-ONU-03291,single_band
TP-Link,Router,Archer C6,02:00:00:00:0C:DC,SN-ROUTER-03292,dual_band
Cisco,Modem,MB8600,02:00:00:00:0C:DD,SN-MODEM-03293,single_band
Ubiquiti,Access Point,EAP225,02:00:00:00:0C:DE,SN-ACCESSPOINT-03294,dual_band
MikroTik,Router,hEX-S,02:00:00:00:0C:DF,SN-ROUTER-03295,single_band
Netgear,Switch,GS308,02:00:00:00:0C:E0,SN-SWITCH-03296,dual_band
Nokia,ONU,G-140W-C,02:00:00:00:0C:E1,SN-ONU-03297,single_band
Huawei,ONT,HG8245H,02:00:00:00:0C:E2,SN-ONT-03298,dual_band
ZTE,ONU,F601,02:00:00:00:0C:E3,SN-ONU-03299,single_band
TP-Link,Router,Archer C6,02:00:00:00:0C:E4,SN-ROUTER-03300,dual_band
Cisco,Modem,MB8600,02:00:00:00:0C:E5,SN-MODEM-03301,single_band
Ubiquiti,Access Point,EAP225,02:00:00:00:0C:E6,SN-ACCESSPOINT-03302,dual_band
MikroTik,Router,hEX-S,02:00:00:00:0C:E7,SN-ROUTER-03303,single_band
Netgear,Switch,GS308,02:00:00:00:0C:E8,SN-SWITCH-03304,dual_band
Nokia,ONU,G-140W-C,02:00:00:00:0C:E9,SN-ONU-03305,single_band
Huawei,ONT,HG8245H,02:00:00:00:0C:EA,SN-ONT-03306,dual_band
ZTE,ONU,F601,02:00:00:00:0C:EB,SN-ONU-03307,single_band
TP-Link,Router,Archer C6,02:00:00:00:0C:EC,SN-ROUTER-03308,dual_band
Cisco,Modem,MB8600,02:00:00:00:0C:ED,SN-MODEM-03309,single_band
Ubiquiti,Access Point,EAP225,02:00:00:00:0C:EE,SN-ACCESSPOINT-03310,dual_band
MikroTik,Router,hEX-S,02:00:00:00:0C:EF,SN-ROUTER-03311,single_band
Netgear,Switch,GS308,02:00:00:00:0C:F0,SN-SWITCH-03312,dual_band
Nokia,ONU,G-140W-C,02:00:00:00:0C:F1,SN-ONU-03313,single_band
Huawei,ONT,HG8245H,02:00:00:00:0C:F2,SN-ONT-03314,dual_band
ZTE,ONU,F601,02:00:00:00:0C:F3,SN-ONU-03315,single_band
TP-Link,Router,Archer C6,02:00:00:00:0C:F4,SN-ROUTER-03316,dual_band
Cisco,Modem,MB8600,02:00:00:00:0C:F5,SN-MODEM-03317,single_band
Ubiquiti,Access Point,EAP225,02:00:00:00:0C:F6,SN-ACCESSPOINT-03318,dual_band
MikroTik,Router,hEX-S,02:00:00:00:0C:F7,SN-ROUTER-03319,single_band
Netgear,Switch,GS308,02:00:00:00:0C:F8,SN-SWITCH-03320,dual_band
Nokia,ONU,G-140W-C,02:00:00:00:0C:F9,SN-ONU-03321,single_band
Huawei,ONT,HG8245H,02:00:00:00:0C:FA,SN-ONT-03322,dual_band
ZTE,ONU,F601,02:00:00:00:0C:FB,SN-ONU-03323,single_band
TP-Link,Router,Archer C6,02:00:00:00:0C:FC,SN-ROUTER-03324,dual_band
Cisco,Modem,MB8600,02:00:00:00:0C:FD,SN-MODEM-03325,single_band
Ubiquiti,Access Point,EAP225,02:00:00:00:0C:FE,SN-ACCESSPOINT-03326,dual_band
MikroTik,Router,hEX-S,02:00:00:00:0C:FF,SN-ROUTER-03327,single_band
Netgear,Switch,GS308,02:00:00:00:0D:00,SN-SWITCH-03328,dual_band
Nokia,ONU,G-140W-C,02:00:00:00:0D:01,SN-ONU-03329,single_band
Huawei,ONT,HG8245H,02:00:00:00:0D:02,SN-ONT-03330,dual_band
ZTE,ONU,F601,02:00:00:00:0D:03,SN-ONU-03331,single_band
TP-Link,Router,Archer C6,02:00:00:00:0D:04,SN-ROUTER-03332,dual_band
Cisco,Modem,MB8600,02:00:00:00:0D:05,SN-MODEM-03333,single_band
Ubiquiti,Access Point,EAP225,02:00:00:00:0D:06,SN-ACCESSPOINT-03334,dual_band
MikroTik,Router,hEX-S,02:00:00:00:0D:07,SN-ROUTER-03335,single_band
Netgear,Switch,GS308,02:00:00:00:0D:08,SN-SWITCH-03336,dual_band
Nokia,ONU,G-140W-C,02:00:00:00:0D:09,SN-ONU-03337,single_band
Huawei,ONT,HG8245H,02:00:00:00:0D:0A,SN-ONT-03338,dual_band
ZTE,ONU,F601,02:00:00:00:0D:0B,SN-ONU-03339,single_band
TP-Link,Router,Archer C6,02:00:00:00:0D:0C,SN-ROUTER-03340,dual_band
Cisco,Modem,MB8600,02:00:00:00:0D:0D,SN-MODEM-03341,single_band
Ubiquiti,Access Point,EAP225,02:00:00:00:0D:0E,SN-ACCESSPOINT-03342,dual_band
MikroTik,Router,hEX-S,02:00:00:00:0D:0F,SN-ROUTER-03343,single_band
Netgear,Switch,GS308,02:00:00:00:0D:10,SN-SWITCH-03344,dual_band
Nokia,ONU,G-140W-C,02:00:00:00:0D:11,SN-ONU-03345,single_band
Huawei,ONT,HG8245H,02:00:00:00:0D:12,SN-ONT-03346,dual_band
ZTE,ONU,F601,02:00:00:00:0D:13,SN-ONU-03347,single_band
TP-Link,Router,Archer C6,02:00:00:00:0D:14,SN-ROUTER-03348,dual_band
Cisco,Modem,MB8600,02:00:00:00:0D:15,SN-MODEM-03349,single_band
Ubiquiti,Access Point,EAP225,02:00:00:00:0D:16,SN-ACCESSPOINT-03350,dual_band
MikroTik,Router,hEX-S,02:00:00:00:0D:17,SN-ROUTER-03351,single_band
Netgear,Switch,GS308,02:00:00:00:0D:18,SN-SWITCH-03352,dual_band
Nokia,ONU,G-140W-C,02:00:00:00:0D:19,SN-ONU-03353,single_band
Huawei,ONT,HG8245H,02:00:00:00:0D:1A,SN-ONT-03354,dual_band
ZTE,ONU,F601,02:00:00:00:0D:1B,SN-ONU-03355,single_band
TP-Link,Router,Archer C6,02:00:00:00:0D:1C,SN-ROUTER-03356,dual_band
Cisco,Modem,MB8600,02:00:00:00:0D:1D,SN-MODEM-03357,single_band
Ubiquiti,Access Point,EAP225,02:00:00:00:0D:1E,SN-ACCESSPOINT-03358,dual_band
MikroTik,Router,hEX-S,02:00:00:00:0D:1F,SN-ROUTER-03359,single_band
Netgear,Switch,GS308,02:00:00:00:0D:20,SN-SWITCH-03360,dual_band
Nokia,ONU,G-140W-C,02:00:00:00:0D:21,SN-ONU-03361,single_band
Huawei,ONT,HG8245H,02:00:00:00:0D:22,SN-ONT-03362,dual_band
ZTE,ONU,F601,02:00:00:00:0D:23,SN-ONU-03363,single_band
TP-Link,Router,Archer C6,02:00:00:00:0D:24,SN-ROUTER-03364,dual_band
Cisco,Modem,MB8600,02:00:00:00:0D:25,SN-MODEM-03365,single_band
Ubiquiti,Access Point,EAP225,02:00:00:00:0D:26,SN-ACCESSPOINT-03366,dual_band
MikroTik,Router,hEX-S,02:00:00:00:0D:27,SN-ROUTER-03367,single_band
Netgear,Switch,GS308,02:00:00:00:0D:28,SN-SWITCH-03368,dual_band
Nokia,ONU,G-140W-C,02:00:00:00:0D:29,SN-ONU-03369,single_band
Huawei,ONT,HG8245H,02:00:00:00:0D:2A,SN-ONT-03370,dual_band
ZTE,ONU,F601,02:00:00:00:0D:2B,SN-ONU-03371,single_band
TP-Link,Router,Archer C6,02:00:00:00:0D:2C,SN-ROUTER-03372,dual_band
Cisco,Modem,MB8600,02:00:00:00:0D:2D,SN-MODEM-03373,single_band
Ubiquiti,Access Point,EAP225,02:00:00:00:0D:2E,SN-ACCESSPOINT-03374,dual_band
MikroTik,Router,hEX-S,02:00:00:00:0D:2F,SN-ROUTER-03375,single_band
Netgear,Switch,GS308,02:00:00:00:0D:30,SN-SWITCH-03376,dual_band
Nokia,ONU,G-140W-C,02:00:00:00:0D:31,SN-ONU-03377,single_band
Huawei,ONT,HG8245H,02:00:00:00:0D:32,SN-ONT-03378,dual_band
ZTE,ONU,F601,02:00:00:00:0D:33,SN-ONU-03379,single_band
TP-Link,Router,Archer C6,02:00:00:00:0D:34,SN-ROUTER-03380,dual_band
Cisco,Modem,MB8600,02:00:00:00:0D:35,SN-MODEM-03381,single_band
Ubiquiti,Access Point,EAP225,02:00:00:00:0D:36,SN-ACCESSPOINT-03382,dual_band
MikroTik,Router,hEX-S,02:00:00:00:0D:37,SN-ROUTER-03383,single_band
Netgear,Switch,GS308,02:00:00:00:0D:38,SN-SWITCH-03384,dual_band
Nokia,ONU,G-140W-C,02:00:00:00:0D:39,SN-ONU-03385,single_band
Huawei,ONT,HG8245H,02:00:00:00:0D:3A,SN-ONT-03386,dual_band
ZTE,ONU,F601,02:00:00:00:0D:3B,SN-ONU-03387,single_band
TP-Link,Router,Archer C6,02:00:00:00:0D:3C,SN-ROUTER-03388,dual_band
Cisco,Modem,MB8600,02:00:00:00:0D:3D,SN-MODEM-03389,single_band
Ubiquiti,Access Point,EAP225,02:00:00:00:0D:3E,SN-ACCESSPOINT-03390,dual_band
MikroTik,Router,hEX-S,02:00:00:00:0D:3F,SN-ROUTER-03391,single_band
Netgear,Switch,GS308,02:00:00:00:0D:40,SN-SWITCH-03392,dual_band
Nokia,ONU,G-140W-C,02:00:00:00:0D:41,SN-ONU-03393,single_band
Huawei,ONT,HG8245H,02:00:00:00:0D:42,SN-ONT-03394,dual_band
ZTE,ONU,F601,02:00:00:00:0D:43,SN-ONU-03395,single_band
TP-Link,Router,Archer C6,02:00:00:00:0D:44,SN-ROUTER-03396,dual_band
Cisco,Modem,MB8600,02:00:00:00:0D:45,SN-MODEM-03397,single_band
Ubiquiti,Access Point,EAP225,02:00:00:00:0D:46,SN-ACCESSPOINT-03398,dual_band
MikroTik,Router,hEX-S,02:00:00:00:0D:47,SN-ROUTER-03399,single_band
Netgear,Switch,GS308,02:00:00:00:0D:48,SN-SWITCH-03400,dual_band
Nokia,ONU,G-140W-C,02:00:00:00:0D:49,SN-ONU-03401,single_band
Huawei,ONT,HG8245H,02:00:00:00:0D:4A,SN-ONT-03402,dual_band
ZTE,ONU,F601,02:00:00:00:0D:4B,SN-ONU-03403,single_band
TP-Link,Router,Archer C6,02:00:00:00:0D:4C,SN-ROUTER-03404,dual_band
Cisco,Modem,MB8600,02:00:00:00:0D:4D,SN-MODEM-03405,single_band
Ubiquiti,Access Point,EAP225,02:00:00:00:0D:4E,SN-ACCESSPOINT-03406,dual_band
MikroTik,Router,hEX-S,02:00:00:00:0D:4F,SN-ROUTER-03407,single_band
Netgear,Switch,GS308,02:00:00:00:0D:50,SN-SWITCH-03408,dual_band
Nokia,ONU,G-140W-C,02:00:00:00:0D:51,SN-ONU-03409,single_band
Huawei,ONT,HG8245H,02:00:00:00:0D:52,SN-ONT-03410,dual_band
ZTE,ONU,F601,02:00:00:00:0D:53,SN-ONU-03411,single_band
TP-Link,Router,Archer C6,02:00:00:00:0D:54,SN-ROUTER-03412,dual_band
Cisco,Modem,MB8600,02:00:00:00:0D:55,SN-MODEM-03413,single_band
Ubiquiti,Access Point,EAP225,02:00:00:00:0D:56,SN-ACCESSPOINT-03414,dual_band
MikroTik,Router,hEX-S,02:00:00:00:0D:57,SN-ROUTER-03415,single_band
Netgear,Switch,GS308,02:00:00:00:0D:58,SN-SWITCH-03416,dual_band
Nokia,ONU,G-140W-C,02:00:00:00:0D:59,SN-ONU-03417,single_band
Huawei,ONT,HG8245H,02:00:00:00:0D:5A,SN-ONT-03418,dual_band
ZTE,ONU,F601,02:00:00:00:0D:5B,SN-ONU-03419,single_band
TP-Link,Router,Archer C6,02:00:00:00:0D:5C,SN-ROUTER-03420,dual_band
Cisco,Modem,MB8600,02:00:00:00:0D:5D,SN-MODEM-03421,single_band
Ubiquiti,Access Point,EAP225,02:00:00:00:0D:5E,SN-ACCESSPOINT-03422,dual_band
MikroTik,Router,hEX-S,02:00:00:00:0D:5F,SN-ROUTER-03423,single_band
Netgear,Switch,GS308,02:00:00:00:0D:60,SN-SWITCH-03424,dual_band
Nokia,ONU,G-140W-C,02:00:00:00:0D:61,SN-ONU-03425,single_band
Huawei,ONT,HG8245H,02:00:00:00:0D:62,SN-ONT-03426,dual_band
ZTE,ONU,F601,02:00:00:00:0D:63,SN-ONU-03427,single_band
TP-Link,Router,Archer C6,02:00:00:00:0D:64,SN-ROUTER-03428,dual_band
Cisco,Modem,MB8600,02:00:00:00:0D:65,SN-MODEM-03429,single_band
Ubiquiti,Access Point,EAP225,02:00:00:00:0D:66,SN-ACCESSPOINT-03430,dual_band
MikroTik,Router,hEX-S,02:00:00:00:0D:67,SN-ROUTER-03431,single_band
Netgear,Switch,GS308,02:00:00:00:0D:68,SN-SWITCH-03432,dual_band
Nokia,ONU,G-140W-C,02:00:00:00:0D:69,SN-ONU-03433,single_band
Huawei,ONT,HG8245H,02:00:00:00:0D:6A,SN-ONT-03434,dual_band
ZTE,ONU,F601,02:00:00:00:0D:6B,SN-ONU-03435,single_band
TP-Link,Router,Archer C6,02:00:00:00:0D:6C,SN-ROUTER-03436,dual_band
Cisco,Modem,MB8600,02:00:00:00:0D:6D,SN-MODEM-03437,single_band
Ubiquiti,Access Point,EAP225,02:00:00:00:0D:6E,SN-ACCESSPOINT-03438,dual_band
MikroTik,Router,hEX-S,02:00:00:00:0D:6F,SN-ROUTER-03439,single_band
Netgear,Switch,GS308,02:00:00:00:0D:70,SN-SWITCH-03440,dual_band
Nokia,ONU,G-140W-C,02:00:00:00:0D:71,SN-ONU-03441,single_band
Huawei,ONT,HG8245H,02:00:00:00:0D:72,SN-ONT-03442,dual_band
ZTE,ONU,F601,02:00:00:00:0D:73,SN-ONU-03443,single_band
TP-Link,Router,Archer C6,02:00:00:00:0D:74,SN-ROUTER-03444,dual_band
Cisco,Modem,MB8600,02:00:00:00:0D:75,SN-MODEM-03445,single_band
Ubiquiti,Access Point,EAP225,02:00:00:00:0D:76,SN-ACCESSPOINT-03446,dual_band
MikroTik,Router,hEX-S,02:00:00:00:0D:77,SN-ROUTER-03447,single_band
Netgear,Switch,GS308,02:00:00:00:0D:78,SN-SWITCH-03448,dual_band
Nokia,ONU,G-140W-C,02:00:00:00:0D:79,SN-ONU-03449,single_band
Huawei,ONT,HG8245H,02:00:00:00:0D:7A,SN-ONT-03450,dual_band
ZTE,ONU,F601,02:00:00:00:0D:7B,SN-ONU-03451,single_band
TP-Link,Router,Archer C6,02:00:00:00:0D:7C,SN-ROUTER-03452,dual_band
Cisco,Modem,MB8600,02:00:00:00:0D:7D,SN-MODEM-03453,single_band
Ubiquiti,Access Point,EAP225,02:00:00:00:0D:7E,SN-ACCESSPOINT-03454,dual_band
MikroTik,Router,hEX-S,02:00:00:00:0D:7F,SN-ROUTER-03455,single_band
Netgear,Switch,GS308,02:00:00:00:0D:80,SN-SWITCH-03456,dual_band
Nokia,ONU,G-140W-C,02:00:00:00:0D:81,SN-ONU-03457,single_band
Huawei,ONT,HG8245H,02:00:00:00:0D:82,SN-ONT-03458,dual_band
ZTE,ONU,F601,02:00:00:00:0D:83,SN-ONU-03459,single_band
TP-Link,Router,Archer C6,02:00:00:00:0D:84,SN-ROUTER-03460,dual_band
Cisco,Modem,MB8600,02:00:00:00:0D:85,SN-MODEM-03461,single_band
Ubiquiti,Access Point,EAP225,02:00:00:00:0D:86,SN-ACCESSPOINT-03462,dual_band
MikroTik,Router,hEX-S,02:00:00:00:0D:87,SN-ROUTER-03463,single_band
Netgear,Switch,GS308,02:00:00:00:0D:88,SN-SWITCH-03464,dual_band
Nokia,ONU,G-140W-C,02:00:00:00:0D:89,SN-ONU-03465,single_band
Huawei,ONT,HG8245H,02:00:00:00:0D:8A,SN-ONT-03466,dual_band
ZTE,ONU,F601,02:00:00:00:0D:8B,SN-ONU-03467,single_band
TP-Link,Router,Archer C6,02:00:00:00:0D:8C,SN-ROUTER-03468,dual_band
Cisco,Modem,MB8600,02:00:00:00:0D:8D,SN-MODEM-03469,single_band
Ubiquiti,Access Point,EAP225,02:00:00:00:0D:8E,SN-ACCESSPOINT-03470,dual_band
MikroTik,Router,hEX-S,02:00:00:00:0D:8F,SN-ROUTER-03471,single_band
Netgear,Switch,GS308,02:00:00:00:0D:90,SN-SWITCH-03472,dual_band
Nokia,ONU,G-140W-C,02:00:00:00:0D:91,SN-ONU-03473,single_band
Huawei,ONT,HG8245H,02:00:00:00:0D:92,SN-ONT-03474,dual_band
ZTE,ONU,F601,02:00:00:00:0D:93,SN-ONU-03475,single_band
TP-Link,Router,Archer C6,02:00:00:00:0D:94,SN-ROUTER-03476,dual_band
Cisco,Modem,MB8600,02:00:00:00:0D:95,SN-MODEM-03477,single_band
Ubiquiti,Access Point,EAP225,02:00:00:00:0D:96,SN-ACCESSPOINT-03478,dual_band
MikroTik,Router,hEX-S,02:00:00:00:0D:97,SN-ROUTER-03479,single_band
Netgear,Switch,GS308,02:00:00:00:0D:98,SN-SWITCH-03480,dual_band
Nokia,ONU,G-140W-C,02:00:00:00:0D:99,SN-ONU-03481,single_band
Huawei,ONT,HG8245H,02:00:00:00:0D:9A,SN-ONT-03482,dual_band
ZTE,ONU,F601,02:00:00:00:0D:9B,SN-ONU-03483,single_band
TP-Link,Router,Archer C6,02:00:00:00:0D:9C,SN-ROUTER-03484,dual_band
Cisco,Modem,MB8600,02:00:00:00:0D:9D,SN-MODEM-03485,single_band
Ubiquiti,Access Point,EAP225,02:00:00:00:0D:9E,SN-ACCESSPOINT-03486,dual_band
MikroTik,Router,hEX-S,02:00:00:00:0D:9F,SN-ROUTER-03487,single_band
Netgear,Switch,GS308,02:00:00:00:0D:A0,SN-SWITCH-03488,dual_band
Nokia,ONU,G-140W-C,02:00:00:00:0D:A1,SN-ONU-03489,single_band
Huawei,ONT,HG8245H,02:00:00:00:0D:A2,SN-ONT-03490,dual_band
ZTE,ONU,F601,02:00:00:00:0D:A3,SN-ONU-03491,single_band
TP-Link,Router,Archer C6,02:00:00:00:0D:A4,SN-ROUTER-03492,dual_band
Cisco,Modem,MB8600,02:00:00:00:0D:A5,SN-MODEM-03493,single_band
Ubiquiti,Access Point,EAP225,02:00:00:00:0D:A6,SN-ACCESSPOINT-03494,dual_band
MikroTik,Router,hEX-S,02:00:00:00:0D:A7,SN-ROUTER-03495,single_band
Netgear,Switch,GS308,02:00:00:00:0D:A8,SN-SWITCH-03496,dual_band
Nokia,ONU,G-140W-C,02:00:00:00:0D:A9,SN-ONU-03497,single_band
Huawei,ONT,HG8245H,02:00:00:00:0D:AA,SN-ONT-03498,dual_band
ZTE,ONU,F601,02:00:00:00:0D:AB,SN-ONU-03499,single_band
TP-Link,Router,Archer C6,02:00:00:00:0D:AC,SN-ROUTER-03500,dual_band
Cisco,Modem,MB8600,02:00:00:00:0D:AD,SN-MODEM-03501,single_band
Ubiquiti,Access Point,EAP225,02:00:00:00:0D:AE,SN-ACCESSPOINT-03502,dual_band
MikroTik,Router,hEX-S,02:00:00:00:0D:AF,SN-ROUTER-03503,single_band
Netgear,Switch,GS308,02:00:00:00:0D:B0,SN-SWITCH-03504,dual_band
Nokia,ONU,G-140W-C,02:00:00:00:0D:B1,SN-ONU-03505,single_band
Huawei,ONT,HG8245H,02:00:00:00:0D:B2,SN-ONT-03506,dual_band
ZTE,ONU,F601,02:00:00:00:0D:B3,SN-ONU-03507,single_band
TP-Link,Router,Archer C6,02:00:00:00:0D:B4,SN-ROUTER-03508,dual_band
Cisco,Modem,MB8600,02:00:00:00:0D:B5,SN-MODEM-03509,single_band
Ubiquiti,Access Point,EAP225,02:00:00:00:0D:B6,SN-ACCESSPOINT-03510,dual_band
MikroTik,Router,hEX-S,02:00:00:00:0D:B7,SN-ROUTER-03511,single_band
Netgear,Switch,GS308,02:00:00:00:0D:B8,SN-SWITCH-03512,dual_band
Nokia,ONU,G-140W-C,02:00:00:00:0D:B9,SN-ONU-03513,single_band
Huawei,ONT,HG8245H,02:00:00:00:0D:BA,SN-ONT-03514,dual_band
ZTE,ONU,F601,02:00:00:00:0D:BB,SN-ONU-03515,single_band
TP-Link,Router,Archer C6,02:00:00:00:0D:BC,SN-ROUTER-03516,dual_band
Cisco,Modem,MB8600,02:00:00:00:0D:BD,SN-MODEM-03517,single_band
Ubiquiti,Access Point,EAP225,02:00:00:00:0D:BE,SN-ACCESSPOINT-03518,dual_band
MikroTik,Router,hEX-S,02:00:00:00:0D:BF,SN-ROUTER-03519,single_band
Netgear,Switch,GS308,02:00:00:00:0D:C0,SN-SWITCH-03520,dual_band
Nokia,ONU,G-140W-C,02:00:00:00:0D:C1,SN-ONU-03521,single_band
Huawei,ONT,HG8245H,02:00:00:00:0D:C2,SN-ONT-03522,dual_band
ZTE,ONU,F601,02:00:00:00:0D:C3,SN-ONU-03523,single_band
TP-Link,Router,Archer C6,02:00:00:00:0D:C4,SN-ROUTER-03524,dual_band
Cisco,Modem,MB8600,02:00:00:00:0D:C5,SN-MODEM-03525,single_band
Ubiquiti,Access Point,EAP225,02:00:00:00:0D:C6,SN-ACCESSPOINT-03526,dual_band
MikroTik,Router,hEX-S,02:00:00:00:0D:C7,SN-ROUTER-03527,single_band
Netgear,Switch,GS308,02:00:00:00:0D:C8,SN-SWITCH-03528,dual_band
Nokia,ONU,G-140W-C,02:00:00:00:0D:C9,SN-ONU-03529,single_band
Huawei,ONT,HG8245H,02:00:00:00:0D:CA,SN-ONT-03530,dual_band
ZTE,ONU,F601,02:00:00:00:0D:CB,SN-ONU-03531,single_band
TP-Link,Router,Archer C6,02:00:00:00:0D:CC,SN-ROUTER-03532,dual_band
Cisco,Modem,MB8600,02:00:00:00:0D:CD,SN-MODEM-03533,single_band
Ubiquiti,Access Point,EAP225,02:00:00:00:0D:CE,SN-ACCESSPOINT-03534,dual_band
MikroTik,Router,hEX-S,02:00:00:00:0D:CF,SN-ROUTER-03535,single_band
Netgear,Switch,GS308,02:00:00:00:0D:D0,SN-SWITCH-03536,dual_band
Nokia,ONU,G-140W-C,02:00:00:00:0D:D1,SN-ONU-03537,single_band
Huawei,ONT,HG8245H,02:00:00:00:0D:D2,SN-ONT-03538,dual_band
ZTE,ONU,F601,02:00:00:00:0D:D3,SN-ONU-03539,single_band
TP-Link,Router,Archer C6,02:00:00:00:0D:D4,SN-ROUTER-03540,dual_band
Cisco,Modem,MB8600,02:00:00:00:0D:D5,SN-MODEM-03541,single_band
Ubiquiti,Access Point,EAP225,02:00:00:00:0D:D6,SN-ACCESSPOINT-03542,dual_band
MikroTik,Router,hEX-S,02:00:00:00:0D:D7,SN-ROUTER-03543,single_band
Netgear,Switch,GS308,02:00:00:00:0D:D8,SN-SWITCH-03544,dual_band
Nokia,ONU,G-140W-C,02:00:00:00:0D:D9,SN-ONU-03545,single_band
Huawei,ONT,HG8245H,02:00:00:00:0D:DA,SN-ONT-03546,dual_band
ZTE,ONU,F601,02:00:00:00:0D:DB,SN-ONU-03547,single_band
TP-Link,Router,Archer C6,02:00:00:00:0D:DC,SN-ROUTER-03548,dual_band
Cisco,Modem,MB8600,02:00:00:00:0D:DD,SN-MODEM-03549,single_band
Ubiquiti,Access Point,EAP225,02:00:00:00:0D:DE,SN-ACCESSPOINT-03550,dual_band
MikroTik,Router,hEX-S,02:00:00:00:0D:DF,SN-ROUTER-03551,single_band
Netgear,Switch,GS308,02:00:00:00:0D:E0,SN-SWITCH-03552,dual_band
Nokia,ONU,G-140W-C,02:00:00:00:0D:E1,SN-ONU-03553,single_band
Huawei,ONT,HG8245H,02:00:00:00:0D:E2,SN-ONT-03554,dual_band
ZTE,ONU,F601,02:00:00:00:0D:E3,SN-ONU-03555,single_band
TP-Link,Router,Archer C6,02:00:00:00:0D:E4,SN-ROUTER-03556,dual_band
Cisco,Modem,MB8600,02:00:00:00:0D:E5,SN-MODEM-03557,single_band
Ubiquiti,Access Point,EAP225,02:00:00:00:0D:E6,SN-ACCESSPOINT-03558,dual_band
MikroTik,Router,hEX-S,02:00:00:00:0D:E7,SN-ROUTER-03559,single_band
Netgear,Switch,GS308,02:00:00:00:0D:E8,SN-SWITCH-03560,dual_band
Nokia,ONU,G-140W-C,02:00:00:00:0D:E9,SN-ONU-03561,single_band
Huawei,ONT,HG8245H,02:00:00:00:0D:EA,SN-ONT-03562,dual_band
ZTE,ONU,F601,02:00:00:00:0D:EB,SN-ONU-03563,single_band
TP-Link,Router,Archer C6,02:00:00:00:0D:EC,SN-ROUTER-03564,dual_band
Cisco,Modem,MB8600,02:00:00:00:0D:ED,SN-MODEM-03565,single_band
Ubiquiti,Access Point,EAP225,02:00:00:00:0D:EE,SN-ACCESSPOINT-03566,dual_band
MikroTik,Router,hEX-S,02:00:00:00:0D:EF,SN-ROUTER-03567,single_band
Netgear,Switch,GS308,02:00:00:00:0D:F0,SN-SWITCH-03568,dual_band
Nokia,ONU,G-140W-C,02:00:00:00:0D:F1,SN-ONU-03569,single_band
Huawei,ONT,HG8245H,02:00:00:00:0D:F2,SN-ONT-03570,dual_band
ZTE,ONU,F601,02:00:00:00:0D:F3,SN-ONU-03571,single_band
TP-Link,Router,Archer C6,02:00:00:00:0D:F4,SN-ROUTER-03572,dual_band
Cisco,Modem,MB8600,02:00:00:00:0D:F5,SN-MODEM-03573,single_band
Ubiquiti,Access Point,EAP225,02:00:00:00:0D:F6,SN-ACCESSPOINT-03574,dual_band
MikroTik,Router,hEX-S,02:00:00:00:0D:F7,SN-ROUTER-03575,single_band
Netgear,Switch,GS308,02:00:00:00:0D:F8,SN-SWITCH-03576,dual_band
Nokia,ONU,G-140W-C,02:00:00:00:0D:F9,SN-ONU-03577,single_band
Huawei,ONT,HG8245H,02:00:00:00:0D:FA,SN-ONT-03578,dual_band
ZTE,ONU,F601,02:00:00:00:0D:FB,SN-ONU-03579,single_band
TP-Link,Router,Archer C6,02:00:00:00:0D:FC,SN-ROUTER-03580,dual_band
Cisco,Modem,MB8600,02:00:00:00:0D:FD,SN-MODEM-03581,single_band
Ubiquiti,Access Point,EAP225,02:00:00:00:0D:FE,SN-ACCESSPOINT-03582,dual_band
MikroTik,Router,hEX-S,02:00:00:00:0D:FF,SN-ROUTER-03583,single_band
Netgear,Switch,GS308,02:00:00:00:0E:00,SN-SWITCH-03584,dual_band
Nokia,ONU,G-140W-C,02:00:00:00:0E:01,SN-ONU-03585,single_band
Huawei,ONT,HG8245H,02:00:00:00:0E:02,SN-ONT-03586,dual_band
ZTE,ONU,F601,02:00:00:00:0E:03,SN-ONU-03587,single_band
TP-Link,Router,Archer C6,02:00:00:00:0E:04,SN-ROUTER-03588,dual_band
Cisco,Modem,MB8600,02:00:00:00:0E:05,SN-MODEM-03589,single_band
Ubiquiti,Access Point,EAP225,02:00:00:00:0E:06,SN-ACCESSPOINT-03590,dual_band
MikroTik,Router,hEX-S,02:00:00:00:0E:07,SN-ROUTER-03591,single_band
Netgear,Switch,GS308,02:00:00:00:0E:08,SN-SWITCH-03592,dual_band
Nokia,ONU,G-140W-C,02:00:00:00:0E:09,SN-ONU-03593,single_band
Huawei,ONT,HG8245H,02:00:00:00:0E:0A,SN-ONT-03594,dual_band
ZTE,ONU,F601,02:00:00:00:0E:0B,SN-ONU-03595,single_band
TP-Link,Router,Archer C6,02:00:00:00:0E:0C,SN-ROUTER-03596,dual_band
Cisco,Modem,MB8600,02:00:00:00:0E:0D,SN-MODEM-03597,single_band
Ubiquiti,Access Point,EAP225,02:00:00:00:0E:0E,SN-ACCESSPOINT-03598,dual_band
MikroTik,Router,hEX-S,02:00:00:00:0E:0F,SN-ROUTER-03599,single_band
Netgear,Switch,GS308,02:00:00:00:0E:10,SN-SWITCH-03600,dual_band
Nokia,ONU,G-140W-C,02:00:00:00:0E:11,SN-ONU-03601,single_band
Huawei,ONT,HG8245H,02:00:00:00:0E:12,SN-ONT-03602,dual_band
ZTE,ONU,F601,02:00:00:00:0E:13,SN-ONU-03603,single_band
TP-Link,Router,Archer C6,02:00:00:00:0E:14,SN-ROUTER-03604,dual_band
Cisco,Modem,MB8600,02:00:00:00:0E:15,SN-MODEM-03605,single_band
Ubiquiti,Access Point,EAP225,02:00:00:00:0E:16,SN-ACCESSPOINT-03606,dual_band
MikroTik,Router,hEX-S,02:00:00:00:0E:17,SN-ROUTER-03607,single_band
Netgear,Switch,GS308,02:00:00:00:0E:18,SN-SWITCH-03608,dual_band
Nokia,ONU,G-140W-C,02:00:00:00:0E:19,SN-ONU-03609,single_band
Huawei,ONT,HG8245H,02:00:00:00:0E:1A,SN-ONT-03610,dual_band
ZTE,ONU,F601,02:00:00:00:0E:1B,SN-ONU-03611,single_band
TP-Link,Router,Archer C6,02:00:00:00:0E:1C,SN-ROUTER-03612,dual_band
Cisco,Modem,MB8600,02:00:00:00:0E:1D,SN-MODEM-03613,single_band
Ubiquiti,Access Point,EAP225,02:00:00:00:0E:1E,SN-ACCESSPOINT-03614,dual_band
MikroTik,Router,hEX-S,02:00:00:00:0E:1F,SN-ROUTER-03615,single_band
Netgear,Switch,GS308,02:00:00:00:0E:20,SN-SWITCH-03616,dual_band
Nokia,ONU,G-140W-C,02:00:00:00:0E:21,SN-ONU-03617,single_band
Huawei,ONT,HG8245H,02:00:00:00:0E:22,SN-ONT-03618,dual_band
ZTE,ONU,F601,02:00:00:00:0E:23,SN-ONU-03619,single_band
TP-Link,Router,Archer C6,02:00:00:00:0E:24,SN-ROUTER-03620,dual_band
Cisco,Modem,MB8600,02:00:00:00:0E:25,SN-MODEM-03621,single_band
Ubiquiti,Access Point,EAP225,02:00:00:00:0E:26,SN-ACCESSPOINT-03622,dual_band
MikroTik,Router,hEX-S,02:00:00:00:0E:27,SN-ROUTER-03623,single_band
Netgear,Switch,GS308,02:00:00:00:0E:28,SN-SWITCH-03624,dual_band
Nokia,ONU,G-140W-C,02:00:00:00:0E:29,SN-ONU-03625,single_band
Huawei,ONT,HG8245H,02:00:00:00:0E:2A,SN-ONT-03626,dual_band
ZTE,ONU,F601,02:00:00:00:0E:2B,SN-ONU-03627,single_band
TP-Link,Router,Archer C6,02:00:00:00:0E:2C,SN-ROUTER-03628,dual_band
Cisco,Modem,MB8600,02:00:00:00:0E:2D,SN-MODEM-03629,single_band
Ubiquiti,Access Point,EAP225,02:00:00:00:0E:2E,SN-ACCESSPOINT-03630,dual_band
MikroTik,Router,hEX-S,02:00:00:00:0E:2F,SN-ROUTER-03631,single_band
Netgear,Switch,GS308,02:00:00:00:0E:30,SN-SWITCH-03632,dual_band
Nokia,ONU,G-140W-C,02:00:00:00:0E:31,SN-ONU-03633,single_band
Huawei,ONT,HG8245H,02:00:00:00:0E:32,SN-ONT-03634,dual_band
ZTE,ONU,F601,02:00:00:00:0E:33,SN-ONU-03635,single_band
TP-Link,Router,Archer C6,02:00:00:00:0E:34,SN-ROUTER-03636,dual_band
Cisco,Modem,MB8600,02:00:00:00:0E:35,SN-MODEM-03637,single_band
Ubiquiti,Access Point,EAP225,02:00:00:00:0E:36,SN-ACCESSPOINT-03638,dual_band
MikroTik,Router,hEX-S,02:00:00:00:0E:37,SN-ROUTER-03639,single_band
Netgear,Switch,GS308,02:00:00:00:0E:38,SN-SWITCH-03640,dual_band
Nokia,ONU,G-140W-C,02:00:00:00:0E:39,SN-ONU-03641,single_band
Huawei,ONT,HG8245H,02:00:00:00:0E:3A,SN-ONT-03642,dual_band
ZTE,ONU,F601,02:00:00:00:0E:3B,SN-ONU-03643,single_band
TP-Link,Router,Archer C6,02:00:00:00:0E:3C,SN-ROUTER-03644,dual_band
Cisco,Modem,MB8600,02:00:00:00:0E:3D,SN-MODEM-03645,single_band
Ubiquiti,Access Point,EAP225,02:00:00:00:0E:3E,SN-ACCESSPOINT-03646,dual_band
MikroTik,Router,hEX-S,02:00:00:00:0E:3F,SN-ROUTER-03647,single_band
Netgear,Switch,GS308,02:00:00:00:0E:40,SN-SWITCH-03648,dual_band
Nokia,ONU,G-140W-C,02:00:00:00:0E:41,SN-ONU-03649,single_band
Huawei,ONT,HG8245H,02:00:00:00:0E:42,SN-ONT-03650,dual_band
ZTE,ONU,F601,02:00:00:00:0E:43,SN-ONU-03651,single_band
TP-Link,Router,Archer C6,02:00:00:00:0E:44,SN-ROUTER-03652,dual_band
Cisco,Modem,MB8600,02:00:00:00:0E:45,SN-MODEM-03653,single_band
Ubiquiti,Access Point,EAP225,02:00:00:00:0E:46,SN-ACCESSPOINT-03654,dual_band
MikroTik,Router,hEX-S,02:00:00:00:0E:47,SN-ROUTER-03655,single_band
Netgear,Switch,GS308,02:00:00:00:0E:48,SN-SWITCH-03656,dual_band
Nokia,ONU,G-140W-C,02:00:00:00:0E:49,SN-ONU-03657,single_band
Huawei,ONT,HG8245H,02:00:00:00:0E:4A,SN-ONT-03658,dual_band
ZTE,ONU,F601,02:00:00:00:0E:4B,SN-ONU-03659,single_band
TP-Link,Router,Archer C6,02:00:00:00:0E:4C,SN-ROUTER-03660,dual_band
Cisco,Modem,MB8600,02:00:00:00:0E:4D,SN-MODEM-03661,single_band
Ubiquiti,Access Point,EAP225,02:00:00:00:0E:4E,SN-ACCESSPOINT-03662,dual_band
MikroTik,Router,hEX-S,02:00:00:00:0E:4F,SN-ROUTER-03663,single_band
Netgear,Switch,GS308,02:00:00:00:0E:50,SN-SWITCH-03664,dual_band
Nokia,ONU,G-140W-C,02:00:00:00:0E:51,SN-ONU-03665,single_band
Huawei,ONT,HG8245H,02:00:00:00:0E:52,SN-ONT-03666,dual_band
ZTE,ONU,F601,02:00:00:00:0E:53,SN-ONU-03667,single_band
TP-Link,Router,Archer C6,02:00:00:00:0E:54,SN-ROUTER-03668,dual_band
Cisco,Modem,MB8600,02:00:00:00:0E:55,SN-MODEM-03669,single_band
Ubiquiti,Access Point,EAP225,02:00:00:00:0E:56,SN-ACCESSPOINT-03670,dual_band
MikroTik,Router,hEX-S,02:00:00:00:0E:57,SN-ROUTER-03671,single_band
Netgear,Switch,GS308,02:00:00:00:0E:58,SN-SWITCH-03672,dual_band
Nokia,ONU,G-140W-C,02:00:00:00:0E:59,SN-ONU-03673,single_band
Huawei,ONT,HG8245H,02:00:00:00:0E:5A,SN-ONT-03674,dual_band
ZTE,ONU,F601,02:00:00:00:0E:5B,SN-ONU-03675,single_band
TP-Link,Router,Archer C6,02:00:00:00:0E:5C,SN-ROUTER-03676,dual_band
Cisco,Modem,MB8600,02:00:00:00:0E:5D,SN-MODEM-03677,single_band
Ubiquiti,Access Point,EAP225,02:00:00:00:0E:5E,SN-ACCESSPOINT-03678,dual_band
MikroTik,Router,hEX-S,02:00:00:00:0E:5F,SN-ROUTER-03679,single_band
Netgear,Switch,GS308,02:00:00:00:0E:60,SN-SWITCH-03680,dual_band
Nokia,ONU,G-140W-C,02:00:00:00:0E:61,SN-ONU-03681,single_band
Huawei,ONT,HG8245H,02:00:00:00:0E:62,SN-ONT-03682,dual_band
ZTE,ONU,F601,02:00:00:00:0E:63,SN-ONU-03683,single_band
TP-Link,Router,Archer C6,02:00:00:00:0E:64,SN-ROUTER-03684,dual_band
Cisco,Modem,MB8600,02:00:00:00:0E:65,SN-MODEM-03685,single_band
Ubiquiti,Access Point,EAP225,02:00:00:00:0E:66,SN-ACCESSPOINT-03686,dual_band
MikroTik,Router,hEX-S,02:00:00:00:0E:67,SN-ROUTER-03687,single_band
Netgear,Switch,GS308,02:00:00:00:0E:68,SN-SWITCH-03688,dual_band
Nokia,ONU,G-140W-C,02:00:00:00:0E:69,SN-ONU-03689,single_band
Huawei,ONT,HG8245H,02:00:00:00:0E:6A,SN-ONT-03690,dual_band
ZTE,ONU,F601,02:00:00:00:0E:6B,SN-ONU-03691,single_band
TP-Link,Router,Archer C6,02:00:00:00:0E:6C,SN-ROUTER-03692,dual_band
Cisco,Modem,MB8600,02:00:00:00:0E:6D,SN-MODEM-03693,single_band
Ubiquiti,Access Point,EAP225,02:00:00:00:0E:6E,SN-ACCESSPOINT-03694,dual_band
MikroTik,Router,hEX-S,02:00:00:00:0E:6F,SN-ROUTER-03695,single_band
Netgear,Switch,GS308,02:00:00:00:0E:70,SN-SWITCH-03696,dual_band
Nokia,ONU,G-140W-C,02:00:00:00:0E:71,SN-ONU-03697,single_band
Huawei,ONT,HG8245H,02:00:00:00:0E:72,SN-ONT-03698,dual_band
ZTE,ONU,F601,02:00:00:00:0E:73,SN-ONU-03699,single_band
TP-Link,Router,Archer C6,02:00:00:00:0E:74,SN-ROUTER-03700,dual_band
Cisco,Modem,MB8600,02:00:00:00:0E:75,SN-MODEM-03701,single_band
Ubiquiti,Access Point,EAP225,02:00:00:00:0E:76,SN-ACCESSPOINT-03702,dual_band
MikroTik,Router,hEX-S,02:00:00:00:0E:77,SN-ROUTER-03703,single_band
Netgear,Switch,GS308,02:00:00:00:0E:78,SN-SWITCH-03704,dual_band
Nokia,ONU,G-140W-C,02:00:00:00:0E:79,SN-ONU-03705,single_band
Huawei,ONT,HG8245H,02:00:00:00:0E:7A,SN-ONT-03706,dual_band
ZTE,ONU,F601,02:00:00:00:0E:7B,SN-ONU-03707,single_band
TP-Link,Router,Archer C6,02:00:00:00:0E:7C,SN-ROUTER-03708,dual_band
Cisco,Modem,MB8600,02:00:00:00:0E:7D,SN-MODEM-03709,single_band
Ubiquiti,Access Point,EAP225,02:00:00:00:0E:7E,SN-ACCESSPOINT-03710,dual_band
MikroTik,Router,hEX-S,02:00:00:00:0E:7F,SN-ROUTER-03711,single_band
Netgear,Switch,GS308,02:00:00:00:0E:80,SN-SWITCH-03712,dual_band
Nokia,ONU,G-140W-C,02:00:00:00:0E:81,SN-ONU-03713,single_band
Huawei,ONT,HG8245H,02:00:00:00:0E:82,SN-ONT-03714,dual_band
ZTE,ONU,F601,02:00:00:00:0E:83,SN-ONU-03715,single_band
TP-Link,Router,Archer C6,02:00:00:00:0E:84,SN-ROUTER-03716,dual_band
Cisco,Modem,MB8600,02:00:00:00:0E:85,SN-MODEM-03717,single_band
Ubiquiti,Access Point,EAP225,02:00:00:00:0E:86,SN-ACCESSPOINT-03718,dual_band
MikroTik,Router,hEX-S,02:00:00:00:0E:87,SN-ROUTER-03719,single_band
Netgear,Switch,GS308,02:00:00:00:0E:88,SN-SWITCH-03720,dual_band
Nokia,ONU,G-140W-C,02:00:00:00:0E:89,SN-ONU-03721,single_band
Huawei,ONT,HG8245H,02:00:00:00:0E:8A,SN-ONT-03722,dual_band
ZTE,ONU,F601,02:00:00:00:0E:8B,SN-ONU-03723,single_band
TP-Link,Router,Archer C6,02:00:00:00:0E:8C,SN-ROUTER-03724,dual_band
Cisco,Modem,MB8600,02:00:00:00:0E:8D,SN-MODEM-03725,single_band
Ubiquiti,Access Point,EAP225,02:00:00:00:0E:8E,SN-ACCESSPOINT-03726,dual_band
MikroTik,Router,hEX-S,02:00:00:00:0E:8F,SN-ROUTER-03727,single_band
Netgear,Switch,GS308,02:00:00:00:0E:90,SN-SWITCH-03728,dual_band
Nokia,ONU,G-140W-C,02:00:00:00:0E:91,SN-ONU-03729,single_band
Huawei,ONT,HG8245H,02:00:00:00:0E:92,SN-ONT-03730,dual_band
ZTE,ONU,F601,02:00:00:00:0E:93,SN-ONU-03731,single_band
TP-Link,Router,Archer C6,02:00:00:00:0E:94,SN-ROUTER-03732,dual_band
Cisco,Modem,MB8600,02:00:00:00:0E:95,SN-MODEM-03733,single_band
Ubiquiti,Access Point,EAP225,02:00:00:00:0E:96,SN-ACCESSPOINT-03734,dual_band
MikroTik,Router,hEX-S,02:00:00:00:0E:97,SN-ROUTER-03735,single_band
Netgear,Switch,GS308,02:00:00:00:0E:98,SN-SWITCH-03736,dual_band
Nokia,ONU,G-140W-C,02:00:00:00:0E:99,SN-ONU-03737,single_band
Huawei,ONT,HG8245H,02:00:00:00:0E:9A,SN-ONT-03738,dual_band
ZTE,ONU,F601,02:00:00:00:0E:9B,SN-ONU-03739,single_band
TP-Link,Router,Archer C6,02:00:00:00:0E:9C,SN-ROUTER-03740,dual_band
Cisco,Modem,MB8600,02:00:00:00:0E:9D,SN-MODEM-03741,single_band
Ubiquiti,Access Point,EAP225,02:00:00:00:0E:9E,SN-ACCESSPOINT-03742,dual_band
MikroTik,Router,hEX-S,02:00:00:00:0E:9F,SN-ROUTER-03743,single_band
Netgear,Switch,GS308,02:00:00:00:0E:A0,SN-SWITCH-03744,dual_band
Nokia,ONU,G-140W-C,02:00:00:00:0E:A1,SN-ONU-03745,single_band
Huawei,ONT,HG8245H,02:00:00:00:0E:A2,SN-ONT-03746,dual_band
ZTE,ONU,F601,02:00:00:00:0E:A3,SN-ONU-03747,single_band
TP-Link,Router,Archer C6,02:00:00:00:0E:A4,SN-ROUTER-03748,dual_band
Cisco,Modem,MB8600,02:00:00:00:0E:A5,SN-MODEM-03749,single_band
Ubiquiti,Access Point,EAP225,02:00:00:00:0E:A6,SN-ACCESSPOINT-03750,dual_band
MikroTik,Router,hEX-S,02:00:00:00:0E:A7,SN-ROUTER-03751,single_band
Netgear,Switch,GS308,02:00:00:00:0E:A8,SN-SWITCH-03752,dual_band
Nokia,ONU,G-140W-C,02:00:00:00:0E:A9,SN-ONU-03753,single_band
Huawei,ONT,HG8245H,02:00:00:00:0E:AA,SN-ONT-03754,dual_band
ZTE,ONU,F601,02:00:00:00:0E:AB,SN-ONU-03755,single_band
TP-Link,Router,Archer C6,02:00:00:00:0E:AC,SN-ROUTER-03756,dual_band
Cisco,Modem,MB8600,02:00:00:00:0E:AD,SN-MODEM-03757,single_band
Ubiquiti,Access Point,EAP225,02:00:00:00:0E:AE,SN-ACCESSPOINT-03758,dual_band
MikroTik,Router,hEX-S,02:00:00:00:0E:AF,SN-ROUTER-03759,single_band
Netgear,Switch,GS308,02:00:00:00:0E:B0,SN-SWITCH-03760,dual_band
Nokia,ONU,G-140W-C,02:00:00:00:0E:B1,SN-ONU-03761,single_band
Huawei,ONT,HG8245H,02:00:00:00:0E:B2,SN-ONT-03762,dual_band
ZTE,ONU,F601,02:00:00:00:0E:B3,SN-ONU-03763,single_band
TP-Link,Router,Archer C6,02:00:00:00:0E:B4,SN-ROUTER-03764,dual_band
Cisco,Modem,MB8600,02:00:00:00:0E:B5,SN-MODEM-03765,single_band
Ubiquiti,Access Point,EAP225,02:00:00:00:0E:B6,SN-ACCESSPOINT-03766,dual_band
MikroTik,Router,hEX-S,02:00:00:00:0E:B7,SN-ROUTER-03767,single_band
Netgear,Switch,GS308,02:00:00:00:0E:B8,SN-SWITCH-03768,dual_band
Nokia,ONU,G-140W-C,02:00:00:00:0E:B9,SN-ONU-03769,single_band
Huawei,ONT,HG8245H,02:00:00:00:0E:BA,SN-ONT-03770,dual_band
ZTE,ONU,F601,02:00:00:00:0E:BB,SN-ONU-03771,single_band
TP-Link,Router,Archer C6,02:00:00:00:0E:BC,SN-ROUTER-03772,dual_band
Cisco,Modem,MB8600,02:00:00:00:0E:BD,SN-MODEM-03773,single_band
Ubiquiti,Access Point,EAP225,02:00:00:00:0E:BE,SN-ACCESSPOINT-03774,dual_band
MikroTik,Router,hEX-S,02:00:00:00:0E:BF,SN-ROUTER-03775,single_band
Netgear,Switch,GS308,02:00:00:00:0E:C0,SN-SWITCH-03776,dual_band
Nokia,ONU,G-140W-C,02:00:00:00:0E:C1,SN-ONU-03777,single_band
Huawei,ONT,HG8245H,02:00:00:00:0E:C2,SN-ONT-03778,dual_band
ZTE,ONU,F601,02:00:00:00:0E:C3,SN-ONU-03779,single_band
TP-Link,Router,Archer C6,02:00:00:00:0E:C4,SN-ROUTER-03780,dual_band
Cisco,Modem,MB8600,02:00:00:00:0E:C5,SN-MODEM-03781,single_band
Ubiquiti,Access Point,EAP225,02:00:00:00:0E:C6,SN-ACCESSPOINT-03782,dual_band
MikroTik,Router,hEX-S,02:00:00:00:0E:C7,SN-ROUTER-03783,single_band
Netgear,Switch,GS308,02:00:00:00:0E:C8,SN-SWITCH-03784,dual_band
Nokia,ONU,G-140W-C,02:00:00:00:0E:C9,SN-ONU-03785,single_band
Huawei,ONT,HG8245H,02:00:00:00:0E:CA,SN-ONT-03786,dual_band
ZTE,ONU,F601,02:00:00:00:0E:CB,SN-ONU-03787,single_band
TP-Link,Router,Archer C6,02:00:00:00:0E:CC,SN-ROUTER-03788,dual_band
Cisco,Modem,MB8600,02:00:00:00:0E:CD,SN-MODEM-03789,single_band
Ubiquiti,Access Point,EAP225,02:00:00:00:0E:CE,SN-ACCESSPOINT-03790,dual_band
MikroTik,Router,hEX-S,02:00:00:00:0E:CF,SN-ROUTER-03791,single_band
Netgear,Switch,GS308,02:00:00:00:0E:D0,SN-SWITCH-03792,dual_band
Nokia,ONU,G-140W-C,02:00:00:00:0E:D1,SN-ONU-03793,single_band
Huawei,ONT,HG8245H,02:00:00:00:0E:D2,SN-ONT-03794,dual_band
ZTE,ONU,F601,02:00:00:00:0E:D3,SN-ONU-03795,single_band
TP-Link,Router,Archer C6,02:00:00:00:0E:D4,SN-ROUTER-03796,dual_band
Cisco,Modem,MB8600,02:00:00:00:0E:D5,SN-MODEM-03797,single_band
Ubiquiti,Access Point,EAP225,02:00:00:00:0E:D6,SN-ACCESSPOINT-03798,dual_band
MikroTik,Router,hEX-S,02:00:00:00:0E:D7,SN-ROUTER-03799,single_band
Netgear,Switch,GS308,02:00:00:00:0E:D8,SN-SWITCH-03800,dual_band
Nokia,ONU,G-140W-C,02:00:00:00:0E:D9,SN-ONU-03801,single_band
Huawei,ONT,HG8245H,02:00:00:00:0E:DA,SN-ONT-03802,dual_band
ZTE,ONU,F601,02:00:00:00:0E:DB,SN-ONU-03803,single_band
TP-Link,Router,Archer C6,02:00:00:00:0E:DC,SN-ROUTER-03804,dual_band
Cisco,Modem,MB8600,02:00:00:00:0E:DD,SN-MODEM-03805,single_band
Ubiquiti,Access Point,EAP225,02:00:00:00:0E:DE,SN-ACCESSPOINT-03806,dual_band
MikroTik,Router,hEX-S,02:00:00:00:0E:DF,SN-ROUTER-03807,single_band
Netgear,Switch,GS308,02:00:00:00:0E:E0,SN-SWITCH-03808,dual_band
Nokia,ONU,G-140W-C,02:00:00:00:0E:E1,SN-ONU-03809,single_band
Huawei,ONT,HG8245H,02:00:00:00:0E:E2,SN-ONT-03810,dual_band
ZTE,ONU,F601,02:00:00:00:0E:E3,SN-ONU-03811,single_band
TP-Link,Router,Archer C6,02:00:00:00:0E:E4,SN-ROUTER-03812,dual_band
Cisco,Modem,MB8600,02:00:00:00:0E:E5,SN-MODEM-03813,single_band
Ubiquiti,Access Point,EAP225,02:00:00:00:0E:E6,SN-ACCESSPOINT-03814,dual_band
MikroTik,Router,hEX-S,02:00:00:00:0E:E7,SN-ROUTER-03815,single_band
Netgear,Switch,GS308,02:00:00:00:0E:E8,SN-SWITCH-03816,dual_band
Nokia,ONU,G-140W-C,02:00:00:00:0E:E9,SN-ONU-03817,single_band
Huawei,ONT,HG8245H,02:00:00:00:0E:EA,SN-ONT-03818,dual_band
ZTE,ONU,F601,02:00:00:00:0E:EB,SN-ONU-03819,single_band
TP-Link,Router,Archer C6,02:00:00:00:0E:EC,SN-ROUTER-03820,dual_band
Cisco,Modem,MB8600,02:00:00:00:0E:ED,SN-MODEM-03821,single_band
Ubiquiti,Access Point,EAP225,02:00:00:00:0E:EE,SN-ACCESSPOINT-03822,dual_band
MikroTik,Router,hEX-S,02:00:00:00:0E:EF,SN-ROUTER-03823,single_band
Netgear,Switch,GS308,02:00:00:00:0E:F0,SN-SWITCH-03824,dual_band
Nokia,ONU,G-140W-C,02:00:00:00:0E:F1,SN-ONU-03825,single_band
Huawei,ONT,HG8245H,02:00:00:00:0E:F2,SN-ONT-03826,dual_band
ZTE,ONU,F601,02:00:00:00:0E:F3,SN-ONU-03827,single_band
TP-Link,Router,Archer C6,02:00:00:00:0E:F4,SN-ROUTER-03828,dual_band
Cisco,Modem,MB8600,02:00:00:00:0E:F5,SN-MODEM-03829,single_band
Ubiquiti,Access Point,EAP225,02:00:00:00:0E:F6,SN-ACCESSPOINT-03830,dual_band
MikroTik,Router,hEX-S,02:00:00:00:0E:F7,SN-ROUTER-03831,single_band
Netgear,Switch,GS308,02:00:00:00:0E:F8,SN-SWITCH-03832,dual_band
Nokia,ONU,G-140W-C,02:00:00:00:0E:F9,SN-ONU-03833,single_band
Huawei,ONT,HG8245H,02:00:00:00:0E:FA,SN-ONT-03834,dual_band
ZTE,ONU,F601,02:00:00:00:0E:FB,SN-ONU-03835,single_band
TP-Link,Router,Archer C6,02:00:00:00:0E:FC,SN-ROUTER-03836,dual_band
Cisco,Modem,MB8600,02:00:00:00:0E:FD,SN-MODEM-03837,single_band
Ubiquiti,Access Point,EAP225,02:00:00:00:0E:FE,SN-ACCESSPOINT-03838,dual_band
MikroTik,Router,hEX-S,02:00:00:00:0E:FF,SN-ROUTER-03839,single_band
Netgear,Switch,GS308,02:00:00:00:0F:00,SN-SWITCH-03840,dual_band
Nokia,ONU,G-140W-C,02:00:00:00:0F:01,SN-ONU-03841,single_band
Huawei,ONT,HG8245H,02:00:00:00:0F:02,SN-ONT-03842,dual_band
ZTE,ONU,F601,02:00:00:00:0F:03,SN-ONU-03843,single_band
TP-Link,Router,Archer C6,02:00:00:00:0F:04,SN-ROUTER-03844,dual_band
Cisco,Modem,MB8600,02:00:00:00:0F:05,SN-MODEM-03845,single_band
Ubiquiti,Access Point,EAP225,02:00:00:00:0F:06,SN-ACCESSPOINT-03846,dual_band
MikroTik,Router,hEX-S,02:00:00:00:0F:07,SN-ROUTER-03847,single_band
Netgear,Switch,GS308,02:00:00:00:0F:08,SN-SWITCH-03848,dual_band
Nokia,ONU,G-140W-C,02:00:00:00:0F:09,SN-ONU-03849,single_band
Huawei,ONT,HG8245H,02:00:00:00:0F:0A,SN-ONT-03850,dual_band
ZTE,ONU,F601,02:00:00:00:0F:0B,SN-ONU-03851,single_band
TP-Link,Router,Archer C6,02:00:00:00:0F:0C,SN-ROUTER-03852,dual_band
Cisco,Modem,MB8600,02:00:00:00:0F:0D,SN-MODEM-03853,single_band
Ubiquiti,Access Point,EAP225,02:00:00:00:0F:0E,SN-ACCESSPOINT-03854,dual_band
MikroTik,Router,hEX-S,02:00:00:00:0F:0F,SN-ROUTER-03855,single_band
Netgear,Switch,GS308,02:00:00:00:0F:10,SN-SWITCH-03856,dual_band
Nokia,ONU,G-140W-C,02:00:00:00:0F:11,SN-ONU-03857,single_band
Huawei,ONT,HG8245H,02:00:00:00:0F:12,SN-ONT-03858,dual_band
ZTE,ONU,F601,02:00:00:00:0F:13,SN-ONU-03859,single_band
TP-Link,Router,Archer C6,02:00:00:00:0F:14,SN-ROUTER-03860,dual_band
Cisco,Modem,MB8600,02:00:00:00:0F:15,SN-MODEM-03861,single_band
Ubiquiti,Access Point,EAP225,02:00:00:00:0F:16,SN-ACCESSPOINT-03862,dual_band
MikroTik,Router,hEX-S,02:00:00:00:0F:17,SN-ROUTER-03863,single_band
Netgear,Switch,GS308,02:00:00:00:0F:18,SN-SWITCH-03864,dual_band
Nokia,ONU,G-140W-C,02:00:00:00:0F:19,SN-ONU-03865,single_band
Huawei,ONT,HG8245H,02:00:00:00:0F:1A,SN-ONT-03866,dual_band
ZTE,ONU,F601,02:00:00:00:0F:1B,SN-ONU-03867,single_band
TP-Link,Router,Archer C6,02:00:00:00:0F:1C,SN-ROUTER-03868,dual_band
Cisco,Modem,MB8600,02:00:00:00:0F:1D,SN-MODEM-03869,single_band
Ubiquiti,Access Point,EAP225,02:00:00:00:0F:1E,SN-ACCESSPOINT-03870,dual_band
MikroTik,Router,hEX-S,02:00:00:00:0F:1F,SN-ROUTER-03871,single_band
Netgear,Switch,GS308,02:00:00:00:0F:20,SN-SWITCH-03872,dual_band
Nokia,ONU,G-140W-C,02:00:00:00:0F:21,SN-ONU-03873,single_band
Huawei,ONT,HG8245H,02:00:00:00:0F:22,SN-ONT-03874,dual_band
ZTE,ONU,F601,02:00:00:00:0F:23,SN-ONU-03875,single_band
TP-Link,Router,Archer C6,02:00:00:00:0F:24,SN-ROUTER-03876,dual_band
Cisco,Modem,MB8600,02:00:00:00:0F:25,SN-MODEM-03877,single_band
Ubiquiti,Access Point,EAP225,02:00:00:00:0F:26,SN-ACCESSPOINT-03878,dual_band
MikroTik,Router,hEX-S,02:00:00:00:0F:27,SN-ROUTER-03879,single_band
Netgear,Switch,GS308,02:00:00:00:0F:28,SN-SWITCH-03880,dual_band
Nokia,ONU,G-140W-C,02:00:00:00:0F:29,SN-ONU-03881,single_band
Huawei,ONT,HG8245H,02:00:00:00:0F:2A,SN-ONT-03882,dual_band
ZTE,ONU,F601,02:00:00:00:0F:2B,SN-ONU-03883,single_band
TP-Link,Router,Archer C6,02:00:00:00:0F:2C,SN-ROUTER-03884,dual_band
Cisco,Modem,MB8600,02:00:00:00:0F:2D,SN-MODEM-03885,single_band
Ubiquiti,Access Point,EAP225,02:00:00:00:0F:2E,SN-ACCESSPOINT-03886,dual_band
MikroTik,Router,hEX-S,02:00:00:00:0F:2F,SN-ROUTER-03887,single_band
Netgear,Switch,GS308,02:00:00:00:0F:30,SN-SWITCH-03888,dual_band
Nokia,ONU,G-140W-C,02:00:00:00:0F:31,SN-ONU-03889,single_band
Huawei,ONT,HG8245H,02:00:00:00:0F:32,SN-ONT-03890,dual_band
ZTE,ONU,F601,02:00:00:00:0F:33,SN-ONU-03891,single_band
TP-Link,Router,Archer C6,02:00:00:00:0F:34,SN-ROUTER-03892,dual_band
Cisco,Modem,MB8600,02:00:00:00:0F:35,SN-MODEM-03893,single_band
Ubiquiti,Access Point,EAP225,02:00:00:00:0F:36,SN-ACCESSPOINT-03894,dual_band
MikroTik,Router,hEX-S,02:00:00:00:0F:37,SN-ROUTER-03895,single_band
Netgear,Switch,GS308,02:00:00:00:0F:38,SN-SWITCH-03896,dual_band
Nokia,ONU,G-140W-C,02:00:00:00:0F:39,SN-ONU-03897,single_band
Huawei,ONT,HG8245H,02:00:00:00:0F:3A,SN-ONT-03898,dual_band
ZTE,ONU,F601,02:00:00:00:0F:3B,SN-ONU-03899,single_band
TP-Link,Router,Archer C6,02:00:00:00:0F:3C,SN-ROUTER-03900,dual_band
Cisco,Modem,MB8600,02:00:00:00:0F:3D,SN-MODEM-03901,single_band
Ubiquiti,Access Point,EAP225,02:00:00:00:0F:3E,SN-ACCESSPOINT-03902,dual_band
MikroTik,Router,hEX-S,02:00:00:00:0F:3F,SN-ROUTER-03903,single_band
Netgear,Switch,GS308,02:00:00:00:0F:40,SN-SWITCH-03904,dual_band
Nokia,ONU,G-140W-C,02:00:00:00:0F:41,SN-ONU-03905,single_band
Huawei,ONT,HG8245H,02:00:00:00:0F:42,SN-ONT-03906,dual_band
ZTE,ONU,F601,02:00:00:00:0F:43,SN-ONU-03907,single_band
TP-Link,Router,Archer C6,02:00:00:00:0F:44,SN-ROUTER-03908,dual_band
Cisco,Modem,MB8600,02:00:00:00:0F:45,SN-MODEM-03909,single_band
Ubiquiti,Access Point,EAP225,02:00:00:00:0F:46,SN-ACCESSPOINT-03910,dual_band
MikroTik,Router,hEX-S,02:00:00:00:0F:47,SN-ROUTER-03911,single_band
Netgear,Switch,GS308,02:00:00:00:0F:48,SN-SWITCH-03912,dual_band
Nokia,ONU,G-140W-C,02:00:00:00:0F:49,SN-ONU-03913,single_band
Huawei,ONT,HG8245H,02:00:00:00:0F:4A,SN-ONT-03914,dual_band
ZTE,ONU,F601,02:00:00:00:0F:4B,SN-ONU-03915,single_band
TP-Link,Router,Archer C6,02:00:00:00:0F:4C,SN-ROUTER-03916,dual_band
Cisco,Modem,MB8600,02:00:00:00:0F:4D,SN-MODEM-03917,single_band
Ubiquiti,Access Point,EAP225,02:00:00:00:0F:4E,SN-ACCESSPOINT-03918,dual_band
MikroTik,Router,hEX-S,02:00:00:00:0F:4F,SN-ROUTER-03919,single_band
Netgear,Switch,GS308,02:00:00:00:0F:50,SN-SWITCH-03920,dual_band
Nokia,ONU,G-140W-C,02:00:00:00:0F:51,SN-ONU-03921,single_band
Huawei,ONT,HG8245H,02:00:00:00:0F:52,SN-ONT-03922,dual_band
ZTE,ONU,F601,02:00:00:00:0F:53,SN-ONU-03923,single_band
TP-Link,Router,Archer C6,02:00:00:00:0F:54,SN-ROUTER-03924,dual_band
Cisco,Modem,MB8600,02:00:00:00:0F:55,SN-MODEM-03925,single_band
Ubiquiti,Access Point,EAP225,02:00:00:00:0F:56,SN-ACCESSPOINT-03926,dual_band
MikroTik,Router,hEX-S,02:00:00:00:0F:57,SN-ROUTER-03927,single_band
Netgear,Switch,GS308,02:00:00:00:0F:58,SN-SWITCH-03928,dual_band
Nokia,ONU,G-140W-C,02:00:00:00:0F:59,SN-ONU-03929,single_band
Huawei,ONT,HG8245H,02:00:00:00:0F:5A,SN-ONT-03930,dual_band
ZTE,ONU,F601,02:00:00:00:0F:5B,SN-ONU-03931,single_band
TP-Link,Router,Archer C6,02:00:00:00:0F:5C,SN-ROUTER-03932,dual_band
Cisco,Modem,MB8600,02:00:00:00:0F:5D,SN-MODEM-03933,single_band
Ubiquiti,Access Point,EAP225,02:00:00:00:0F:5E,SN-ACCESSPOINT-03934,dual_band
MikroTik,Router,hEX-S,02:00:00:00:0F:5F,SN-ROUTER-03935,single_band
Netgear,Switch,GS308,02:00:00:00:0F:60,SN-SWITCH-03936,dual_band
Nokia,ONU,G-140W-C,02:00:00:00:0F:61,SN-ONU-03937,single_band
Huawei,ONT,HG8245H,02:00:00:00:0F:62,SN-ONT-03938,dual_band
ZTE,ONU,F601,02:00:00:00:0F:63,SN-ONU-03939,single_band
TP-Link,Router,Archer C6,02:00:00:00:0F:64,SN-ROUTER-03940,dual_band
Cisco,Modem,MB8600,02:00:00:00:0F:65,SN-MODEM-03941,single_band
Ubiquiti,Access Point,EAP225,02:00:00:00:0F:66,SN-ACCESSPOINT-03942,dual_band
MikroTik,Router,hEX-S,02:00:00:00:0F:67,SN-ROUTER-03943,single_band
Netgear,Switch,GS308,02:00:00:00:0F:68,SN-SWITCH-03944,dual_band
Nokia,ONU,G-140W-C,02:00:00:00:0F:69,SN-ONU-03945,single_band
Huawei,ONT,HG8245H,02:00:00:00:0F:6A,SN-ONT-03946,dual_band
ZTE,ONU,F601,02:00:00:00:0F:6B,SN-ONU-03947,single_band
TP-Link,Router,Archer C6,02:00:00:00:0F:6C,SN-ROUTER-03948,dual_band
Cisco,Modem,MB8600,02:00:00:00:0F:6D,SN-MODEM-03949,single_band
Ubiquiti,Access Point,EAP225,02:00:00:00:0F:6E,SN-ACCESSPOINT-03950,dual_band
MikroTik,Router,hEX-S,02:00:00:00:0F:6F,SN-ROUTER-03951,single_band
Netgear,Switch,GS308,02:00:00:00:0F:70,SN-SWITCH-03952,dual_band
Nokia,ONU,G-140W-C,02:00:00:00:0F:71,SN-ONU-03953,single_band
Huawei,ONT,HG8245H,02:00:00:00:0F:72,SN-ONT-03954,dual_band
ZTE,ONU,F601,02:00:00:00:0F:73,SN-ONU-03955,single_band
TP-Link,Router,Archer C6,02:00:00:00:0F:74,SN-ROUTER-03956,dual_band
Cisco,Modem,MB8600,02:00:00:00:0F:75,SN-MODEM-03957,single_band
Ubiquiti,Access Point,EAP225,02:00:00:00:0F:76,SN-ACCESSPOINT-03958,dual_band
MikroTik,Router,hEX-S,02:00:00:00:0F:77,SN-ROUTER-03959,single_band
Netgear,Switch,GS308,02:00:00:00:0F:78,SN-SWITCH-03960,dual_band
Nokia,ONU,G-140W-C,02:00:00:00:0F:79,SN-ONU-03961,single_band
Huawei,ONT,HG8245H,02:00:00:00:0F:7A,SN-ONT-03962,dual_band
ZTE,ONU,F601,02:00:00:00:0F:7B,SN-ONU-03963,single_band
TP-Link,Router,Archer C6,02:00:00:00:0F:7C,SN-ROUTER-03964,dual_band
Cisco,Modem,MB8600,02:00:00:00:0F:7D,SN-MODEM-03965,single_band
Ubiquiti,Access Point,EAP225,02:00:00:00:0F:7E,SN-ACCESSPOINT-03966,dual_band
MikroTik,Router,hEX-S,02:00:00:00:0F:7F,SN-ROUTER-03967,single_band
Netgear,Switch,GS308,02:00:00:00:0F:80,SN-SWITCH-03968,dual_band
Nokia,ONU,G-140W-C,02:00:00:00:0F:81,SN-ONU-03969,single_band
Huawei,ONT,HG8245H,02:00:00:00:0F:82,SN-ONT-03970,dual_band
ZTE,ONU,F601,02:00:00:00:0F:83,SN-ONU-03971,single_band
TP-Link,Router,Archer C6,02:00:00:00:0F:84,SN-ROUTER-03972,dual_band
Cisco,Modem,MB8600,02:00:00:00:0F:85,SN-MODEM-03973,single_band
Ubiquiti,Access Point,EAP225,02:00:00:00:0F:86,SN-ACCESSPOINT-03974,dual_band
MikroTik,Router,hEX-S,02:00:00:00:0F:87,SN-ROUTER-03975,single_band
Netgear,Switch,GS308,02:00:00:00:0F:88,SN-SWITCH-03976,dual_band
Nokia,ONU,G-140W-C,02:00:00:00:0F:89,SN-ONU-03977,single_band
Huawei,ONT,HG8245H,02:00:00:00:0F:8A,SN-ONT-03978,dual_band
ZTE,ONU,F601,02:00:00:00:0F:8B,SN-ONU-03979,single_band
TP-Link,Router,Archer C6,02:00:00:00:0F:8C,SN-ROUTER-03980,dual_band
Cisco,Modem,MB8600,02:00:00:00:0F:8D,SN-MODEM-03981,single_band
Ubiquiti,Access Point,EAP225,02:00:00:00:0F:8E,SN-ACCESSPOINT-03982,dual_band
MikroTik,Router,hEX-S,02:00:00:00:0F:8F,SN-ROUTER-03983,single_band
Netgear,Switch,GS308,02:00:00:00:0F:90,SN-SWITCH-03984,dual_band
Nokia,ONU,G-140W-C,02:00:00:00:0F:91,SN-ONU-03985,single_band
Huawei,ONT,HG8245H,02:00:00:00:0F:92,SN-ONT-03986,dual_band
ZTE,ONU,F601,02:00:00:00:0F:93,SN-ONU-03987,single_band
TP-Link,Router,Archer C6,02:00:00:00:0F:94,SN-ROUTER-03988,dual_band
Cisco,Modem,MB8600,02:00:00:00:0F:95,SN-MODEM-03989,single_band
Ubiquiti,Access Point,EAP225,02:00:00:00:0F:96,SN-ACCESSPOINT-03990,dual_band
MikroTik,Router,hEX-S,02:00:00:00:0F:97,SN-ROUTER-03991,single_band
Netgear,Switch,GS308,02:00:00:00:0F:98,SN-SWITCH-03992,dual_band
Nokia,ONU,G-140W-C,02:00:00:00:0F:99,SN-ONU-03993,single_band
Huawei,ONT,HG8245H,02:00:00:00:0F:9A,SN-ONT-03994,dual_band
ZTE,ONU,F601,02:00:00:00:0F:9B,SN-ONU-03995,single_band
TP-Link,Router,Archer C6,02:00:00:00:0F:9C,SN-ROUTER-03996,dual_band
Cisco,Modem,MB8600,02:00:00:00:0F:9D,SN-MODEM-03997,single_band
Ubiquiti,Access Point,EAP225,02:00:00:00:0F:9E,SN-ACCESSPOINT-03998,dual_band
MikroTik,Router,hEX-S,02:00:00:00:0F:9F,SN-ROUTER-03999,single_band
Netgear,Switch,GS308,02:00:00:00:0F:A0,SN-SWITCH-04000,dual_band
