Vendor,device_type,model,mac_address,serial_number,band_type
Huawei,ONT,HG8145V5,AA:BC:10:00:00:01,SN-ONT-00001,single_band
ZTE,ONU,F601,AA:BC:10:00:00:02,SN-ONU-00002,dual_band
Nokia,Router,AX1800,AA:BC:10:00:00:03,SN-Router-00003,single_band
TP-Link,Switch,SG108,AA:BC:10:00:00:04,SN-Switch-00004,dual_band
Cisco,Modem,CM1200,AA:BC:10:00:00:05,SN-Modem-00005,single_band
D-Link,Access Point,U6-Lite,AA:BC:10:00:00:06,SN-AccessPoint-00006,dual_band
Huawei,Other,Generic-Device-A,AA:BC:10:00:00:07,SN-Other-00007,single_band
ZTE,ONT,ZXHN-F680,AA:BC:10:00:00:08,SN-ONT-00008,dual_band
Nokia,ONU,AN5506-01,AA:BC:10:00:00:09,SN-ONU-00009,single_band
TP-Link,Router,Archer C6,AA:BC:10:00:00:0A,SN-Router-00010,dual_band
Cisco,Switch,CBS110,AA:BC:10:00:00:0B,SN-Switch-00011,single_band
D-Link,Modem,TC4400,AA:BC:10:00:00:0C,SN-Modem-00012,dual_band
Huawei,Access Point,EAP225,AA:BC:10:00:00:0D,SN-AccessPoint-00013,single_band
ZTE,Other,Generic-Device-B,AA:BC:10:00:00:0E,SN-Other-00014,dual_band
Nokia,ONT,G-2425G-A,AA:BC:10:00:00:0F,SN-ONT-00015,single_band
TP-Link,ONU,G-140W-C,AA:BC:10:00:00:10,SN-ONU-00016,dual_band
Cisco,Router,RV340,AA:BC:10:00:00:11,SN-Router-00017,single_band
D-Link,Switch,DGS-1008A,AA:BC:10:00:00:12,SN-Switch-00018,dual_band
Huawei,Modem,MB8600,AA:BC:10:00:00:13,SN-Modem-00019,single_band
ZTE,Access Point,WAP150,AA:BC:10:00:00:14,SN-AccessPoint-00020,dual_band
Nokia,Other,Generic-Device-C,AA:BC:10:00:00:15,SN-Other-00021,single_band
TP-Link,ONT,HG8145V5,AA:BC:10:00:00:16,SN-ONT-00022,dual_band
Cisco,ONU,F601,AA:BC:10:00:00:17,SN-ONU-00023,single_band
D-Link,Router,AX1800,AA:BC:10:00:00:18,SN-Router-00024,dual_band
Huawei,Switch,SG108,AA:BC:10:00:00:19,SN-Switch-00025,single_band
ZTE,Modem,CM1200,AA:BC:10:00:00:1A,SN-Modem-00026,dual_band
Nokia,Access Point,U6-Lite,AA:BC:10:00:00:1B,SN-AccessPoint-00027,single_band
TP-Link,Other,Generic-Device-A,AA:BC:10:00:00:1C,SN-Other-00028,dual_band
Cisco,ONT,ZXHN-F680,AA:BC:10:00:00:1D,SN-ONT-00029,single_band
D-Link,ONU,AN5506-01,AA:BC:10:00:00:1E,SN-ONU-00030,dual_band
Huawei,Router,Archer C6,AA:BC:10:00:00:1F,SN-Router-00031,single_band
ZTE,Switch,CBS110,AA:BC:10:00:00:20,SN-Switch-00032,dual_band
Nokia,Modem,TC4400,AA:BC:10:00:00:21,SN-Modem-00033,single_band
TP-Link,Access Point,EAP225,AA:BC:10:00:00:22,SN-AccessPoint-00034,dual_band
Cisco,Other,Generic-Device-B,AA:BC:10:00:00:23,SN-Other-00035,single_band
D-Link,ONT,G-2425G-A,AA:BC:10:00:00:24,SN-ONT-00036,dual_band
Huawei,ONU,G-140W-C,AA:BC:10:00:00:25,SN-ONU-00037,single_band
ZTE,Router,RV340,AA:BC:10:00:00:26,SN-Router-00038,dual_band
Nokia,Switch,DGS-1008A,AA:BC:10:00:00:27,SN-Switch-00039,single_band
TP-Link,Modem,MB8600,AA:BC:10:00:00:28,SN-Modem-00040,dual_band
Cisco,Access Point,WAP150,AA:BC:10:00:00:29,SN-AccessPoint-00041,single_band
D-Link,Other,Generic-Device-C,AA:BC:10:00:00:2A,SN-Other-00042,dual_band
Huawei,ONT,HG8145V5,AA:BC:10:00:00:2B,SN-ONT-00043,single_band
ZTE,ONU,F601,AA:BC:10:00:00:2C,SN-ONU-00044,dual_band
Nokia,Router,AX1800,AA:BC:10:00:00:2D,SN-Router-00045,single_band
TP-Link,Switch,SG108,AA:BC:10:00:00:2E,SN-Switch-00046,dual_band
Cisco,Modem,CM1200,AA:BC:10:00:00:2F,SN-Modem-00047,single_band
D-Link,Access Point,U6-Lite,AA:BC:10:00:00:30,SN-AccessPoint-00048,dual_band
Huawei,Other,Generic-Device-A,AA:BC:10:00:00:31,SN-Other-00049,single_band
ZTE,ONT,ZXHN-F680,AA:BC:10:00:00:32,SN-ONT-00050,dual_band
Nokia,ONU,AN5506-01,AA:BC:10:00:00:33,SN-ONU-00051,single_band
TP-Link,Router,Archer C6,AA:BC:10:00:00:34,SN-Router-00052,dual_band
Cisco,Switch,CBS110,AA:BC:10:00:00:35,SN-Switch-00053,single_band
D-Link,Modem,TC4400,AA:BC:10:00:00:36,SN-Modem-00054,dual_band
Huawei,Access Point,EAP225,AA:BC:10:00:00:37,SN-AccessPoint-00055,single_band
ZTE,Other,Generic-Device-B,AA:BC:10:00:00:38,SN-Other-00056,dual_band
Nokia,ONT,G-2425G-A,AA:BC:10:00:00:39,SN-ONT-00057,single_band
TP-Link,ONU,G-140W-C,AA:BC:10:00:00:3A,SN-ONU-00058,dual_band
Cisco,Router,RV340,AA:BC:10:00:00:3B,SN-Router-00059,single_band
D-Link,Switch,DGS-1008A,AA:BC:10:00:00:3C,SN-Switch-00060,dual_band
Huawei,Modem,MB8600,AA:BC:10:00:00:3D,SN-Modem-00061,single_band
ZTE,Access Point,WAP150,AA:BC:10:00:00:3E,SN-AccessPoint-00062,dual_band
Nokia,Other,Generic-Device-C,AA:BC:10:00:00:3F,SN-Other-00063,single_band
TP-Link,ONT,HG8145V5,AA:BC:10:00:00:40,SN-ONT-00064,dual_band
Cisco,ONU,F601,AA:BC:10:00:00:41,SN-ONU-00065,single_band
D-Link,Router,AX1800,AA:BC:10:00:00:42,SN-Router-00066,dual_band
Huawei,Switch,SG108,AA:BC:10:00:00:43,SN-Switch-00067,single_band
ZTE,Modem,CM1200,AA:BC:10:00:00:44,SN-Modem-00068,dual_band
Nokia,Access Point,U6-Lite,AA:BC:10:00:00:45,SN-AccessPoint-00069,single_band
TP-Link,Other,Generic-Device-A,AA:BC:10:00:00:46,SN-Other-00070,dual_band
Cisco,ONT,ZXHN-F680,AA:BC:10:00:00:47,SN-ONT-00071,single_band
D-Link,ONU,AN5506-01,AA:BC:10:00:00:48,SN-ONU-00072,dual_band
Huawei,Router,Archer C6,AA:BC:10:00:00:49,SN-Router-00073,single_band
ZTE,Switch,CBS110,AA:BC:10:00:00:4A,SN-Switch-00074,dual_band
Nokia,Modem,TC4400,AA:BC:10:00:00:4B,SN-Modem-00075,single_band
TP-Link,Access Point,EAP225,AA:BC:10:00:00:4C,SN-AccessPoint-00076,dual_band
Cisco,Other,Generic-Device-B,AA:BC:10:00:00:4D,SN-Other-00077,single_band
D-Link,ONT,G-2425G-A,AA:BC:10:00:00:4E,SN-ONT-00078,dual_band
Huawei,ONU,G-140W-C,AA:BC:10:00:00:4F,SN-ONU-00079,single_band
ZTE,Router,RV340,AA:BC:10:00:00:50,SN-Router-00080,dual_band
Nokia,Switch,DGS-1008A,AA:BC:10:00:00:51,SN-Switch-00081,single_band
TP-Link,Modem,MB8600,AA:BC:10:00:00:52,SN-Modem-00082,dual_band
Cisco,Access Point,WAP150,AA:BC:10:00:00:53,SN-AccessPoint-00083,single_band
D-Link,Other,Generic-Device-C,AA:BC:10:00:00:54,SN-Other-00084,dual_band
Huawei,ONT,HG8145V5,AA:BC:10:00:00:55,SN-ONT-00085,single_band
ZTE,ONU,F601,AA:BC:10:00:00:56,SN-ONU-00086,dual_band
Nokia,Router,AX1800,AA:BC:10:00:00:57,SN-Router-00087,single_band
TP-Link,Switch,SG108,AA:BC:10:00:00:58,SN-Switch-00088,dual_band
Cisco,Modem,CM1200,AA:BC:10:00:00:59,SN-Modem-00089,single_band
D-Link,Access Point,U6-Lite,AA:BC:10:00:00:5A,SN-AccessPoint-00090,dual_band
Huawei,Other,Generic-Device-A,AA:BC:10:00:00:5B,SN-Other-00091,single_band
ZTE,ONT,ZXHN-F680,AA:BC:10:00:00:5C,SN-ONT-00092,dual_band
Nokia,ONU,AN5506-01,AA:BC:10:00:00:5D,SN-ONU-00093,single_band
TP-Link,Router,Archer C6,AA:BC:10:00:00:5E,SN-Router-00094,dual_band
Cisco,Switch,CBS110,AA:BC:10:00:00:5F,SN-Switch-00095,single_band
D-Link,Modem,TC4400,AA:BC:10:00:00:60,SN-Modem-00096,dual_band
Huawei,Access Point,EAP225,AA:BC:10:00:00:61,SN-AccessPoint-00097,single_band
ZTE,Other,Generic-Device-B,AA:BC:10:00:00:62,SN-Other-00098,dual_band
Nokia,ONT,G-2425G-A,AA:BC:10:00:00:63,SN-ONT-00099,single_band
TP-Link,ONU,G-140W-C,AA:BC:10:00:00:64,SN-ONU-00100,dual_band
Cisco,Router,RV340,AA:BC:10:00:00:65,SN-Router-00101,single_band
D-Link,Switch,DGS-1008A,AA:BC:10:00:00:66,SN-Switch-00102,dual_band
Huawei,Modem,MB8600,AA:BC:10:00:00:67,SN-Modem-00103,single_band
ZTE,Access Point,WAP150,AA:BC:10:00:00:68,SN-AccessPoint-00104,dual_band
Nokia,Other,Generic-Device-C,AA:BC:10:00:00:69,SN-Other-00105,single_band
TP-Link,ONT,HG8145V5,AA:BC:10:00:00:6A,SN-ONT-00106,dual_band
Cisco,ONU,F601,AA:BC:10:00:00:6B,SN-ONU-00107,single_band
D-Link,Router,AX1800,AA:BC:10:00:00:6C,SN-Router-00108,dual_band
Huawei,Switch,SG108,AA:BC:10:00:00:6D,SN-Switch-00109,single_band
ZTE,Modem,CM1200,AA:BC:10:00:00:6E,SN-Modem-00110,dual_band
Nokia,Access Point,U6-Lite,AA:BC:10:00:00:6F,SN-AccessPoint-00111,single_band
TP-Link,Other,Generic-Device-A,AA:BC:10:00:00:70,SN-Other-00112,dual_band
Cisco,ONT,ZXHN-F680,AA:BC:10:00:00:71,SN-ONT-00113,single_band
D-Link,ONU,AN5506-01,AA:BC:10:00:00:72,SN-ONU-00114,dual_band
Huawei,Router,Archer C6,AA:BC:10:00:00:73,SN-Router-00115,single_band
ZTE,Switch,CBS110,AA:BC:10:00:00:74,SN-Switch-00116,dual_band
Nokia,Modem,TC4400,AA:BC:10:00:00:75,SN-Modem-00117,single_band
TP-Link,Access Point,EAP225,AA:BC:10:00:00:76,SN-AccessPoint-00118,dual_band
Cisco,Other,Generic-Device-B,AA:BC:10:00:00:77,SN-Other-00119,single_band
D-Link,ONT,G-2425G-A,AA:BC:10:00:00:78,SN-ONT-00120,dual_band
Huawei,ONU,G-140W-C,AA:BC:10:00:00:79,SN-ONU-00121,single_band
ZTE,Router,RV340,AA:BC:10:00:00:7A,SN-Router-00122,dual_band
Nokia,Switch,DGS-1008A,AA:BC:10:00:00:7B,SN-Switch-00123,single_band
TP-Link,Modem,MB8600,AA:BC:10:00:00:7C,SN-Modem-00124,dual_band
Cisco,Access Point,WAP150,AA:BC:10:00:00:7D,SN-AccessPoint-00125,single_band
D-Link,Other,Generic-Device-C,AA:BC:10:00:00:7E,SN-Other-00126,dual_band
Huawei,ONT,HG8145V5,AA:BC:10:00:00:7F,SN-ONT-00127,single_band
ZTE,ONU,F601,AA:BC:10:00:00:80,SN-ONU-00128,dual_band
Nokia,Router,AX1800,AA:BC:10:00:00:81,SN-Router-00129,single_band
TP-Link,Switch,SG108,AA:BC:10:00:00:82,SN-Switch-00130,dual_band
Cisco,Modem,CM1200,AA:BC:10:00:00:83,SN-Modem-00131,single_band
D-Link,Access Point,U6-Lite,AA:BC:10:00:00:84,SN-AccessPoint-00132,dual_band
Huawei,Other,Generic-Device-A,AA:BC:10:00:00:85,SN-Other-00133,single_band
ZTE,ONT,ZXHN-F680,AA:BC:10:00:00:86,SN-ONT-00134,dual_band
Nokia,ONU,AN5506-01,AA:BC:10:00:00:87,SN-ONU-00135,single_band
TP-Link,Router,Archer C6,AA:BC:10:00:00:88,SN-Router-00136,dual_band
Cisco,Switch,CBS110,AA:BC:10:00:00:89,SN-Switch-00137,single_band
D-Link,Modem,TC4400,AA:BC:10:00:00:8A,SN-Modem-00138,dual_band
Huawei,Access Point,EAP225,AA:BC:10:00:00:8B,SN-AccessPoint-00139,single_band
ZTE,Other,Generic-Device-B,AA:BC:10:00:00:8C,SN-Other-00140,dual_band
Nokia,ONT,G-2425G-A,AA:BC:10:00:00:8D,SN-ONT-00141,single_band
TP-Link,ONU,G-140W-C,AA:BC:10:00:00:8E,SN-ONU-00142,dual_band
Cisco,Router,RV340,AA:BC:10:00:00:8F,SN-Router-00143,single_band
D-Link,Switch,DGS-1008A,AA:BC:10:00:00:90,SN-Switch-00144,dual_band
Huawei,Modem,MB8600,AA:BC:10:00:00:91,SN-Modem-00145,single_band
ZTE,Access Point,WAP150,AA:BC:10:00:00:92,SN-AccessPoint-00146,dual_band
Nokia,Other,Generic-Device-C,AA:BC:10:00:00:93,SN-Other-00147,single_band
TP-Link,ONT,HG8145V5,AA:BC:10:00:00:94,SN-ONT-00148,dual_band
Cisco,ONU,F601,AA:BC:10:00:00:95,SN-ONU-00149,single_band
D-Link,Router,AX1800,AA:BC:10:00:00:96,SN-Router-00150,dual_band
Huawei,Switch,SG108,AA:BC:10:00:00:97,SN-Switch-00151,single_band
ZTE,Modem,CM1200,AA:BC:10:00:00:98,SN-Modem-00152,dual_band
Nokia,Access Point,U6-Lite,AA:BC:10:00:00:99,SN-AccessPoint-00153,single_band
TP-Link,Other,Generic-Device-A,AA:BC:10:00:00:9A,SN-Other-00154,dual_band
Cisco,ONT,ZXHN-F680,AA:BC:10:00:00:9B,SN-ONT-00155,single_band
D-Link,ONU,AN5506-01,AA:BC:10:00:00:9C,SN-ONU-00156,dual_band
Huawei,Router,Archer C6,AA:BC:10:00:00:9D,SN-Router-00157,single_band
ZTE,Switch,CBS110,AA:BC:10:00:00:9E,SN-Switch-00158,dual_band
Nokia,Modem,TC4400,AA:BC:10:00:00:9F,SN-Modem-00159,single_band
TP-Link,Access Point,EAP225,AA:BC:10:00:00:A0,SN-AccessPoint-00160,dual_band
Cisco,Other,Generic-Device-B,AA:BC:10:00:00:A1,SN-Other-00161,single_band
D-Link,ONT,G-2425G-A,AA:BC:10:00:00:A2,SN-ONT-00162,dual_band
Huawei,ONU,G-140W-C,AA:BC:10:00:00:A3,SN-ONU-00163,single_band
ZTE,Router,RV340,AA:BC:10:00:00:A4,SN-Router-00164,dual_band
Nokia,Switch,DGS-1008A,AA:BC:10:00:00:A5,SN-Switch-00165,single_band
TP-Link,Modem,MB8600,AA:BC:10:00:00:A6,SN-Modem-00166,dual_band
Cisco,Access Point,WAP150,AA:BC:10:00:00:A7,SN-AccessPoint-00167,single_band
D-Link,Other,Generic-Device-C,AA:BC:10:00:00:A8,SN-Other-00168,dual_band
Huawei,ONT,HG8145V5,AA:BC:10:00:00:A9,SN-ONT-00169,single_band
ZTE,ONU,F601,AA:BC:10:00:00:AA,SN-ONU-00170,dual_band
Nokia,Router,AX1800,AA:BC:10:00:00:AB,SN-Router-00171,single_band
TP-Link,Switch,SG108,AA:BC:10:00:00:AC,SN-Switch-00172,dual_band
Cisco,Modem,CM1200,AA:BC:10:00:00:AD,SN-Modem-00173,single_band
D-Link,Access Point,U6-Lite,AA:BC:10:00:00:AE,SN-AccessPoint-00174,dual_band
Huawei,Other,Generic-Device-A,AA:BC:10:00:00:AF,SN-Other-00175,single_band
ZTE,ONT,ZXHN-F680,AA:BC:10:00:00:B0,SN-ONT-00176,dual_band
Nokia,ONU,AN5506-01,AA:BC:10:00:00:B1,SN-ONU-00177,single_band
TP-Link,Router,Archer C6,AA:BC:10:00:00:B2,SN-Router-00178,dual_band
Cisco,Switch,CBS110,AA:BC:10:00:00:B3,SN-Switch-00179,single_band
D-Link,Modem,TC4400,AA:BC:10:00:00:B4,SN-Modem-00180,dual_band
Huawei,Access Point,EAP225,AA:BC:10:00:00:B5,SN-AccessPoint-00181,single_band
ZTE,Other,Generic-Device-B,AA:BC:10:00:00:B6,SN-Other-00182,dual_band
Nokia,ONT,G-2425G-A,AA:BC:10:00:00:B7,SN-ONT-00183,single_band
TP-Link,ONU,G-140W-C,AA:BC:10:00:00:B8,SN-ONU-00184,dual_band
Cisco,Router,RV340,AA:BC:10:00:00:B9,SN-Router-00185,single_band
D-Link,Switch,DGS-1008A,AA:BC:10:00:00:BA,SN-Switch-00186,dual_band
Huawei,Modem,MB8600,AA:BC:10:00:00:BB,SN-Modem-00187,single_band
ZTE,Access Point,WAP150,AA:BC:10:00:00:BC,SN-AccessPoint-00188,dual_band
Nokia,Other,Generic-Device-C,AA:BC:10:00:00:BD,SN-Other-00189,single_band
TP-Link,ONT,HG8145V5,AA:BC:10:00:00:BE,SN-ONT-00190,dual_band
Cisco,ONU,F601,AA:BC:10:00:00:BF,SN-ONU-00191,single_band
D-Link,Router,AX1800,AA:BC:10:00:00:C0,SN-Router-00192,dual_band
Huawei,Switch,SG108,AA:BC:10:00:00:C1,SN-Switch-00193,single_band
ZTE,Modem,CM1200,AA:BC:10:00:00:C2,SN-Modem-00194,dual_band
Nokia,Access Point,U6-Lite,AA:BC:10:00:00:C3,SN-AccessPoint-00195,single_band
TP-Link,Other,Generic-Device-A,AA:BC:10:00:00:C4,SN-Other-00196,dual_band
Cisco,ONT,ZXHN-F680,AA:BC:10:00:00:C5,SN-ONT-00197,single_band
D-Link,ONU,AN5506-01,AA:BC:10:00:00:C6,SN-ONU-00198,dual_band
Huawei,Router,Archer C6,AA:BC:10:00:00:C7,SN-Router-00199,single_band
ZTE,Switch,CBS110,AA:BC:10:00:00:C8,SN-Switch-00200,dual_band
Nokia,Modem,TC4400,AA:BC:10:00:00:C9,SN-Modem-00201,single_band
TP-Link,Access Point,EAP225,AA:BC:10:00:00:CA,SN-AccessPoint-00202,dual_band
Cisco,Other,Generic-Device-B,AA:BC:10:00:00:CB,SN-Other-00203,single_band
D-Link,ONT,G-2425G-A,AA:BC:10:00:00:CC,SN-ONT-00204,dual_band
Huawei,ONU,G-140W-C,AA:BC:10:00:00:CD,SN-ONU-00205,single_band
ZTE,Router,RV340,AA:BC:10:00:00:CE,SN-Router-00206,dual_band
Nokia,Switch,DGS-1008A,AA:BC:10:00:00:CF,SN-Switch-00207,single_band
TP-Link,Modem,MB8600,AA:BC:10:00:00:D0,SN-Modem-00208,dual_band
Cisco,Access Point,WAP150,AA:BC:10:00:00:D1,SN-AccessPoint-00209,single_band
D-Link,Other,Generic-Device-C,AA:BC:10:00:00:D2,SN-Other-00210,dual_band
Huawei,ONT,HG8145V5,AA:BC:10:00:00:D3,SN-ONT-00211,single_band
ZTE,ONU,F601,AA:BC:10:00:00:D4,SN-ONU-00212,dual_band
Nokia,Router,AX1800,AA:BC:10:00:00:D5,SN-Router-00213,single_band
TP-Link,Switch,SG108,AA:BC:10:00:00:D6,SN-Switch-00214,dual_band
Cisco,Modem,CM1200,AA:BC:10:00:00:D7,SN-Modem-00215,single_band
D-Link,Access Point,U6-Lite,AA:BC:10:00:00:D8,SN-AccessPoint-00216,dual_band
Huawei,Other,Generic-Device-A,AA:BC:10:00:00:D9,SN-Other-00217,single_band
ZTE,ONT,ZXHN-F680,AA:BC:10:00:00:DA,SN-ONT-00218,dual_band
Nokia,ONU,AN5506-01,AA:BC:10:00:00:DB,SN-ONU-00219,single_band
TP-Link,Router,Archer C6,AA:BC:10:00:00:DC,SN-Router-00220,dual_band
Cisco,Switch,CBS110,AA:BC:10:00:00:DD,SN-Switch-00221,single_band
D-Link,Modem,TC4400,AA:BC:10:00:00:DE,SN-Modem-00222,dual_band
Huawei,Access Point,EAP225,AA:BC:10:00:00:DF,SN-AccessPoint-00223,single_band
ZTE,Other,Generic-Device-B,AA:BC:10:00:00:E0,SN-Other-00224,dual_band
Nokia,ONT,G-2425G-A,AA:BC:10:00:00:E1,SN-ONT-00225,single_band
TP-Link,ONU,G-140W-C,AA:BC:10:00:00:E2,SN-ONU-00226,dual_band
Cisco,Router,RV340,AA:BC:10:00:00:E3,SN-Router-00227,single_band
D-Link,Switch,DGS-1008A,AA:BC:10:00:00:E4,SN-Switch-00228,dual_band
Huawei,Modem,MB8600,AA:BC:10:00:00:E5,SN-Modem-00229,single_band
ZTE,Access Point,WAP150,AA:BC:10:00:00:E6,SN-AccessPoint-00230,dual_band
Nokia,Other,Generic-Device-C,AA:BC:10:00:00:E7,SN-Other-00231,single_band
TP-Link,ONT,HG8145V5,AA:BC:10:00:00:E8,SN-ONT-00232,dual_band
Cisco,ONU,F601,AA:BC:10:00:00:E9,SN-ONU-00233,single_band
D-Link,Router,AX1800,AA:BC:10:00:00:EA,SN-Router-00234,dual_band
Huawei,Switch,SG108,AA:BC:10:00:00:EB,SN-Switch-00235,single_band
ZTE,Modem,CM1200,AA:BC:10:00:00:EC,SN-Modem-00236,dual_band
Nokia,Access Point,U6-Lite,AA:BC:10:00:00:ED,SN-AccessPoint-00237,single_band
TP-Link,Other,Generic-Device-A,AA:BC:10:00:00:EE,SN-Other-00238,dual_band
Cisco,ONT,ZXHN-F680,AA:BC:10:00:00:EF,SN-ONT-00239,single_band
D-Link,ONU,AN5506-01,AA:BC:10:00:00:F0,SN-ONU-00240,dual_band
Huawei,Router,Archer C6,AA:BC:10:00:00:F1,SN-Router-00241,single_band
ZTE,Switch,CBS110,AA:BC:10:00:00:F2,SN-Switch-00242,dual_band
Nokia,Modem,TC4400,AA:BC:10:00:00:F3,SN-Modem-00243,single_band
TP-Link,Access Point,EAP225,AA:BC:10:00:00:F4,SN-AccessPoint-00244,dual_band
Cisco,Other,Generic-Device-B,AA:BC:10:00:00:F5,SN-Other-00245,single_band
D-Link,ONT,G-2425G-A,AA:BC:10:00:00:F6,SN-ONT-00246,dual_band
Huawei,ONU,G-140W-C,AA:BC:10:00:00:F7,SN-ONU-00247,single_band
ZTE,Router,RV340,AA:BC:10:00:00:F8,SN-Router-00248,dual_band
Nokia,Switch,DGS-1008A,AA:BC:10:00:00:F9,SN-Switch-00249,single_band
TP-Link,Modem,MB8600,AA:BC:10:00:00:FA,SN-Modem-00250,dual_band
Cisco,Access Point,WAP150,AA:BC:10:00:00:FB,SN-AccessPoint-00251,single_band
D-Link,Other,Generic-Device-C,AA:BC:10:00:00:FC,SN-Other-00252,dual_band
Huawei,ONT,HG8145V5,AA:BC:10:00:00:FD,SN-ONT-00253,single_band
ZTE,ONU,F601,AA:BC:10:00:00:FE,SN-ONU-00254,dual_band
Nokia,Router,AX1800,AA:BC:10:00:00:FF,SN-Router-00255,single_band
TP-Link,Switch,SG108,AA:BC:10:00:01:00,SN-Switch-00256,dual_band
Cisco,Modem,CM1200,AA:BC:10:00:01:01,SN-Modem-00257,single_band
D-Link,Access Point,U6-Lite,AA:BC:10:00:01:02,SN-AccessPoint-00258,dual_band
Huawei,Other,Generic-Device-A,AA:BC:10:00:01:03,SN-Other-00259,single_band
ZTE,ONT,ZXHN-F680,AA:BC:10:00:01:04,SN-ONT-00260,dual_band
Nokia,ONU,AN5506-01,AA:BC:10:00:01:05,SN-ONU-00261,single_band
TP-Link,Router,Archer C6,AA:BC:10:00:01:06,SN-Router-00262,dual_band
Cisco,Switch,CBS110,AA:BC:10:00:01:07,SN-Switch-00263,single_band
D-Link,Modem,TC4400,AA:BC:10:00:01:08,SN-Modem-00264,dual_band
Huawei,Access Point,EAP225,AA:BC:10:00:01:09,SN-AccessPoint-00265,single_band
ZTE,Other,Generic-Device-B,AA:BC:10:00:01:0A,SN-Other-00266,dual_band
Nokia,ONT,G-2425G-A,AA:BC:10:00:01:0B,SN-ONT-00267,single_band
TP-Link,ONU,G-140W-C,AA:BC:10:00:01:0C,SN-ONU-00268,dual_band
Cisco,Router,RV340,AA:BC:10:00:01:0D,SN-Router-00269,single_band
D-Link,Switch,DGS-1008A,AA:BC:10:00:01:0E,SN-Switch-00270,dual_band
Huawei,Modem,MB8600,AA:BC:10:00:01:0F,SN-Modem-00271,single_band
ZTE,Access Point,WAP150,AA:BC:10:00:01:10,SN-AccessPoint-00272,dual_band
Nokia,Other,Generic-Device-C,AA:BC:10:00:01:11,SN-Other-00273,single_band
TP-Link,ONT,HG8145V5,AA:BC:10:00:01:12,SN-ONT-00274,dual_band
Cisco,ONU,F601,AA:BC:10:00:01:13,SN-ONU-00275,single_band
D-Link,Router,AX1800,AA:BC:10:00:01:14,SN-Router-00276,dual_band
Huawei,Switch,SG108,AA:BC:10:00:01:15,SN-Switch-00277,single_band
ZTE,Modem,CM1200,AA:BC:10:00:01:16,SN-Modem-00278,dual_band
Nokia,Access Point,U6-Lite,AA:BC:10:00:01:17,SN-AccessPoint-00279,single_band
TP-Link,Other,Generic-Device-A,AA:BC:10:00:01:18,SN-Other-00280,dual_band
Cisco,ONT,ZXHN-F680,AA:BC:10:00:01:19,SN-ONT-00281,single_band
D-Link,ONU,AN5506-01,AA:BC:10:00:01:1A,SN-ONU-00282,dual_band
Huawei,Router,Archer C6,AA:BC:10:00:01:1B,SN-Router-00283,single_band
ZTE,Switch,CBS110,AA:BC:10:00:01:1C,SN-Switch-00284,dual_band
Nokia,Modem,TC4400,AA:BC:10:00:01:1D,SN-Modem-00285,single_band
TP-Link,Access Point,EAP225,AA:BC:10:00:01:1E,SN-AccessPoint-00286,dual_band
Cisco,Other,Generic-Device-B,AA:BC:10:00:01:1F,SN-Other-00287,single_band
D-Link,ONT,G-2425G-A,AA:BC:10:00:01:20,SN-ONT-00288,dual_band
Huawei,ONU,G-140W-C,AA:BC:10:00:01:21,SN-ONU-00289,single_band
ZTE,Router,RV340,AA:BC:10:00:01:22,SN-Router-00290,dual_band
Nokia,Switch,DGS-1008A,AA:BC:10:00:01:23,SN-Switch-00291,single_band
TP-Link,Modem,MB8600,AA:BC:10:00:01:24,SN-Modem-00292,dual_band
Cisco,Access Point,WAP150,AA:BC:10:00:01:25,SN-AccessPoint-00293,single_band
D-Link,Other,Generic-Device-C,AA:BC:10:00:01:26,SN-Other-00294,dual_band
Huawei,ONT,HG8145V5,AA:BC:10:00:01:27,SN-ONT-00295,single_band
ZTE,ONU,F601,AA:BC:10:00:01:28,SN-ONU-00296,dual_band
Nokia,Router,AX1800,AA:BC:10:00:01:29,SN-Router-00297,single_band
TP-Link,Switch,SG108,AA:BC:10:00:01:2A,SN-Switch-00298,dual_band
Cisco,Modem,CM1200,AA:BC:10:00:01:2B,SN-Modem-00299,single_band
D-Link,Access Point,U6-Lite,AA:BC:10:00:01:2C,SN-AccessPoint-00300,dual_band
Huawei,Other,Generic-Device-A,AA:BC:10:00:01:2D,SN-Other-00301,single_band
ZTE,ONT,ZXHN-F680,AA:BC:10:00:01:2E,SN-ONT-00302,dual_band
Nokia,ONU,AN5506-01,AA:BC:10:00:01:2F,SN-ONU-00303,single_band
TP-Link,Router,Archer C6,AA:BC:10:00:01:30,SN-Router-00304,dual_band
Cisco,Switch,CBS110,AA:BC:10:00:01:31,SN-Switch-00305,single_band
D-Link,Modem,TC4400,AA:BC:10:00:01:32,SN-Modem-00306,dual_band
Huawei,Access Point,EAP225,AA:BC:10:00:01:33,SN-AccessPoint-00307,single_band
ZTE,Other,Generic-Device-B,AA:BC:10:00:01:34,SN-Other-00308,dual_band
Nokia,ONT,G-2425G-A,AA:BC:10:00:01:35,SN-ONT-00309,single_band
TP-Link,ONU,G-140W-C,AA:BC:10:00:01:36,SN-ONU-00310,dual_band
Cisco,Router,RV340,AA:BC:10:00:01:37,SN-Router-00311,single_band
D-Link,Switch,DGS-1008A,AA:BC:10:00:01:38,SN-Switch-00312,dual_band
Huawei,Modem,MB8600,AA:BC:10:00:01:39,SN-Modem-00313,single_band
ZTE,Access Point,WAP150,AA:BC:10:00:01:3A,SN-AccessPoint-00314,dual_band
Nokia,Other,Generic-Device-C,AA:BC:10:00:01:3B,SN-Other-00315,single_band
TP-Link,ONT,HG8145V5,AA:BC:10:00:01:3C,SN-ONT-00316,dual_band
Cisco,ONU,F601,AA:BC:10:00:01:3D,SN-ONU-00317,single_band
D-Link,Router,AX1800,AA:BC:10:00:01:3E,SN-Router-00318,dual_band
Huawei,Switch,SG108,AA:BC:10:00:01:3F,SN-Switch-00319,single_band
ZTE,Modem,CM1200,AA:BC:10:00:01:40,SN-Modem-00320,dual_band
Nokia,Access Point,U6-Lite,AA:BC:10:00:01:41,SN-AccessPoint-00321,single_band
TP-Link,Other,Generic-Device-A,AA:BC:10:00:01:42,SN-Other-00322,dual_band
Cisco,ONT,ZXHN-F680,AA:BC:10:00:01:43,SN-ONT-00323,single_band
D-Link,ONU,AN5506-01,AA:BC:10:00:01:44,SN-ONU-00324,dual_band
Huawei,Router,Archer C6,AA:BC:10:00:01:45,SN-Router-00325,single_band
ZTE,Switch,CBS110,AA:BC:10:00:01:46,SN-Switch-00326,dual_band
Nokia,Modem,TC4400,AA:BC:10:00:01:47,SN-Modem-00327,single_band
TP-Link,Access Point,EAP225,AA:BC:10:00:01:48,SN-AccessPoint-00328,dual_band
Cisco,Other,Generic-Device-B,AA:BC:10:00:01:49,SN-Other-00329,single_band
D-Link,ONT,G-2425G-A,AA:BC:10:00:01:4A,SN-ONT-00330,dual_band
Huawei,ONU,G-140W-C,AA:BC:10:00:01:4B,SN-ONU-00331,single_band
ZTE,Router,RV340,AA:BC:10:00:01:4C,SN-Router-00332,dual_band
Nokia,Switch,DGS-1008A,AA:BC:10:00:01:4D,SN-Switch-00333,single_band
TP-Link,Modem,MB8600,AA:BC:10:00:01:4E,SN-Modem-00334,dual_band
Cisco,Access Point,WAP150,AA:BC:10:00:01:4F,SN-AccessPoint-00335,single_band
D-Link,Other,Generic-Device-C,AA:BC:10:00:01:50,SN-Other-00336,dual_band
Huawei,ONT,HG8145V5,AA:BC:10:00:01:51,SN-ONT-00337,single_band
ZTE,ONU,F601,AA:BC:10:00:01:52,SN-ONU-00338,dual_band
Nokia,Router,AX1800,AA:BC:10:00:01:53,SN-Router-00339,single_band
TP-Link,Switch,SG108,AA:BC:10:00:01:54,SN-Switch-00340,dual_band
Cisco,Modem,CM1200,AA:BC:10:00:01:55,SN-Modem-00341,single_band
D-Link,Access Point,U6-Lite,AA:BC:10:00:01:56,SN-AccessPoint-00342,dual_band
Huawei,Other,Generic-Device-A,AA:BC:10:00:01:57,SN-Other-00343,single_band
ZTE,ONT,ZXHN-F680,AA:BC:10:00:01:58,SN-ONT-00344,dual_band
Nokia,ONU,AN5506-01,AA:BC:10:00:01:59,SN-ONU-00345,single_band
TP-Link,Router,Archer C6,AA:BC:10:00:01:5A,SN-Router-00346,dual_band
Cisco,Switch,CBS110,AA:BC:10:00:01:5B,SN-Switch-00347,single_band
D-Link,Modem,TC4400,AA:BC:10:00:01:5C,SN-Modem-00348,dual_band
Huawei,Access Point,EAP225,AA:BC:10:00:01:5D,SN-AccessPoint-00349,single_band
ZTE,Other,Generic-Device-B,AA:BC:10:00:01:5E,SN-Other-00350,dual_band
Nokia,ONT,G-2425G-A,AA:BC:10:00:01:5F,SN-ONT-00351,single_band
TP-Link,ONU,G-140W-C,AA:BC:10:00:01:60,SN-ONU-00352,dual_band
Cisco,Router,RV340,AA:BC:10:00:01:61,SN-Router-00353,single_band
D-Link,Switch,DGS-1008A,AA:BC:10:00:01:62,SN-Switch-00354,dual_band
Huawei,Modem,MB8600,AA:BC:10:00:01:63,SN-Modem-00355,single_band
ZTE,Access Point,WAP150,AA:BC:10:00:01:64,SN-AccessPoint-00356,dual_band
Nokia,Other,Generic-Device-C,AA:BC:10:00:01:65,SN-Other-00357,single_band
TP-Link,ONT,HG8145V5,AA:BC:10:00:01:66,SN-ONT-00358,dual_band
Cisco,ONU,F601,AA:BC:10:00:01:67,SN-ONU-00359,single_band
D-Link,Router,AX1800,AA:BC:10:00:01:68,SN-Router-00360,dual_band
Huawei,Switch,SG108,AA:BC:10:00:01:69,SN-Switch-00361,single_band
ZTE,Modem,CM1200,AA:BC:10:00:01:6A,SN-Modem-00362,dual_band
Nokia,Access Point,U6-Lite,AA:BC:10:00:01:6B,SN-AccessPoint-00363,single_band
TP-Link,Other,Generic-Device-A,AA:BC:10:00:01:6C,SN-Other-00364,dual_band
Cisco,ONT,ZXHN-F680,AA:BC:10:00:01:6D,SN-ONT-00365,single_band
D-Link,ONU,AN5506-01,AA:BC:10:00:01:6E,SN-ONU-00366,dual_band
Huawei,Router,Archer C6,AA:BC:10:00:01:6F,SN-Router-00367,single_band
ZTE,Switch,CBS110,AA:BC:10:00:01:70,SN-Switch-00368,dual_band
Nokia,Modem,TC4400,AA:BC:10:00:01:71,SN-Modem-00369,single_band
TP-Link,Access Point,EAP225,AA:BC:10:00:01:72,SN-AccessPoint-00370,dual_band
Cisco,Other,Generic-Device-B,AA:BC:10:00:01:73,SN-Other-00371,single_band
D-Link,ONT,G-2425G-A,AA:BC:10:00:01:74,SN-ONT-00372,dual_band
Huawei,ONU,G-140W-C,AA:BC:10:00:01:75,SN-ONU-00373,single_band
ZTE,Router,RV340,AA:BC:10:00:01:76,SN-Router-00374,dual_band
Nokia,Switch,DGS-1008A,AA:BC:10:00:01:77,SN-Switch-00375,single_band
TP-Link,Modem,MB8600,AA:BC:10:00:01:78,SN-Modem-00376,dual_band
Cisco,Access Point,WAP150,AA:BC:10:00:01:79,SN-AccessPoint-00377,single_band
D-Link,Other,Generic-Device-C,AA:BC:10:00:01:7A,SN-Other-00378,dual_band
Huawei,ONT,HG8145V5,AA:BC:10:00:01:7B,SN-ONT-00379,single_band
ZTE,ONU,F601,AA:BC:10:00:01:7C,SN-ONU-00380,dual_band
Nokia,Router,AX1800,AA:BC:10:00:01:7D,SN-Router-00381,single_band
TP-Link,Switch,SG108,AA:BC:10:00:01:7E,SN-Switch-00382,dual_band
Cisco,Modem,CM1200,AA:BC:10:00:01:7F,SN-Modem-00383,single_band
D-Link,Access Point,U6-Lite,AA:BC:10:00:01:80,SN-AccessPoint-00384,dual_band
Huawei,Other,Generic-Device-A,AA:BC:10:00:01:81,SN-Other-00385,single_band
ZTE,ONT,ZXHN-F680,AA:BC:10:00:01:82,SN-ONT-00386,dual_band
Nokia,ONU,AN5506-01,AA:BC:10:00:01:83,SN-ONU-00387,single_band
TP-Link,Router,Archer C6,AA:BC:10:00:01:84,SN-Router-00388,dual_band
Cisco,Switch,CBS110,AA:BC:10:00:01:85,SN-Switch-00389,single_band
D-Link,Modem,TC4400,AA:BC:10:00:01:86,SN-Modem-00390,dual_band
Huawei,Access Point,EAP225,AA:BC:10:00:01:87,SN-AccessPoint-00391,single_band
ZTE,Other,Generic-Device-B,AA:BC:10:00:01:88,SN-Other-00392,dual_band
Nokia,ONT,G-2425G-A,AA:BC:10:00:01:89,SN-ONT-00393,single_band
TP-Link,ONU,G-140W-C,AA:BC:10:00:01:8A,SN-ONU-00394,dual_band
Cisco,Router,RV340,AA:BC:10:00:01:8B,SN-Router-00395,single_band
D-Link,Switch,DGS-1008A,AA:BC:10:00:01:8C,SN-Switch-00396,dual_band
Huawei,Modem,MB8600,AA:BC:10:00:01:8D,SN-Modem-00397,single_band
ZTE,Access Point,WAP150,AA:BC:10:00:01:8E,SN-AccessPoint-00398,dual_band
Nokia,Other,Generic-Device-C,AA:BC:10:00:01:8F,SN-Other-00399,single_band
TP-Link,ONT,HG8145V5,AA:BC:10:00:01:90,SN-ONT-00400,dual_band
Cisco,ONU,F601,AA:BC:10:00:01:91,SN-ONU-00401,single_band
D-Link,Router,AX1800,AA:BC:10:00:01:92,SN-Router-00402,dual_band
Huawei,Switch,SG108,AA:BC:10:00:01:93,SN-Switch-00403,single_band
ZTE,Modem,CM1200,AA:BC:10:00:01:94,SN-Modem-00404,dual_band
Nokia,Access Point,U6-Lite,AA:BC:10:00:01:95,SN-AccessPoint-00405,single_band
TP-Link,Other,Generic-Device-A,AA:BC:10:00:01:96,SN-Other-00406,dual_band
Cisco,ONT,ZXHN-F680,AA:BC:10:00:01:97,SN-ONT-00407,single_band
D-Link,ONU,AN5506-01,AA:BC:10:00:01:98,SN-ONU-00408,dual_band
Huawei,Router,Archer C6,AA:BC:10:00:01:99,SN-Router-00409,single_band
ZTE,Switch,CBS110,AA:BC:10:00:01:9A,SN-Switch-00410,dual_band
Nokia,Modem,TC4400,AA:BC:10:00:01:9B,SN-Modem-00411,single_band
TP-Link,Access Point,EAP225,AA:BC:10:00:01:9C,SN-AccessPoint-00412,dual_band
Cisco,Other,Generic-Device-B,AA:BC:10:00:01:9D,SN-Other-00413,single_band
D-Link,ONT,G-2425G-A,AA:BC:10:00:01:9E,SN-ONT-00414,dual_band
Huawei,ONU,G-140W-C,AA:BC:10:00:01:9F,SN-ONU-00415,single_band
ZTE,Router,RV340,AA:BC:10:00:01:A0,SN-Router-00416,dual_band
Nokia,Switch,DGS-1008A,AA:BC:10:00:01:A1,SN-Switch-00417,single_band
TP-Link,Modem,MB8600,AA:BC:10:00:01:A2,SN-Modem-00418,dual_band
Cisco,Access Point,WAP150,AA:BC:10:00:01:A3,SN-AccessPoint-00419,single_band
D-Link,Other,Generic-Device-C,AA:BC:10:00:01:A4,SN-Other-00420,dual_band
Huawei,ONT,HG8145V5,AA:BC:10:00:01:A5,SN-ONT-00421,single_band
ZTE,ONU,F601,AA:BC:10:00:01:A6,SN-ONU-00422,dual_band
Nokia,Router,AX1800,AA:BC:10:00:01:A7,SN-Router-00423,single_band
TP-Link,Switch,SG108,AA:BC:10:00:01:A8,SN-Switch-00424,dual_band
Cisco,Modem,CM1200,AA:BC:10:00:01:A9,SN-Modem-00425,single_band
D-Link,Access Point,U6-Lite,AA:BC:10:00:01:AA,SN-AccessPoint-00426,dual_band
Huawei,Other,Generic-Device-A,AA:BC:10:00:01:AB,SN-Other-00427,single_band
ZTE,ONT,ZXHN-F680,AA:BC:10:00:01:AC,SN-ONT-00428,dual_band
Nokia,ONU,AN5506-01,AA:BC:10:00:01:AD,SN-ONU-00429,single_band
TP-Link,Router,Archer C6,AA:BC:10:00:01:AE,SN-Router-00430,dual_band
Cisco,Switch,CBS110,AA:BC:10:00:01:AF,SN-Switch-00431,single_band
D-Link,Modem,TC4400,AA:BC:10:00:01:B0,SN-Modem-00432,dual_band
Huawei,Access Point,EAP225,AA:BC:10:00:01:B1,SN-AccessPoint-00433,single_band
ZTE,Other,Generic-Device-B,AA:BC:10:00:01:B2,SN-Other-00434,dual_band
Nokia,ONT,G-2425G-A,AA:BC:10:00:01:B3,SN-ONT-00435,single_band
TP-Link,ONU,G-140W-C,AA:BC:10:00:01:B4,SN-ONU-00436,dual_band
Cisco,Router,RV340,AA:BC:10:00:01:B5,SN-Router-00437,single_band
D-Link,Switch,DGS-1008A,AA:BC:10:00:01:B6,SN-Switch-00438,dual_band
Huawei,Modem,MB8600,AA:BC:10:00:01:B7,SN-Modem-00439,single_band
ZTE,Access Point,WAP150,AA:BC:10:00:01:B8,SN-AccessPoint-00440,dual_band
Nokia,Other,Generic-Device-C,AA:BC:10:00:01:B9,SN-Other-00441,single_band
TP-Link,ONT,HG8145V5,AA:BC:10:00:01:BA,SN-ONT-00442,dual_band
Cisco,ONU,F601,AA:BC:10:00:01:BB,SN-ONU-00443,single_band
D-Link,Router,AX1800,AA:BC:10:00:01:BC,SN-Router-00444,dual_band
Huawei,Switch,SG108,AA:BC:10:00:01:BD,SN-Switch-00445,single_band
ZTE,Modem,CM1200,AA:BC:10:00:01:BE,SN-Modem-00446,dual_band
Nokia,Access Point,U6-Lite,AA:BC:10:00:01:BF,SN-AccessPoint-00447,single_band
TP-Link,Other,Generic-Device-A,AA:BC:10:00:01:C0,SN-Other-00448,dual_band
Cisco,ONT,ZXHN-F680,AA:BC:10:00:01:C1,SN-ONT-00449,single_band
D-Link,ONU,AN5506-01,AA:BC:10:00:01:C2,SN-ONU-00450,dual_band
Huawei,Router,Archer C6,AA:BC:10:00:01:C3,SN-Router-00451,single_band
ZTE,Switch,CBS110,AA:BC:10:00:01:C4,SN-Switch-00452,dual_band
Nokia,Modem,TC4400,AA:BC:10:00:01:C5,SN-Modem-00453,single_band
TP-Link,Access Point,EAP225,AA:BC:10:00:01:C6,SN-AccessPoint-00454,dual_band
Cisco,Other,Generic-Device-B,AA:BC:10:00:01:C7,SN-Other-00455,single_band
D-Link,ONT,G-2425G-A,AA:BC:10:00:01:C8,SN-ONT-00456,dual_band
Huawei,ONU,G-140W-C,AA:BC:10:00:01:C9,SN-ONU-00457,single_band
ZTE,Router,RV340,AA:BC:10:00:01:CA,SN-Router-00458,dual_band
Nokia,Switch,DGS-1008A,AA:BC:10:00:01:CB,SN-Switch-00459,single_band
TP-Link,Modem,MB8600,AA:BC:10:00:01:CC,SN-Modem-00460,dual_band
Cisco,Access Point,WAP150,AA:BC:10:00:01:CD,SN-AccessPoint-00461,single_band
D-Link,Other,Generic-Device-C,AA:BC:10:00:01:CE,SN-Other-00462,dual_band
Huawei,ONT,HG8145V5,AA:BC:10:00:01:CF,SN-ONT-00463,single_band
ZTE,ONU,F601,AA:BC:10:00:01:D0,SN-ONU-00464,dual_band
Nokia,Router,AX1800,AA:BC:10:00:01:D1,SN-Router-00465,single_band
TP-Link,Switch,SG108,AA:BC:10:00:01:D2,SN-Switch-00466,dual_band
Cisco,Modem,CM1200,AA:BC:10:00:01:D3,SN-Modem-00467,single_band
D-Link,Access Point,U6-Lite,AA:BC:10:00:01:D4,SN-AccessPoint-00468,dual_band
Huawei,Other,Generic-Device-A,AA:BC:10:00:01:D5,SN-Other-00469,single_band
ZTE,ONT,ZXHN-F680,AA:BC:10:00:01:D6,SN-ONT-00470,dual_band
Nokia,ONU,AN5506-01,AA:BC:10:00:01:D7,SN-ONU-00471,single_band
TP-Link,Router,Archer C6,AA:BC:10:00:01:D8,SN-Router-00472,dual_band
Cisco,Switch,CBS110,AA:BC:10:00:01:D9,SN-Switch-00473,single_band
D-Link,Modem,TC4400,AA:BC:10:00:01:DA,SN-Modem-00474,dual_band
Huawei,Access Point,EAP225,AA:BC:10:00:01:DB,SN-AccessPoint-00475,single_band
ZTE,Other,Generic-Device-B,AA:BC:10:00:01:DC,SN-Other-00476,dual_band
Nokia,ONT,G-2425G-A,AA:BC:10:00:01:DD,SN-ONT-00477,single_band
TP-Link,ONU,G-140W-C,AA:BC:10:00:01:DE,SN-ONU-00478,dual_band
Cisco,Router,RV340,AA:BC:10:00:01:DF,SN-Router-00479,single_band
D-Link,Switch,DGS-1008A,AA:BC:10:00:01:E0,SN-Switch-00480,dual_band
Huawei,Modem,MB8600,AA:BC:10:00:01:E1,SN-Modem-00481,single_band
ZTE,Access Point,WAP150,AA:BC:10:00:01:E2,SN-AccessPoint-00482,dual_band
Nokia,Other,Generic-Device-C,AA:BC:10:00:01:E3,SN-Other-00483,single_band
TP-Link,ONT,HG8145V5,AA:BC:10:00:01:E4,SN-ONT-00484,dual_band
Cisco,ONU,F601,AA:BC:10:00:01:E5,SN-ONU-00485,single_band
D-Link,Router,AX1800,AA:BC:10:00:01:E6,SN-Router-00486,dual_band
Huawei,Switch,SG108,AA:BC:10:00:01:E7,SN-Switch-00487,single_band
ZTE,Modem,CM1200,AA:BC:10:00:01:E8,SN-Modem-00488,dual_band
Nokia,Access Point,U6-Lite,AA:BC:10:00:01:E9,SN-AccessPoint-00489,single_band
TP-Link,Other,Generic-Device-A,AA:BC:10:00:01:EA,SN-Other-00490,dual_band
Cisco,ONT,ZXHN-F680,AA:BC:10:00:01:EB,SN-ONT-00491,single_band
D-Link,ONU,AN5506-01,AA:BC:10:00:01:EC,SN-ONU-00492,dual_band
Huawei,Router,Archer C6,AA:BC:10:00:01:ED,SN-Router-00493,single_band
ZTE,Switch,CBS110,AA:BC:10:00:01:EE,SN-Switch-00494,dual_band
Nokia,Modem,TC4400,AA:BC:10:00:01:EF,SN-Modem-00495,single_band
TP-Link,Access Point,EAP225,AA:BC:10:00:01:F0,SN-AccessPoint-00496,dual_band
Cisco,Other,Generic-Device-B,AA:BC:10:00:01:F1,SN-Other-00497,single_band
D-Link,ONT,G-2425G-A,AA:BC:10:00:01:F2,SN-ONT-00498,dual_band
Huawei,ONU,G-140W-C,AA:BC:10:00:01:F3,SN-ONU-00499,single_band
ZTE,Router,RV340,AA:BC:10:00:01:F4,SN-Router-00500,dual_band
Nokia,Switch,DGS-1008A,AA:BC:10:00:01:F5,SN-Switch-00501,single_band
TP-Link,Modem,MB8600,AA:BC:10:00:01:F6,SN-Modem-00502,dual_band
Cisco,Access Point,WAP150,AA:BC:10:00:01:F7,SN-AccessPoint-00503,single_band
D-Link,Other,Generic-Device-C,AA:BC:10:00:01:F8,SN-Other-00504,dual_band
Huawei,ONT,HG8145V5,AA:BC:10:00:01:F9,SN-ONT-00505,single_band
ZTE,ONU,F601,AA:BC:10:00:01:FA,SN-ONU-00506,dual_band
Nokia,Router,AX1800,AA:BC:10:00:01:FB,SN-Router-00507,single_band
TP-Link,Switch,SG108,AA:BC:10:00:01:FC,SN-Switch-00508,dual_band
Cisco,Modem,CM1200,AA:BC:10:00:01:FD,SN-Modem-00509,single_band
D-Link,Access Point,U6-Lite,AA:BC:10:00:01:FE,SN-AccessPoint-00510,dual_band
Huawei,Other,Generic-Device-A,AA:BC:10:00:01:FF,SN-Other-00511,single_band
ZTE,ONT,ZXHN-F680,AA:BC:10:00:02:00,SN-ONT-00512,dual_band
Nokia,ONU,AN5506-01,AA:BC:10:00:02:01,SN-ONU-00513,single_band
TP-Link,Router,Archer C6,AA:BC:10:00:02:02,SN-Router-00514,dual_band
Cisco,Switch,CBS110,AA:BC:10:00:02:03,SN-Switch-00515,single_band
D-Link,Modem,TC4400,AA:BC:10:00:02:04,SN-Modem-00516,dual_band
Huawei,Access Point,EAP225,AA:BC:10:00:02:05,SN-AccessPoint-00517,single_band
ZTE,Other,Generic-Device-B,AA:BC:10:00:02:06,SN-Other-00518,dual_band
Nokia,ONT,G-2425G-A,AA:BC:10:00:02:07,SN-ONT-00519,single_band
TP-Link,ONU,G-140W-C,AA:BC:10:00:02:08,SN-ONU-00520,dual_band
Cisco,Router,RV340,AA:BC:10:00:02:09,SN-Router-00521,single_band
D-Link,Switch,DGS-1008A,AA:BC:10:00:02:0A,SN-Switch-00522,dual_band
Huawei,Modem,MB8600,AA:BC:10:00:02:0B,SN-Modem-00523,single_band
ZTE,Access Point,WAP150,AA:BC:10:00:02:0C,SN-AccessPoint-00524,dual_band
Nokia,Other,Generic-Device-C,AA:BC:10:00:02:0D,SN-Other-00525,single_band
TP-Link,ONT,HG8145V5,AA:BC:10:00:02:0E,SN-ONT-00526,dual_band
Cisco,ONU,F601,AA:BC:10:00:02:0F,SN-ONU-00527,single_band
D-Link,Router,AX1800,AA:BC:10:00:02:10,SN-Router-00528,dual_band
Huawei,Switch,SG108,AA:BC:10:00:02:11,SN-Switch-00529,single_band
ZTE,Modem,CM1200,AA:BC:10:00:02:12,SN-Modem-00530,dual_band
Nokia,Access Point,U6-Lite,AA:BC:10:00:02:13,SN-AccessPoint-00531,single_band
TP-Link,Other,Generic-Device-A,AA:BC:10:00:02:14,SN-Other-00532,dual_band
Cisco,ONT,ZXHN-F680,AA:BC:10:00:02:15,SN-ONT-00533,single_band
D-Link,ONU,AN5506-01,AA:BC:10:00:02:16,SN-ONU-00534,dual_band
Huawei,Router,Archer C6,AA:BC:10:00:02:17,SN-Router-00535,single_band
ZTE,Switch,CBS110,AA:BC:10:00:02:18,SN-Switch-00536,dual_band
Nokia,Modem,TC4400,AA:BC:10:00:02:19,SN-Modem-00537,single_band
TP-Link,Access Point,EAP225,AA:BC:10:00:02:1A,SN-AccessPoint-00538,dual_band
Cisco,Other,Generic-Device-B,AA:BC:10:00:02:1B,SN-Other-00539,single_band
D-Link,ONT,G-2425G-A,AA:BC:10:00:02:1C,SN-ONT-00540,dual_band
Huawei,ONU,G-140W-C,AA:BC:10:00:02:1D,SN-ONU-00541,single_band
ZTE,Router,RV340,AA:BC:10:00:02:1E,SN-Router-00542,dual_band
Nokia,Switch,DGS-1008A,AA:BC:10:00:02:1F,SN-Switch-00543,single_band
TP-Link,Modem,MB8600,AA:BC:10:00:02:20,SN-Modem-00544,dual_band
Cisco,Access Point,WAP150,AA:BC:10:00:02:21,SN-AccessPoint-00545,single_band
D-Link,Other,Generic-Device-C,AA:BC:10:00:02:22,SN-Other-00546,dual_band
Huawei,ONT,HG8145V5,AA:BC:10:00:02:23,SN-ONT-00547,single_band
ZTE,ONU,F601,AA:BC:10:00:02:24,SN-ONU-00548,dual_band
Nokia,Router,AX1800,AA:BC:10:00:02:25,SN-Router-00549,single_band
TP-Link,Switch,SG108,AA:BC:10:00:02:26,SN-Switch-00550,dual_band
Cisco,Modem,CM1200,AA:BC:10:00:02:27,SN-Modem-00551,single_band
D-Link,Access Point,U6-Lite,AA:BC:10:00:02:28,SN-AccessPoint-00552,dual_band
Huawei,Other,Generic-Device-A,AA:BC:10:00:02:29,SN-Other-00553,single_band
ZTE,ONT,ZXHN-F680,AA:BC:10:00:02:2A,SN-ONT-00554,dual_band
Nokia,ONU,AN5506-01,AA:BC:10:00:02:2B,SN-ONU-00555,single_band
TP-Link,Router,Archer C6,AA:BC:10:00:02:2C,SN-Router-00556,dual_band
Cisco,Switch,CBS110,AA:BC:10:00:02:2D,SN-Switch-00557,single_band
D-Link,Modem,TC4400,AA:BC:10:00:02:2E,SN-Modem-00558,dual_band
Huawei,Access Point,EAP225,AA:BC:10:00:02:2F,SN-AccessPoint-00559,single_band
ZTE,Other,Generic-Device-B,AA:BC:10:00:02:30,SN-Other-00560,dual_band
Nokia,ONT,G-2425G-A,AA:BC:10:00:02:31,SN-ONT-00561,single_band
TP-Link,ONU,G-140W-C,AA:BC:10:00:02:32,SN-ONU-00562,dual_band
Cisco,Router,RV340,AA:BC:10:00:02:33,SN-Router-00563,single_band
D-Link,Switch,DGS-1008A,AA:BC:10:00:02:34,SN-Switch-00564,dual_band
Huawei,Modem,MB8600,AA:BC:10:00:02:35,SN-Modem-00565,single_band
ZTE,Access Point,WAP150,AA:BC:10:00:02:36,SN-AccessPoint-00566,dual_band
Nokia,Other,Generic-Device-C,AA:BC:10:00:02:37,SN-Other-00567,single_band
TP-Link,ONT,HG8145V5,AA:BC:10:00:02:38,SN-ONT-00568,dual_band
Cisco,ONU,F601,AA:BC:10:00:02:39,SN-ONU-00569,single_band
D-Link,Router,AX1800,AA:BC:10:00:02:3A,SN-Router-00570,dual_band
Huawei,Switch,SG108,AA:BC:10:00:02:3B,SN-Switch-00571,single_band
ZTE,Modem,CM1200,AA:BC:10:00:02:3C,SN-Modem-00572,dual_band
Nokia,Access Point,U6-Lite,AA:BC:10:00:02:3D,SN-AccessPoint-00573,single_band
TP-Link,Other,Generic-Device-A,AA:BC:10:00:02:3E,SN-Other-00574,dual_band
Cisco,ONT,ZXHN-F680,AA:BC:10:00:02:3F,SN-ONT-00575,single_band
D-Link,ONU,AN5506-01,AA:BC:10:00:02:40,SN-ONU-00576,dual_band
Huawei,Router,Archer C6,AA:BC:10:00:02:41,SN-Router-00577,single_band
ZTE,Switch,CBS110,AA:BC:10:00:02:42,SN-Switch-00578,dual_band
Nokia,Modem,TC4400,AA:BC:10:00:02:43,SN-Modem-00579,single_band
TP-Link,Access Point,EAP225,AA:BC:10:00:02:44,SN-AccessPoint-00580,dual_band
Cisco,Other,Generic-Device-B,AA:BC:10:00:02:45,SN-Other-00581,single_band
D-Link,ONT,G-2425G-A,AA:BC:10:00:02:46,SN-ONT-00582,dual_band
Huawei,ONU,G-140W-C,AA:BC:10:00:02:47,SN-ONU-00583,single_band
ZTE,Router,RV340,AA:BC:10:00:02:48,SN-Router-00584,dual_band
Nokia,Switch,DGS-1008A,AA:BC:10:00:02:49,SN-Switch-00585,single_band
TP-Link,Modem,MB8600,AA:BC:10:00:02:4A,SN-Modem-00586,dual_band
Cisco,Access Point,WAP150,AA:BC:10:00:02:4B,SN-AccessPoint-00587,single_band
D-Link,Other,Generic-Device-C,AA:BC:10:00:02:4C,SN-Other-00588,dual_band
Huawei,ONT,HG8145V5,AA:BC:10:00:02:4D,SN-ONT-00589,single_band
ZTE,ONU,F601,AA:BC:10:00:02:4E,SN-ONU-00590,dual_band
Nokia,Router,AX1800,AA:BC:10:00:02:4F,SN-Router-00591,single_band
TP-Link,Switch,SG108,AA:BC:10:00:02:50,SN-Switch-00592,dual_band
Cisco,Modem,CM1200,AA:BC:10:00:02:51,SN-Modem-00593,single_band
D-Link,Access Point,U6-Lite,AA:BC:10:00:02:52,SN-AccessPoint-00594,dual_band
Huawei,Other,Generic-Device-A,AA:BC:10:00:02:53,SN-Other-00595,single_band
ZTE,ONT,ZXHN-F680,AA:BC:10:00:02:54,SN-ONT-00596,dual_band
Nokia,ONU,AN5506-01,AA:BC:10:00:02:55,SN-ONU-00597,single_band
TP-Link,Router,Archer C6,AA:BC:10:00:02:56,SN-Router-00598,dual_band
Cisco,Switch,CBS110,AA:BC:10:00:02:57,SN-Switch-00599,single_band
D-Link,Modem,TC4400,AA:BC:10:00:02:58,SN-Modem-00600,dual_band
Huawei,Access Point,EAP225,AA:BC:10:00:02:59,SN-AccessPoint-00601,single_band
ZTE,Other,Generic-Device-B,AA:BC:10:00:02:5A,SN-Other-00602,dual_band
Nokia,ONT,G-2425G-A,AA:BC:10:00:02:5B,SN-ONT-00603,single_band
TP-Link,ONU,G-140W-C,AA:BC:10:00:02:5C,SN-ONU-00604,dual_band
Cisco,Router,RV340,AA:BC:10:00:02:5D,SN-Router-00605,single_band
D-Link,Switch,DGS-1008A,AA:BC:10:00:02:5E,SN-Switch-00606,dual_band
Huawei,Modem,MB8600,AA:BC:10:00:02:5F,SN-Modem-00607,single_band
ZTE,Access Point,WAP150,AA:BC:10:00:02:60,SN-AccessPoint-00608,dual_band
Nokia,Other,Generic-Device-C,AA:BC:10:00:02:61,SN-Other-00609,single_band
TP-Link,ONT,HG8145V5,AA:BC:10:00:02:62,SN-ONT-00610,dual_band
Cisco,ONU,F601,AA:BC:10:00:02:63,SN-ONU-00611,single_band
D-Link,Router,AX1800,AA:BC:10:00:02:64,SN-Router-00612,dual_band
Huawei,Switch,SG108,AA:BC:10:00:02:65,SN-Switch-00613,single_band
ZTE,Modem,CM1200,AA:BC:10:00:02:66,SN-Modem-00614,dual_band
Nokia,Access Point,U6-Lite,AA:BC:10:00:02:67,SN-AccessPoint-00615,single_band
TP-Link,Other,Generic-Device-A,AA:BC:10:00:02:68,SN-Other-00616,dual_band
Cisco,ONT,ZXHN-F680,AA:BC:10:00:02:69,SN-ONT-00617,single_band
D-Link,ONU,AN5506-01,AA:BC:10:00:02:6A,SN-ONU-00618,dual_band
Huawei,Router,Archer C6,AA:BC:10:00:02:6B,SN-Router-00619,single_band
ZTE,Switch,CBS110,AA:BC:10:00:02:6C,SN-Switch-00620,dual_band
Nokia,Modem,TC4400,AA:BC:10:00:02:6D,SN-Modem-00621,single_band
TP-Link,Access Point,EAP225,AA:BC:10:00:02:6E,SN-AccessPoint-00622,dual_band
Cisco,Other,Generic-Device-B,AA:BC:10:00:02:6F,SN-Other-00623,single_band
D-Link,ONT,G-2425G-A,AA:BC:10:00:02:70,SN-ONT-00624,dual_band
Huawei,ONU,G-140W-C,AA:BC:10:00:02:71,SN-ONU-00625,single_band
ZTE,Router,RV340,AA:BC:10:00:02:72,SN-Router-00626,dual_band
Nokia,Switch,DGS-1008A,AA:BC:10:00:02:73,SN-Switch-00627,single_band
TP-Link,Modem,MB8600,AA:BC:10:00:02:74,SN-Modem-00628,dual_band
Cisco,Access Point,WAP150,AA:BC:10:00:02:75,SN-AccessPoint-00629,single_band
D-Link,Other,Generic-Device-C,AA:BC:10:00:02:76,SN-Other-00630,dual_band
Huawei,ONT,HG8145V5,AA:BC:10:00:02:77,SN-ONT-00631,single_band
ZTE,ONU,F601,AA:BC:10:00:02:78,SN-ONU-00632,dual_band
Nokia,Router,AX1800,AA:BC:10:00:02:79,SN-Router-00633,single_band
TP-Link,Switch,SG108,AA:BC:10:00:02:7A,SN-Switch-00634,dual_band
Cisco,Modem,CM1200,AA:BC:10:00:02:7B,SN-Modem-00635,single_band
D-Link,Access Point,U6-Lite,AA:BC:10:00:02:7C,SN-AccessPoint-00636,dual_band
Huawei,Other,Generic-Device-A,AA:BC:10:00:02:7D,SN-Other-00637,single_band
ZTE,ONT,ZXHN-F680,AA:BC:10:00:02:7E,SN-ONT-00638,dual_band
Nokia,ONU,AN5506-01,AA:BC:10:00:02:7F,SN-ONU-00639,single_band
TP-Link,Router,Archer C6,AA:BC:10:00:02:80,SN-Router-00640,dual_band
Cisco,Switch,CBS110,AA:BC:10:00:02:81,SN-Switch-00641,single_band
D-Link,Modem,TC4400,AA:BC:10:00:02:82,SN-Modem-00642,dual_band
Huawei,Access Point,EAP225,AA:BC:10:00:02:83,SN-AccessPoint-00643,single_band
ZTE,Other,Generic-Device-B,AA:BC:10:00:02:84,SN-Other-00644,dual_band
Nokia,ONT,G-2425G-A,AA:BC:10:00:02:85,SN-ONT-00645,single_band
TP-Link,ONU,G-140W-C,AA:BC:10:00:02:86,SN-ONU-00646,dual_band
Cisco,Router,RV340,AA:BC:10:00:02:87,SN-Router-00647,single_band
D-Link,Switch,DGS-1008A,AA:BC:10:00:02:88,SN-Switch-00648,dual_band
Huawei,Modem,MB8600,AA:BC:10:00:02:89,SN-Modem-00649,single_band
ZTE,Access Point,WAP150,AA:BC:10:00:02:8A,SN-AccessPoint-00650,dual_band
Nokia,Other,Generic-Device-C,AA:BC:10:00:02:8B,SN-Other-00651,single_band
TP-Link,ONT,HG8145V5,AA:BC:10:00:02:8C,SN-ONT-00652,dual_band
Cisco,ONU,F601,AA:BC:10:00:02:8D,SN-ONU-00653,single_band
D-Link,Router,AX1800,AA:BC:10:00:02:8E,SN-Router-00654,dual_band
Huawei,Switch,SG108,AA:BC:10:00:02:8F,SN-Switch-00655,single_band
ZTE,Modem,CM1200,AA:BC:10:00:02:90,SN-Modem-00656,dual_band
Nokia,Access Point,U6-Lite,AA:BC:10:00:02:91,SN-AccessPoint-00657,single_band
TP-Link,Other,Generic-Device-A,AA:BC:10:00:02:92,SN-Other-00658,dual_band
Cisco,ONT,ZXHN-F680,AA:BC:10:00:02:93,SN-ONT-00659,single_band
D-Link,ONU,AN5506-01,AA:BC:10:00:02:94,SN-ONU-00660,dual_band
Huawei,Router,Archer C6,AA:BC:10:00:02:95,SN-Router-00661,single_band
ZTE,Switch,CBS110,AA:BC:10:00:02:96,SN-Switch-00662,dual_band
Nokia,Modem,TC4400,AA:BC:10:00:02:97,SN-Modem-00663,single_band
TP-Link,Access Point,EAP225,AA:BC:10:00:02:98,SN-AccessPoint-00664,dual_band
Cisco,Other,Generic-Device-B,AA:BC:10:00:02:99,SN-Other-00665,single_band
D-Link,ONT,G-2425G-A,AA:BC:10:00:02:9A,SN-ONT-00666,dual_band
Huawei,ONU,G-140W-C,AA:BC:10:00:02:9B,SN-ONU-00667,single_band
ZTE,Router,RV340,AA:BC:10:00:02:9C,SN-Router-00668,dual_band
Nokia,Switch,DGS-1008A,AA:BC:10:00:02:9D,SN-Switch-00669,single_band
TP-Link,Modem,MB8600,AA:BC:10:00:02:9E,SN-Modem-00670,dual_band
Cisco,Access Point,WAP150,AA:BC:10:00:02:9F,SN-AccessPoint-00671,single_band
D-Link,Other,Generic-Device-C,AA:BC:10:00:02:A0,SN-Other-00672,dual_band
Huawei,ONT,HG8145V5,AA:BC:10:00:02:A1,SN-ONT-00673,single_band
ZTE,ONU,F601,AA:BC:10:00:02:A2,SN-ONU-00674,dual_band
Nokia,Router,AX1800,AA:BC:10:00:02:A3,SN-Router-00675,single_band
TP-Link,Switch,SG108,AA:BC:10:00:02:A4,SN-Switch-00676,dual_band
Cisco,Modem,CM1200,AA:BC:10:00:02:A5,SN-Modem-00677,single_band
D-Link,Access Point,U6-Lite,AA:BC:10:00:02:A6,SN-AccessPoint-00678,dual_band
Huawei,Other,Generic-Device-A,AA:BC:10:00:02:A7,SN-Other-00679,single_band
ZTE,ONT,ZXHN-F680,AA:BC:10:00:02:A8,SN-ONT-00680,dual_band
Nokia,ONU,AN5506-01,AA:BC:10:00:02:A9,SN-ONU-00681,single_band
TP-Link,Router,Archer C6,AA:BC:10:00:02:AA,SN-Router-00682,dual_band
Cisco,Switch,CBS110,AA:BC:10:00:02:AB,SN-Switch-00683,single_band
D-Link,Modem,TC4400,AA:BC:10:00:02:AC,SN-Modem-00684,dual_band
Huawei,Access Point,EAP225,AA:BC:10:00:02:AD,SN-AccessPoint-00685,single_band
ZTE,Other,Generic-Device-B,AA:BC:10:00:02:AE,SN-Other-00686,dual_band
Nokia,ONT,G-2425G-A,AA:BC:10:00:02:AF,SN-ONT-00687,single_band
TP-Link,ONU,G-140W-C,AA:BC:10:00:02:B0,SN-ONU-00688,dual_band
Cisco,Router,RV340,AA:BC:10:00:02:B1,SN-Router-00689,single_band
D-Link,Switch,DGS-1008A,AA:BC:10:00:02:B2,SN-Switch-00690,dual_band
Huawei,Modem,MB8600,AA:BC:10:00:02:B3,SN-Modem-00691,single_band
ZTE,Access Point,WAP150,AA:BC:10:00:02:B4,SN-AccessPoint-00692,dual_band
Nokia,Other,Generic-Device-C,AA:BC:10:00:02:B5,SN-Other-00693,single_band
TP-Link,ONT,HG8145V5,AA:BC:10:00:02:B6,SN-ONT-00694,dual_band
Cisco,ONU,F601,AA:BC:10:00:02:B7,SN-ONU-00695,single_band
D-Link,Router,AX1800,AA:BC:10:00:02:B8,SN-Router-00696,dual_band
Huawei,Switch,SG108,AA:BC:10:00:02:B9,SN-Switch-00697,single_band
ZTE,Modem,CM1200,AA:BC:10:00:02:BA,SN-Modem-00698,dual_band
Nokia,Access Point,U6-Lite,AA:BC:10:00:02:BB,SN-AccessPoint-00699,single_band
TP-Link,Other,Generic-Device-A,AA:BC:10:00:02:BC,SN-Other-00700,dual_band
Cisco,ONT,ZXHN-F680,AA:BC:10:00:02:BD,SN-ONT-00701,single_band
D-Link,ONU,AN5506-01,AA:BC:10:00:02:BE,SN-ONU-00702,dual_band
Huawei,Router,Archer C6,AA:BC:10:00:02:BF,SN-Router-00703,single_band
ZTE,Switch,CBS110,AA:BC:10:00:02:C0,SN-Switch-00704,dual_band
Nokia,Modem,TC4400,AA:BC:10:00:02:C1,SN-Modem-00705,single_band
TP-Link,Access Point,EAP225,AA:BC:10:00:02:C2,SN-AccessPoint-00706,dual_band
Cisco,Other,Generic-Device-B,AA:BC:10:00:02:C3,SN-Other-00707,single_band
D-Link,ONT,G-2425G-A,AA:BC:10:00:02:C4,SN-ONT-00708,dual_band
Huawei,ONU,G-140W-C,AA:BC:10:00:02:C5,SN-ONU-00709,single_band
ZTE,Router,RV340,AA:BC:10:00:02:C6,SN-Router-00710,dual_band
Nokia,Switch,DGS-1008A,AA:BC:10:00:02:C7,SN-Switch-00711,single_band
TP-Link,Modem,MB8600,AA:BC:10:00:02:C8,SN-Modem-00712,dual_band
Cisco,Access Point,WAP150,AA:BC:10:00:02:C9,SN-AccessPoint-00713,single_band
D-Link,Other,Generic-Device-C,AA:BC:10:00:02:CA,SN-Other-00714,dual_band
Huawei,ONT,HG8145V5,AA:BC:10:00:02:CB,SN-ONT-00715,single_band
ZTE,ONU,F601,AA:BC:10:00:02:CC,SN-ONU-00716,dual_band
Nokia,Router,AX1800,AA:BC:10:00:02:CD,SN-Router-00717,single_band
TP-Link,Switch,SG108,AA:BC:10:00:02:CE,SN-Switch-00718,dual_band
Cisco,Modem,CM1200,AA:BC:10:00:02:CF,SN-Modem-00719,single_band
D-Link,Access Point,U6-Lite,AA:BC:10:00:02:D0,SN-AccessPoint-00720,dual_band
Huawei,Other,Generic-Device-A,AA:BC:10:00:02:D1,SN-Other-00721,single_band
ZTE,ONT,ZXHN-F680,AA:BC:10:00:02:D2,SN-ONT-00722,dual_band
Nokia,ONU,AN5506-01,AA:BC:10:00:02:D3,SN-ONU-00723,single_band
TP-Link,Router,Archer C6,AA:BC:10:00:02:D4,SN-Router-00724,dual_band
Cisco,Switch,CBS110,AA:BC:10:00:02:D5,SN-Switch-00725,single_band
D-Link,Modem,TC4400,AA:BC:10:00:02:D6,SN-Modem-00726,dual_band
Huawei,Access Point,EAP225,AA:BC:10:00:02:D7,SN-AccessPoint-00727,single_band
ZTE,Other,Generic-Device-B,AA:BC:10:00:02:D8,SN-Other-00728,dual_band
Nokia,ONT,G-2425G-A,AA:BC:10:00:02:D9,SN-ONT-00729,single_band
TP-Link,ONU,G-140W-C,AA:BC:10:00:02:DA,SN-ONU-00730,dual_band
Cisco,Router,RV340,AA:BC:10:00:02:DB,SN-Router-00731,single_band
D-Link,Switch,DGS-1008A,AA:BC:10:00:02:DC,SN-Switch-00732,dual_band
Huawei,Modem,MB8600,AA:BC:10:00:02:DD,SN-Modem-00733,single_band
ZTE,Access Point,WAP150,AA:BC:10:00:02:DE,SN-AccessPoint-00734,dual_band
Nokia,Other,Generic-Device-C,AA:BC:10:00:02:DF,SN-Other-00735,single_band
TP-Link,ONT,HG8145V5,AA:BC:10:00:02:E0,SN-ONT-00736,dual_band
Cisco,ONU,F601,AA:BC:10:00:02:E1,SN-ONU-00737,single_band
D-Link,Router,AX1800,AA:BC:10:00:02:E2,SN-Router-00738,dual_band
Huawei,Switch,SG108,AA:BC:10:00:02:E3,SN-Switch-00739,single_band
ZTE,Modem,CM1200,AA:BC:10:00:02:E4,SN-Modem-00740,dual_band
Nokia,Access Point,U6-Lite,AA:BC:10:00:02:E5,SN-AccessPoint-00741,single_band
TP-Link,Other,Generic-Device-A,AA:BC:10:00:02:E6,SN-Other-00742,dual_band
Cisco,ONT,ZXHN-F680,AA:BC:10:00:02:E7,SN-ONT-00743,single_band
D-Link,ONU,AN5506-01,AA:BC:10:00:02:E8,SN-ONU-00744,dual_band
Huawei,Router,Archer C6,AA:BC:10:00:02:E9,SN-Router-00745,single_band
ZTE,Switch,CBS110,AA:BC:10:00:02:EA,SN-Switch-00746,dual_band
Nokia,Modem,TC4400,AA:BC:10:00:02:EB,SN-Modem-00747,single_band
TP-Link,Access Point,EAP225,AA:BC:10:00:02:EC,SN-AccessPoint-00748,dual_band
Cisco,Other,Generic-Device-B,AA:BC:10:00:02:ED,SN-Other-00749,single_band
D-Link,ONT,G-2425G-A,AA:BC:10:00:02:EE,SN-ONT-00750,dual_band
Huawei,ONU,G-140W-C,AA:BC:10:00:02:EF,SN-ONU-00751,single_band
ZTE,Router,RV340,AA:BC:10:00:02:F0,SN-Router-00752,dual_band
Nokia,Switch,DGS-1008A,AA:BC:10:00:02:F1,SN-Switch-00753,single_band
TP-Link,Modem,MB8600,AA:BC:10:00:02:F2,SN-Modem-00754,dual_band
Cisco,Access Point,WAP150,AA:BC:10:00:02:F3,SN-AccessPoint-00755,single_band
D-Link,Other,Generic-Device-C,AA:BC:10:00:02:F4,SN-Other-00756,dual_band
Huawei,ONT,HG8145V5,AA:BC:10:00:02:F5,SN-ONT-00757,single_band
ZTE,ONU,F601,AA:BC:10:00:02:F6,SN-ONU-00758,dual_band
Nokia,Router,AX1800,AA:BC:10:00:02:F7,SN-Router-00759,single_band
TP-Link,Switch,SG108,AA:BC:10:00:02:F8,SN-Switch-00760,dual_band
Cisco,Modem,CM1200,AA:BC:10:00:02:F9,SN-Modem-00761,single_band
D-Link,Access Point,U6-Lite,AA:BC:10:00:02:FA,SN-AccessPoint-00762,dual_band
Huawei,Other,Generic-Device-A,AA:BC:10:00:02:FB,SN-Other-00763,single_band
ZTE,ONT,ZXHN-F680,AA:BC:10:00:02:FC,SN-ONT-00764,dual_band
Nokia,ONU,AN5506-01,AA:BC:10:00:02:FD,SN-ONU-00765,single_band
TP-Link,Router,Archer C6,AA:BC:10:00:02:FE,SN-Router-00766,dual_band
Cisco,Switch,CBS110,AA:BC:10:00:02:FF,SN-Switch-00767,single_band
D-Link,Modem,TC4400,AA:BC:10:00:03:00,SN-Modem-00768,dual_band
Huawei,Access Point,EAP225,AA:BC:10:00:03:01,SN-AccessPoint-00769,single_band
ZTE,Other,Generic-Device-B,AA:BC:10:00:03:02,SN-Other-00770,dual_band
Nokia,ONT,G-2425G-A,AA:BC:10:00:03:03,SN-ONT-00771,single_band
TP-Link,ONU,G-140W-C,AA:BC:10:00:03:04,SN-ONU-00772,dual_band
Cisco,Router,RV340,AA:BC:10:00:03:05,SN-Router-00773,single_band
D-Link,Switch,DGS-1008A,AA:BC:10:00:03:06,SN-Switch-00774,dual_band
Huawei,Modem,MB8600,AA:BC:10:00:03:07,SN-Modem-00775,single_band
ZTE,Access Point,WAP150,AA:BC:10:00:03:08,SN-AccessPoint-00776,dual_band
Nokia,Other,Generic-Device-C,AA:BC:10:00:03:09,SN-Other-00777,single_band
TP-Link,ONT,HG8145V5,AA:BC:10:00:03:0A,SN-ONT-00778,dual_band
Cisco,ONU,F601,AA:BC:10:00:03:0B,SN-ONU-00779,single_band
D-Link,Router,AX1800,AA:BC:10:00:03:0C,SN-Router-00780,dual_band
Huawei,Switch,SG108,AA:BC:10:00:03:0D,SN-Switch-00781,single_band
ZTE,Modem,CM1200,AA:BC:10:00:03:0E,SN-Modem-00782,dual_band
Nokia,Access Point,U6-Lite,AA:BC:10:00:03:0F,SN-AccessPoint-00783,single_band
TP-Link,Other,Generic-Device-A,AA:BC:10:00:03:10,SN-Other-00784,dual_band
Cisco,ONT,ZXHN-F680,AA:BC:10:00:03:11,SN-ONT-00785,single_band
D-Link,ONU,AN5506-01,AA:BC:10:00:03:12,SN-ONU-00786,dual_band
Huawei,Router,Archer C6,AA:BC:10:00:03:13,SN-Router-00787,single_band
ZTE,Switch,CBS110,AA:BC:10:00:03:14,SN-Switch-00788,dual_band
Nokia,Modem,TC4400,AA:BC:10:00:03:15,SN-Modem-00789,single_band
TP-Link,Access Point,EAP225,AA:BC:10:00:03:16,SN-AccessPoint-00790,dual_band
Cisco,Other,Generic-Device-B,AA:BC:10:00:03:17,SN-Other-00791,single_band
D-Link,ONT,G-2425G-A,AA:BC:10:00:03:18,SN-ONT-00792,dual_band
Huawei,ONU,G-140W-C,AA:BC:10:00:03:19,SN-ONU-00793,single_band
ZTE,Router,RV340,AA:BC:10:00:03:1A,SN-Router-00794,dual_band
Nokia,Switch,DGS-1008A,AA:BC:10:00:03:1B,SN-Switch-00795,single_band
TP-Link,Modem,MB8600,AA:BC:10:00:03:1C,SN-Modem-00796,dual_band
Cisco,Access Point,WAP150,AA:BC:10:00:03:1D,SN-AccessPoint-00797,single_band
D-Link,Other,Generic-Device-C,AA:BC:10:00:03:1E,SN-Other-00798,dual_band
Huawei,ONT,HG8145V5,AA:BC:10:00:03:1F,SN-ONT-00799,single_band
ZTE,ONU,F601,AA:BC:10:00:03:20,SN-ONU-00800,dual_band
Nokia,Router,AX1800,AA:BC:10:00:03:21,SN-Router-00801,single_band
TP-Link,Switch,SG108,AA:BC:10:00:03:22,SN-Switch-00802,dual_band
Cisco,Modem,CM1200,AA:BC:10:00:03:23,SN-Modem-00803,single_band
D-Link,Access Point,U6-Lite,AA:BC:10:00:03:24,SN-AccessPoint-00804,dual_band
Huawei,Other,Generic-Device-A,AA:BC:10:00:03:25,SN-Other-00805,single_band
ZTE,ONT,ZXHN-F680,AA:BC:10:00:03:26,SN-ONT-00806,dual_band
Nokia,ONU,AN5506-01,AA:BC:10:00:03:27,SN-ONU-00807,single_band
TP-Link,Router,Archer C6,AA:BC:10:00:03:28,SN-Router-00808,dual_band
Cisco,Switch,CBS110,AA:BC:10:00:03:29,SN-Switch-00809,single_band
D-Link,Modem,TC4400,AA:BC:10:00:03:2A,SN-Modem-00810,dual_band
Huawei,Access Point,EAP225,AA:BC:10:00:03:2B,SN-AccessPoint-00811,single_band
ZTE,Other,Generic-Device-B,AA:BC:10:00:03:2C,SN-Other-00812,dual_band
Nokia,ONT,G-2425G-A,AA:BC:10:00:03:2D,SN-ONT-00813,single_band
TP-Link,ONU,G-140W-C,AA:BC:10:00:03:2E,SN-ONU-00814,dual_band
Cisco,Router,RV340,AA:BC:10:00:03:2F,SN-Router-00815,single_band
D-Link,Switch,DGS-1008A,AA:BC:10:00:03:30,SN-Switch-00816,dual_band
Huawei,Modem,MB8600,AA:BC:10:00:03:31,SN-Modem-00817,single_band
ZTE,Access Point,WAP150,AA:BC:10:00:03:32,SN-AccessPoint-00818,dual_band
Nokia,Other,Generic-Device-C,AA:BC:10:00:03:33,SN-Other-00819,single_band
TP-Link,ONT,HG8145V5,AA:BC:10:00:03:34,SN-ONT-00820,dual_band
Cisco,ONU,F601,AA:BC:10:00:03:35,SN-ONU-00821,single_band
D-Link,Router,AX1800,AA:BC:10:00:03:36,SN-Router-00822,dual_band
Huawei,Switch,SG108,AA:BC:10:00:03:37,SN-Switch-00823,single_band
ZTE,Modem,CM1200,AA:BC:10:00:03:38,SN-Modem-00824,dual_band
Nokia,Access Point,U6-Lite,AA:BC:10:00:03:39,SN-AccessPoint-00825,single_band
TP-Link,Other,Generic-Device-A,AA:BC:10:00:03:3A,SN-Other-00826,dual_band
Cisco,ONT,ZXHN-F680,AA:BC:10:00:03:3B,SN-ONT-00827,single_band
D-Link,ONU,AN5506-01,AA:BC:10:00:03:3C,SN-ONU-00828,dual_band
Huawei,Router,Archer C6,AA:BC:10:00:03:3D,SN-Router-00829,single_band
ZTE,Switch,CBS110,AA:BC:10:00:03:3E,SN-Switch-00830,dual_band
Nokia,Modem,TC4400,AA:BC:10:00:03:3F,SN-Modem-00831,single_band
TP-Link,Access Point,EAP225,AA:BC:10:00:03:40,SN-AccessPoint-00832,dual_band
Cisco,Other,Generic-Device-B,AA:BC:10:00:03:41,SN-Other-00833,single_band
D-Link,ONT,G-2425G-A,AA:BC:10:00:03:42,SN-ONT-00834,dual_band
Huawei,ONU,G-140W-C,AA:BC:10:00:03:43,SN-ONU-00835,single_band
ZTE,Router,RV340,AA:BC:10:00:03:44,SN-Router-00836,dual_band
Nokia,Switch,DGS-1008A,AA:BC:10:00:03:45,SN-Switch-00837,single_band
TP-Link,Modem,MB8600,AA:BC:10:00:03:46,SN-Modem-00838,dual_band
Cisco,Access Point,WAP150,AA:BC:10:00:03:47,SN-AccessPoint-00839,single_band
D-Link,Other,Generic-Device-C,AA:BC:10:00:03:48,SN-Other-00840,dual_band
Huawei,ONT,HG8145V5,AA:BC:10:00:03:49,SN-ONT-00841,single_band
ZTE,ONU,F601,AA:BC:10:00:03:4A,SN-ONU-00842,dual_band
Nokia,Router,AX1800,AA:BC:10:00:03:4B,SN-Router-00843,single_band
TP-Link,Switch,SG108,AA:BC:10:00:03:4C,SN-Switch-00844,dual_band
Cisco,Modem,CM1200,AA:BC:10:00:03:4D,SN-Modem-00845,single_band
D-Link,Access Point,U6-Lite,AA:BC:10:00:03:4E,SN-AccessPoint-00846,dual_band
Huawei,Other,Generic-Device-A,AA:BC:10:00:03:4F,SN-Other-00847,single_band
ZTE,ONT,ZXHN-F680,AA:BC:10:00:03:50,SN-ONT-00848,dual_band
Nokia,ONU,AN5506-01,AA:BC:10:00:03:51,SN-ONU-00849,single_band
TP-Link,Router,Archer C6,AA:BC:10:00:03:52,SN-Router-00850,dual_band
Cisco,Switch,CBS110,AA:BC:10:00:03:53,SN-Switch-00851,single_band
D-Link,Modem,TC4400,AA:BC:10:00:03:54,SN-Modem-00852,dual_band
Huawei,Access Point,EAP225,AA:BC:10:00:03:55,SN-AccessPoint-00853,single_band
ZTE,Other,Generic-Device-B,AA:BC:10:00:03:56,SN-Other-00854,dual_band
Nokia,ONT,G-2425G-A,AA:BC:10:00:03:57,SN-ONT-00855,single_band
TP-Link,ONU,G-140W-C,AA:BC:10:00:03:58,SN-ONU-00856,dual_band
Cisco,Router,RV340,AA:BC:10:00:03:59,SN-Router-00857,single_band
D-Link,Switch,DGS-1008A,AA:BC:10:00:03:5A,SN-Switch-00858,dual_band
Huawei,Modem,MB8600,AA:BC:10:00:03:5B,SN-Modem-00859,single_band
ZTE,Access Point,WAP150,AA:BC:10:00:03:5C,SN-AccessPoint-00860,dual_band
Nokia,Other,Generic-Device-C,AA:BC:10:00:03:5D,SN-Other-00861,single_band
TP-Link,ONT,HG8145V5,AA:BC:10:00:03:5E,SN-ONT-00862,dual_band
Cisco,ONU,F601,AA:BC:10:00:03:5F,SN-ONU-00863,single_band
D-Link,Router,AX1800,AA:BC:10:00:03:60,SN-Router-00864,dual_band
Huawei,Switch,SG108,AA:BC:10:00:03:61,SN-Switch-00865,single_band
ZTE,Modem,CM1200,AA:BC:10:00:03:62,SN-Modem-00866,dual_band
Nokia,Access Point,U6-Lite,AA:BC:10:00:03:63,SN-AccessPoint-00867,single_band
TP-Link,Other,Generic-Device-A,AA:BC:10:00:03:64,SN-Other-00868,dual_band
Cisco,ONT,ZXHN-F680,AA:BC:10:00:03:65,SN-ONT-00869,single_band
D-Link,ONU,AN5506-01,AA:BC:10:00:03:66,SN-ONU-00870,dual_band
Huawei,Router,Archer C6,AA:BC:10:00:03:67,SN-Router-00871,single_band
ZTE,Switch,CBS110,AA:BC:10:00:03:68,SN-Switch-00872,dual_band
Nokia,Modem,TC4400,AA:BC:10:00:03:69,SN-Modem-00873,single_band
TP-Link,Access Point,EAP225,AA:BC:10:00:03:6A,SN-AccessPoint-00874,dual_band
Cisco,Other,Generic-Device-B,AA:BC:10:00:03:6B,SN-Other-00875,single_band
D-Link,ONT,G-2425G-A,AA:BC:10:00:03:6C,SN-ONT-00876,dual_band
Huawei,ONU,G-140W-C,AA:BC:10:00:03:6D,SN-ONU-00877,single_band
ZTE,Router,RV340,AA:BC:10:00:03:6E,SN-Router-00878,dual_band
Nokia,Switch,DGS-1008A,AA:BC:10:00:03:6F,SN-Switch-00879,single_band
TP-Link,Modem,MB8600,AA:BC:10:00:03:70,SN-Modem-00880,dual_band
Cisco,Access Point,WAP150,AA:BC:10:00:03:71,SN-AccessPoint-00881,single_band
D-Link,Other,Generic-Device-C,AA:BC:10:00:03:72,SN-Other-00882,dual_band
Huawei,ONT,HG8145V5,AA:BC:10:00:03:73,SN-ONT-00883,single_band
ZTE,ONU,F601,AA:BC:10:00:03:74,SN-ONU-00884,dual_band
Nokia,Router,AX1800,AA:BC:10:00:03:75,SN-Router-00885,single_band
TP-Link,Switch,SG108,AA:BC:10:00:03:76,SN-Switch-00886,dual_band
Cisco,Modem,CM1200,AA:BC:10:00:03:77,SN-Modem-00887,single_band
D-Link,Access Point,U6-Lite,AA:BC:10:00:03:78,SN-AccessPoint-00888,dual_band
Huawei,Other,Generic-Device-A,AA:BC:10:00:03:79,SN-Other-00889,single_band
ZTE,ONT,ZXHN-F680,AA:BC:10:00:03:7A,SN-ONT-00890,dual_band
Nokia,ONU,AN5506-01,AA:BC:10:00:03:7B,SN-ONU-00891,single_band
TP-Link,Router,Archer C6,AA:BC:10:00:03:7C,SN-Router-00892,dual_band
Cisco,Switch,CBS110,AA:BC:10:00:03:7D,SN-Switch-00893,single_band
D-Link,Modem,TC4400,AA:BC:10:00:03:7E,SN-Modem-00894,dual_band
Huawei,Access Point,EAP225,AA:BC:10:00:03:7F,SN-AccessPoint-00895,single_band
ZTE,Other,Generic-Device-B,AA:BC:10:00:03:80,SN-Other-00896,dual_band
Nokia,ONT,G-2425G-A,AA:BC:10:00:03:81,SN-ONT-00897,single_band
TP-Link,ONU,G-140W-C,AA:BC:10:00:03:82,SN-ONU-00898,dual_band
Cisco,Router,RV340,AA:BC:10:00:03:83,SN-Router-00899,single_band
D-Link,Switch,DGS-1008A,AA:BC:10:00:03:84,SN-Switch-00900,dual_band
Huawei,Modem,MB8600,AA:BC:10:00:03:85,SN-Modem-00901,single_band
ZTE,Access Point,WAP150,AA:BC:10:00:03:86,SN-AccessPoint-00902,dual_band
Nokia,Other,Generic-Device-C,AA:BC:10:00:03:87,SN-Other-00903,single_band
TP-Link,ONT,HG8145V5,AA:BC:10:00:03:88,SN-ONT-00904,dual_band
Cisco,ONU,F601,AA:BC:10:00:03:89,SN-ONU-00905,single_band
D-Link,Router,AX1800,AA:BC:10:00:03:8A,SN-Router-00906,dual_band
Huawei,Switch,SG108,AA:BC:10:00:03:8B,SN-Switch-00907,single_band
ZTE,Modem,CM1200,AA:BC:10:00:03:8C,SN-Modem-00908,dual_band
Nokia,Access Point,U6-Lite,AA:BC:10:00:03:8D,SN-AccessPoint-00909,single_band
TP-Link,Other,Generic-Device-A,AA:BC:10:00:03:8E,SN-Other-00910,dual_band
Cisco,ONT,ZXHN-F680,AA:BC:10:00:03:8F,SN-ONT-00911,single_band
D-Link,ONU,AN5506-01,AA:BC:10:00:03:90,SN-ONU-00912,dual_band
Huawei,Router,Archer C6,AA:BC:10:00:03:91,SN-Router-00913,single_band
ZTE,Switch,CBS110,AA:BC:10:00:03:92,SN-Switch-00914,dual_band
Nokia,Modem,TC4400,AA:BC:10:00:03:93,SN-Modem-00915,single_band
TP-Link,Access Point,EAP225,AA:BC:10:00:03:94,SN-AccessPoint-00916,dual_band
Cisco,Other,Generic-Device-B,AA:BC:10:00:03:95,SN-Other-00917,single_band
D-Link,ONT,G-2425G-A,AA:BC:10:00:03:96,SN-ONT-00918,dual_band
Huawei,ONU,G-140W-C,AA:BC:10:00:03:97,SN-ONU-00919,single_band
ZTE,Router,RV340,AA:BC:10:00:03:98,SN-Router-00920,dual_band
Nokia,Switch,DGS-1008A,AA:BC:10:00:03:99,SN-Switch-00921,single_band
TP-Link,Modem,MB8600,AA:BC:10:00:03:9A,SN-Modem-00922,dual_band
Cisco,Access Point,WAP150,AA:BC:10:00:03:9B,SN-AccessPoint-00923,single_band
D-Link,Other,Generic-Device-C,AA:BC:10:00:03:9C,SN-Other-00924,dual_band
Huawei,ONT,HG8145V5,AA:BC:10:00:03:9D,SN-ONT-00925,single_band
ZTE,ONU,F601,AA:BC:10:00:03:9E,SN-ONU-00926,dual_band
Nokia,Router,AX1800,AA:BC:10:00:03:9F,SN-Router-00927,single_band
TP-Link,Switch,SG108,AA:BC:10:00:03:A0,SN-Switch-00928,dual_band
Cisco,Modem,CM1200,AA:BC:10:00:03:A1,SN-Modem-00929,single_band
D-Link,Access Point,U6-Lite,AA:BC:10:00:03:A2,SN-AccessPoint-00930,dual_band
Huawei,Other,Generic-Device-A,AA:BC:10:00:03:A3,SN-Other-00931,single_band
ZTE,ONT,ZXHN-F680,AA:BC:10:00:03:A4,SN-ONT-00932,dual_band
Nokia,ONU,AN5506-01,AA:BC:10:00:03:A5,SN-ONU-00933,single_band
TP-Link,Router,Archer C6,AA:BC:10:00:03:A6,SN-Router-00934,dual_band
Cisco,Switch,CBS110,AA:BC:10:00:03:A7,SN-Switch-00935,single_band
D-Link,Modem,TC4400,AA:BC:10:00:03:A8,SN-Modem-00936,dual_band
Huawei,Access Point,EAP225,AA:BC:10:00:03:A9,SN-AccessPoint-00937,single_band
ZTE,Other,Generic-Device-B,AA:BC:10:00:03:AA,SN-Other-00938,dual_band
Nokia,ONT,G-2425G-A,AA:BC:10:00:03:AB,SN-ONT-00939,single_band
TP-Link,ONU,G-140W-C,AA:BC:10:00:03:AC,SN-ONU-00940,dual_band
Cisco,Router,RV340,AA:BC:10:00:03:AD,SN-Router-00941,single_band
D-Link,Switch,DGS-1008A,AA:BC:10:00:03:AE,SN-Switch-00942,dual_band
Huawei,Modem,MB8600,AA:BC:10:00:03:AF,SN-Modem-00943,single_band
ZTE,Access Point,WAP150,AA:BC:10:00:03:B0,SN-AccessPoint-00944,dual_band
Nokia,Other,Generic-Device-C,AA:BC:10:00:03:B1,SN-Other-00945,single_band
TP-Link,ONT,HG8145V5,AA:BC:10:00:03:B2,SN-ONT-00946,dual_band
Cisco,ONU,F601,AA:BC:10:00:03:B3,SN-ONU-00947,single_band
D-Link,Router,AX1800,AA:BC:10:00:03:B4,SN-Router-00948,dual_band
Huawei,Switch,SG108,AA:BC:10:00:03:B5,SN-Switch-00949,single_band
ZTE,Modem,CM1200,AA:BC:10:00:03:B6,SN-Modem-00950,dual_band
Nokia,Access Point,U6-Lite,AA:BC:10:00:03:B7,SN-AccessPoint-00951,single_band
TP-Link,Other,Generic-Device-A,AA:BC:10:00:03:B8,SN-Other-00952,dual_band
Cisco,ONT,ZXHN-F680,AA:BC:10:00:03:B9,SN-ONT-00953,single_band
D-Link,ONU,AN5506-01,AA:BC:10:00:03:BA,SN-ONU-00954,dual_band
Huawei,Router,Archer C6,AA:BC:10:00:03:BB,SN-Router-00955,single_band
ZTE,Switch,CBS110,AA:BC:10:00:03:BC,SN-Switch-00956,dual_band
Nokia,Modem,TC4400,AA:BC:10:00:03:BD,SN-Modem-00957,single_band
TP-Link,Access Point,EAP225,AA:BC:10:00:03:BE,SN-AccessPoint-00958,dual_band
Cisco,Other,Generic-Device-B,AA:BC:10:00:03:BF,SN-Other-00959,single_band
D-Link,ONT,G-2425G-A,AA:BC:10:00:03:C0,SN-ONT-00960,dual_band
Huawei,ONU,G-140W-C,AA:BC:10:00:03:C1,SN-ONU-00961,single_band
ZTE,Router,RV340,AA:BC:10:00:03:C2,SN-Router-00962,dual_band
Nokia,Switch,DGS-1008A,AA:BC:10:00:03:C3,SN-Switch-00963,single_band
TP-Link,Modem,MB8600,AA:BC:10:00:03:C4,SN-Modem-00964,dual_band
Cisco,Access Point,WAP150,AA:BC:10:00:03:C5,SN-AccessPoint-00965,single_band
D-Link,Other,Generic-Device-C,AA:BC:10:00:03:C6,SN-Other-00966,dual_band
Huawei,ONT,HG8145V5,AA:BC:10:00:03:C7,SN-ONT-00967,single_band
ZTE,ONU,F601,AA:BC:10:00:03:C8,SN-ONU-00968,dual_band
Nokia,Router,AX1800,AA:BC:10:00:03:C9,SN-Router-00969,single_band
TP-Link,Switch,SG108,AA:BC:10:00:03:CA,SN-Switch-00970,dual_band
Cisco,Modem,CM1200,AA:BC:10:00:03:CB,SN-Modem-00971,single_band
D-Link,Access Point,U6-Lite,AA:BC:10:00:03:CC,SN-AccessPoint-00972,dual_band
Huawei,Other,Generic-Device-A,AA:BC:10:00:03:CD,SN-Other-00973,single_band
ZTE,ONT,ZXHN-F680,AA:BC:10:00:03:CE,SN-ONT-00974,dual_band
Nokia,ONU,AN5506-01,AA:BC:10:00:03:CF,SN-ONU-00975,single_band
TP-Link,Router,Archer C6,AA:BC:10:00:03:D0,SN-Router-00976,dual_band
Cisco,Switch,CBS110,AA:BC:10:00:03:D1,SN-Switch-00977,single_band
D-Link,Modem,TC4400,AA:BC:10:00:03:D2,SN-Modem-00978,dual_band
Huawei,Access Point,EAP225,AA:BC:10:00:03:D3,SN-AccessPoint-00979,single_band
ZTE,Other,Generic-Device-B,AA:BC:10:00:03:D4,SN-Other-00980,dual_band
Nokia,ONT,G-2425G-A,AA:BC:10:00:03:D5,SN-ONT-00981,single_band
TP-Link,ONU,G-140W-C,AA:BC:10:00:03:D6,SN-ONU-00982,dual_band
Cisco,Router,RV340,AA:BC:10:00:03:D7,SN-Router-00983,single_band
D-Link,Switch,DGS-1008A,AA:BC:10:00:03:D8,SN-Switch-00984,dual_band
Huawei,Modem,MB8600,AA:BC:10:00:03:D9,SN-Modem-00985,single_band
ZTE,Access Point,WAP150,AA:BC:10:00:03:DA,SN-AccessPoint-00986,dual_band
Nokia,Other,Generic-Device-C,AA:BC:10:00:03:DB,SN-Other-00987,single_band
TP-Link,ONT,HG8145V5,AA:BC:10:00:03:DC,SN-ONT-00988,dual_band
Cisco,ONU,F601,AA:BC:10:00:03:DD,SN-ONU-00989,single_band
D-Link,Router,AX1800,AA:BC:10:00:03:DE,SN-Router-00990,dual_band
Huawei,Switch,SG108,AA:BC:10:00:03:DF,SN-Switch-00991,single_band
ZTE,Modem,CM1200,AA:BC:10:00:03:E0,SN-Modem-00992,dual_band
Nokia,Access Point,U6-Lite,AA:BC:10:00:03:E1,SN-AccessPoint-00993,single_band
TP-Link,Other,Generic-Device-A,AA:BC:10:00:03:E2,SN-Other-00994,dual_band
Cisco,ONT,ZXHN-F680,AA:BC:10:00:03:E3,SN-ONT-00995,single_band
D-Link,ONU,AN5506-01,AA:BC:10:00:03:E4,SN-ONU-00996,dual_band
Huawei,Router,Archer C6,AA:BC:10:00:03:E5,SN-Router-00997,single_band
ZTE,Switch,CBS110,AA:BC:10:00:03:E6,SN-Switch-00998,dual_band
Nokia,Modem,TC4400,AA:BC:10:00:03:E7,SN-Modem-00999,single_band
TP-Link,Access Point,EAP225,AA:BC:10:00:03:E8,SN-AccessPoint-01000,dual_band
Cisco,Other,Generic-Device-B,AA:BC:10:00:03:E9,SN-Other-01001,single_band
D-Link,ONT,G-2425G-A,AA:BC:10:00:03:EA,SN-ONT-01002,dual_band
Huawei,ONU,G-140W-C,AA:BC:10:00:03:EB,SN-ONU-01003,single_band
ZTE,Router,RV340,AA:BC:10:00:03:EC,SN-Router-01004,dual_band
Nokia,Switch,DGS-1008A,AA:BC:10:00:03:ED,SN-Switch-01005,single_band
TP-Link,Modem,MB8600,AA:BC:10:00:03:EE,SN-Modem-01006,dual_band
Cisco,Access Point,WAP150,AA:BC:10:00:03:EF,SN-AccessPoint-01007,single_band
D-Link,Other,Generic-Device-C,AA:BC:10:00:03:F0,SN-Other-01008,dual_band
Huawei,ONT,HG8145V5,AA:BC:10:00:03:F1,SN-ONT-01009,single_band
ZTE,ONU,F601,AA:BC:10:00:03:F2,SN-ONU-01010,dual_band
Nokia,Router,AX1800,AA:BC:10:00:03:F3,SN-Router-01011,single_band
TP-Link,Switch,SG108,AA:BC:10:00:03:F4,SN-Switch-01012,dual_band
Cisco,Modem,CM1200,AA:BC:10:00:03:F5,SN-Modem-01013,single_band
D-Link,Access Point,U6-Lite,AA:BC:10:00:03:F6,SN-AccessPoint-01014,dual_band
Huawei,Other,Generic-Device-A,AA:BC:10:00:03:F7,SN-Other-01015,single_band
ZTE,ONT,ZXHN-F680,AA:BC:10:00:03:F8,SN-ONT-01016,dual_band
Nokia,ONU,AN5506-01,AA:BC:10:00:03:F9,SN-ONU-01017,single_band
TP-Link,Router,Archer C6,AA:BC:10:00:03:FA,SN-Router-01018,dual_band
Cisco,Switch,CBS110,AA:BC:10:00:03:FB,SN-Switch-01019,single_band
D-Link,Modem,TC4400,AA:BC:10:00:03:FC,SN-Modem-01020,dual_band
Huawei,Access Point,EAP225,AA:BC:10:00:03:FD,SN-AccessPoint-01021,single_band
ZTE,Other,Generic-Device-B,AA:BC:10:00:03:FE,SN-Other-01022,dual_band
Nokia,ONT,G-2425G-A,AA:BC:10:00:03:FF,SN-ONT-01023,single_band
TP-Link,ONU,G-140W-C,AA:BC:10:00:04:00,SN-ONU-01024,dual_band
Cisco,Router,RV340,AA:BC:10:00:04:01,SN-Router-01025,single_band
D-Link,Switch,DGS-1008A,AA:BC:10:00:04:02,SN-Switch-01026,dual_band
Huawei,Modem,MB8600,AA:BC:10:00:04:03,SN-Modem-01027,single_band
ZTE,Access Point,WAP150,AA:BC:10:00:04:04,SN-AccessPoint-01028,dual_band
Nokia,Other,Generic-Device-C,AA:BC:10:00:04:05,SN-Other-01029,single_band
TP-Link,ONT,HG8145V5,AA:BC:10:00:04:06,SN-ONT-01030,dual_band
Cisco,ONU,F601,AA:BC:10:00:04:07,SN-ONU-01031,single_band
D-Link,Router,AX1800,AA:BC:10:00:04:08,SN-Router-01032,dual_band
Huawei,Switch,SG108,AA:BC:10:00:04:09,SN-Switch-01033,single_band
ZTE,Modem,CM1200,AA:BC:10:00:04:0A,SN-Modem-01034,dual_band
Nokia,Access Point,U6-Lite,AA:BC:10:00:04:0B,SN-AccessPoint-01035,single_band
TP-Link,Other,Generic-Device-A,AA:BC:10:00:04:0C,SN-Other-01036,dual_band
Cisco,ONT,ZXHN-F680,AA:BC:10:00:04:0D,SN-ONT-01037,single_band
D-Link,ONU,AN5506-01,AA:BC:10:00:04:0E,SN-ONU-01038,dual_band
Huawei,Router,Archer C6,AA:BC:10:00:04:0F,SN-Router-01039,single_band
ZTE,Switch,CBS110,AA:BC:10:00:04:10,SN-Switch-01040,dual_band
Nokia,Modem,TC4400,AA:BC:10:00:04:11,SN-Modem-01041,single_band
TP-Link,Access Point,EAP225,AA:BC:10:00:04:12,SN-AccessPoint-01042,dual_band
Cisco,Other,Generic-Device-B,AA:BC:10:00:04:13,SN-Other-01043,single_band
D-Link,ONT,G-2425G-A,AA:BC:10:00:04:14,SN-ONT-01044,dual_band
Huawei,ONU,G-140W-C,AA:BC:10:00:04:15,SN-ONU-01045,single_band
ZTE,Router,RV340,AA:BC:10:00:04:16,SN-Router-01046,dual_band
Nokia,Switch,DGS-1008A,AA:BC:10:00:04:17,SN-Switch-01047,single_band
TP-Link,Modem,MB8600,AA:BC:10:00:04:18,SN-Modem-01048,dual_band
Cisco,Access Point,WAP150,AA:BC:10:00:04:19,SN-AccessPoint-01049,single_band
D-Link,Other,Generic-Device-C,AA:BC:10:00:04:1A,SN-Other-01050,dual_band
Huawei,ONT,HG8145V5,AA:BC:10:00:04:1B,SN-ONT-01051,single_band
ZTE,ONU,F601,AA:BC:10:00:04:1C,SN-ONU-01052,dual_band
Nokia,Router,AX1800,AA:BC:10:00:04:1D,SN-Router-01053,single_band
TP-Link,Switch,SG108,AA:BC:10:00:04:1E,SN-Switch-01054,dual_band
Cisco,Modem,CM1200,AA:BC:10:00:04:1F,SN-Modem-01055,single_band
D-Link,Access Point,U6-Lite,AA:BC:10:00:04:20,SN-AccessPoint-01056,dual_band
Huawei,Other,Generic-Device-A,AA:BC:10:00:04:21,SN-Other-01057,single_band
ZTE,ONT,ZXHN-F680,AA:BC:10:00:04:22,SN-ONT-01058,dual_band
Nokia,ONU,AN5506-01,AA:BC:10:00:04:23,SN-ONU-01059,single_band
TP-Link,Router,Archer C6,AA:BC:10:00:04:24,SN-Router-01060,dual_band
Cisco,Switch,CBS110,AA:BC:10:00:04:25,SN-Switch-01061,single_band
D-Link,Modem,TC4400,AA:BC:10:00:04:26,SN-Modem-01062,dual_band
Huawei,Access Point,EAP225,AA:BC:10:00:04:27,SN-AccessPoint-01063,single_band
ZTE,Other,Generic-Device-B,AA:BC:10:00:04:28,SN-Other-01064,dual_band
Nokia,ONT,G-2425G-A,AA:BC:10:00:04:29,SN-ONT-01065,single_band
TP-Link,ONU,G-140W-C,AA:BC:10:00:04:2A,SN-ONU-01066,dual_band
Cisco,Router,RV340,AA:BC:10:00:04:2B,SN-Router-01067,single_band
D-Link,Switch,DGS-1008A,AA:BC:10:00:04:2C,SN-Switch-01068,dual_band
Huawei,Modem,MB8600,AA:BC:10:00:04:2D,SN-Modem-01069,single_band
ZTE,Access Point,WAP150,AA:BC:10:00:04:2E,SN-AccessPoint-01070,dual_band
Nokia,Other,Generic-Device-C,AA:BC:10:00:04:2F,SN-Other-01071,single_band
TP-Link,ONT,HG8145V5,AA:BC:10:00:04:30,SN-ONT-01072,dual_band
Cisco,ONU,F601,AA:BC:10:00:04:31,SN-ONU-01073,single_band
D-Link,Router,AX1800,AA:BC:10:00:04:32,SN-Router-01074,dual_band
Huawei,Switch,SG108,AA:BC:10:00:04:33,SN-Switch-01075,single_band
ZTE,Modem,CM1200,AA:BC:10:00:04:34,SN-Modem-01076,dual_band
Nokia,Access Point,U6-Lite,AA:BC:10:00:04:35,SN-AccessPoint-01077,single_band
TP-Link,Other,Generic-Device-A,AA:BC:10:00:04:36,SN-Other-01078,dual_band
Cisco,ONT,ZXHN-F680,AA:BC:10:00:04:37,SN-ONT-01079,single_band
D-Link,ONU,AN5506-01,AA:BC:10:00:04:38,SN-ONU-01080,dual_band
Huawei,Router,Archer C6,AA:BC:10:00:04:39,SN-Router-01081,single_band
ZTE,Switch,CBS110,AA:BC:10:00:04:3A,SN-Switch-01082,dual_band
Nokia,Modem,TC4400,AA:BC:10:00:04:3B,SN-Modem-01083,single_band
TP-Link,Access Point,EAP225,AA:BC:10:00:04:3C,SN-AccessPoint-01084,dual_band
Cisco,Other,Generic-Device-B,AA:BC:10:00:04:3D,SN-Other-01085,single_band
D-Link,ONT,G-2425G-A,AA:BC:10:00:04:3E,SN-ONT-01086,dual_band
Huawei,ONU,G-140W-C,AA:BC:10:00:04:3F,SN-ONU-01087,single_band
ZTE,Router,RV340,AA:BC:10:00:04:40,SN-Router-01088,dual_band
Nokia,Switch,DGS-1008A,AA:BC:10:00:04:41,SN-Switch-01089,single_band
TP-Link,Modem,MB8600,AA:BC:10:00:04:42,SN-Modem-01090,dual_band
Cisco,Access Point,WAP150,AA:BC:10:00:04:43,SN-AccessPoint-01091,single_band
D-Link,Other,Generic-Device-C,AA:BC:10:00:04:44,SN-Other-01092,dual_band
Huawei,ONT,HG8145V5,AA:BC:10:00:04:45,SN-ONT-01093,single_band
ZTE,ONU,F601,AA:BC:10:00:04:46,SN-ONU-01094,dual_band
Nokia,Router,AX1800,AA:BC:10:00:04:47,SN-Router-01095,single_band
TP-Link,Switch,SG108,AA:BC:10:00:04:48,SN-Switch-01096,dual_band
Cisco,Modem,CM1200,AA:BC:10:00:04:49,SN-Modem-01097,single_band
D-Link,Access Point,U6-Lite,AA:BC:10:00:04:4A,SN-AccessPoint-01098,dual_band
Huawei,Other,Generic-Device-A,AA:BC:10:00:04:4B,SN-Other-01099,single_band
ZTE,ONT,ZXHN-F680,AA:BC:10:00:04:4C,SN-ONT-01100,dual_band
Nokia,ONU,AN5506-01,AA:BC:10:00:04:4D,SN-ONU-01101,single_band
TP-Link,Router,Archer C6,AA:BC:10:00:04:4E,SN-Router-01102,dual_band
Cisco,Switch,CBS110,AA:BC:10:00:04:4F,SN-Switch-01103,single_band
D-Link,Modem,TC4400,AA:BC:10:00:04:50,SN-Modem-01104,dual_band
Huawei,Access Point,EAP225,AA:BC:10:00:04:51,SN-AccessPoint-01105,single_band
ZTE,Other,Generic-Device-B,AA:BC:10:00:04:52,SN-Other-01106,dual_band
Nokia,ONT,G-2425G-A,AA:BC:10:00:04:53,SN-ONT-01107,single_band
TP-Link,ONU,G-140W-C,AA:BC:10:00:04:54,SN-ONU-01108,dual_band
Cisco,Router,RV340,AA:BC:10:00:04:55,SN-Router-01109,single_band
D-Link,Switch,DGS-1008A,AA:BC:10:00:04:56,SN-Switch-01110,dual_band
Huawei,Modem,MB8600,AA:BC:10:00:04:57,SN-Modem-01111,single_band
ZTE,Access Point,WAP150,AA:BC:10:00:04:58,SN-AccessPoint-01112,dual_band
Nokia,Other,Generic-Device-C,AA:BC:10:00:04:59,SN-Other-01113,single_band
TP-Link,ONT,HG8145V5,AA:BC:10:00:04:5A,SN-ONT-01114,dual_band
Cisco,ONU,F601,AA:BC:10:00:04:5B,SN-ONU-01115,single_band
D-Link,Router,AX1800,AA:BC:10:00:04:5C,SN-Router-01116,dual_band
Huawei,Switch,SG108,AA:BC:10:00:04:5D,SN-Switch-01117,single_band
ZTE,Modem,CM1200,AA:BC:10:00:04:5E,SN-Modem-01118,dual_band
Nokia,Access Point,U6-Lite,AA:BC:10:00:04:5F,SN-AccessPoint-01119,single_band
TP-Link,Other,Generic-Device-A,AA:BC:10:00:04:60,SN-Other-01120,dual_band
Cisco,ONT,ZXHN-F680,AA:BC:10:00:04:61,SN-ONT-01121,single_band
D-Link,ONU,AN5506-01,AA:BC:10:00:04:62,SN-ONU-01122,dual_band
Huawei,Router,Archer C6,AA:BC:10:00:04:63,SN-Router-01123,single_band
ZTE,Switch,CBS110,AA:BC:10:00:04:64,SN-Switch-01124,dual_band
Nokia,Modem,TC4400,AA:BC:10:00:04:65,SN-Modem-01125,single_band
TP-Link,Access Point,EAP225,AA:BC:10:00:04:66,SN-AccessPoint-01126,dual_band
Cisco,Other,Generic-Device-B,AA:BC:10:00:04:67,SN-Other-01127,single_band
D-Link,ONT,G-2425G-A,AA:BC:10:00:04:68,SN-ONT-01128,dual_band
Huawei,ONU,G-140W-C,AA:BC:10:00:04:69,SN-ONU-01129,single_band
ZTE,Router,RV340,AA:BC:10:00:04:6A,SN-Router-01130,dual_band
Nokia,Switch,DGS-1008A,AA:BC:10:00:04:6B,SN-Switch-01131,single_band
TP-Link,Modem,MB8600,AA:BC:10:00:04:6C,SN-Modem-01132,dual_band
Cisco,Access Point,WAP150,AA:BC:10:00:04:6D,SN-AccessPoint-01133,single_band
D-Link,Other,Generic-Device-C,AA:BC:10:00:04:6E,SN-Other-01134,dual_band
Huawei,ONT,HG8145V5,AA:BC:10:00:04:6F,SN-ONT-01135,single_band
ZTE,ONU,F601,AA:BC:10:00:04:70,SN-ONU-01136,dual_band
Nokia,Router,AX1800,AA:BC:10:00:04:71,SN-Router-01137,single_band
TP-Link,Switch,SG108,AA:BC:10:00:04:72,SN-Switch-01138,dual_band
Cisco,Modem,CM1200,AA:BC:10:00:04:73,SN-Modem-01139,single_band
D-Link,Access Point,U6-Lite,AA:BC:10:00:04:74,SN-AccessPoint-01140,dual_band
Huawei,Other,Generic-Device-A,AA:BC:10:00:04:75,SN-Other-01141,single_band
ZTE,ONT,ZXHN-F680,AA:BC:10:00:04:76,SN-ONT-01142,dual_band
Nokia,ONU,AN5506-01,AA:BC:10:00:04:77,SN-ONU-01143,single_band
TP-Link,Router,Archer C6,AA:BC:10:00:04:78,SN-Router-01144,dual_band
Cisco,Switch,CBS110,AA:BC:10:00:04:79,SN-Switch-01145,single_band
D-Link,Modem,TC4400,AA:BC:10:00:04:7A,SN-Modem-01146,dual_band
Huawei,Access Point,EAP225,AA:BC:10:00:04:7B,SN-AccessPoint-01147,single_band
ZTE,Other,Generic-Device-B,AA:BC:10:00:04:7C,SN-Other-01148,dual_band
Nokia,ONT,G-2425G-A,AA:BC:10:00:04:7D,SN-ONT-01149,single_band
TP-Link,ONU,G-140W-C,AA:BC:10:00:04:7E,SN-ONU-01150,dual_band
Cisco,Router,RV340,AA:BC:10:00:04:7F,SN-Router-01151,single_band
D-Link,Switch,DGS-1008A,AA:BC:10:00:04:80,SN-Switch-01152,dual_band
Huawei,Modem,MB8600,AA:BC:10:00:04:81,SN-Modem-01153,single_band
ZTE,Access Point,WAP150,AA:BC:10:00:04:82,SN-AccessPoint-01154,dual_band
Nokia,Other,Generic-Device-C,AA:BC:10:00:04:83,SN-Other-01155,single_band
TP-Link,ONT,HG8145V5,AA:BC:10:00:04:84,SN-ONT-01156,dual_band
Cisco,ONU,F601,AA:BC:10:00:04:85,SN-ONU-01157,single_band
D-Link,Router,AX1800,AA:BC:10:00:04:86,SN-Router-01158,dual_band
Huawei,Switch,SG108,AA:BC:10:00:04:87,SN-Switch-01159,single_band
ZTE,Modem,CM1200,AA:BC:10:00:04:88,SN-Modem-01160,dual_band
Nokia,Access Point,U6-Lite,AA:BC:10:00:04:89,SN-AccessPoint-01161,single_band
TP-Link,Other,Generic-Device-A,AA:BC:10:00:04:8A,SN-Other-01162,dual_band
Cisco,ONT,ZXHN-F680,AA:BC:10:00:04:8B,SN-ONT-01163,single_band
D-Link,ONU,AN5506-01,AA:BC:10:00:04:8C,SN-ONU-01164,dual_band
Huawei,Router,Archer C6,AA:BC:10:00:04:8D,SN-Router-01165,single_band
ZTE,Switch,CBS110,AA:BC:10:00:04:8E,SN-Switch-01166,dual_band
Nokia,Modem,TC4400,AA:BC:10:00:04:8F,SN-Modem-01167,single_band
TP-Link,Access Point,EAP225,AA:BC:10:00:04:90,SN-AccessPoint-01168,dual_band
Cisco,Other,Generic-Device-B,AA:BC:10:00:04:91,SN-Other-01169,single_band
D-Link,ONT,G-2425G-A,AA:BC:10:00:04:92,SN-ONT-01170,dual_band
Huawei,ONU,G-140W-C,AA:BC:10:00:04:93,SN-ONU-01171,single_band
ZTE,Router,RV340,AA:BC:10:00:04:94,SN-Router-01172,dual_band
Nokia,Switch,DGS-1008A,AA:BC:10:00:04:95,SN-Switch-01173,single_band
TP-Link,Modem,MB8600,AA:BC:10:00:04:96,SN-Modem-01174,dual_band
Cisco,Access Point,WAP150,AA:BC:10:00:04:97,SN-AccessPoint-01175,single_band
D-Link,Other,Generic-Device-C,AA:BC:10:00:04:98,SN-Other-01176,dual_band
Huawei,ONT,HG8145V5,AA:BC:10:00:04:99,SN-ONT-01177,single_band
ZTE,ONU,F601,AA:BC:10:00:04:9A,SN-ONU-01178,dual_band
Nokia,Router,AX1800,AA:BC:10:00:04:9B,SN-Router-01179,single_band
TP-Link,Switch,SG108,AA:BC:10:00:04:9C,SN-Switch-01180,dual_band
Cisco,Modem,CM1200,AA:BC:10:00:04:9D,SN-Modem-01181,single_band
D-Link,Access Point,U6-Lite,AA:BC:10:00:04:9E,SN-AccessPoint-01182,dual_band
Huawei,Other,Generic-Device-A,AA:BC:10:00:04:9F,SN-Other-01183,single_band
ZTE,ONT,ZXHN-F680,AA:BC:10:00:04:A0,SN-ONT-01184,dual_band
Nokia,ONU,AN5506-01,AA:BC:10:00:04:A1,SN-ONU-01185,single_band
TP-Link,Router,Archer C6,AA:BC:10:00:04:A2,SN-Router-01186,dual_band
Cisco,Switch,CBS110,AA:BC:10:00:04:A3,SN-Switch-01187,single_band
D-Link,Modem,TC4400,AA:BC:10:00:04:A4,SN-Modem-01188,dual_band
Huawei,Access Point,EAP225,AA:BC:10:00:04:A5,SN-AccessPoint-01189,single_band
ZTE,Other,Generic-Device-B,AA:BC:10:00:04:A6,SN-Other-01190,dual_band
Nokia,ONT,G-2425G-A,AA:BC:10:00:04:A7,SN-ONT-01191,single_band
TP-Link,ONU,G-140W-C,AA:BC:10:00:04:A8,SN-ONU-01192,dual_band
Cisco,Router,RV340,AA:BC:10:00:04:A9,SN-Router-01193,single_band
D-Link,Switch,DGS-1008A,AA:BC:10:00:04:AA,SN-Switch-01194,dual_band
Huawei,Modem,MB8600,AA:BC:10:00:04:AB,SN-Modem-01195,single_band
ZTE,Access Point,WAP150,AA:BC:10:00:04:AC,SN-AccessPoint-01196,dual_band
Nokia,Other,Generic-Device-C,AA:BC:10:00:04:AD,SN-Other-01197,single_band
TP-Link,ONT,HG8145V5,AA:BC:10:00:04:AE,SN-ONT-01198,dual_band
Cisco,ONU,F601,AA:BC:10:00:04:AF,SN-ONU-01199,single_band
D-Link,Router,AX1800,AA:BC:10:00:04:B0,SN-Router-01200,dual_band
Huawei,Switch,SG108,AA:BC:10:00:04:B1,SN-Switch-01201,single_band
ZTE,Modem,CM1200,AA:BC:10:00:04:B2,SN-Modem-01202,dual_band
Nokia,Access Point,U6-Lite,AA:BC:10:00:04:B3,SN-AccessPoint-01203,single_band
TP-Link,Other,Generic-Device-A,AA:BC:10:00:04:B4,SN-Other-01204,dual_band
Cisco,ONT,ZXHN-F680,AA:BC:10:00:04:B5,SN-ONT-01205,single_band
D-Link,ONU,AN5506-01,AA:BC:10:00:04:B6,SN-ONU-01206,dual_band
Huawei,Router,Archer C6,AA:BC:10:00:04:B7,SN-Router-01207,single_band
ZTE,Switch,CBS110,AA:BC:10:00:04:B8,SN-Switch-01208,dual_band
Nokia,Modem,TC4400,AA:BC:10:00:04:B9,SN-Modem-01209,single_band
TP-Link,Access Point,EAP225,AA:BC:10:00:04:BA,SN-AccessPoint-01210,dual_band
Cisco,Other,Generic-Device-B,AA:BC:10:00:04:BB,SN-Other-01211,single_band
D-Link,ONT,G-2425G-A,AA:BC:10:00:04:BC,SN-ONT-01212,dual_band
Huawei,ONU,G-140W-C,AA:BC:10:00:04:BD,SN-ONU-01213,single_band
ZTE,Router,RV340,AA:BC:10:00:04:BE,SN-Router-01214,dual_band
Nokia,Switch,DGS-1008A,AA:BC:10:00:04:BF,SN-Switch-01215,single_band
TP-Link,Modem,MB8600,AA:BC:10:00:04:C0,SN-Modem-01216,dual_band
Cisco,Access Point,WAP150,AA:BC:10:00:04:C1,SN-AccessPoint-01217,single_band
D-Link,Other,Generic-Device-C,AA:BC:10:00:04:C2,SN-Other-01218,dual_band
Huawei,ONT,HG8145V5,AA:BC:10:00:04:C3,SN-ONT-01219,single_band
ZTE,ONU,F601,AA:BC:10:00:04:C4,SN-ONU-01220,dual_band
Nokia,Router,AX1800,AA:BC:10:00:04:C5,SN-Router-01221,single_band
TP-Link,Switch,SG108,AA:BC:10:00:04:C6,SN-Switch-01222,dual_band
Cisco,Modem,CM1200,AA:BC:10:00:04:C7,SN-Modem-01223,single_band
D-Link,Access Point,U6-Lite,AA:BC:10:00:04:C8,SN-AccessPoint-01224,dual_band
Huawei,Other,Generic-Device-A,AA:BC:10:00:04:C9,SN-Other-01225,single_band
ZTE,ONT,ZXHN-F680,AA:BC:10:00:04:CA,SN-ONT-01226,dual_band
Nokia,ONU,AN5506-01,AA:BC:10:00:04:CB,SN-ONU-01227,single_band
TP-Link,Router,Archer C6,AA:BC:10:00:04:CC,SN-Router-01228,dual_band
Cisco,Switch,CBS110,AA:BC:10:00:04:CD,SN-Switch-01229,single_band
D-Link,Modem,TC4400,AA:BC:10:00:04:CE,SN-Modem-01230,dual_band
Huawei,Access Point,EAP225,AA:BC:10:00:04:CF,SN-AccessPoint-01231,single_band
ZTE,Other,Generic-Device-B,AA:BC:10:00:04:D0,SN-Other-01232,dual_band
Nokia,ONT,G-2425G-A,AA:BC:10:00:04:D1,SN-ONT-01233,single_band
TP-Link,ONU,G-140W-C,AA:BC:10:00:04:D2,SN-ONU-01234,dual_band
Cisco,Router,RV340,AA:BC:10:00:04:D3,SN-Router-01235,single_band
D-Link,Switch,DGS-1008A,AA:BC:10:00:04:D4,SN-Switch-01236,dual_band
Huawei,Modem,MB8600,AA:BC:10:00:04:D5,SN-Modem-01237,single_band
ZTE,Access Point,WAP150,AA:BC:10:00:04:D6,SN-AccessPoint-01238,dual_band
Nokia,Other,Generic-Device-C,AA:BC:10:00:04:D7,SN-Other-01239,single_band
TP-Link,ONT,HG8145V5,AA:BC:10:00:04:D8,SN-ONT-01240,dual_band
Cisco,ONU,F601,AA:BC:10:00:04:D9,SN-ONU-01241,single_band
D-Link,Router,AX1800,AA:BC:10:00:04:DA,SN-Router-01242,dual_band
Huawei,Switch,SG108,AA:BC:10:00:04:DB,SN-Switch-01243,single_band
ZTE,Modem,CM1200,AA:BC:10:00:04:DC,SN-Modem-01244,dual_band
Nokia,Access Point,U6-Lite,AA:BC:10:00:04:DD,SN-AccessPoint-01245,single_band
TP-Link,Other,Generic-Device-A,AA:BC:10:00:04:DE,SN-Other-01246,dual_band
Cisco,ONT,ZXHN-F680,AA:BC:10:00:04:DF,SN-ONT-01247,single_band
D-Link,ONU,AN5506-01,AA:BC:10:00:04:E0,SN-ONU-01248,dual_band
Huawei,Router,Archer C6,AA:BC:10:00:04:E1,SN-Router-01249,single_band
ZTE,Switch,CBS110,AA:BC:10:00:04:E2,SN-Switch-01250,dual_band
Nokia,Modem,TC4400,AA:BC:10:00:04:E3,SN-Modem-01251,single_band
TP-Link,Access Point,EAP225,AA:BC:10:00:04:E4,SN-AccessPoint-01252,dual_band
Cisco,Other,Generic-Device-B,AA:BC:10:00:04:E5,SN-Other-01253,single_band
D-Link,ONT,G-2425G-A,AA:BC:10:00:04:E6,SN-ONT-01254,dual_band
Huawei,ONU,G-140W-C,AA:BC:10:00:04:E7,SN-ONU-01255,single_band
ZTE,Router,RV340,AA:BC:10:00:04:E8,SN-Router-01256,dual_band
Nokia,Switch,DGS-1008A,AA:BC:10:00:04:E9,SN-Switch-01257,single_band
TP-Link,Modem,MB8600,AA:BC:10:00:04:EA,SN-Modem-01258,dual_band
Cisco,Access Point,WAP150,AA:BC:10:00:04:EB,SN-AccessPoint-01259,single_band
D-Link,Other,Generic-Device-C,AA:BC:10:00:04:EC,SN-Other-01260,dual_band
Huawei,ONT,HG8145V5,AA:BC:10:00:04:ED,SN-ONT-01261,single_band
ZTE,ONU,F601,AA:BC:10:00:04:EE,SN-ONU-01262,dual_band
Nokia,Router,AX1800,AA:BC:10:00:04:EF,SN-Router-01263,single_band
TP-Link,Switch,SG108,AA:BC:10:00:04:F0,SN-Switch-01264,dual_band
Cisco,Modem,CM1200,AA:BC:10:00:04:F1,SN-Modem-01265,single_band
D-Link,Access Point,U6-Lite,AA:BC:10:00:04:F2,SN-AccessPoint-01266,dual_band
Huawei,Other,Generic-Device-A,AA:BC:10:00:04:F3,SN-Other-01267,single_band
ZTE,ONT,ZXHN-F680,AA:BC:10:00:04:F4,SN-ONT-01268,dual_band
Nokia,ONU,AN5506-01,AA:BC:10:00:04:F5,SN-ONU-01269,single_band
TP-Link,Router,Archer C6,AA:BC:10:00:04:F6,SN-Router-01270,dual_band
Cisco,Switch,CBS110,AA:BC:10:00:04:F7,SN-Switch-01271,single_band
D-Link,Modem,TC4400,AA:BC:10:00:04:F8,SN-Modem-01272,dual_band
Huawei,Access Point,EAP225,AA:BC:10:00:04:F9,SN-AccessPoint-01273,single_band
ZTE,Other,Generic-Device-B,AA:BC:10:00:04:FA,SN-Other-01274,dual_band
Nokia,ONT,G-2425G-A,AA:BC:10:00:04:FB,SN-ONT-01275,single_band
TP-Link,ONU,G-140W-C,AA:BC:10:00:04:FC,SN-ONU-01276,dual_band
Cisco,Router,RV340,AA:BC:10:00:04:FD,SN-Router-01277,single_band
D-Link,Switch,DGS-1008A,AA:BC:10:00:04:FE,SN-Switch-01278,dual_band
Huawei,Modem,MB8600,AA:BC:10:00:04:FF,SN-Modem-01279,single_band
ZTE,Access Point,WAP150,AA:BC:10:00:05:00,SN-AccessPoint-01280,dual_band
Nokia,Other,Generic-Device-C,AA:BC:10:00:05:01,SN-Other-01281,single_band
TP-Link,ONT,HG8145V5,AA:BC:10:00:05:02,SN-ONT-01282,dual_band
Cisco,ONU,F601,AA:BC:10:00:05:03,SN-ONU-01283,single_band
D-Link,Router,AX1800,AA:BC:10:00:05:04,SN-Router-01284,dual_band
Huawei,Switch,SG108,AA:BC:10:00:05:05,SN-Switch-01285,single_band
ZTE,Modem,CM1200,AA:BC:10:00:05:06,SN-Modem-01286,dual_band
Nokia,Access Point,U6-Lite,AA:BC:10:00:05:07,SN-AccessPoint-01287,single_band
TP-Link,Other,Generic-Device-A,AA:BC:10:00:05:08,SN-Other-01288,dual_band
Cisco,ONT,ZXHN-F680,AA:BC:10:00:05:09,SN-ONT-01289,single_band
D-Link,ONU,AN5506-01,AA:BC:10:00:05:0A,SN-ONU-01290,dual_band
Huawei,Router,Archer C6,AA:BC:10:00:05:0B,SN-Router-01291,single_band
ZTE,Switch,CBS110,AA:BC:10:00:05:0C,SN-Switch-01292,dual_band
Nokia,Modem,TC4400,AA:BC:10:00:05:0D,SN-Modem-01293,single_band
TP-Link,Access Point,EAP225,AA:BC:10:00:05:0E,SN-AccessPoint-01294,dual_band
Cisco,Other,Generic-Device-B,AA:BC:10:00:05:0F,SN-Other-01295,single_band
D-Link,ONT,G-2425G-A,AA:BC:10:00:05:10,SN-ONT-01296,dual_band
Huawei,ONU,G-140W-C,AA:BC:10:00:05:11,SN-ONU-01297,single_band
ZTE,Router,RV340,AA:BC:10:00:05:12,SN-Router-01298,dual_band
Nokia,Switch,DGS-1008A,AA:BC:10:00:05:13,SN-Switch-01299,single_band
TP-Link,Modem,MB8600,AA:BC:10:00:05:14,SN-Modem-01300,dual_band
Cisco,Access Point,WAP150,AA:BC:10:00:05:15,SN-AccessPoint-01301,single_band
D-Link,Other,Generic-Device-C,AA:BC:10:00:05:16,SN-Other-01302,dual_band
Huawei,ONT,HG8145V5,AA:BC:10:00:05:17,SN-ONT-01303,single_band
ZTE,ONU,F601,AA:BC:10:00:05:18,SN-ONU-01304,dual_band
Nokia,Router,AX1800,AA:BC:10:00:05:19,SN-Router-01305,single_band
TP-Link,Switch,SG108,AA:BC:10:00:05:1A,SN-Switch-01306,dual_band
Cisco,Modem,CM1200,AA:BC:10:00:05:1B,SN-Modem-01307,single_band
D-Link,Access Point,U6-Lite,AA:BC:10:00:05:1C,SN-AccessPoint-01308,dual_band
Huawei,Other,Generic-Device-A,AA:BC:10:00:05:1D,SN-Other-01309,single_band
ZTE,ONT,ZXHN-F680,AA:BC:10:00:05:1E,SN-ONT-01310,dual_band
Nokia,ONU,AN5506-01,AA:BC:10:00:05:1F,SN-ONU-01311,single_band
TP-Link,Router,Archer C6,AA:BC:10:00:05:20,SN-Router-01312,dual_band
Cisco,Switch,CBS110,AA:BC:10:00:05:21,SN-Switch-01313,single_band
D-Link,Modem,TC4400,AA:BC:10:00:05:22,SN-Modem-01314,dual_band
Huawei,Access Point,EAP225,AA:BC:10:00:05:23,SN-AccessPoint-01315,single_band
ZTE,Other,Generic-Device-B,AA:BC:10:00:05:24,SN-Other-01316,dual_band
Nokia,ONT,G-2425G-A,AA:BC:10:00:05:25,SN-ONT-01317,single_band
TP-Link,ONU,G-140W-C,AA:BC:10:00:05:26,SN-ONU-01318,dual_band
Cisco,Router,RV340,AA:BC:10:00:05:27,SN-Router-01319,single_band
D-Link,Switch,DGS-1008A,AA:BC:10:00:05:28,SN-Switch-01320,dual_band
Huawei,Modem,MB8600,AA:BC:10:00:05:29,SN-Modem-01321,single_band
ZTE,Access Point,WAP150,AA:BC:10:00:05:2A,SN-AccessPoint-01322,dual_band
Nokia,Other,Generic-Device-C,AA:BC:10:00:05:2B,SN-Other-01323,single_band
TP-Link,ONT,HG8145V5,AA:BC:10:00:05:2C,SN-ONT-01324,dual_band
Cisco,ONU,F601,AA:BC:10:00:05:2D,SN-ONU-01325,single_band
D-Link,Router,AX1800,AA:BC:10:00:05:2E,SN-Router-01326,dual_band
Huawei,Switch,SG108,AA:BC:10:00:05:2F,SN-Switch-01327,single_band
ZTE,Modem,CM1200,AA:BC:10:00:05:30,SN-Modem-01328,dual_band
Nokia,Access Point,U6-Lite,AA:BC:10:00:05:31,SN-AccessPoint-01329,single_band
TP-Link,Other,Generic-Device-A,AA:BC:10:00:05:32,SN-Other-01330,dual_band
Cisco,ONT,ZXHN-F680,AA:BC:10:00:05:33,SN-ONT-01331,single_band
D-Link,ONU,AN5506-01,AA:BC:10:00:05:34,SN-ONU-01332,dual_band
Huawei,Router,Archer C6,AA:BC:10:00:05:35,SN-Router-01333,single_band
ZTE,Switch,CBS110,AA:BC:10:00:05:36,SN-Switch-01334,dual_band
Nokia,Modem,TC4400,AA:BC:10:00:05:37,SN-Modem-01335,single_band
TP-Link,Access Point,EAP225,AA:BC:10:00:05:38,SN-AccessPoint-01336,dual_band
Cisco,Other,Generic-Device-B,AA:BC:10:00:05:39,SN-Other-01337,single_band
D-Link,ONT,G-2425G-A,AA:BC:10:00:05:3A,SN-ONT-01338,dual_band
Huawei,ONU,G-140W-C,AA:BC:10:00:05:3B,SN-ONU-01339,single_band
ZTE,Router,RV340,AA:BC:10:00:05:3C,SN-Router-01340,dual_band
Nokia,Switch,DGS-1008A,AA:BC:10:00:05:3D,SN-Switch-01341,single_band
TP-Link,Modem,MB8600,AA:BC:10:00:05:3E,SN-Modem-01342,dual_band
Cisco,Access Point,WAP150,AA:BC:10:00:05:3F,SN-AccessPoint-01343,single_band
D-Link,Other,Generic-Device-C,AA:BC:10:00:05:40,SN-Other-01344,dual_band
Huawei,ONT,HG8145V5,AA:BC:10:00:05:41,SN-ONT-01345,single_band
ZTE,ONU,F601,AA:BC:10:00:05:42,SN-ONU-01346,dual_band
Nokia,Router,AX1800,AA:BC:10:00:05:43,SN-Router-01347,single_band
TP-Link,Switch,SG108,AA:BC:10:00:05:44,SN-Switch-01348,dual_band
Cisco,Modem,CM1200,AA:BC:10:00:05:45,SN-Modem-01349,single_band
D-Link,Access Point,U6-Lite,AA:BC:10:00:05:46,SN-AccessPoint-01350,dual_band
Huawei,Other,Generic-Device-A,AA:BC:10:00:05:47,SN-Other-01351,single_band
ZTE,ONT,ZXHN-F680,AA:BC:10:00:05:48,SN-ONT-01352,dual_band
Nokia,ONU,AN5506-01,AA:BC:10:00:05:49,SN-ONU-01353,single_band
TP-Link,Router,Archer C6,AA:BC:10:00:05:4A,SN-Router-01354,dual_band
Cisco,Switch,CBS110,AA:BC:10:00:05:4B,SN-Switch-01355,single_band
D-Link,Modem,TC4400,AA:BC:10:00:05:4C,SN-Modem-01356,dual_band
Huawei,Access Point,EAP225,AA:BC:10:00:05:4D,SN-AccessPoint-01357,single_band
ZTE,Other,Generic-Device-B,AA:BC:10:00:05:4E,SN-Other-01358,dual_band
Nokia,ONT,G-2425G-A,AA:BC:10:00:05:4F,SN-ONT-01359,single_band
TP-Link,ONU,G-140W-C,AA:BC:10:00:05:50,SN-ONU-01360,dual_band
Cisco,Router,RV340,AA:BC:10:00:05:51,SN-Router-01361,single_band
D-Link,Switch,DGS-1008A,AA:BC:10:00:05:52,SN-Switch-01362,dual_band
Huawei,Modem,MB8600,AA:BC:10:00:05:53,SN-Modem-01363,single_band
ZTE,Access Point,WAP150,AA:BC:10:00:05:54,SN-AccessPoint-01364,dual_band
Nokia,Other,Generic-Device-C,AA:BC:10:00:05:55,SN-Other-01365,single_band
TP-Link,ONT,HG8145V5,AA:BC:10:00:05:56,SN-ONT-01366,dual_band
Cisco,ONU,F601,AA:BC:10:00:05:57,SN-ONU-01367,single_band
D-Link,Router,AX1800,AA:BC:10:00:05:58,SN-Router-01368,dual_band
Huawei,Switch,SG108,AA:BC:10:00:05:59,SN-Switch-01369,single_band
ZTE,Modem,CM1200,AA:BC:10:00:05:5A,SN-Modem-01370,dual_band
Nokia,Access Point,U6-Lite,AA:BC:10:00:05:5B,SN-AccessPoint-01371,single_band
TP-Link,Other,Generic-Device-A,AA:BC:10:00:05:5C,SN-Other-01372,dual_band
Cisco,ONT,ZXHN-F680,AA:BC:10:00:05:5D,SN-ONT-01373,single_band
D-Link,ONU,AN5506-01,AA:BC:10:00:05:5E,SN-ONU-01374,dual_band
Huawei,Router,Archer C6,AA:BC:10:00:05:5F,SN-Router-01375,single_band
ZTE,Switch,CBS110,AA:BC:10:00:05:60,SN-Switch-01376,dual_band
Nokia,Modem,TC4400,AA:BC:10:00:05:61,SN-Modem-01377,single_band
TP-Link,Access Point,EAP225,AA:BC:10:00:05:62,SN-AccessPoint-01378,dual_band
Cisco,Other,Generic-Device-B,AA:BC:10:00:05:63,SN-Other-01379,single_band
D-Link,ONT,G-2425G-A,AA:BC:10:00:05:64,SN-ONT-01380,dual_band
Huawei,ONU,G-140W-C,AA:BC:10:00:05:65,SN-ONU-01381,single_band
ZTE,Router,RV340,AA:BC:10:00:05:66,SN-Router-01382,dual_band
Nokia,Switch,DGS-1008A,AA:BC:10:00:05:67,SN-Switch-01383,single_band
TP-Link,Modem,MB8600,AA:BC:10:00:05:68,SN-Modem-01384,dual_band
Cisco,Access Point,WAP150,AA:BC:10:00:05:69,SN-AccessPoint-01385,single_band
D-Link,Other,Generic-Device-C,AA:BC:10:00:05:6A,SN-Other-01386,dual_band
Huawei,ONT,HG8145V5,AA:BC:10:00:05:6B,SN-ONT-01387,single_band
ZTE,ONU,F601,AA:BC:10:00:05:6C,SN-ONU-01388,dual_band
Nokia,Router,AX1800,AA:BC:10:00:05:6D,SN-Router-01389,single_band
TP-Link,Switch,SG108,AA:BC:10:00:05:6E,SN-Switch-01390,dual_band
Cisco,Modem,CM1200,AA:BC:10:00:05:6F,SN-Modem-01391,single_band
D-Link,Access Point,U6-Lite,AA:BC:10:00:05:70,SN-AccessPoint-01392,dual_band
Huawei,Other,Generic-Device-A,AA:BC:10:00:05:71,SN-Other-01393,single_band
ZTE,ONT,ZXHN-F680,AA:BC:10:00:05:72,SN-ONT-01394,dual_band
Nokia,ONU,AN5506-01,AA:BC:10:00:05:73,SN-ONU-01395,single_band
TP-Link,Router,Archer C6,AA:BC:10:00:05:74,SN-Router-01396,dual_band
Cisco,Switch,CBS110,AA:BC:10:00:05:75,SN-Switch-01397,single_band
D-Link,Modem,TC4400,AA:BC:10:00:05:76,SN-Modem-01398,dual_band
Huawei,Access Point,EAP225,AA:BC:10:00:05:77,SN-AccessPoint-01399,single_band
ZTE,Other,Generic-Device-B,AA:BC:10:00:05:78,SN-Other-01400,dual_band
Nokia,ONT,G-2425G-A,AA:BC:10:00:05:79,SN-ONT-01401,single_band
TP-Link,ONU,G-140W-C,AA:BC:10:00:05:7A,SN-ONU-01402,dual_band
Cisco,Router,RV340,AA:BC:10:00:05:7B,SN-Router-01403,single_band
D-Link,Switch,DGS-1008A,AA:BC:10:00:05:7C,SN-Switch-01404,dual_band
Huawei,Modem,MB8600,AA:BC:10:00:05:7D,SN-Modem-01405,single_band
ZTE,Access Point,WAP150,AA:BC:10:00:05:7E,SN-AccessPoint-01406,dual_band
Nokia,Other,Generic-Device-C,AA:BC:10:00:05:7F,SN-Other-01407,single_band
TP-Link,ONT,HG8145V5,AA:BC:10:00:05:80,SN-ONT-01408,dual_band
Cisco,ONU,F601,AA:BC:10:00:05:81,SN-ONU-01409,single_band
D-Link,Router,AX1800,AA:BC:10:00:05:82,SN-Router-01410,dual_band
Huawei,Switch,SG108,AA:BC:10:00:05:83,SN-Switch-01411,single_band
ZTE,Modem,CM1200,AA:BC:10:00:05:84,SN-Modem-01412,dual_band
Nokia,Access Point,U6-Lite,AA:BC:10:00:05:85,SN-AccessPoint-01413,single_band
TP-Link,Other,Generic-Device-A,AA:BC:10:00:05:86,SN-Other-01414,dual_band
Cisco,ONT,ZXHN-F680,AA:BC:10:00:05:87,SN-ONT-01415,single_band
D-Link,ONU,AN5506-01,AA:BC:10:00:05:88,SN-ONU-01416,dual_band
Huawei,Router,Archer C6,AA:BC:10:00:05:89,SN-Router-01417,single_band
ZTE,Switch,CBS110,AA:BC:10:00:05:8A,SN-Switch-01418,dual_band
Nokia,Modem,TC4400,AA:BC:10:00:05:8B,SN-Modem-01419,single_band
TP-Link,Access Point,EAP225,AA:BC:10:00:05:8C,SN-AccessPoint-01420,dual_band
Cisco,Other,Generic-Device-B,AA:BC:10:00:05:8D,SN-Other-01421,single_band
D-Link,ONT,G-2425G-A,AA:BC:10:00:05:8E,SN-ONT-01422,dual_band
Huawei,ONU,G-140W-C,AA:BC:10:00:05:8F,SN-ONU-01423,single_band
ZTE,Router,RV340,AA:BC:10:00:05:90,SN-Router-01424,dual_band
Nokia,Switch,DGS-1008A,AA:BC:10:00:05:91,SN-Switch-01425,single_band
TP-Link,Modem,MB8600,AA:BC:10:00:05:92,SN-Modem-01426,dual_band
Cisco,Access Point,WAP150,AA:BC:10:00:05:93,SN-AccessPoint-01427,single_band
D-Link,Other,Generic-Device-C,AA:BC:10:00:05:94,SN-Other-01428,dual_band
Huawei,ONT,HG8145V5,AA:BC:10:00:05:95,SN-ONT-01429,single_band
ZTE,ONU,F601,AA:BC:10:00:05:96,SN-ONU-01430,dual_band
Nokia,Router,AX1800,AA:BC:10:00:05:97,SN-Router-01431,single_band
TP-Link,Switch,SG108,AA:BC:10:00:05:98,SN-Switch-01432,dual_band
Cisco,Modem,CM1200,AA:BC:10:00:05:99,SN-Modem-01433,single_band
D-Link,Access Point,U6-Lite,AA:BC:10:00:05:9A,SN-AccessPoint-01434,dual_band
Huawei,Other,Generic-Device-A,AA:BC:10:00:05:9B,SN-Other-01435,single_band
ZTE,ONT,ZXHN-F680,AA:BC:10:00:05:9C,SN-ONT-01436,dual_band
Nokia,ONU,AN5506-01,AA:BC:10:00:05:9D,SN-ONU-01437,single_band
TP-Link,Router,Archer C6,AA:BC:10:00:05:9E,SN-Router-01438,dual_band
Cisco,Switch,CBS110,AA:BC:10:00:05:9F,SN-Switch-01439,single_band
D-Link,Modem,TC4400,AA:BC:10:00:05:A0,SN-Modem-01440,dual_band
Huawei,Access Point,EAP225,AA:BC:10:00:05:A1,SN-AccessPoint-01441,single_band
ZTE,Other,Generic-Device-B,AA:BC:10:00:05:A2,SN-Other-01442,dual_band
Nokia,ONT,G-2425G-A,AA:BC:10:00:05:A3,SN-ONT-01443,single_band
TP-Link,ONU,G-140W-C,AA:BC:10:00:05:A4,SN-ONU-01444,dual_band
Cisco,Router,RV340,AA:BC:10:00:05:A5,SN-Router-01445,single_band
D-Link,Switch,DGS-1008A,AA:BC:10:00:05:A6,SN-Switch-01446,dual_band
Huawei,Modem,MB8600,AA:BC:10:00:05:A7,SN-Modem-01447,single_band
ZTE,Access Point,WAP150,AA:BC:10:00:05:A8,SN-AccessPoint-01448,dual_band
Nokia,Other,Generic-Device-C,AA:BC:10:00:05:A9,SN-Other-01449,single_band
TP-Link,ONT,HG8145V5,AA:BC:10:00:05:AA,SN-ONT-01450,dual_band
Cisco,ONU,F601,AA:BC:10:00:05:AB,SN-ONU-01451,single_band
D-Link,Router,AX1800,AA:BC:10:00:05:AC,SN-Router-01452,dual_band
Huawei,Switch,SG108,AA:BC:10:00:05:AD,SN-Switch-01453,single_band
ZTE,Modem,CM1200,AA:BC:10:00:05:AE,SN-Modem-01454,dual_band
Nokia,Access Point,U6-Lite,AA:BC:10:00:05:AF,SN-AccessPoint-01455,single_band
TP-Link,Other,Generic-Device-A,AA:BC:10:00:05:B0,SN-Other-01456,dual_band
Cisco,ONT,ZXHN-F680,AA:BC:10:00:05:B1,SN-ONT-01457,single_band
D-Link,ONU,AN5506-01,AA:BC:10:00:05:B2,SN-ONU-01458,dual_band
Huawei,Router,Archer C6,AA:BC:10:00:05:B3,SN-Router-01459,single_band
ZTE,Switch,CBS110,AA:BC:10:00:05:B4,SN-Switch-01460,dual_band
Nokia,Modem,TC4400,AA:BC:10:00:05:B5,SN-Modem-01461,single_band
TP-Link,Access Point,EAP225,AA:BC:10:00:05:B6,SN-AccessPoint-01462,dual_band
Cisco,Other,Generic-Device-B,AA:BC:10:00:05:B7,SN-Other-01463,single_band
D-Link,ONT,G-2425G-A,AA:BC:10:00:05:B8,SN-ONT-01464,dual_band
Huawei,ONU,G-140W-C,AA:BC:10:00:05:B9,SN-ONU-01465,single_band
ZTE,Router,RV340,AA:BC:10:00:05:BA,SN-Router-01466,dual_band
Nokia,Switch,DGS-1008A,AA:BC:10:00:05:BB,SN-Switch-01467,single_band
TP-Link,Modem,MB8600,AA:BC:10:00:05:BC,SN-Modem-01468,dual_band
Cisco,Access Point,WAP150,AA:BC:10:00:05:BD,SN-AccessPoint-01469,single_band
D-Link,Other,Generic-Device-C,AA:BC:10:00:05:BE,SN-Other-01470,dual_band
Huawei,ONT,HG8145V5,AA:BC:10:00:05:BF,SN-ONT-01471,single_band
ZTE,ONU,F601,AA:BC:10:00:05:C0,SN-ONU-01472,dual_band
Nokia,Router,AX1800,AA:BC:10:00:05:C1,SN-Router-01473,single_band
TP-Link,Switch,SG108,AA:BC:10:00:05:C2,SN-Switch-01474,dual_band
Cisco,Modem,CM1200,AA:BC:10:00:05:C3,SN-Modem-01475,single_band
D-Link,Access Point,U6-Lite,AA:BC:10:00:05:C4,SN-AccessPoint-01476,dual_band
Huawei,Other,Generic-Device-A,AA:BC:10:00:05:C5,SN-Other-01477,single_band
ZTE,ONT,ZXHN-F680,AA:BC:10:00:05:C6,SN-ONT-01478,dual_band
Nokia,ONU,AN5506-01,AA:BC:10:00:05:C7,SN-ONU-01479,single_band
TP-Link,Router,Archer C6,AA:BC:10:00:05:C8,SN-Router-01480,dual_band
Cisco,Switch,CBS110,AA:BC:10:00:05:C9,SN-Switch-01481,single_band
D-Link,Modem,TC4400,AA:BC:10:00:05:CA,SN-Modem-01482,dual_band
Huawei,Access Point,EAP225,AA:BC:10:00:05:CB,SN-AccessPoint-01483,single_band
ZTE,Other,Generic-Device-B,AA:BC:10:00:05:CC,SN-Other-01484,dual_band
Nokia,ONT,G-2425G-A,AA:BC:10:00:05:CD,SN-ONT-01485,single_band
TP-Link,ONU,G-140W-C,AA:BC:10:00:05:CE,SN-ONU-01486,dual_band
Cisco,Router,RV340,AA:BC:10:00:05:CF,SN-Router-01487,single_band
D-Link,Switch,DGS-1008A,AA:BC:10:00:05:D0,SN-Switch-01488,dual_band
Huawei,Modem,MB8600,AA:BC:10:00:05:D1,SN-Modem-01489,single_band
ZTE,Access Point,WAP150,AA:BC:10:00:05:D2,SN-AccessPoint-01490,dual_band
Nokia,Other,Generic-Device-C,AA:BC:10:00:05:D3,SN-Other-01491,single_band
TP-Link,ONT,HG8145V5,AA:BC:10:00:05:D4,SN-ONT-01492,dual_band
Cisco,ONU,F601,AA:BC:10:00:05:D5,SN-ONU-01493,single_band
D-Link,Router,AX1800,AA:BC:10:00:05:D6,SN-Router-01494,dual_band
Huawei,Switch,SG108,AA:BC:10:00:05:D7,SN-Switch-01495,single_band
ZTE,Modem,CM1200,AA:BC:10:00:05:D8,SN-Modem-01496,dual_band
Nokia,Access Point,U6-Lite,AA:BC:10:00:05:D9,SN-AccessPoint-01497,single_band
TP-Link,Other,Generic-Device-A,AA:BC:10:00:05:DA,SN-Other-01498,dual_band
Cisco,ONT,ZXHN-F680,AA:BC:10:00:05:DB,SN-ONT-01499,single_band
D-Link,ONU,AN5506-01,AA:BC:10:00:05:DC,SN-ONU-01500,dual_band
Huawei,Router,Archer C6,AA:BC:10:00:05:DD,SN-Router-01501,single_band
ZTE,Switch,CBS110,AA:BC:10:00:05:DE,SN-Switch-01502,dual_band
Nokia,Modem,TC4400,AA:BC:10:00:05:DF,SN-Modem-01503,single_band
TP-Link,Access Point,EAP225,AA:BC:10:00:05:E0,SN-AccessPoint-01504,dual_band
Cisco,Other,Generic-Device-B,AA:BC:10:00:05:E1,SN-Other-01505,single_band
D-Link,ONT,G-2425G-A,AA:BC:10:00:05:E2,SN-ONT-01506,dual_band
Huawei,ONU,G-140W-C,AA:BC:10:00:05:E3,SN-ONU-01507,single_band
ZTE,Router,RV340,AA:BC:10:00:05:E4,SN-Router-01508,dual_band
Nokia,Switch,DGS-1008A,AA:BC:10:00:05:E5,SN-Switch-01509,single_band
TP-Link,Modem,MB8600,AA:BC:10:00:05:E6,SN-Modem-01510,dual_band
Cisco,Access Point,WAP150,AA:BC:10:00:05:E7,SN-AccessPoint-01511,single_band
D-Link,Other,Generic-Device-C,AA:BC:10:00:05:E8,SN-Other-01512,dual_band
Huawei,ONT,HG8145V5,AA:BC:10:00:05:E9,SN-ONT-01513,single_band
ZTE,ONU,F601,AA:BC:10:00:05:EA,SN-ONU-01514,dual_band
Nokia,Router,AX1800,AA:BC:10:00:05:EB,SN-Router-01515,single_band
TP-Link,Switch,SG108,AA:BC:10:00:05:EC,SN-Switch-01516,dual_band
Cisco,Modem,CM1200,AA:BC:10:00:05:ED,SN-Modem-01517,single_band
D-Link,Access Point,U6-Lite,AA:BC:10:00:05:EE,SN-AccessPoint-01518,dual_band
Huawei,Other,Generic-Device-A,AA:BC:10:00:05:EF,SN-Other-01519,single_band
ZTE,ONT,ZXHN-F680,AA:BC:10:00:05:F0,SN-ONT-01520,dual_band
Nokia,ONU,AN5506-01,AA:BC:10:00:05:F1,SN-ONU-01521,single_band
TP-Link,Router,Archer C6,AA:BC:10:00:05:F2,SN-Router-01522,dual_band
Cisco,Switch,CBS110,AA:BC:10:00:05:F3,SN-Switch-01523,single_band
D-Link,Modem,TC4400,AA:BC:10:00:05:F4,SN-Modem-01524,dual_band
Huawei,Access Point,EAP225,AA:BC:10:00:05:F5,SN-AccessPoint-01525,single_band
ZTE,Other,Generic-Device-B,AA:BC:10:00:05:F6,SN-Other-01526,dual_band
Nokia,ONT,G-2425G-A,AA:BC:10:00:05:F7,SN-ONT-01527,single_band
TP-Link,ONU,G-140W-C,AA:BC:10:00:05:F8,SN-ONU-01528,dual_band
Cisco,Router,RV340,AA:BC:10:00:05:F9,SN-Router-01529,single_band
D-Link,Switch,DGS-1008A,AA:BC:10:00:05:FA,SN-Switch-01530,dual_band
Huawei,Modem,MB8600,AA:BC:10:00:05:FB,SN-Modem-01531,single_band
ZTE,Access Point,WAP150,AA:BC:10:00:05:FC,SN-AccessPoint-01532,dual_band
Nokia,Other,Generic-Device-C,AA:BC:10:00:05:FD,SN-Other-01533,single_band
TP-Link,ONT,HG8145V5,AA:BC:10:00:05:FE,SN-ONT-01534,dual_band
Cisco,ONU,F601,AA:BC:10:00:05:FF,SN-ONU-01535,single_band
D-Link,Router,AX1800,AA:BC:10:00:06:00,SN-Router-01536,dual_band
Huawei,Switch,SG108,AA:BC:10:00:06:01,SN-Switch-01537,single_band
ZTE,Modem,CM1200,AA:BC:10:00:06:02,SN-Modem-01538,dual_band
Nokia,Access Point,U6-Lite,AA:BC:10:00:06:03,SN-AccessPoint-01539,single_band
TP-Link,Other,Generic-Device-A,AA:BC:10:00:06:04,SN-Other-01540,dual_band
Cisco,ONT,ZXHN-F680,AA:BC:10:00:06:05,SN-ONT-01541,single_band
D-Link,ONU,AN5506-01,AA:BC:10:00:06:06,SN-ONU-01542,dual_band
Huawei,Router,Archer C6,AA:BC:10:00:06:07,SN-Router-01543,single_band
ZTE,Switch,CBS110,AA:BC:10:00:06:08,SN-Switch-01544,dual_band
Nokia,Modem,TC4400,AA:BC:10:00:06:09,SN-Modem-01545,single_band
TP-Link,Access Point,EAP225,AA:BC:10:00:06:0A,SN-AccessPoint-01546,dual_band
Cisco,Other,Generic-Device-B,AA:BC:10:00:06:0B,SN-Other-01547,single_band
D-Link,ONT,G-2425G-A,AA:BC:10:00:06:0C,SN-ONT-01548,dual_band
Huawei,ONU,G-140W-C,AA:BC:10:00:06:0D,SN-ONU-01549,single_band
ZTE,Router,RV340,AA:BC:10:00:06:0E,SN-Router-01550,dual_band
Nokia,Switch,DGS-1008A,AA:BC:10:00:06:0F,SN-Switch-01551,single_band
TP-Link,Modem,MB8600,AA:BC:10:00:06:10,SN-Modem-01552,dual_band
Cisco,Access Point,WAP150,AA:BC:10:00:06:11,SN-AccessPoint-01553,single_band
D-Link,Other,Generic-Device-C,AA:BC:10:00:06:12,SN-Other-01554,dual_band
Huawei,ONT,HG8145V5,AA:BC:10:00:06:13,SN-ONT-01555,single_band
ZTE,ONU,F601,AA:BC:10:00:06:14,SN-ONU-01556,dual_band
Nokia,Router,AX1800,AA:BC:10:00:06:15,SN-Router-01557,single_band
TP-Link,Switch,SG108,AA:BC:10:00:06:16,SN-Switch-01558,dual_band
Cisco,Modem,CM1200,AA:BC:10:00:06:17,SN-Modem-01559,single_band
D-Link,Access Point,U6-Lite,AA:BC:10:00:06:18,SN-AccessPoint-01560,dual_band
Huawei,Other,Generic-Device-A,AA:BC:10:00:06:19,SN-Other-01561,single_band
ZTE,ONT,ZXHN-F680,AA:BC:10:00:06:1A,SN-ONT-01562,dual_band
Nokia,ONU,AN5506-01,AA:BC:10:00:06:1B,SN-ONU-01563,single_band
TP-Link,Router,Archer C6,AA:BC:10:00:06:1C,SN-Router-01564,dual_band
Cisco,Switch,CBS110,AA:BC:10:00:06:1D,SN-Switch-01565,single_band
D-Link,Modem,TC4400,AA:BC:10:00:06:1E,SN-Modem-01566,dual_band
Huawei,Access Point,EAP225,AA:BC:10:00:06:1F,SN-AccessPoint-01567,single_band
ZTE,Other,Generic-Device-B,AA:BC:10:00:06:20,SN-Other-01568,dual_band
Nokia,ONT,G-2425G-A,AA:BC:10:00:06:21,SN-ONT-01569,single_band
TP-Link,ONU,G-140W-C,AA:BC:10:00:06:22,SN-ONU-01570,dual_band
Cisco,Router,RV340,AA:BC:10:00:06:23,SN-Router-01571,single_band
D-Link,Switch,DGS-1008A,AA:BC:10:00:06:24,SN-Switch-01572,dual_band
Huawei,Modem,MB8600,AA:BC:10:00:06:25,SN-Modem-01573,single_band
ZTE,Access Point,WAP150,AA:BC:10:00:06:26,SN-AccessPoint-01574,dual_band
Nokia,Other,Generic-Device-C,AA:BC:10:00:06:27,SN-Other-01575,single_band
TP-Link,ONT,HG8145V5,AA:BC:10:00:06:28,SN-ONT-01576,dual_band
Cisco,ONU,F601,AA:BC:10:00:06:29,SN-ONU-01577,single_band
D-Link,Router,AX1800,AA:BC:10:00:06:2A,SN-Router-01578,dual_band
Huawei,Switch,SG108,AA:BC:10:00:06:2B,SN-Switch-01579,single_band
ZTE,Modem,CM1200,AA:BC:10:00:06:2C,SN-Modem-01580,dual_band
Nokia,Access Point,U6-Lite,AA:BC:10:00:06:2D,SN-AccessPoint-01581,single_band
TP-Link,Other,Generic-Device-A,AA:BC:10:00:06:2E,SN-Other-01582,dual_band
Cisco,ONT,ZXHN-F680,AA:BC:10:00:06:2F,SN-ONT-01583,single_band
D-Link,ONU,AN5506-01,AA:BC:10:00:06:30,SN-ONU-01584,dual_band
Huawei,Router,Archer C6,AA:BC:10:00:06:31,SN-Router-01585,single_band
ZTE,Switch,CBS110,AA:BC:10:00:06:32,SN-Switch-01586,dual_band
Nokia,Modem,TC4400,AA:BC:10:00:06:33,SN-Modem-01587,single_band
TP-Link,Access Point,EAP225,AA:BC:10:00:06:34,SN-AccessPoint-01588,dual_band
Cisco,Other,Generic-Device-B,AA:BC:10:00:06:35,SN-Other-01589,single_band
D-Link,ONT,G-2425G-A,AA:BC:10:00:06:36,SN-ONT-01590,dual_band
Huawei,ONU,G-140W-C,AA:BC:10:00:06:37,SN-ONU-01591,single_band
ZTE,Router,RV340,AA:BC:10:00:06:38,SN-Router-01592,dual_band
Nokia,Switch,DGS-1008A,AA:BC:10:00:06:39,SN-Switch-01593,single_band
TP-Link,Modem,MB8600,AA:BC:10:00:06:3A,SN-Modem-01594,dual_band
Cisco,Access Point,WAP150,AA:BC:10:00:06:3B,SN-AccessPoint-01595,single_band
D-Link,Other,Generic-Device-C,AA:BC:10:00:06:3C,SN-Other-01596,dual_band
Huawei,ONT,HG8145V5,AA:BC:10:00:06:3D,SN-ONT-01597,single_band
ZTE,ONU,F601,AA:BC:10:00:06:3E,SN-ONU-01598,dual_band
Nokia,Router,AX1800,AA:BC:10:00:06:3F,SN-Router-01599,single_band
TP-Link,Switch,SG108,AA:BC:10:00:06:40,SN-Switch-01600,dual_band
Cisco,Modem,CM1200,AA:BC:10:00:06:41,SN-Modem-01601,single_band
D-Link,Access Point,U6-Lite,AA:BC:10:00:06:42,SN-AccessPoint-01602,dual_band
Huawei,Other,Generic-Device-A,AA:BC:10:00:06:43,SN-Other-01603,single_band
ZTE,ONT,ZXHN-F680,AA:BC:10:00:06:44,SN-ONT-01604,dual_band
Nokia,ONU,AN5506-01,AA:BC:10:00:06:45,SN-ONU-01605,single_band
TP-Link,Router,Archer C6,AA:BC:10:00:06:46,SN-Router-01606,dual_band
Cisco,Switch,CBS110,AA:BC:10:00:06:47,SN-Switch-01607,single_band
D-Link,Modem,TC4400,AA:BC:10:00:06:48,SN-Modem-01608,dual_band
Huawei,Access Point,EAP225,AA:BC:10:00:06:49,SN-AccessPoint-01609,single_band
ZTE,Other,Generic-Device-B,AA:BC:10:00:06:4A,SN-Other-01610,dual_band
Nokia,ONT,G-2425G-A,AA:BC:10:00:06:4B,SN-ONT-01611,single_band
TP-Link,ONU,G-140W-C,AA:BC:10:00:06:4C,SN-ONU-01612,dual_band
Cisco,Router,RV340,AA:BC:10:00:06:4D,SN-Router-01613,single_band
D-Link,Switch,DGS-1008A,AA:BC:10:00:06:4E,SN-Switch-01614,dual_band
Huawei,Modem,MB8600,AA:BC:10:00:06:4F,SN-Modem-01615,single_band
ZTE,Access Point,WAP150,AA:BC:10:00:06:50,SN-AccessPoint-01616,dual_band
Nokia,Other,Generic-Device-C,AA:BC:10:00:06:51,SN-Other-01617,single_band
TP-Link,ONT,HG8145V5,AA:BC:10:00:06:52,SN-ONT-01618,dual_band
Cisco,ONU,F601,AA:BC:10:00:06:53,SN-ONU-01619,single_band
D-Link,Router,AX1800,AA:BC:10:00:06:54,SN-Router-01620,dual_band
Huawei,Switch,SG108,AA:BC:10:00:06:55,SN-Switch-01621,single_band
ZTE,Modem,CM1200,AA:BC:10:00:06:56,SN-Modem-01622,dual_band
Nokia,Access Point,U6-Lite,AA:BC:10:00:06:57,SN-AccessPoint-01623,single_band
TP-Link,Other,Generic-Device-A,AA:BC:10:00:06:58,SN-Other-01624,dual_band
Cisco,ONT,ZXHN-F680,AA:BC:10:00:06:59,SN-ONT-01625,single_band
D-Link,ONU,AN5506-01,AA:BC:10:00:06:5A,SN-ONU-01626,dual_band
Huawei,Router,Archer C6,AA:BC:10:00:06:5B,SN-Router-01627,single_band
ZTE,Switch,CBS110,AA:BC:10:00:06:5C,SN-Switch-01628,dual_band
Nokia,Modem,TC4400,AA:BC:10:00:06:5D,SN-Modem-01629,single_band
TP-Link,Access Point,EAP225,AA:BC:10:00:06:5E,SN-AccessPoint-01630,dual_band
Cisco,Other,Generic-Device-B,AA:BC:10:00:06:5F,SN-Other-01631,single_band
D-Link,ONT,G-2425G-A,AA:BC:10:00:06:60,SN-ONT-01632,dual_band
Huawei,ONU,G-140W-C,AA:BC:10:00:06:61,SN-ONU-01633,single_band
ZTE,Router,RV340,AA:BC:10:00:06:62,SN-Router-01634,dual_band
Nokia,Switch,DGS-1008A,AA:BC:10:00:06:63,SN-Switch-01635,single_band
TP-Link,Modem,MB8600,AA:BC:10:00:06:64,SN-Modem-01636,dual_band
Cisco,Access Point,WAP150,AA:BC:10:00:06:65,SN-AccessPoint-01637,single_band
D-Link,Other,Generic-Device-C,AA:BC:10:00:06:66,SN-Other-01638,dual_band
Huawei,ONT,HG8145V5,AA:BC:10:00:06:67,SN-ONT-01639,single_band
ZTE,ONU,F601,AA:BC:10:00:06:68,SN-ONU-01640,dual_band
Nokia,Router,AX1800,AA:BC:10:00:06:69,SN-Router-01641,single_band
TP-Link,Switch,SG108,AA:BC:10:00:06:6A,SN-Switch-01642,dual_band
Cisco,Modem,CM1200,AA:BC:10:00:06:6B,SN-Modem-01643,single_band
D-Link,Access Point,U6-Lite,AA:BC:10:00:06:6C,SN-AccessPoint-01644,dual_band
Huawei,Other,Generic-Device-A,AA:BC:10:00:06:6D,SN-Other-01645,single_band
ZTE,ONT,ZXHN-F680,AA:BC:10:00:06:6E,SN-ONT-01646,dual_band
Nokia,ONU,AN5506-01,AA:BC:10:00:06:6F,SN-ONU-01647,single_band
TP-Link,Router,Archer C6,AA:BC:10:00:06:70,SN-Router-01648,dual_band
Cisco,Switch,CBS110,AA:BC:10:00:06:71,SN-Switch-01649,single_band
D-Link,Modem,TC4400,AA:BC:10:00:06:72,SN-Modem-01650,dual_band
Huawei,Access Point,EAP225,AA:BC:10:00:06:73,SN-AccessPoint-01651,single_band
ZTE,Other,Generic-Device-B,AA:BC:10:00:06:74,SN-Other-01652,dual_band
Nokia,ONT,G-2425G-A,AA:BC:10:00:06:75,SN-ONT-01653,single_band
TP-Link,ONU,G-140W-C,AA:BC:10:00:06:76,SN-ONU-01654,dual_band
Cisco,Router,RV340,AA:BC:10:00:06:77,SN-Router-01655,single_band
D-Link,Switch,DGS-1008A,AA:BC:10:00:06:78,SN-Switch-01656,dual_band
Huawei,Modem,MB8600,AA:BC:10:00:06:79,SN-Modem-01657,single_band
ZTE,Access Point,WAP150,AA:BC:10:00:06:7A,SN-AccessPoint-01658,dual_band
Nokia,Other,Generic-Device-C,AA:BC:10:00:06:7B,SN-Other-01659,single_band
TP-Link,ONT,HG8145V5,AA:BC:10:00:06:7C,SN-ONT-01660,dual_band
Cisco,ONU,F601,AA:BC:10:00:06:7D,SN-ONU-01661,single_band
D-Link,Router,AX1800,AA:BC:10:00:06:7E,SN-Router-01662,dual_band
Huawei,Switch,SG108,AA:BC:10:00:06:7F,SN-Switch-01663,single_band
ZTE,Modem,CM1200,AA:BC:10:00:06:80,SN-Modem-01664,dual_band
Nokia,Access Point,U6-Lite,AA:BC:10:00:06:81,SN-AccessPoint-01665,single_band
TP-Link,Other,Generic-Device-A,AA:BC:10:00:06:82,SN-Other-01666,dual_band
Cisco,ONT,ZXHN-F680,AA:BC:10:00:06:83,SN-ONT-01667,single_band
D-Link,ONU,AN5506-01,AA:BC:10:00:06:84,SN-ONU-01668,dual_band
Huawei,Router,Archer C6,AA:BC:10:00:06:85,SN-Router-01669,single_band
ZTE,Switch,CBS110,AA:BC:10:00:06:86,SN-Switch-01670,dual_band
Nokia,Modem,TC4400,AA:BC:10:00:06:87,SN-Modem-01671,single_band
TP-Link,Access Point,EAP225,AA:BC:10:00:06:88,SN-AccessPoint-01672,dual_band
Cisco,Other,Generic-Device-B,AA:BC:10:00:06:89,SN-Other-01673,single_band
D-Link,ONT,G-2425G-A,AA:BC:10:00:06:8A,SN-ONT-01674,dual_band
Huawei,ONU,G-140W-C,AA:BC:10:00:06:8B,SN-ONU-01675,single_band
ZTE,Router,RV340,AA:BC:10:00:06:8C,SN-Router-01676,dual_band
Nokia,Switch,DGS-1008A,AA:BC:10:00:06:8D,SN-Switch-01677,single_band
TP-Link,Modem,MB8600,AA:BC:10:00:06:8E,SN-Modem-01678,dual_band
Cisco,Access Point,WAP150,AA:BC:10:00:06:8F,SN-AccessPoint-01679,single_band
D-Link,Other,Generic-Device-C,AA:BC:10:00:06:90,SN-Other-01680,dual_band
Huawei,ONT,HG8145V5,AA:BC:10:00:06:91,SN-ONT-01681,single_band
ZTE,ONU,F601,AA:BC:10:00:06:92,SN-ONU-01682,dual_band
Nokia,Router,AX1800,AA:BC:10:00:06:93,SN-Router-01683,single_band
TP-Link,Switch,SG108,AA:BC:10:00:06:94,SN-Switch-01684,dual_band
Cisco,Modem,CM1200,AA:BC:10:00:06:95,SN-Modem-01685,single_band
D-Link,Access Point,U6-Lite,AA:BC:10:00:06:96,SN-AccessPoint-01686,dual_band
Huawei,Other,Generic-Device-A,AA:BC:10:00:06:97,SN-Other-01687,single_band
ZTE,ONT,ZXHN-F680,AA:BC:10:00:06:98,SN-ONT-01688,dual_band
Nokia,ONU,AN5506-01,AA:BC:10:00:06:99,SN-ONU-01689,single_band
TP-Link,Router,Archer C6,AA:BC:10:00:06:9A,SN-Router-01690,dual_band
Cisco,Switch,CBS110,AA:BC:10:00:06:9B,SN-Switch-01691,single_band
D-Link,Modem,TC4400,AA:BC:10:00:06:9C,SN-Modem-01692,dual_band
Huawei,Access Point,EAP225,AA:BC:10:00:06:9D,SN-AccessPoint-01693,single_band
ZTE,Other,Generic-Device-B,AA:BC:10:00:06:9E,SN-Other-01694,dual_band
Nokia,ONT,G-2425G-A,AA:BC:10:00:06:9F,SN-ONT-01695,single_band
TP-Link,ONU,G-140W-C,AA:BC:10:00:06:A0,SN-ONU-01696,dual_band
Cisco,Router,RV340,AA:BC:10:00:06:A1,SN-Router-01697,single_band
D-Link,Switch,DGS-1008A,AA:BC:10:00:06:A2,SN-Switch-01698,dual_band
Huawei,Modem,MB8600,AA:BC:10:00:06:A3,SN-Modem-01699,single_band
ZTE,Access Point,WAP150,AA:BC:10:00:06:A4,SN-AccessPoint-01700,dual_band
Nokia,Other,Generic-Device-C,AA:BC:10:00:06:A5,SN-Other-01701,single_band
TP-Link,ONT,HG8145V5,AA:BC:10:00:06:A6,SN-ONT-01702,dual_band
Cisco,ONU,F601,AA:BC:10:00:06:A7,SN-ONU-01703,single_band
D-Link,Router,AX1800,AA:BC:10:00:06:A8,SN-Router-01704,dual_band
Huawei,Switch,SG108,AA:BC:10:00:06:A9,SN-Switch-01705,single_band
ZTE,Modem,CM1200,AA:BC:10:00:06:AA,SN-Modem-01706,dual_band
Nokia,Access Point,U6-Lite,AA:BC:10:00:06:AB,SN-AccessPoint-01707,single_band
TP-Link,Other,Generic-Device-A,AA:BC:10:00:06:AC,SN-Other-01708,dual_band
Cisco,ONT,ZXHN-F680,AA:BC:10:00:06:AD,SN-ONT-01709,single_band
D-Link,ONU,AN5506-01,AA:BC:10:00:06:AE,SN-ONU-01710,dual_band
Huawei,Router,Archer C6,AA:BC:10:00:06:AF,SN-Router-01711,single_band
ZTE,Switch,CBS110,AA:BC:10:00:06:B0,SN-Switch-01712,dual_band
Nokia,Modem,TC4400,AA:BC:10:00:06:B1,SN-Modem-01713,single_band
TP-Link,Access Point,EAP225,AA:BC:10:00:06:B2,SN-AccessPoint-01714,dual_band
Cisco,Other,Generic-Device-B,AA:BC:10:00:06:B3,SN-Other-01715,single_band
D-Link,ONT,G-2425G-A,AA:BC:10:00:06:B4,SN-ONT-01716,dual_band
Huawei,ONU,G-140W-C,AA:BC:10:00:06:B5,SN-ONU-01717,single_band
ZTE,Router,RV340,AA:BC:10:00:06:B6,SN-Router-01718,dual_band
Nokia,Switch,DGS-1008A,AA:BC:10:00:06:B7,SN-Switch-01719,single_band
TP-Link,Modem,MB8600,AA:BC:10:00:06:B8,SN-Modem-01720,dual_band
Cisco,Access Point,WAP150,AA:BC:10:00:06:B9,SN-AccessPoint-01721,single_band
D-Link,Other,Generic-Device-C,AA:BC:10:00:06:BA,SN-Other-01722,dual_band
Huawei,ONT,HG8145V5,AA:BC:10:00:06:BB,SN-ONT-01723,single_band
ZTE,ONU,F601,AA:BC:10:00:06:BC,SN-ONU-01724,dual_band
Nokia,Router,AX1800,AA:BC:10:00:06:BD,SN-Router-01725,single_band
TP-Link,Switch,SG108,AA:BC:10:00:06:BE,SN-Switch-01726,dual_band
Cisco,Modem,CM1200,AA:BC:10:00:06:BF,SN-Modem-01727,single_band
D-Link,Access Point,U6-Lite,AA:BC:10:00:06:C0,SN-AccessPoint-01728,dual_band
Huawei,Other,Generic-Device-A,AA:BC:10:00:06:C1,SN-Other-01729,single_band
ZTE,ONT,ZXHN-F680,AA:BC:10:00:06:C2,SN-ONT-01730,dual_band
Nokia,ONU,AN5506-01,AA:BC:10:00:06:C3,SN-ONU-01731,single_band
TP-Link,Router,Archer C6,AA:BC:10:00:06:C4,SN-Router-01732,dual_band
Cisco,Switch,CBS110,AA:BC:10:00:06:C5,SN-Switch-01733,single_band
D-Link,Modem,TC4400,AA:BC:10:00:06:C6,SN-Modem-01734,dual_band
Huawei,Access Point,EAP225,AA:BC:10:00:06:C7,SN-AccessPoint-01735,single_band
ZTE,Other,Generic-Device-B,AA:BC:10:00:06:C8,SN-Other-01736,dual_band
Nokia,ONT,G-2425G-A,AA:BC:10:00:06:C9,SN-ONT-01737,single_band
TP-Link,ONU,G-140W-C,AA:BC:10:00:06:CA,SN-ONU-01738,dual_band
Cisco,Router,RV340,AA:BC:10:00:06:CB,SN-Router-01739,single_band
D-Link,Switch,DGS-1008A,AA:BC:10:00:06:CC,SN-Switch-01740,dual_band
Huawei,Modem,MB8600,AA:BC:10:00:06:CD,SN-Modem-01741,single_band
ZTE,Access Point,WAP150,AA:BC:10:00:06:CE,SN-AccessPoint-01742,dual_band
Nokia,Other,Generic-Device-C,AA:BC:10:00:06:CF,SN-Other-01743,single_band
TP-Link,ONT,HG8145V5,AA:BC:10:00:06:D0,SN-ONT-01744,dual_band
Cisco,ONU,F601,AA:BC:10:00:06:D1,SN-ONU-01745,single_band
D-Link,Router,AX1800,AA:BC:10:00:06:D2,SN-Router-01746,dual_band
Huawei,Switch,SG108,AA:BC:10:00:06:D3,SN-Switch-01747,single_band
ZTE,Modem,CM1200,AA:BC:10:00:06:D4,SN-Modem-01748,dual_band
Nokia,Access Point,U6-Lite,AA:BC:10:00:06:D5,SN-AccessPoint-01749,single_band
TP-Link,Other,Generic-Device-A,AA:BC:10:00:06:D6,SN-Other-01750,dual_band
Cisco,ONT,ZXHN-F680,AA:BC:10:00:06:D7,SN-ONT-01751,single_band
D-Link,ONU,AN5506-01,AA:BC:10:00:06:D8,SN-ONU-01752,dual_band
Huawei,Router,Archer C6,AA:BC:10:00:06:D9,SN-Router-01753,single_band
ZTE,Switch,CBS110,AA:BC:10:00:06:DA,SN-Switch-01754,dual_band
Nokia,Modem,TC4400,AA:BC:10:00:06:DB,SN-Modem-01755,single_band
TP-Link,Access Point,EAP225,AA:BC:10:00:06:DC,SN-AccessPoint-01756,dual_band
Cisco,Other,Generic-Device-B,AA:BC:10:00:06:DD,SN-Other-01757,single_band
D-Link,ONT,G-2425G-A,AA:BC:10:00:06:DE,SN-ONT-01758,dual_band
Huawei,ONU,G-140W-C,AA:BC:10:00:06:DF,SN-ONU-01759,single_band
ZTE,Router,RV340,AA:BC:10:00:06:E0,SN-Router-01760,dual_band
Nokia,Switch,DGS-1008A,AA:BC:10:00:06:E1,SN-Switch-01761,single_band
TP-Link,Modem,MB8600,AA:BC:10:00:06:E2,SN-Modem-01762,dual_band
Cisco,Access Point,WAP150,AA:BC:10:00:06:E3,SN-AccessPoint-01763,single_band
D-Link,Other,Generic-Device-C,AA:BC:10:00:06:E4,SN-Other-01764,dual_band
Huawei,ONT,HG8145V5,AA:BC:10:00:06:E5,SN-ONT-01765,single_band
ZTE,ONU,F601,AA:BC:10:00:06:E6,SN-ONU-01766,dual_band
Nokia,Router,AX1800,AA:BC:10:00:06:E7,SN-Router-01767,single_band
TP-Link,Switch,SG108,AA:BC:10:00:06:E8,SN-Switch-01768,dual_band
Cisco,Modem,CM1200,AA:BC:10:00:06:E9,SN-Modem-01769,single_band
D-Link,Access Point,U6-Lite,AA:BC:10:00:06:EA,SN-AccessPoint-01770,dual_band
Huawei,Other,Generic-Device-A,AA:BC:10:00:06:EB,SN-Other-01771,single_band
ZTE,ONT,ZXHN-F680,AA:BC:10:00:06:EC,SN-ONT-01772,dual_band
Nokia,ONU,AN5506-01,AA:BC:10:00:06:ED,SN-ONU-01773,single_band
TP-Link,Router,Archer C6,AA:BC:10:00:06:EE,SN-Router-01774,dual_band
Cisco,Switch,CBS110,AA:BC:10:00:06:EF,SN-Switch-01775,single_band
D-Link,Modem,TC4400,AA:BC:10:00:06:F0,SN-Modem-01776,dual_band
Huawei,Access Point,EAP225,AA:BC:10:00:06:F1,SN-AccessPoint-01777,single_band
ZTE,Other,Generic-Device-B,AA:BC:10:00:06:F2,SN-Other-01778,dual_band
Nokia,ONT,G-2425G-A,AA:BC:10:00:06:F3,SN-ONT-01779,single_band
TP-Link,ONU,G-140W-C,AA:BC:10:00:06:F4,SN-ONU-01780,dual_band
Cisco,Router,RV340,AA:BC:10:00:06:F5,SN-Router-01781,single_band
D-Link,Switch,DGS-1008A,AA:BC:10:00:06:F6,SN-Switch-01782,dual_band
Huawei,Modem,MB8600,AA:BC:10:00:06:F7,SN-Modem-01783,single_band
ZTE,Access Point,WAP150,AA:BC:10:00:06:F8,SN-AccessPoint-01784,dual_band
Nokia,Other,Generic-Device-C,AA:BC:10:00:06:F9,SN-Other-01785,single_band
TP-Link,ONT,HG8145V5,AA:BC:10:00:06:FA,SN-ONT-01786,dual_band
Cisco,ONU,F601,AA:BC:10:00:06:FB,SN-ONU-01787,single_band
D-Link,Router,AX1800,AA:BC:10:00:06:FC,SN-Router-01788,dual_band
Huawei,Switch,SG108,AA:BC:10:00:06:FD,SN-Switch-01789,single_band
ZTE,Modem,CM1200,AA:BC:10:00:06:FE,SN-Modem-01790,dual_band
Nokia,Access Point,U6-Lite,AA:BC:10:00:06:FF,SN-AccessPoint-01791,single_band
TP-Link,Other,Generic-Device-A,AA:BC:10:00:07:00,SN-Other-01792,dual_band
Cisco,ONT,ZXHN-F680,AA:BC:10:00:07:01,SN-ONT-01793,single_band
D-Link,ONU,AN5506-01,AA:BC:10:00:07:02,SN-ONU-01794,dual_band
Huawei,Router,Archer C6,AA:BC:10:00:07:03,SN-Router-01795,single_band
ZTE,Switch,CBS110,AA:BC:10:00:07:04,SN-Switch-01796,dual_band
Nokia,Modem,TC4400,AA:BC:10:00:07:05,SN-Modem-01797,single_band
TP-Link,Access Point,EAP225,AA:BC:10:00:07:06,SN-AccessPoint-01798,dual_band
Cisco,Other,Generic-Device-B,AA:BC:10:00:07:07,SN-Other-01799,single_band
D-Link,ONT,G-2425G-A,AA:BC:10:00:07:08,SN-ONT-01800,dual_band
Huawei,ONU,G-140W-C,AA:BC:10:00:07:09,SN-ONU-01801,single_band
ZTE,Router,RV340,AA:BC:10:00:07:0A,SN-Router-01802,dual_band
Nokia,Switch,DGS-1008A,AA:BC:10:00:07:0B,SN-Switch-01803,single_band
TP-Link,Modem,MB8600,AA:BC:10:00:07:0C,SN-Modem-01804,dual_band
Cisco,Access Point,WAP150,AA:BC:10:00:07:0D,SN-AccessPoint-01805,single_band
D-Link,Other,Generic-Device-C,AA:BC:10:00:07:0E,SN-Other-01806,dual_band
Huawei,ONT,HG8145V5,AA:BC:10:00:07:0F,SN-ONT-01807,single_band
ZTE,ONU,F601,AA:BC:10:00:07:10,SN-ONU-01808,dual_band
Nokia,Router,AX1800,AA:BC:10:00:07:11,SN-Router-01809,single_band
TP-Link,Switch,SG108,AA:BC:10:00:07:12,SN-Switch-01810,dual_band
Cisco,Modem,CM1200,AA:BC:10:00:07:13,SN-Modem-01811,single_band
D-Link,Access Point,U6-Lite,AA:BC:10:00:07:14,SN-AccessPoint-01812,dual_band
Huawei,Other,Generic-Device-A,AA:BC:10:00:07:15,SN-Other-01813,single_band
ZTE,ONT,ZXHN-F680,AA:BC:10:00:07:16,SN-ONT-01814,dual_band
Nokia,ONU,AN5506-01,AA:BC:10:00:07:17,SN-ONU-01815,single_band
TP-Link,Router,Archer C6,AA:BC:10:00:07:18,SN-Router-01816,dual_band
Cisco,Switch,CBS110,AA:BC:10:00:07:19,SN-Switch-01817,single_band
D-Link,Modem,TC4400,AA:BC:10:00:07:1A,SN-Modem-01818,dual_band
Huawei,Access Point,EAP225,AA:BC:10:00:07:1B,SN-AccessPoint-01819,single_band
ZTE,Other,Generic-Device-B,AA:BC:10:00:07:1C,SN-Other-01820,dual_band
Nokia,ONT,G-2425G-A,AA:BC:10:00:07:1D,SN-ONT-01821,single_band
TP-Link,ONU,G-140W-C,AA:BC:10:00:07:1E,SN-ONU-01822,dual_band
Cisco,Router,RV340,AA:BC:10:00:07:1F,SN-Router-01823,single_band
D-Link,Switch,DGS-1008A,AA:BC:10:00:07:20,SN-Switch-01824,dual_band
Huawei,Modem,MB8600,AA:BC:10:00:07:21,SN-Modem-01825,single_band
ZTE,Access Point,WAP150,AA:BC:10:00:07:22,SN-AccessPoint-01826,dual_band
Nokia,Other,Generic-Device-C,AA:BC:10:00:07:23,SN-Other-01827,single_band
TP-Link,ONT,HG8145V5,AA:BC:10:00:07:24,SN-ONT-01828,dual_band
Cisco,ONU,F601,AA:BC:10:00:07:25,SN-ONU-01829,single_band
D-Link,Router,AX1800,AA:BC:10:00:07:26,SN-Router-01830,dual_band
Huawei,Switch,SG108,AA:BC:10:00:07:27,SN-Switch-01831,single_band
ZTE,Modem,CM1200,AA:BC:10:00:07:28,SN-Modem-01832,dual_band
Nokia,Access Point,U6-Lite,AA:BC:10:00:07:29,SN-AccessPoint-01833,single_band
TP-Link,Other,Generic-Device-A,AA:BC:10:00:07:2A,SN-Other-01834,dual_band
Cisco,ONT,ZXHN-F680,AA:BC:10:00:07:2B,SN-ONT-01835,single_band
D-Link,ONU,AN5506-01,AA:BC:10:00:07:2C,SN-ONU-01836,dual_band
Huawei,Router,Archer C6,AA:BC:10:00:07:2D,SN-Router-01837,single_band
ZTE,Switch,CBS110,AA:BC:10:00:07:2E,SN-Switch-01838,dual_band
Nokia,Modem,TC4400,AA:BC:10:00:07:2F,SN-Modem-01839,single_band
TP-Link,Access Point,EAP225,AA:BC:10:00:07:30,SN-AccessPoint-01840,dual_band
Cisco,Other,Generic-Device-B,AA:BC:10:00:07:31,SN-Other-01841,single_band
D-Link,ONT,G-2425G-A,AA:BC:10:00:07:32,SN-ONT-01842,dual_band
Huawei,ONU,G-140W-C,AA:BC:10:00:07:33,SN-ONU-01843,single_band
ZTE,Router,RV340,AA:BC:10:00:07:34,SN-Router-01844,dual_band
Nokia,Switch,DGS-1008A,AA:BC:10:00:07:35,SN-Switch-01845,single_band
TP-Link,Modem,MB8600,AA:BC:10:00:07:36,SN-Modem-01846,dual_band
Cisco,Access Point,WAP150,AA:BC:10:00:07:37,SN-AccessPoint-01847,single_band
D-Link,Other,Generic-Device-C,AA:BC:10:00:07:38,SN-Other-01848,dual_band
Huawei,ONT,HG8145V5,AA:BC:10:00:07:39,SN-ONT-01849,single_band
ZTE,ONU,F601,AA:BC:10:00:07:3A,SN-ONU-01850,dual_band
Nokia,Router,AX1800,AA:BC:10:00:07:3B,SN-Router-01851,single_band
TP-Link,Switch,SG108,AA:BC:10:00:07:3C,SN-Switch-01852,dual_band
Cisco,Modem,CM1200,AA:BC:10:00:07:3D,SN-Modem-01853,single_band
D-Link,Access Point,U6-Lite,AA:BC:10:00:07:3E,SN-AccessPoint-01854,dual_band
Huawei,Other,Generic-Device-A,AA:BC:10:00:07:3F,SN-Other-01855,single_band
ZTE,ONT,ZXHN-F680,AA:BC:10:00:07:40,SN-ONT-01856,dual_band
Nokia,ONU,AN5506-01,AA:BC:10:00:07:41,SN-ONU-01857,single_band
TP-Link,Router,Archer C6,AA:BC:10:00:07:42,SN-Router-01858,dual_band
Cisco,Switch,CBS110,AA:BC:10:00:07:43,SN-Switch-01859,single_band
D-Link,Modem,TC4400,AA:BC:10:00:07:44,SN-Modem-01860,dual_band
Huawei,Access Point,EAP225,AA:BC:10:00:07:45,SN-AccessPoint-01861,single_band
ZTE,Other,Generic-Device-B,AA:BC:10:00:07:46,SN-Other-01862,dual_band
Nokia,ONT,G-2425G-A,AA:BC:10:00:07:47,SN-ONT-01863,single_band
TP-Link,ONU,G-140W-C,AA:BC:10:00:07:48,SN-ONU-01864,dual_band
Cisco,Router,RV340,AA:BC:10:00:07:49,SN-Router-01865,single_band
D-Link,Switch,DGS-1008A,AA:BC:10:00:07:4A,SN-Switch-01866,dual_band
Huawei,Modem,MB8600,AA:BC:10:00:07:4B,SN-Modem-01867,single_band
ZTE,Access Point,WAP150,AA:BC:10:00:07:4C,SN-AccessPoint-01868,dual_band
Nokia,Other,Generic-Device-C,AA:BC:10:00:07:4D,SN-Other-01869,single_band
TP-Link,ONT,HG8145V5,AA:BC:10:00:07:4E,SN-ONT-01870,dual_band
Cisco,ONU,F601,AA:BC:10:00:07:4F,SN-ONU-01871,single_band
D-Link,Router,AX1800,AA:BC:10:00:07:50,SN-Router-01872,dual_band
Huawei,Switch,SG108,AA:BC:10:00:07:51,SN-Switch-01873,single_band
ZTE,Modem,CM1200,AA:BC:10:00:07:52,SN-Modem-01874,dual_band
Nokia,Access Point,U6-Lite,AA:BC:10:00:07:53,SN-AccessPoint-01875,single_band
TP-Link,Other,Generic-Device-A,AA:BC:10:00:07:54,SN-Other-01876,dual_band
Cisco,ONT,ZXHN-F680,AA:BC:10:00:07:55,SN-ONT-01877,single_band
D-Link,ONU,AN5506-01,AA:BC:10:00:07:56,SN-ONU-01878,dual_band
Huawei,Router,Archer C6,AA:BC:10:00:07:57,SN-Router-01879,single_band
ZTE,Switch,CBS110,AA:BC:10:00:07:58,SN-Switch-01880,dual_band
Nokia,Modem,TC4400,AA:BC:10:00:07:59,SN-Modem-01881,single_band
TP-Link,Access Point,EAP225,AA:BC:10:00:07:5A,SN-AccessPoint-01882,dual_band
Cisco,Other,Generic-Device-B,AA:BC:10:00:07:5B,SN-Other-01883,single_band
D-Link,ONT,G-2425G-A,AA:BC:10:00:07:5C,SN-ONT-01884,dual_band
Huawei,ONU,G-140W-C,AA:BC:10:00:07:5D,SN-ONU-01885,single_band
ZTE,Router,RV340,AA:BC:10:00:07:5E,SN-Router-01886,dual_band
Nokia,Switch,DGS-1008A,AA:BC:10:00:07:5F,SN-Switch-01887,single_band
TP-Link,Modem,MB8600,AA:BC:10:00:07:60,SN-Modem-01888,dual_band
Cisco,Access Point,WAP150,AA:BC:10:00:07:61,SN-AccessPoint-01889,single_band
D-Link,Other,Generic-Device-C,AA:BC:10:00:07:62,SN-Other-01890,dual_band
Huawei,ONT,HG8145V5,AA:BC:10:00:07:63,SN-ONT-01891,single_band
ZTE,ONU,F601,AA:BC:10:00:07:64,SN-ONU-01892,dual_band
Nokia,Router,AX1800,AA:BC:10:00:07:65,SN-Router-01893,single_band
TP-Link,Switch,SG108,AA:BC:10:00:07:66,SN-Switch-01894,dual_band
Cisco,Modem,CM1200,AA:BC:10:00:07:67,SN-Modem-01895,single_band
D-Link,Access Point,U6-Lite,AA:BC:10:00:07:68,SN-AccessPoint-01896,dual_band
Huawei,Other,Generic-Device-A,AA:BC:10:00:07:69,SN-Other-01897,single_band
ZTE,ONT,ZXHN-F680,AA:BC:10:00:07:6A,SN-ONT-01898,dual_band
Nokia,ONU,AN5506-01,AA:BC:10:00:07:6B,SN-ONU-01899,single_band
TP-Link,Router,Archer C6,AA:BC:10:00:07:6C,SN-Router-01900,dual_band
Cisco,Switch,CBS110,AA:BC:10:00:07:6D,SN-Switch-01901,single_band
D-Link,Modem,TC4400,AA:BC:10:00:07:6E,SN-Modem-01902,dual_band
Huawei,Access Point,EAP225,AA:BC:10:00:07:6F,SN-AccessPoint-01903,single_band
ZTE,Other,Generic-Device-B,AA:BC:10:00:07:70,SN-Other-01904,dual_band
Nokia,ONT,G-2425G-A,AA:BC:10:00:07:71,SN-ONT-01905,single_band
TP-Link,ONU,G-140W-C,AA:BC:10:00:07:72,SN-ONU-01906,dual_band
Cisco,Router,RV340,AA:BC:10:00:07:73,SN-Router-01907,single_band
D-Link,Switch,DGS-1008A,AA:BC:10:00:07:74,SN-Switch-01908,dual_band
Huawei,Modem,MB8600,AA:BC:10:00:07:75,SN-Modem-01909,single_band
ZTE,Access Point,WAP150,AA:BC:10:00:07:76,SN-AccessPoint-01910,dual_band
Nokia,Other,Generic-Device-C,AA:BC:10:00:07:77,SN-Other-01911,single_band
TP-Link,ONT,HG8145V5,AA:BC:10:00:07:78,SN-ONT-01912,dual_band
Cisco,ONU,F601,AA:BC:10:00:07:79,SN-ONU-01913,single_band
D-Link,Router,AX1800,AA:BC:10:00:07:7A,SN-Router-01914,dual_band
Huawei,Switch,SG108,AA:BC:10:00:07:7B,SN-Switch-01915,single_band
ZTE,Modem,CM1200,AA:BC:10:00:07:7C,SN-Modem-01916,dual_band
Nokia,Access Point,U6-Lite,AA:BC:10:00:07:7D,SN-AccessPoint-01917,single_band
TP-Link,Other,Generic-Device-A,AA:BC:10:00:07:7E,SN-Other-01918,dual_band
Cisco,ONT,ZXHN-F680,AA:BC:10:00:07:7F,SN-ONT-01919,single_band
D-Link,ONU,AN5506-01,AA:BC:10:00:07:80,SN-ONU-01920,dual_band
Huawei,Router,Archer C6,AA:BC:10:00:07:81,SN-Router-01921,single_band
ZTE,Switch,CBS110,AA:BC:10:00:07:82,SN-Switch-01922,dual_band
Nokia,Modem,TC4400,AA:BC:10:00:07:83,SN-Modem-01923,single_band
TP-Link,Access Point,EAP225,AA:BC:10:00:07:84,SN-AccessPoint-01924,dual_band
Cisco,Other,Generic-Device-B,AA:BC:10:00:07:85,SN-Other-01925,single_band
D-Link,ONT,G-2425G-A,AA:BC:10:00:07:86,SN-ONT-01926,dual_band
Huawei,ONU,G-140W-C,AA:BC:10:00:07:87,SN-ONU-01927,single_band
ZTE,Router,RV340,AA:BC:10:00:07:88,SN-Router-01928,dual_band
Nokia,Switch,DGS-1008A,AA:BC:10:00:07:89,SN-Switch-01929,single_band
TP-Link,Modem,MB8600,AA:BC:10:00:07:8A,SN-Modem-01930,dual_band
Cisco,Access Point,WAP150,AA:BC:10:00:07:8B,SN-AccessPoint-01931,single_band
D-Link,Other,Generic-Device-C,AA:BC:10:00:07:8C,SN-Other-01932,dual_band
Huawei,ONT,HG8145V5,AA:BC:10:00:07:8D,SN-ONT-01933,single_band
ZTE,ONU,F601,AA:BC:10:00:07:8E,SN-ONU-01934,dual_band
Nokia,Router,AX1800,AA:BC:10:00:07:8F,SN-Router-01935,single_band
TP-Link,Switch,SG108,AA:BC:10:00:07:90,SN-Switch-01936,dual_band
Cisco,Modem,CM1200,AA:BC:10:00:07:91,SN-Modem-01937,single_band
D-Link,Access Point,U6-Lite,AA:BC:10:00:07:92,SN-AccessPoint-01938,dual_band
Huawei,Other,Generic-Device-A,AA:BC:10:00:07:93,SN-Other-01939,single_band
ZTE,ONT,ZXHN-F680,AA:BC:10:00:07:94,SN-ONT-01940,dual_band
Nokia,ONU,AN5506-01,AA:BC:10:00:07:95,SN-ONU-01941,single_band
TP-Link,Router,Archer C6,AA:BC:10:00:07:96,SN-Router-01942,dual_band
Cisco,Switch,CBS110,AA:BC:10:00:07:97,SN-Switch-01943,single_band
D-Link,Modem,TC4400,AA:BC:10:00:07:98,SN-Modem-01944,dual_band
Huawei,Access Point,EAP225,AA:BC:10:00:07:99,SN-AccessPoint-01945,single_band
ZTE,Other,Generic-Device-B,AA:BC:10:00:07:9A,SN-Other-01946,dual_band
Nokia,ONT,G-2425G-A,AA:BC:10:00:07:9B,SN-ONT-01947,single_band
TP-Link,ONU,G-140W-C,AA:BC:10:00:07:9C,SN-ONU-01948,dual_band
Cisco,Router,RV340,AA:BC:10:00:07:9D,SN-Router-01949,single_band
D-Link,Switch,DGS-1008A,AA:BC:10:00:07:9E,SN-Switch-01950,dual_band
Huawei,Modem,MB8600,AA:BC:10:00:07:9F,SN-Modem-01951,single_band
ZTE,Access Point,WAP150,AA:BC:10:00:07:A0,SN-AccessPoint-01952,dual_band
Nokia,Other,Generic-Device-C,AA:BC:10:00:07:A1,SN-Other-01953,single_band
TP-Link,ONT,HG8145V5,AA:BC:10:00:07:A2,SN-ONT-01954,dual_band
Cisco,ONU,F601,AA:BC:10:00:07:A3,SN-ONU-01955,single_band
D-Link,Router,AX1800,AA:BC:10:00:07:A4,SN-Router-01956,dual_band
Huawei,Switch,SG108,AA:BC:10:00:07:A5,SN-Switch-01957,single_band
ZTE,Modem,CM1200,AA:BC:10:00:07:A6,SN-Modem-01958,dual_band
Nokia,Access Point,U6-Lite,AA:BC:10:00:07:A7,SN-AccessPoint-01959,single_band
TP-Link,Other,Generic-Device-A,AA:BC:10:00:07:A8,SN-Other-01960,dual_band
Cisco,ONT,ZXHN-F680,AA:BC:10:00:07:A9,SN-ONT-01961,single_band
D-Link,ONU,AN5506-01,AA:BC:10:00:07:AA,SN-ONU-01962,dual_band
Huawei,Router,Archer C6,AA:BC:10:00:07:AB,SN-Router-01963,single_band
ZTE,Switch,CBS110,AA:BC:10:00:07:AC,SN-Switch-01964,dual_band
Nokia,Modem,TC4400,AA:BC:10:00:07:AD,SN-Modem-01965,single_band
TP-Link,Access Point,EAP225,AA:BC:10:00:07:AE,SN-AccessPoint-01966,dual_band
Cisco,Other,Generic-Device-B,AA:BC:10:00:07:AF,SN-Other-01967,single_band
D-Link,ONT,G-2425G-A,AA:BC:10:00:07:B0,SN-ONT-01968,dual_band
Huawei,ONU,G-140W-C,AA:BC:10:00:07:B1,SN-ONU-01969,single_band
ZTE,Router,RV340,AA:BC:10:00:07:B2,SN-Router-01970,dual_band
Nokia,Switch,DGS-1008A,AA:BC:10:00:07:B3,SN-Switch-01971,single_band
TP-Link,Modem,MB8600,AA:BC:10:00:07:B4,SN-Modem-01972,dual_band
Cisco,Access Point,WAP150,AA:BC:10:00:07:B5,SN-AccessPoint-01973,single_band
D-Link,Other,Generic-Device-C,AA:BC:10:00:07:B6,SN-Other-01974,dual_band
Huawei,ONT,HG8145V5,AA:BC:10:00:07:B7,SN-ONT-01975,single_band
ZTE,ONU,F601,AA:BC:10:00:07:B8,SN-ONU-01976,dual_band
Nokia,Router,AX1800,AA:BC:10:00:07:B9,SN-Router-01977,single_band
TP-Link,Switch,SG108,AA:BC:10:00:07:BA,SN-Switch-01978,dual_band
Cisco,Modem,CM1200,AA:BC:10:00:07:BB,SN-Modem-01979,single_band
D-Link,Access Point,U6-Lite,AA:BC:10:00:07:BC,SN-AccessPoint-01980,dual_band
Huawei,Other,Generic-Device-A,AA:BC:10:00:07:BD,SN-Other-01981,single_band
ZTE,ONT,ZXHN-F680,AA:BC:10:00:07:BE,SN-ONT-01982,dual_band
Nokia,ONU,AN5506-01,AA:BC:10:00:07:BF,SN-ONU-01983,single_band
TP-Link,Router,Archer C6,AA:BC:10:00:07:C0,SN-Router-01984,dual_band
Cisco,Switch,CBS110,AA:BC:10:00:07:C1,SN-Switch-01985,single_band
D-Link,Modem,TC4400,AA:BC:10:00:07:C2,SN-Modem-01986,dual_band
Huawei,Access Point,EAP225,AA:BC:10:00:07:C3,SN-AccessPoint-01987,single_band
ZTE,Other,Generic-Device-B,AA:BC:10:00:07:C4,SN-Other-01988,dual_band
Nokia,ONT,G-2425G-A,AA:BC:10:00:07:C5,SN-ONT-01989,single_band
TP-Link,ONU,G-140W-C,AA:BC:10:00:07:C6,SN-ONU-01990,dual_band
Cisco,Router,RV340,AA:BC:10:00:07:C7,SN-Router-01991,single_band
D-Link,Switch,DGS-1008A,AA:BC:10:00:07:C8,SN-Switch-01992,dual_band
Huawei,Modem,MB8600,AA:BC:10:00:07:C9,SN-Modem-01993,single_band
ZTE,Access Point,WAP150,AA:BC:10:00:07:CA,SN-AccessPoint-01994,dual_band
Nokia,Other,Generic-Device-C,AA:BC:10:00:07:CB,SN-Other-01995,single_band
TP-Link,ONT,HG8145V5,AA:BC:10:00:07:CC,SN-ONT-01996,dual_band
Cisco,ONU,F601,AA:BC:10:00:07:CD,SN-ONU-01997,single_band
D-Link,Router,AX1800,AA:BC:10:00:07:CE,SN-Router-01998,dual_band
Huawei,Switch,SG108,AA:BC:10:00:07:CF,SN-Switch-01999,single_band
ZTE,Modem,CM1200,AA:BC:10:00:07:D0,SN-Modem-02000,dual_band
Nokia,Access Point,U6-Lite,AA:BC:10:00:07:D1,SN-AccessPoint-02001,single_band
TP-Link,Other,Generic-Device-A,AA:BC:10:00:07:D2,SN-Other-02002,dual_band
Cisco,ONT,ZXHN-F680,AA:BC:10:00:07:D3,SN-ONT-02003,single_band
D-Link,ONU,AN5506-01,AA:BC:10:00:07:D4,SN-ONU-02004,dual_band
Huawei,Router,Archer C6,AA:BC:10:00:07:D5,SN-Router-02005,single_band
ZTE,Switch,CBS110,AA:BC:10:00:07:D6,SN-Switch-02006,dual_band
Nokia,Modem,TC4400,AA:BC:10:00:07:D7,SN-Modem-02007,single_band
TP-Link,Access Point,EAP225,AA:BC:10:00:07:D8,SN-AccessPoint-02008,dual_band
Cisco,Other,Generic-Device-B,AA:BC:10:00:07:D9,SN-Other-02009,single_band
D-Link,ONT,G-2425G-A,AA:BC:10:00:07:DA,SN-ONT-02010,dual_band
Huawei,ONU,G-140W-C,AA:BC:10:00:07:DB,SN-ONU-02011,single_band
ZTE,Router,RV340,AA:BC:10:00:07:DC,SN-Router-02012,dual_band
Nokia,Switch,DGS-1008A,AA:BC:10:00:07:DD,SN-Switch-02013,single_band
TP-Link,Modem,MB8600,AA:BC:10:00:07:DE,SN-Modem-02014,dual_band
Cisco,Access Point,WAP150,AA:BC:10:00:07:DF,SN-AccessPoint-02015,single_band
D-Link,Other,Generic-Device-C,AA:BC:10:00:07:E0,SN-Other-02016,dual_band
Huawei,ONT,HG8145V5,AA:BC:10:00:07:E1,SN-ONT-02017,single_band
ZTE,ONU,F601,AA:BC:10:00:07:E2,SN-ONU-02018,dual_band
Nokia,Router,AX1800,AA:BC:10:00:07:E3,SN-Router-02019,single_band
TP-Link,Switch,SG108,AA:BC:10:00:07:E4,SN-Switch-02020,dual_band
Cisco,Modem,CM1200,AA:BC:10:00:07:E5,SN-Modem-02021,single_band
D-Link,Access Point,U6-Lite,AA:BC:10:00:07:E6,SN-AccessPoint-02022,dual_band
Huawei,Other,Generic-Device-A,AA:BC:10:00:07:E7,SN-Other-02023,single_band
ZTE,ONT,ZXHN-F680,AA:BC:10:00:07:E8,SN-ONT-02024,dual_band
Nokia,ONU,AN5506-01,AA:BC:10:00:07:E9,SN-ONU-02025,single_band
TP-Link,Router,Archer C6,AA:BC:10:00:07:EA,SN-Router-02026,dual_band
Cisco,Switch,CBS110,AA:BC:10:00:07:EB,SN-Switch-02027,single_band
D-Link,Modem,TC4400,AA:BC:10:00:07:EC,SN-Modem-02028,dual_band
Huawei,Access Point,EAP225,AA:BC:10:00:07:ED,SN-AccessPoint-02029,single_band
ZTE,Other,Generic-Device-B,AA:BC:10:00:07:EE,SN-Other-02030,dual_band
Nokia,ONT,G-2425G-A,AA:BC:10:00:07:EF,SN-ONT-02031,single_band
TP-Link,ONU,G-140W-C,AA:BC:10:00:07:F0,SN-ONU-02032,dual_band
Cisco,Router,RV340,AA:BC:10:00:07:F1,SN-Router-02033,single_band
D-Link,Switch,DGS-1008A,AA:BC:10:00:07:F2,SN-Switch-02034,dual_band
Huawei,Modem,MB8600,AA:BC:10:00:07:F3,SN-Modem-02035,single_band
ZTE,Access Point,WAP150,AA:BC:10:00:07:F4,SN-AccessPoint-02036,dual_band
Nokia,Other,Generic-Device-C,AA:BC:10:00:07:F5,SN-Other-02037,single_band
TP-Link,ONT,HG8145V5,AA:BC:10:00:07:F6,SN-ONT-02038,dual_band
Cisco,ONU,F601,AA:BC:10:00:07:F7,SN-ONU-02039,single_band
D-Link,Router,AX1800,AA:BC:10:00:07:F8,SN-Router-02040,dual_band
Huawei,Switch,SG108,AA:BC:10:00:07:F9,SN-Switch-02041,single_band
ZTE,Modem,CM1200,AA:BC:10:00:07:FA,SN-Modem-02042,dual_band
Nokia,Access Point,U6-Lite,AA:BC:10:00:07:FB,SN-AccessPoint-02043,single_band
TP-Link,Other,Generic-Device-A,AA:BC:10:00:07:FC,SN-Other-02044,dual_band
Cisco,ONT,ZXHN-F680,AA:BC:10:00:07:FD,SN-ONT-02045,single_band
D-Link,ONU,AN5506-01,AA:BC:10:00:07:FE,SN-ONU-02046,dual_band
Huawei,Router,Archer C6,AA:BC:10:00:07:FF,SN-Router-02047,single_band
ZTE,Switch,CBS110,AA:BC:10:00:08:00,SN-Switch-02048,dual_band
Nokia,Modem,TC4400,AA:BC:10:00:08:01,SN-Modem-02049,single_band
TP-Link,Access Point,EAP225,AA:BC:10:00:08:02,SN-AccessPoint-02050,dual_band
Cisco,Other,Generic-Device-B,AA:BC:10:00:08:03,SN-Other-02051,single_band
D-Link,ONT,G-2425G-A,AA:BC:10:00:08:04,SN-ONT-02052,dual_band
Huawei,ONU,G-140W-C,AA:BC:10:00:08:05,SN-ONU-02053,single_band
ZTE,Router,RV340,AA:BC:10:00:08:06,SN-Router-02054,dual_band
Nokia,Switch,DGS-1008A,AA:BC:10:00:08:07,SN-Switch-02055,single_band
TP-Link,Modem,MB8600,AA:BC:10:00:08:08,SN-Modem-02056,dual_band
Cisco,Access Point,WAP150,AA:BC:10:00:08:09,SN-AccessPoint-02057,single_band
D-Link,Other,Generic-Device-C,AA:BC:10:00:08:0A,SN-Other-02058,dual_band
Huawei,ONT,HG8145V5,AA:BC:10:00:08:0B,SN-ONT-02059,single_band
ZTE,ONU,F601,AA:BC:10:00:08:0C,SN-ONU-02060,dual_band
Nokia,Router,AX1800,AA:BC:10:00:08:0D,SN-Router-02061,single_band
TP-Link,Switch,SG108,AA:BC:10:00:08:0E,SN-Switch-02062,dual_band
Cisco,Modem,CM1200,AA:BC:10:00:08:0F,SN-Modem-02063,single_band
D-Link,Access Point,U6-Lite,AA:BC:10:00:08:10,SN-AccessPoint-02064,dual_band
Huawei,Other,Generic-Device-A,AA:BC:10:00:08:11,SN-Other-02065,single_band
ZTE,ONT,ZXHN-F680,AA:BC:10:00:08:12,SN-ONT-02066,dual_band
Nokia,ONU,AN5506-01,AA:BC:10:00:08:13,SN-ONU-02067,single_band
TP-Link,Router,Archer C6,AA:BC:10:00:08:14,SN-Router-02068,dual_band
Cisco,Switch,CBS110,AA:BC:10:00:08:15,SN-Switch-02069,single_band
D-Link,Modem,TC4400,AA:BC:10:00:08:16,SN-Modem-02070,dual_band
Huawei,Access Point,EAP225,AA:BC:10:00:08:17,SN-AccessPoint-02071,single_band
ZTE,Other,Generic-Device-B,AA:BC:10:00:08:18,SN-Other-02072,dual_band
Nokia,ONT,G-2425G-A,AA:BC:10:00:08:19,SN-ONT-02073,single_band
TP-Link,ONU,G-140W-C,AA:BC:10:00:08:1A,SN-ONU-02074,dual_band
Cisco,Router,RV340,AA:BC:10:00:08:1B,SN-Router-02075,single_band
D-Link,Switch,DGS-1008A,AA:BC:10:00:08:1C,SN-Switch-02076,dual_band
Huawei,Modem,MB8600,AA:BC:10:00:08:1D,SN-Modem-02077,single_band
ZTE,Access Point,WAP150,AA:BC:10:00:08:1E,SN-AccessPoint-02078,dual_band
Nokia,Other,Generic-Device-C,AA:BC:10:00:08:1F,SN-Other-02079,single_band
TP-Link,ONT,HG8145V5,AA:BC:10:00:08:20,SN-ONT-02080,dual_band
Cisco,ONU,F601,AA:BC:10:00:08:21,SN-ONU-02081,single_band
D-Link,Router,AX1800,AA:BC:10:00:08:22,SN-Router-02082,dual_band
Huawei,Switch,SG108,AA:BC:10:00:08:23,SN-Switch-02083,single_band
ZTE,Modem,CM1200,AA:BC:10:00:08:24,SN-Modem-02084,dual_band
Nokia,Access Point,U6-Lite,AA:BC:10:00:08:25,SN-AccessPoint-02085,single_band
TP-Link,Other,Generic-Device-A,AA:BC:10:00:08:26,SN-Other-02086,dual_band
Cisco,ONT,ZXHN-F680,AA:BC:10:00:08:27,SN-ONT-02087,single_band
D-Link,ONU,AN5506-01,AA:BC:10:00:08:28,SN-ONU-02088,dual_band
Huawei,Router,Archer C6,AA:BC:10:00:08:29,SN-Router-02089,single_band
ZTE,Switch,CBS110,AA:BC:10:00:08:2A,SN-Switch-02090,dual_band
Nokia,Modem,TC4400,AA:BC:10:00:08:2B,SN-Modem-02091,single_band
TP-Link,Access Point,EAP225,AA:BC:10:00:08:2C,SN-AccessPoint-02092,dual_band
Cisco,Other,Generic-Device-B,AA:BC:10:00:08:2D,SN-Other-02093,single_band
D-Link,ONT,G-2425G-A,AA:BC:10:00:08:2E,SN-ONT-02094,dual_band
Huawei,ONU,G-140W-C,AA:BC:10:00:08:2F,SN-ONU-02095,single_band
ZTE,Router,RV340,AA:BC:10:00:08:30,SN-Router-02096,dual_band
Nokia,Switch,DGS-1008A,AA:BC:10:00:08:31,SN-Switch-02097,single_band
TP-Link,Modem,MB8600,AA:BC:10:00:08:32,SN-Modem-02098,dual_band
Cisco,Access Point,WAP150,AA:BC:10:00:08:33,SN-AccessPoint-02099,single_band
D-Link,Other,Generic-Device-C,AA:BC:10:00:08:34,SN-Other-02100,dual_band
Huawei,ONT,HG8145V5,AA:BC:10:00:08:35,SN-ONT-02101,single_band
ZTE,ONU,F601,AA:BC:10:00:08:36,SN-ONU-02102,dual_band
Nokia,Router,AX1800,AA:BC:10:00:08:37,SN-Router-02103,single_band
TP-Link,Switch,SG108,AA:BC:10:00:08:38,SN-Switch-02104,dual_band
Cisco,Modem,CM1200,AA:BC:10:00:08:39,SN-Modem-02105,single_band
D-Link,Access Point,U6-Lite,AA:BC:10:00:08:3A,SN-AccessPoint-02106,dual_band
Huawei,Other,Generic-Device-A,AA:BC:10:00:08:3B,SN-Other-02107,single_band
ZTE,ONT,ZXHN-F680,AA:BC:10:00:08:3C,SN-ONT-02108,dual_band
Nokia,ONU,AN5506-01,AA:BC:10:00:08:3D,SN-ONU-02109,single_band
TP-Link,Router,Archer C6,AA:BC:10:00:08:3E,SN-Router-02110,dual_band
Cisco,Switch,CBS110,AA:BC:10:00:08:3F,SN-Switch-02111,single_band
D-Link,Modem,TC4400,AA:BC:10:00:08:40,SN-Modem-02112,dual_band
Huawei,Access Point,EAP225,AA:BC:10:00:08:41,SN-AccessPoint-02113,single_band
ZTE,Other,Generic-Device-B,AA:BC:10:00:08:42,SN-Other-02114,dual_band
Nokia,ONT,G-2425G-A,AA:BC:10:00:08:43,SN-ONT-02115,single_band
TP-Link,ONU,G-140W-C,AA:BC:10:00:08:44,SN-ONU-02116,dual_band
Cisco,Router,RV340,AA:BC:10:00:08:45,SN-Router-02117,single_band
D-Link,Switch,DGS-1008A,AA:BC:10:00:08:46,SN-Switch-02118,dual_band
Huawei,Modem,MB8600,AA:BC:10:00:08:47,SN-Modem-02119,single_band
ZTE,Access Point,WAP150,AA:BC:10:00:08:48,SN-AccessPoint-02120,dual_band
Nokia,Other,Generic-Device-C,AA:BC:10:00:08:49,SN-Other-02121,single_band
TP-Link,ONT,HG8145V5,AA:BC:10:00:08:4A,SN-ONT-02122,dual_band
Cisco,ONU,F601,AA:BC:10:00:08:4B,SN-ONU-02123,single_band
D-Link,Router,AX1800,AA:BC:10:00:08:4C,SN-Router-02124,dual_band
Huawei,Switch,SG108,AA:BC:10:00:08:4D,SN-Switch-02125,single_band
ZTE,Modem,CM1200,AA:BC:10:00:08:4E,SN-Modem-02126,dual_band
Nokia,Access Point,U6-Lite,AA:BC:10:00:08:4F,SN-AccessPoint-02127,single_band
TP-Link,Other,Generic-Device-A,AA:BC:10:00:08:50,SN-Other-02128,dual_band
Cisco,ONT,ZXHN-F680,AA:BC:10:00:08:51,SN-ONT-02129,single_band
D-Link,ONU,AN5506-01,AA:BC:10:00:08:52,SN-ONU-02130,dual_band
Huawei,Router,Archer C6,AA:BC:10:00:08:53,SN-Router-02131,single_band
ZTE,Switch,CBS110,AA:BC:10:00:08:54,SN-Switch-02132,dual_band
Nokia,Modem,TC4400,AA:BC:10:00:08:55,SN-Modem-02133,single_band
TP-Link,Access Point,EAP225,AA:BC:10:00:08:56,SN-AccessPoint-02134,dual_band
Cisco,Other,Generic-Device-B,AA:BC:10:00:08:57,SN-Other-02135,single_band
D-Link,ONT,G-2425G-A,AA:BC:10:00:08:58,SN-ONT-02136,dual_band
Huawei,ONU,G-140W-C,AA:BC:10:00:08:59,SN-ONU-02137,single_band
ZTE,Router,RV340,AA:BC:10:00:08:5A,SN-Router-02138,dual_band
Nokia,Switch,DGS-1008A,AA:BC:10:00:08:5B,SN-Switch-02139,single_band
TP-Link,Modem,MB8600,AA:BC:10:00:08:5C,SN-Modem-02140,dual_band
Cisco,Access Point,WAP150,AA:BC:10:00:08:5D,SN-AccessPoint-02141,single_band
D-Link,Other,Generic-Device-C,AA:BC:10:00:08:5E,SN-Other-02142,dual_band
Huawei,ONT,HG8145V5,AA:BC:10:00:08:5F,SN-ONT-02143,single_band
ZTE,ONU,F601,AA:BC:10:00:08:60,SN-ONU-02144,dual_band
Nokia,Router,AX1800,AA:BC:10:00:08:61,SN-Router-02145,single_band
TP-Link,Switch,SG108,AA:BC:10:00:08:62,SN-Switch-02146,dual_band
Cisco,Modem,CM1200,AA:BC:10:00:08:63,SN-Modem-02147,single_band
D-Link,Access Point,U6-Lite,AA:BC:10:00:08:64,SN-AccessPoint-02148,dual_band
Huawei,Other,Generic-Device-A,AA:BC:10:00:08:65,SN-Other-02149,single_band
ZTE,ONT,ZXHN-F680,AA:BC:10:00:08:66,SN-ONT-02150,dual_band
Nokia,ONU,AN5506-01,AA:BC:10:00:08:67,SN-ONU-02151,single_band
TP-Link,Router,Archer C6,AA:BC:10:00:08:68,SN-Router-02152,dual_band
Cisco,Switch,CBS110,AA:BC:10:00:08:69,SN-Switch-02153,single_band
D-Link,Modem,TC4400,AA:BC:10:00:08:6A,SN-Modem-02154,dual_band
Huawei,Access Point,EAP225,AA:BC:10:00:08:6B,SN-AccessPoint-02155,single_band
ZTE,Other,Generic-Device-B,AA:BC:10:00:08:6C,SN-Other-02156,dual_band
Nokia,ONT,G-2425G-A,AA:BC:10:00:08:6D,SN-ONT-02157,single_band
TP-Link,ONU,G-140W-C,AA:BC:10:00:08:6E,SN-ONU-02158,dual_band
Cisco,Router,RV340,AA:BC:10:00:08:6F,SN-Router-02159,single_band
D-Link,Switch,DGS-1008A,AA:BC:10:00:08:70,SN-Switch-02160,dual_band
Huawei,Modem,MB8600,AA:BC:10:00:08:71,SN-Modem-02161,single_band
ZTE,Access Point,WAP150,AA:BC:10:00:08:72,SN-AccessPoint-02162,dual_band
Nokia,Other,Generic-Device-C,AA:BC:10:00:08:73,SN-Other-02163,single_band
TP-Link,ONT,HG8145V5,AA:BC:10:00:08:74,SN-ONT-02164,dual_band
Cisco,ONU,F601,AA:BC:10:00:08:75,SN-ONU-02165,single_band
D-Link,Router,AX1800,AA:BC:10:00:08:76,SN-Router-02166,dual_band
Huawei,Switch,SG108,AA:BC:10:00:08:77,SN-Switch-02167,single_band
ZTE,Modem,CM1200,AA:BC:10:00:08:78,SN-Modem-02168,dual_band
Nokia,Access Point,U6-Lite,AA:BC:10:00:08:79,SN-AccessPoint-02169,single_band
TP-Link,Other,Generic-Device-A,AA:BC:10:00:08:7A,SN-Other-02170,dual_band
Cisco,ONT,ZXHN-F680,AA:BC:10:00:08:7B,SN-ONT-02171,single_band
D-Link,ONU,AN5506-01,AA:BC:10:00:08:7C,SN-ONU-02172,dual_band
Huawei,Router,Archer C6,AA:BC:10:00:08:7D,SN-Router-02173,single_band
ZTE,Switch,CBS110,AA:BC:10:00:08:7E,SN-Switch-02174,dual_band
Nokia,Modem,TC4400,AA:BC:10:00:08:7F,SN-Modem-02175,single_band
TP-Link,Access Point,EAP225,AA:BC:10:00:08:80,SN-AccessPoint-02176,dual_band
Cisco,Other,Generic-Device-B,AA:BC:10:00:08:81,SN-Other-02177,single_band
D-Link,ONT,G-2425G-A,AA:BC:10:00:08:82,SN-ONT-02178,dual_band
Huawei,ONU,G-140W-C,AA:BC:10:00:08:83,SN-ONU-02179,single_band
ZTE,Router,RV340,AA:BC:10:00:08:84,SN-Router-02180,dual_band
Nokia,Switch,DGS-1008A,AA:BC:10:00:08:85,SN-Switch-02181,single_band
TP-Link,Modem,MB8600,AA:BC:10:00:08:86,SN-Modem-02182,dual_band
Cisco,Access Point,WAP150,AA:BC:10:00:08:87,SN-AccessPoint-02183,single_band
D-Link,Other,Generic-Device-C,AA:BC:10:00:08:88,SN-Other-02184,dual_band
Huawei,ONT,HG8145V5,AA:BC:10:00:08:89,SN-ONT-02185,single_band
ZTE,ONU,F601,AA:BC:10:00:08:8A,SN-ONU-02186,dual_band
Nokia,Router,AX1800,AA:BC:10:00:08:8B,SN-Router-02187,single_band
TP-Link,Switch,SG108,AA:BC:10:00:08:8C,SN-Switch-02188,dual_band
Cisco,Modem,CM1200,AA:BC:10:00:08:8D,SN-Modem-02189,single_band
D-Link,Access Point,U6-Lite,AA:BC:10:00:08:8E,SN-AccessPoint-02190,dual_band
Huawei,Other,Generic-Device-A,AA:BC:10:00:08:8F,SN-Other-02191,single_band
ZTE,ONT,ZXHN-F680,AA:BC:10:00:08:90,SN-ONT-02192,dual_band
Nokia,ONU,AN5506-01,AA:BC:10:00:08:91,SN-ONU-02193,single_band
TP-Link,Router,Archer C6,AA:BC:10:00:08:92,SN-Router-02194,dual_band
Cisco,Switch,CBS110,AA:BC:10:00:08:93,SN-Switch-02195,single_band
D-Link,Modem,TC4400,AA:BC:10:00:08:94,SN-Modem-02196,dual_band
Huawei,Access Point,EAP225,AA:BC:10:00:08:95,SN-AccessPoint-02197,single_band
ZTE,Other,Generic-Device-B,AA:BC:10:00:08:96,SN-Other-02198,dual_band
Nokia,ONT,G-2425G-A,AA:BC:10:00:08:97,SN-ONT-02199,single_band
TP-Link,ONU,G-140W-C,AA:BC:10:00:08:98,SN-ONU-02200,dual_band
Cisco,Router,RV340,AA:BC:10:00:08:99,SN-Router-02201,single_band
D-Link,Switch,DGS-1008A,AA:BC:10:00:08:9A,SN-Switch-02202,dual_band
Huawei,Modem,MB8600,AA:BC:10:00:08:9B,SN-Modem-02203,single_band
ZTE,Access Point,WAP150,AA:BC:10:00:08:9C,SN-AccessPoint-02204,dual_band
Nokia,Other,Generic-Device-C,AA:BC:10:00:08:9D,SN-Other-02205,single_band
TP-Link,ONT,HG8145V5,AA:BC:10:00:08:9E,SN-ONT-02206,dual_band
Cisco,ONU,F601,AA:BC:10:00:08:9F,SN-ONU-02207,single_band
D-Link,Router,AX1800,AA:BC:10:00:08:A0,SN-Router-02208,dual_band
Huawei,Switch,SG108,AA:BC:10:00:08:A1,SN-Switch-02209,single_band
ZTE,Modem,CM1200,AA:BC:10:00:08:A2,SN-Modem-02210,dual_band
Nokia,Access Point,U6-Lite,AA:BC:10:00:08:A3,SN-AccessPoint-02211,single_band
TP-Link,Other,Generic-Device-A,AA:BC:10:00:08:A4,SN-Other-02212,dual_band
Cisco,ONT,ZXHN-F680,AA:BC:10:00:08:A5,SN-ONT-02213,single_band
D-Link,ONU,AN5506-01,AA:BC:10:00:08:A6,SN-ONU-02214,dual_band
Huawei,Router,Archer C6,AA:BC:10:00:08:A7,SN-Router-02215,single_band
ZTE,Switch,CBS110,AA:BC:10:00:08:A8,SN-Switch-02216,dual_band
Nokia,Modem,TC4400,AA:BC:10:00:08:A9,SN-Modem-02217,single_band
TP-Link,Access Point,EAP225,AA:BC:10:00:08:AA,SN-AccessPoint-02218,dual_band
Cisco,Other,Generic-Device-B,AA:BC:10:00:08:AB,SN-Other-02219,single_band
D-Link,ONT,G-2425G-A,AA:BC:10:00:08:AC,SN-ONT-02220,dual_band
Huawei,ONU,G-140W-C,AA:BC:10:00:08:AD,SN-ONU-02221,single_band
ZTE,Router,RV340,AA:BC:10:00:08:AE,SN-Router-02222,dual_band
Nokia,Switch,DGS-1008A,AA:BC:10:00:08:AF,SN-Switch-02223,single_band
TP-Link,Modem,MB8600,AA:BC:10:00:08:B0,SN-Modem-02224,dual_band
Cisco,Access Point,WAP150,AA:BC:10:00:08:B1,SN-AccessPoint-02225,single_band
D-Link,Other,Generic-Device-C,AA:BC:10:00:08:B2,SN-Other-02226,dual_band
Huawei,ONT,HG8145V5,AA:BC:10:00:08:B3,SN-ONT-02227,single_band
ZTE,ONU,F601,AA:BC:10:00:08:B4,SN-ONU-02228,dual_band
Nokia,Router,AX1800,AA:BC:10:00:08:B5,SN-Router-02229,single_band
TP-Link,Switch,SG108,AA:BC:10:00:08:B6,SN-Switch-02230,dual_band
Cisco,Modem,CM1200,AA:BC:10:00:08:B7,SN-Modem-02231,single_band
D-Link,Access Point,U6-Lite,AA:BC:10:00:08:B8,SN-AccessPoint-02232,dual_band
Huawei,Other,Generic-Device-A,AA:BC:10:00:08:B9,SN-Other-02233,single_band
ZTE,ONT,ZXHN-F680,AA:BC:10:00:08:BA,SN-ONT-02234,dual_band
Nokia,ONU,AN5506-01,AA:BC:10:00:08:BB,SN-ONU-02235,single_band
TP-Link,Router,Archer C6,AA:BC:10:00:08:BC,SN-Router-02236,dual_band
Cisco,Switch,CBS110,AA:BC:10:00:08:BD,SN-Switch-02237,single_band
D-Link,Modem,TC4400,AA:BC:10:00:08:BE,SN-Modem-02238,dual_band
Huawei,Access Point,EAP225,AA:BC:10:00:08:BF,SN-AccessPoint-02239,single_band
ZTE,Other,Generic-Device-B,AA:BC:10:00:08:C0,SN-Other-02240,dual_band
Nokia,ONT,G-2425G-A,AA:BC:10:00:08:C1,SN-ONT-02241,single_band
TP-Link,ONU,G-140W-C,AA:BC:10:00:08:C2,SN-ONU-02242,dual_band
Cisco,Router,RV340,AA:BC:10:00:08:C3,SN-Router-02243,single_band
D-Link,Switch,DGS-1008A,AA:BC:10:00:08:C4,SN-Switch-02244,dual_band
Huawei,Modem,MB8600,AA:BC:10:00:08:C5,SN-Modem-02245,single_band
ZTE,Access Point,WAP150,AA:BC:10:00:08:C6,SN-AccessPoint-02246,dual_band
Nokia,Other,Generic-Device-C,AA:BC:10:00:08:C7,SN-Other-02247,single_band
TP-Link,ONT,HG8145V5,AA:BC:10:00:08:C8,SN-ONT-02248,dual_band
Cisco,ONU,F601,AA:BC:10:00:08:C9,SN-ONU-02249,single_band
D-Link,Router,AX1800,AA:BC:10:00:08:CA,SN-Router-02250,dual_band
Huawei,Switch,SG108,AA:BC:10:00:08:CB,SN-Switch-02251,single_band
ZTE,Modem,CM1200,AA:BC:10:00:08:CC,SN-Modem-02252,dual_band
Nokia,Access Point,U6-Lite,AA:BC:10:00:08:CD,SN-AccessPoint-02253,single_band
TP-Link,Other,Generic-Device-A,AA:BC:10:00:08:CE,SN-Other-02254,dual_band
Cisco,ONT,ZXHN-F680,AA:BC:10:00:08:CF,SN-ONT-02255,single_band
D-Link,ONU,AN5506-01,AA:BC:10:00:08:D0,SN-ONU-02256,dual_band
Huawei,Router,Archer C6,AA:BC:10:00:08:D1,SN-Router-02257,single_band
ZTE,Switch,CBS110,AA:BC:10:00:08:D2,SN-Switch-02258,dual_band
Nokia,Modem,TC4400,AA:BC:10:00:08:D3,SN-Modem-02259,single_band
TP-Link,Access Point,EAP225,AA:BC:10:00:08:D4,SN-AccessPoint-02260,dual_band
Cisco,Other,Generic-Device-B,AA:BC:10:00:08:D5,SN-Other-02261,single_band
D-Link,ONT,G-2425G-A,AA:BC:10:00:08:D6,SN-ONT-02262,dual_band
Huawei,ONU,G-140W-C,AA:BC:10:00:08:D7,SN-ONU-02263,single_band
ZTE,Router,RV340,AA:BC:10:00:08:D8,SN-Router-02264,dual_band
Nokia,Switch,DGS-1008A,AA:BC:10:00:08:D9,SN-Switch-02265,single_band
TP-Link,Modem,MB8600,AA:BC:10:00:08:DA,SN-Modem-02266,dual_band
Cisco,Access Point,WAP150,AA:BC:10:00:08:DB,SN-AccessPoint-02267,single_band
D-Link,Other,Generic-Device-C,AA:BC:10:00:08:DC,SN-Other-02268,dual_band
Huawei,ONT,HG8145V5,AA:BC:10:00:08:DD,SN-ONT-02269,single_band
ZTE,ONU,F601,AA:BC:10:00:08:DE,SN-ONU-02270,dual_band
Nokia,Router,AX1800,AA:BC:10:00:08:DF,SN-Router-02271,single_band
TP-Link,Switch,SG108,AA:BC:10:00:08:E0,SN-Switch-02272,dual_band
Cisco,Modem,CM1200,AA:BC:10:00:08:E1,SN-Modem-02273,single_band
D-Link,Access Point,U6-Lite,AA:BC:10:00:08:E2,SN-AccessPoint-02274,dual_band
Huawei,Other,Generic-Device-A,AA:BC:10:00:08:E3,SN-Other-02275,single_band
ZTE,ONT,ZXHN-F680,AA:BC:10:00:08:E4,SN-ONT-02276,dual_band
Nokia,ONU,AN5506-01,AA:BC:10:00:08:E5,SN-ONU-02277,single_band
TP-Link,Router,Archer C6,AA:BC:10:00:08:E6,SN-Router-02278,dual_band
Cisco,Switch,CBS110,AA:BC:10:00:08:E7,SN-Switch-02279,single_band
D-Link,Modem,TC4400,AA:BC:10:00:08:E8,SN-Modem-02280,dual_band
Huawei,Access Point,EAP225,AA:BC:10:00:08:E9,SN-AccessPoint-02281,single_band
ZTE,Other,Generic-Device-B,AA:BC:10:00:08:EA,SN-Other-02282,dual_band
Nokia,ONT,G-2425G-A,AA:BC:10:00:08:EB,SN-ONT-02283,single_band
TP-Link,ONU,G-140W-C,AA:BC:10:00:08:EC,SN-ONU-02284,dual_band
Cisco,Router,RV340,AA:BC:10:00:08:ED,SN-Router-02285,single_band
D-Link,Switch,DGS-1008A,AA:BC:10:00:08:EE,SN-Switch-02286,dual_band
Huawei,Modem,MB8600,AA:BC:10:00:08:EF,SN-Modem-02287,single_band
ZTE,Access Point,WAP150,AA:BC:10:00:08:F0,SN-AccessPoint-02288,dual_band
Nokia,Other,Generic-Device-C,AA:BC:10:00:08:F1,SN-Other-02289,single_band
TP-Link,ONT,HG8145V5,AA:BC:10:00:08:F2,SN-ONT-02290,dual_band
Cisco,ONU,F601,AA:BC:10:00:08:F3,SN-ONU-02291,single_band
D-Link,Router,AX1800,AA:BC:10:00:08:F4,SN-Router-02292,dual_band
Huawei,Switch,SG108,AA:BC:10:00:08:F5,SN-Switch-02293,single_band
ZTE,Modem,CM1200,AA:BC:10:00:08:F6,SN-Modem-02294,dual_band
Nokia,Access Point,U6-Lite,AA:BC:10:00:08:F7,SN-AccessPoint-02295,single_band
TP-Link,Other,Generic-Device-A,AA:BC:10:00:08:F8,SN-Other-02296,dual_band
Cisco,ONT,ZXHN-F680,AA:BC:10:00:08:F9,SN-ONT-02297,single_band
D-Link,ONU,AN5506-01,AA:BC:10:00:08:FA,SN-ONU-02298,dual_band
Huawei,Router,Archer C6,AA:BC:10:00:08:FB,SN-Router-02299,single_band
ZTE,Switch,CBS110,AA:BC:10:00:08:FC,SN-Switch-02300,dual_band
Nokia,Modem,TC4400,AA:BC:10:00:08:FD,SN-Modem-02301,single_band
TP-Link,Access Point,EAP225,AA:BC:10:00:08:FE,SN-AccessPoint-02302,dual_band
Cisco,Other,Generic-Device-B,AA:BC:10:00:08:FF,SN-Other-02303,single_band
D-Link,ONT,G-2425G-A,AA:BC:10:00:09:00,SN-ONT-02304,dual_band
Huawei,ONU,G-140W-C,AA:BC:10:00:09:01,SN-ONU-02305,single_band
ZTE,Router,RV340,AA:BC:10:00:09:02,SN-Router-02306,dual_band
Nokia,Switch,DGS-1008A,AA:BC:10:00:09:03,SN-Switch-02307,single_band
TP-Link,Modem,MB8600,AA:BC:10:00:09:04,SN-Modem-02308,dual_band
Cisco,Access Point,WAP150,AA:BC:10:00:09:05,SN-AccessPoint-02309,single_band
D-Link,Other,Generic-Device-C,AA:BC:10:00:09:06,SN-Other-02310,dual_band
Huawei,ONT,HG8145V5,AA:BC:10:00:09:07,SN-ONT-02311,single_band
ZTE,ONU,F601,AA:BC:10:00:09:08,SN-ONU-02312,dual_band
Nokia,Router,AX1800,AA:BC:10:00:09:09,SN-Router-02313,single_band
TP-Link,Switch,SG108,AA:BC:10:00:09:0A,SN-Switch-02314,dual_band
Cisco,Modem,CM1200,AA:BC:10:00:09:0B,SN-Modem-02315,single_band
D-Link,Access Point,U6-Lite,AA:BC:10:00:09:0C,SN-AccessPoint-02316,dual_band
Huawei,Other,Generic-Device-A,AA:BC:10:00:09:0D,SN-Other-02317,single_band
ZTE,ONT,ZXHN-F680,AA:BC:10:00:09:0E,SN-ONT-02318,dual_band
Nokia,ONU,AN5506-01,AA:BC:10:00:09:0F,SN-ONU-02319,single_band
TP-Link,Router,Archer C6,AA:BC:10:00:09:10,SN-Router-02320,dual_band
Cisco,Switch,CBS110,AA:BC:10:00:09:11,SN-Switch-02321,single_band
D-Link,Modem,TC4400,AA:BC:10:00:09:12,SN-Modem-02322,dual_band
Huawei,Access Point,EAP225,AA:BC:10:00:09:13,SN-AccessPoint-02323,single_band
ZTE,Other,Generic-Device-B,AA:BC:10:00:09:14,SN-Other-02324,dual_band
Nokia,ONT,G-2425G-A,AA:BC:10:00:09:15,SN-ONT-02325,single_band
TP-Link,ONU,G-140W-C,AA:BC:10:00:09:16,SN-ONU-02326,dual_band
Cisco,Router,RV340,AA:BC:10:00:09:17,SN-Router-02327,single_band
D-Link,Switch,DGS-1008A,AA:BC:10:00:09:18,SN-Switch-02328,dual_band
Huawei,Modem,MB8600,AA:BC:10:00:09:19,SN-Modem-02329,single_band
ZTE,Access Point,WAP150,AA:BC:10:00:09:1A,SN-AccessPoint-02330,dual_band
Nokia,Other,Generic-Device-C,AA:BC:10:00:09:1B,SN-Other-02331,single_band
TP-Link,ONT,HG8145V5,AA:BC:10:00:09:1C,SN-ONT-02332,dual_band
Cisco,ONU,F601,AA:BC:10:00:09:1D,SN-ONU-02333,single_band
D-Link,Router,AX1800,AA:BC:10:00:09:1E,SN-Router-02334,dual_band
Huawei,Switch,SG108,AA:BC:10:00:09:1F,SN-Switch-02335,single_band
ZTE,Modem,CM1200,AA:BC:10:00:09:20,SN-Modem-02336,dual_band
Nokia,Access Point,U6-Lite,AA:BC:10:00:09:21,SN-AccessPoint-02337,single_band
TP-Link,Other,Generic-Device-A,AA:BC:10:00:09:22,SN-Other-02338,dual_band
Cisco,ONT,ZXHN-F680,AA:BC:10:00:09:23,SN-ONT-02339,single_band
D-Link,ONU,AN5506-01,AA:BC:10:00:09:24,SN-ONU-02340,dual_band
Huawei,Router,Archer C6,AA:BC:10:00:09:25,SN-Router-02341,single_band
ZTE,Switch,CBS110,AA:BC:10:00:09:26,SN-Switch-02342,dual_band
Nokia,Modem,TC4400,AA:BC:10:00:09:27,SN-Modem-02343,single_band
TP-Link,Access Point,EAP225,AA:BC:10:00:09:28,SN-AccessPoint-02344,dual_band
Cisco,Other,Generic-Device-B,AA:BC:10:00:09:29,SN-Other-02345,single_band
D-Link,ONT,G-2425G-A,AA:BC:10:00:09:2A,SN-ONT-02346,dual_band
Huawei,ONU,G-140W-C,AA:BC:10:00:09:2B,SN-ONU-02347,single_band
ZTE,Router,RV340,AA:BC:10:00:09:2C,SN-Router-02348,dual_band
Nokia,Switch,DGS-1008A,AA:BC:10:00:09:2D,SN-Switch-02349,single_band
TP-Link,Modem,MB8600,AA:BC:10:00:09:2E,SN-Modem-02350,dual_band
Cisco,Access Point,WAP150,AA:BC:10:00:09:2F,SN-AccessPoint-02351,single_band
D-Link,Other,Generic-Device-C,AA:BC:10:00:09:30,SN-Other-02352,dual_band
Huawei,ONT,HG8145V5,AA:BC:10:00:09:31,SN-ONT-02353,single_band
ZTE,ONU,F601,AA:BC:10:00:09:32,SN-ONU-02354,dual_band
Nokia,Router,AX1800,AA:BC:10:00:09:33,SN-Router-02355,single_band
TP-Link,Switch,SG108,AA:BC:10:00:09:34,SN-Switch-02356,dual_band
Cisco,Modem,CM1200,AA:BC:10:00:09:35,SN-Modem-02357,single_band
D-Link,Access Point,U6-Lite,AA:BC:10:00:09:36,SN-AccessPoint-02358,dual_band
Huawei,Other,Generic-Device-A,AA:BC:10:00:09:37,SN-Other-02359,single_band
ZTE,ONT,ZXHN-F680,AA:BC:10:00:09:38,SN-ONT-02360,dual_band
Nokia,ONU,AN5506-01,AA:BC:10:00:09:39,SN-ONU-02361,single_band
TP-Link,Router,Archer C6,AA:BC:10:00:09:3A,SN-Router-02362,dual_band
Cisco,Switch,CBS110,AA:BC:10:00:09:3B,SN-Switch-02363,single_band
D-Link,Modem,TC4400,AA:BC:10:00:09:3C,SN-Modem-02364,dual_band
Huawei,Access Point,EAP225,AA:BC:10:00:09:3D,SN-AccessPoint-02365,single_band
ZTE,Other,Generic-Device-B,AA:BC:10:00:09:3E,SN-Other-02366,dual_band
Nokia,ONT,G-2425G-A,AA:BC:10:00:09:3F,SN-ONT-02367,single_band
TP-Link,ONU,G-140W-C,AA:BC:10:00:09:40,SN-ONU-02368,dual_band
Cisco,Router,RV340,AA:BC:10:00:09:41,SN-Router-02369,single_band
D-Link,Switch,DGS-1008A,AA:BC:10:00:09:42,SN-Switch-02370,dual_band
Huawei,Modem,MB8600,AA:BC:10:00:09:43,SN-Modem-02371,single_band
ZTE,Access Point,WAP150,AA:BC:10:00:09:44,SN-AccessPoint-02372,dual_band
Nokia,Other,Generic-Device-C,AA:BC:10:00:09:45,SN-Other-02373,single_band
TP-Link,ONT,HG8145V5,AA:BC:10:00:09:46,SN-ONT-02374,dual_band
Cisco,ONU,F601,AA:BC:10:00:09:47,SN-ONU-02375,single_band
D-Link,Router,AX1800,AA:BC:10:00:09:48,SN-Router-02376,dual_band
Huawei,Switch,SG108,AA:BC:10:00:09:49,SN-Switch-02377,single_band
ZTE,Modem,CM1200,AA:BC:10:00:09:4A,SN-Modem-02378,dual_band
Nokia,Access Point,U6-Lite,AA:BC:10:00:09:4B,SN-AccessPoint-02379,single_band
TP-Link,Other,Generic-Device-A,AA:BC:10:00:09:4C,SN-Other-02380,dual_band
Cisco,ONT,ZXHN-F680,AA:BC:10:00:09:4D,SN-ONT-02381,single_band
D-Link,ONU,AN5506-01,AA:BC:10:00:09:4E,SN-ONU-02382,dual_band
Huawei,Router,Archer C6,AA:BC:10:00:09:4F,SN-Router-02383,single_band
ZTE,Switch,CBS110,AA:BC:10:00:09:50,SN-Switch-02384,dual_band
Nokia,Modem,TC4400,AA:BC:10:00:09:51,SN-Modem-02385,single_band
TP-Link,Access Point,EAP225,AA:BC:10:00:09:52,SN-AccessPoint-02386,dual_band
Cisco,Other,Generic-Device-B,AA:BC:10:00:09:53,SN-Other-02387,single_band
D-Link,ONT,G-2425G-A,AA:BC:10:00:09:54,SN-ONT-02388,dual_band
Huawei,ONU,G-140W-C,AA:BC:10:00:09:55,SN-ONU-02389,single_band
ZTE,Router,RV340,AA:BC:10:00:09:56,SN-Router-02390,dual_band
Nokia,Switch,DGS-1008A,AA:BC:10:00:09:57,SN-Switch-02391,single_band
TP-Link,Modem,MB8600,AA:BC:10:00:09:58,SN-Modem-02392,dual_band
Cisco,Access Point,WAP150,AA:BC:10:00:09:59,SN-AccessPoint-02393,single_band
D-Link,Other,Generic-Device-C,AA:BC:10:00:09:5A,SN-Other-02394,dual_band
Huawei,ONT,HG8145V5,AA:BC:10:00:09:5B,SN-ONT-02395,single_band
ZTE,ONU,F601,AA:BC:10:00:09:5C,SN-ONU-02396,dual_band
Nokia,Router,AX1800,AA:BC:10:00:09:5D,SN-Router-02397,single_band
TP-Link,Switch,SG108,AA:BC:10:00:09:5E,SN-Switch-02398,dual_band
Cisco,Modem,CM1200,AA:BC:10:00:09:5F,SN-Modem-02399,single_band
D-Link,Access Point,U6-Lite,AA:BC:10:00:09:60,SN-AccessPoint-02400,dual_band
Huawei,Other,Generic-Device-A,AA:BC:10:00:09:61,SN-Other-02401,single_band
ZTE,ONT,ZXHN-F680,AA:BC:10:00:09:62,SN-ONT-02402,dual_band
Nokia,ONU,AN5506-01,AA:BC:10:00:09:63,SN-ONU-02403,single_band
TP-Link,Router,Archer C6,AA:BC:10:00:09:64,SN-Router-02404,dual_band
Cisco,Switch,CBS110,AA:BC:10:00:09:65,SN-Switch-02405,single_band
D-Link,Modem,TC4400,AA:BC:10:00:09:66,SN-Modem-02406,dual_band
Huawei,Access Point,EAP225,AA:BC:10:00:09:67,SN-AccessPoint-02407,single_band
ZTE,Other,Generic-Device-B,AA:BC:10:00:09:68,SN-Other-02408,dual_band
Nokia,ONT,G-2425G-A,AA:BC:10:00:09:69,SN-ONT-02409,single_band
TP-Link,ONU,G-140W-C,AA:BC:10:00:09:6A,SN-ONU-02410,dual_band
Cisco,Router,RV340,AA:BC:10:00:09:6B,SN-Router-02411,single_band
D-Link,Switch,DGS-1008A,AA:BC:10:00:09:6C,SN-Switch-02412,dual_band
Huawei,Modem,MB8600,AA:BC:10:00:09:6D,SN-Modem-02413,single_band
ZTE,Access Point,WAP150,AA:BC:10:00:09:6E,SN-AccessPoint-02414,dual_band
Nokia,Other,Generic-Device-C,AA:BC:10:00:09:6F,SN-Other-02415,single_band
TP-Link,ONT,HG8145V5,AA:BC:10:00:09:70,SN-ONT-02416,dual_band
Cisco,ONU,F601,AA:BC:10:00:09:71,SN-ONU-02417,single_band
D-Link,Router,AX1800,AA:BC:10:00:09:72,SN-Router-02418,dual_band
Huawei,Switch,SG108,AA:BC:10:00:09:73,SN-Switch-02419,single_band
ZTE,Modem,CM1200,AA:BC:10:00:09:74,SN-Modem-02420,dual_band
Nokia,Access Point,U6-Lite,AA:BC:10:00:09:75,SN-AccessPoint-02421,single_band
TP-Link,Other,Generic-Device-A,AA:BC:10:00:09:76,SN-Other-02422,dual_band
Cisco,ONT,ZXHN-F680,AA:BC:10:00:09:77,SN-ONT-02423,single_band
D-Link,ONU,AN5506-01,AA:BC:10:00:09:78,SN-ONU-02424,dual_band
Huawei,Router,Archer C6,AA:BC:10:00:09:79,SN-Router-02425,single_band
ZTE,Switch,CBS110,AA:BC:10:00:09:7A,SN-Switch-02426,dual_band
Nokia,Modem,TC4400,AA:BC:10:00:09:7B,SN-Modem-02427,single_band
TP-Link,Access Point,EAP225,AA:BC:10:00:09:7C,SN-AccessPoint-02428,dual_band
Cisco,Other,Generic-Device-B,AA:BC:10:00:09:7D,SN-Other-02429,single_band
D-Link,ONT,G-2425G-A,AA:BC:10:00:09:7E,SN-ONT-02430,dual_band
Huawei,ONU,G-140W-C,AA:BC:10:00:09:7F,SN-ONU-02431,single_band
ZTE,Router,RV340,AA:BC:10:00:09:80,SN-Router-02432,dual_band
Nokia,Switch,DGS-1008A,AA:BC:10:00:09:81,SN-Switch-02433,single_band
TP-Link,Modem,MB8600,AA:BC:10:00:09:82,SN-Modem-02434,dual_band
Cisco,Access Point,WAP150,AA:BC:10:00:09:83,SN-AccessPoint-02435,single_band
D-Link,Other,Generic-Device-C,AA:BC:10:00:09:84,SN-Other-02436,dual_band
Huawei,ONT,HG8145V5,AA:BC:10:00:09:85,SN-ONT-02437,single_band
ZTE,ONU,F601,AA:BC:10:00:09:86,SN-ONU-02438,dual_band
Nokia,Router,AX1800,AA:BC:10:00:09:87,SN-Router-02439,single_band
TP-Link,Switch,SG108,AA:BC:10:00:09:88,SN-Switch-02440,dual_band
Cisco,Modem,CM1200,AA:BC:10:00:09:89,SN-Modem-02441,single_band
D-Link,Access Point,U6-Lite,AA:BC:10:00:09:8A,SN-AccessPoint-02442,dual_band
Huawei,Other,Generic-Device-A,AA:BC:10:00:09:8B,SN-Other-02443,single_band
ZTE,ONT,ZXHN-F680,AA:BC:10:00:09:8C,SN-ONT-02444,dual_band
Nokia,ONU,AN5506-01,AA:BC:10:00:09:8D,SN-ONU-02445,single_band
TP-Link,Router,Archer C6,AA:BC:10:00:09:8E,SN-Router-02446,dual_band
Cisco,Switch,CBS110,AA:BC:10:00:09:8F,SN-Switch-02447,single_band
D-Link,Modem,TC4400,AA:BC:10:00:09:90,SN-Modem-02448,dual_band
Huawei,Access Point,EAP225,AA:BC:10:00:09:91,SN-AccessPoint-02449,single_band
ZTE,Other,Generic-Device-B,AA:BC:10:00:09:92,SN-Other-02450,dual_band
Nokia,ONT,G-2425G-A,AA:BC:10:00:09:93,SN-ONT-02451,single_band
TP-Link,ONU,G-140W-C,AA:BC:10:00:09:94,SN-ONU-02452,dual_band
Cisco,Router,RV340,AA:BC:10:00:09:95,SN-Router-02453,single_band
D-Link,Switch,DGS-1008A,AA:BC:10:00:09:96,SN-Switch-02454,dual_band
Huawei,Modem,MB8600,AA:BC:10:00:09:97,SN-Modem-02455,single_band
ZTE,Access Point,WAP150,AA:BC:10:00:09:98,SN-AccessPoint-02456,dual_band
Nokia,Other,Generic-Device-C,AA:BC:10:00:09:99,SN-Other-02457,single_band
TP-Link,ONT,HG8145V5,AA:BC:10:00:09:9A,SN-ONT-02458,dual_band
Cisco,ONU,F601,AA:BC:10:00:09:9B,SN-ONU-02459,single_band
D-Link,Router,AX1800,AA:BC:10:00:09:9C,SN-Router-02460,dual_band
Huawei,Switch,SG108,AA:BC:10:00:09:9D,SN-Switch-02461,single_band
ZTE,Modem,CM1200,AA:BC:10:00:09:9E,SN-Modem-02462,dual_band
Nokia,Access Point,U6-Lite,AA:BC:10:00:09:9F,SN-AccessPoint-02463,single_band
TP-Link,Other,Generic-Device-A,AA:BC:10:00:09:A0,SN-Other-02464,dual_band
Cisco,ONT,ZXHN-F680,AA:BC:10:00:09:A1,SN-ONT-02465,single_band
D-Link,ONU,AN5506-01,AA:BC:10:00:09:A2,SN-ONU-02466,dual_band
Huawei,Router,Archer C6,AA:BC:10:00:09:A3,SN-Router-02467,single_band
ZTE,Switch,CBS110,AA:BC:10:00:09:A4,SN-Switch-02468,dual_band
Nokia,Modem,TC4400,AA:BC:10:00:09:A5,SN-Modem-02469,single_band
TP-Link,Access Point,EAP225,AA:BC:10:00:09:A6,SN-AccessPoint-02470,dual_band
Cisco,Other,Generic-Device-B,AA:BC:10:00:09:A7,SN-Other-02471,single_band
D-Link,ONT,G-2425G-A,AA:BC:10:00:09:A8,SN-ONT-02472,dual_band
Huawei,ONU,G-140W-C,AA:BC:10:00:09:A9,SN-ONU-02473,single_band
ZTE,Router,RV340,AA:BC:10:00:09:AA,SN-Router-02474,dual_band
Nokia,Switch,DGS-1008A,AA:BC:10:00:09:AB,SN-Switch-02475,single_band
TP-Link,Modem,MB8600,AA:BC:10:00:09:AC,SN-Modem-02476,dual_band
Cisco,Access Point,WAP150,AA:BC:10:00:09:AD,SN-AccessPoint-02477,single_band
D-Link,Other,Generic-Device-C,AA:BC:10:00:09:AE,SN-Other-02478,dual_band
Huawei,ONT,HG8145V5,AA:BC:10:00:09:AF,SN-ONT-02479,single_band
ZTE,ONU,F601,AA:BC:10:00:09:B0,SN-ONU-02480,dual_band
Nokia,Router,AX1800,AA:BC:10:00:09:B1,SN-Router-02481,single_band
TP-Link,Switch,SG108,AA:BC:10:00:09:B2,SN-Switch-02482,dual_band
Cisco,Modem,CM1200,AA:BC:10:00:09:B3,SN-Modem-02483,single_band
D-Link,Access Point,U6-Lite,AA:BC:10:00:09:B4,SN-AccessPoint-02484,dual_band
Huawei,Other,Generic-Device-A,AA:BC:10:00:09:B5,SN-Other-02485,single_band
ZTE,ONT,ZXHN-F680,AA:BC:10:00:09:B6,SN-ONT-02486,dual_band
Nokia,ONU,AN5506-01,AA:BC:10:00:09:B7,SN-ONU-02487,single_band
TP-Link,Router,Archer C6,AA:BC:10:00:09:B8,SN-Router-02488,dual_band
Cisco,Switch,CBS110,AA:BC:10:00:09:B9,SN-Switch-02489,single_band
D-Link,Modem,TC4400,AA:BC:10:00:09:BA,SN-Modem-02490,dual_band
Huawei,Access Point,EAP225,AA:BC:10:00:09:BB,SN-AccessPoint-02491,single_band
ZTE,Other,Generic-Device-B,AA:BC:10:00:09:BC,SN-Other-02492,dual_band
Nokia,ONT,G-2425G-A,AA:BC:10:00:09:BD,SN-ONT-02493,single_band
TP-Link,ONU,G-140W-C,AA:BC:10:00:09:BE,SN-ONU-02494,dual_band
Cisco,Router,RV340,AA:BC:10:00:09:BF,SN-Router-02495,single_band
D-Link,Switch,DGS-1008A,AA:BC:10:00:09:C0,SN-Switch-02496,dual_band
Huawei,Modem,MB8600,AA:BC:10:00:09:C1,SN-Modem-02497,single_band
ZTE,Access Point,WAP150,AA:BC:10:00:09:C2,SN-AccessPoint-02498,dual_band
Nokia,Other,Generic-Device-C,AA:BC:10:00:09:C3,SN-Other-02499,single_band
TP-Link,ONT,HG8145V5,AA:BC:10:00:09:C4,SN-ONT-02500,dual_band
Cisco,ONU,F601,AA:BC:10:00:09:C5,SN-ONU-02501,single_band
D-Link,Router,AX1800,AA:BC:10:00:09:C6,SN-Router-02502,dual_band
Huawei,Switch,SG108,AA:BC:10:00:09:C7,SN-Switch-02503,single_band
ZTE,Modem,CM1200,AA:BC:10:00:09:C8,SN-Modem-02504,dual_band
Nokia,Access Point,U6-Lite,AA:BC:10:00:09:C9,SN-AccessPoint-02505,single_band
TP-Link,Other,Generic-Device-A,AA:BC:10:00:09:CA,SN-Other-02506,dual_band
Cisco,ONT,ZXHN-F680,AA:BC:10:00:09:CB,SN-ONT-02507,single_band
D-Link,ONU,AN5506-01,AA:BC:10:00:09:CC,SN-ONU-02508,dual_band
Huawei,Router,Archer C6,AA:BC:10:00:09:CD,SN-Router-02509,single_band
ZTE,Switch,CBS110,AA:BC:10:00:09:CE,SN-Switch-02510,dual_band
Nokia,Modem,TC4400,AA:BC:10:00:09:CF,SN-Modem-02511,single_band
TP-Link,Access Point,EAP225,AA:BC:10:00:09:D0,SN-AccessPoint-02512,dual_band
Cisco,Other,Generic-Device-B,AA:BC:10:00:09:D1,SN-Other-02513,single_band
D-Link,ONT,G-2425G-A,AA:BC:10:00:09:D2,SN-ONT-02514,dual_band
Huawei,ONU,G-140W-C,AA:BC:10:00:09:D3,SN-ONU-02515,single_band
ZTE,Router,RV340,AA:BC:10:00:09:D4,SN-Router-02516,dual_band
Nokia,Switch,DGS-1008A,AA:BC:10:00:09:D5,SN-Switch-02517,single_band
TP-Link,Modem,MB8600,AA:BC:10:00:09:D6,SN-Modem-02518,dual_band
Cisco,Access Point,WAP150,AA:BC:10:00:09:D7,SN-AccessPoint-02519,single_band
D-Link,Other,Generic-Device-C,AA:BC:10:00:09:D8,SN-Other-02520,dual_band
Huawei,ONT,HG8145V5,AA:BC:10:00:09:D9,SN-ONT-02521,single_band
ZTE,ONU,F601,AA:BC:10:00:09:DA,SN-ONU-02522,dual_band
Nokia,Router,AX1800,AA:BC:10:00:09:DB,SN-Router-02523,single_band
TP-Link,Switch,SG108,AA:BC:10:00:09:DC,SN-Switch-02524,dual_band
Cisco,Modem,CM1200,AA:BC:10:00:09:DD,SN-Modem-02525,single_band
D-Link,Access Point,U6-Lite,AA:BC:10:00:09:DE,SN-AccessPoint-02526,dual_band
Huawei,Other,Generic-Device-A,AA:BC:10:00:09:DF,SN-Other-02527,single_band
ZTE,ONT,ZXHN-F680,AA:BC:10:00:09:E0,SN-ONT-02528,dual_band
Nokia,ONU,AN5506-01,AA:BC:10:00:09:E1,SN-ONU-02529,single_band
TP-Link,Router,Archer C6,AA:BC:10:00:09:E2,SN-Router-02530,dual_band
Cisco,Switch,CBS110,AA:BC:10:00:09:E3,SN-Switch-02531,single_band
D-Link,Modem,TC4400,AA:BC:10:00:09:E4,SN-Modem-02532,dual_band
Huawei,Access Point,EAP225,AA:BC:10:00:09:E5,SN-AccessPoint-02533,single_band
ZTE,Other,Generic-Device-B,AA:BC:10:00:09:E6,SN-Other-02534,dual_band
Nokia,ONT,G-2425G-A,AA:BC:10:00:09:E7,SN-ONT-02535,single_band
TP-Link,ONU,G-140W-C,AA:BC:10:00:09:E8,SN-ONU-02536,dual_band
Cisco,Router,RV340,AA:BC:10:00:09:E9,SN-Router-02537,single_band
D-Link,Switch,DGS-1008A,AA:BC:10:00:09:EA,SN-Switch-02538,dual_band
Huawei,Modem,MB8600,AA:BC:10:00:09:EB,SN-Modem-02539,single_band
ZTE,Access Point,WAP150,AA:BC:10:00:09:EC,SN-AccessPoint-02540,dual_band
Nokia,Other,Generic-Device-C,AA:BC:10:00:09:ED,SN-Other-02541,single_band
TP-Link,ONT,HG8145V5,AA:BC:10:00:09:EE,SN-ONT-02542,dual_band
Cisco,ONU,F601,AA:BC:10:00:09:EF,SN-ONU-02543,single_band
D-Link,Router,AX1800,AA:BC:10:00:09:F0,SN-Router-02544,dual_band
Huawei,Switch,SG108,AA:BC:10:00:09:F1,SN-Switch-02545,single_band
ZTE,Modem,CM1200,AA:BC:10:00:09:F2,SN-Modem-02546,dual_band
Nokia,Access Point,U6-Lite,AA:BC:10:00:09:F3,SN-AccessPoint-02547,single_band
TP-Link,Other,Generic-Device-A,AA:BC:10:00:09:F4,SN-Other-02548,dual_band
Cisco,ONT,ZXHN-F680,AA:BC:10:00:09:F5,SN-ONT-02549,single_band
D-Link,ONU,AN5506-01,AA:BC:10:00:09:F6,SN-ONU-02550,dual_band
Huawei,Router,Archer C6,AA:BC:10:00:09:F7,SN-Router-02551,single_band
ZTE,Switch,CBS110,AA:BC:10:00:09:F8,SN-Switch-02552,dual_band
Nokia,Modem,TC4400,AA:BC:10:00:09:F9,SN-Modem-02553,single_band
TP-Link,Access Point,EAP225,AA:BC:10:00:09:FA,SN-AccessPoint-02554,dual_band
Cisco,Other,Generic-Device-B,AA:BC:10:00:09:FB,SN-Other-02555,single_band
D-Link,ONT,G-2425G-A,AA:BC:10:00:09:FC,SN-ONT-02556,dual_band
Huawei,ONU,G-140W-C,AA:BC:10:00:09:FD,SN-ONU-02557,single_band
ZTE,Router,RV340,AA:BC:10:00:09:FE,SN-Router-02558,dual_band
Nokia,Switch,DGS-1008A,AA:BC:10:00:09:FF,SN-Switch-02559,single_band
TP-Link,Modem,MB8600,AA:BC:10:00:0A:00,SN-Modem-02560,dual_band
Cisco,Access Point,WAP150,AA:BC:10:00:0A:01,SN-AccessPoint-02561,single_band
D-Link,Other,Generic-Device-C,AA:BC:10:00:0A:02,SN-Other-02562,dual_band
Huawei,ONT,HG8145V5,AA:BC:10:00:0A:03,SN-ONT-02563,single_band
ZTE,ONU,F601,AA:BC:10:00:0A:04,SN-ONU-02564,dual_band
Nokia,Router,AX1800,AA:BC:10:00:0A:05,SN-Router-02565,single_band
TP-Link,Switch,SG108,AA:BC:10:00:0A:06,SN-Switch-02566,dual_band
Cisco,Modem,CM1200,AA:BC:10:00:0A:07,SN-Modem-02567,single_band
D-Link,Access Point,U6-Lite,AA:BC:10:00:0A:08,SN-AccessPoint-02568,dual_band
Huawei,Other,Generic-Device-A,AA:BC:10:00:0A:09,SN-Other-02569,single_band
ZTE,ONT,ZXHN-F680,AA:BC:10:00:0A:0A,SN-ONT-02570,dual_band
Nokia,ONU,AN5506-01,AA:BC:10:00:0A:0B,SN-ONU-02571,single_band
TP-Link,Router,Archer C6,AA:BC:10:00:0A:0C,SN-Router-02572,dual_band
Cisco,Switch,CBS110,AA:BC:10:00:0A:0D,SN-Switch-02573,single_band
D-Link,Modem,TC4400,AA:BC:10:00:0A:0E,SN-Modem-02574,dual_band
Huawei,Access Point,EAP225,AA:BC:10:00:0A:0F,SN-AccessPoint-02575,single_band
ZTE,Other,Generic-Device-B,AA:BC:10:00:0A:10,SN-Other-02576,dual_band
Nokia,ONT,G-2425G-A,AA:BC:10:00:0A:11,SN-ONT-02577,single_band
TP-Link,ONU,G-140W-C,AA:BC:10:00:0A:12,SN-ONU-02578,dual_band
Cisco,Router,RV340,AA:BC:10:00:0A:13,SN-Router-02579,single_band
D-Link,Switch,DGS-1008A,AA:BC:10:00:0A:14,SN-Switch-02580,dual_band
Huawei,Modem,MB8600,AA:BC:10:00:0A:15,SN-Modem-02581,single_band
ZTE,Access Point,WAP150,AA:BC:10:00:0A:16,SN-AccessPoint-02582,dual_band
Nokia,Other,Generic-Device-C,AA:BC:10:00:0A:17,SN-Other-02583,single_band
TP-Link,ONT,HG8145V5,AA:BC:10:00:0A:18,SN-ONT-02584,dual_band
Cisco,ONU,F601,AA:BC:10:00:0A:19,SN-ONU-02585,single_band
D-Link,Router,AX1800,AA:BC:10:00:0A:1A,SN-Router-02586,dual_band
Huawei,Switch,SG108,AA:BC:10:00:0A:1B,SN-Switch-02587,single_band
ZTE,Modem,CM1200,AA:BC:10:00:0A:1C,SN-Modem-02588,dual_band
Nokia,Access Point,U6-Lite,AA:BC:10:00:0A:1D,SN-AccessPoint-02589,single_band
TP-Link,Other,Generic-Device-A,AA:BC:10:00:0A:1E,SN-Other-02590,dual_band
Cisco,ONT,ZXHN-F680,AA:BC:10:00:0A:1F,SN-ONT-02591,single_band
D-Link,ONU,AN5506-01,AA:BC:10:00:0A:20,SN-ONU-02592,dual_band
Huawei,Router,Archer C6,AA:BC:10:00:0A:21,SN-Router-02593,single_band
ZTE,Switch,CBS110,AA:BC:10:00:0A:22,SN-Switch-02594,dual_band
Nokia,Modem,TC4400,AA:BC:10:00:0A:23,SN-Modem-02595,single_band
TP-Link,Access Point,EAP225,AA:BC:10:00:0A:24,SN-AccessPoint-02596,dual_band
Cisco,Other,Generic-Device-B,AA:BC:10:00:0A:25,SN-Other-02597,single_band
D-Link,ONT,G-2425G-A,AA:BC:10:00:0A:26,SN-ONT-02598,dual_band
Huawei,ONU,G-140W-C,AA:BC:10:00:0A:27,SN-ONU-02599,single_band
ZTE,Router,RV340,AA:BC:10:00:0A:28,SN-Router-02600,dual_band
Nokia,Switch,DGS-1008A,AA:BC:10:00:0A:29,SN-Switch-02601,single_band
TP-Link,Modem,MB8600,AA:BC:10:00:0A:2A,SN-Modem-02602,dual_band
Cisco,Access Point,WAP150,AA:BC:10:00:0A:2B,SN-AccessPoint-02603,single_band
D-Link,Other,Generic-Device-C,AA:BC:10:00:0A:2C,SN-Other-02604,dual_band
Huawei,ONT,HG8145V5,AA:BC:10:00:0A:2D,SN-ONT-02605,single_band
ZTE,ONU,F601,AA:BC:10:00:0A:2E,SN-ONU-02606,dual_band
Nokia,Router,AX1800,AA:BC:10:00:0A:2F,SN-Router-02607,single_band
TP-Link,Switch,SG108,AA:BC:10:00:0A:30,SN-Switch-02608,dual_band
Cisco,Modem,CM1200,AA:BC:10:00:0A:31,SN-Modem-02609,single_band
D-Link,Access Point,U6-Lite,AA:BC:10:00:0A:32,SN-AccessPoint-02610,dual_band
Huawei,Other,Generic-Device-A,AA:BC:10:00:0A:33,SN-Other-02611,single_band
ZTE,ONT,ZXHN-F680,AA:BC:10:00:0A:34,SN-ONT-02612,dual_band
Nokia,ONU,AN5506-01,AA:BC:10:00:0A:35,SN-ONU-02613,single_band
TP-Link,Router,Archer C6,AA:BC:10:00:0A:36,SN-Router-02614,dual_band
Cisco,Switch,CBS110,AA:BC:10:00:0A:37,SN-Switch-02615,single_band
D-Link,Modem,TC4400,AA:BC:10:00:0A:38,SN-Modem-02616,dual_band
Huawei,Access Point,EAP225,AA:BC:10:00:0A:39,SN-AccessPoint-02617,single_band
ZTE,Other,Generic-Device-B,AA:BC:10:00:0A:3A,SN-Other-02618,dual_band
Nokia,ONT,G-2425G-A,AA:BC:10:00:0A:3B,SN-ONT-02619,single_band
TP-Link,ONU,G-140W-C,AA:BC:10:00:0A:3C,SN-ONU-02620,dual_band
Cisco,Router,RV340,AA:BC:10:00:0A:3D,SN-Router-02621,single_band
D-Link,Switch,DGS-1008A,AA:BC:10:00:0A:3E,SN-Switch-02622,dual_band
Huawei,Modem,MB8600,AA:BC:10:00:0A:3F,SN-Modem-02623,single_band
ZTE,Access Point,WAP150,AA:BC:10:00:0A:40,SN-AccessPoint-02624,dual_band
Nokia,Other,Generic-Device-C,AA:BC:10:00:0A:41,SN-Other-02625,single_band
TP-Link,ONT,HG8145V5,AA:BC:10:00:0A:42,SN-ONT-02626,dual_band
Cisco,ONU,F601,AA:BC:10:00:0A:43,SN-ONU-02627,single_band
D-Link,Router,AX1800,AA:BC:10:00:0A:44,SN-Router-02628,dual_band
Huawei,Switch,SG108,AA:BC:10:00:0A:45,SN-Switch-02629,single_band
ZTE,Modem,CM1200,AA:BC:10:00:0A:46,SN-Modem-02630,dual_band
Nokia,Access Point,U6-Lite,AA:BC:10:00:0A:47,SN-AccessPoint-02631,single_band
TP-Link,Other,Generic-Device-A,AA:BC:10:00:0A:48,SN-Other-02632,dual_band
Cisco,ONT,ZXHN-F680,AA:BC:10:00:0A:49,SN-ONT-02633,single_band
D-Link,ONU,AN5506-01,AA:BC:10:00:0A:4A,SN-ONU-02634,dual_band
Huawei,Router,Archer C6,AA:BC:10:00:0A:4B,SN-Router-02635,single_band
ZTE,Switch,CBS110,AA:BC:10:00:0A:4C,SN-Switch-02636,dual_band
Nokia,Modem,TC4400,AA:BC:10:00:0A:4D,SN-Modem-02637,single_band
TP-Link,Access Point,EAP225,AA:BC:10:00:0A:4E,SN-AccessPoint-02638,dual_band
Cisco,Other,Generic-Device-B,AA:BC:10:00:0A:4F,SN-Other-02639,single_band
D-Link,ONT,G-2425G-A,AA:BC:10:00:0A:50,SN-ONT-02640,dual_band
Huawei,ONU,G-140W-C,AA:BC:10:00:0A:51,SN-ONU-02641,single_band
ZTE,Router,RV340,AA:BC:10:00:0A:52,SN-Router-02642,dual_band
Nokia,Switch,DGS-1008A,AA:BC:10:00:0A:53,SN-Switch-02643,single_band
TP-Link,Modem,MB8600,AA:BC:10:00:0A:54,SN-Modem-02644,dual_band
Cisco,Access Point,WAP150,AA:BC:10:00:0A:55,SN-AccessPoint-02645,single_band
D-Link,Other,Generic-Device-C,AA:BC:10:00:0A:56,SN-Other-02646,dual_band
Huawei,ONT,HG8145V5,AA:BC:10:00:0A:57,SN-ONT-02647,single_band
ZTE,ONU,F601,AA:BC:10:00:0A:58,SN-ONU-02648,dual_band
Nokia,Router,AX1800,AA:BC:10:00:0A:59,SN-Router-02649,single_band
TP-Link,Switch,SG108,AA:BC:10:00:0A:5A,SN-Switch-02650,dual_band
Cisco,Modem,CM1200,AA:BC:10:00:0A:5B,SN-Modem-02651,single_band
D-Link,Access Point,U6-Lite,AA:BC:10:00:0A:5C,SN-AccessPoint-02652,dual_band
Huawei,Other,Generic-Device-A,AA:BC:10:00:0A:5D,SN-Other-02653,single_band
ZTE,ONT,ZXHN-F680,AA:BC:10:00:0A:5E,SN-ONT-02654,dual_band
Nokia,ONU,AN5506-01,AA:BC:10:00:0A:5F,SN-ONU-02655,single_band
TP-Link,Router,Archer C6,AA:BC:10:00:0A:60,SN-Router-02656,dual_band
Cisco,Switch,CBS110,AA:BC:10:00:0A:61,SN-Switch-02657,single_band
D-Link,Modem,TC4400,AA:BC:10:00:0A:62,SN-Modem-02658,dual_band
Huawei,Access Point,EAP225,AA:BC:10:00:0A:63,SN-AccessPoint-02659,single_band
ZTE,Other,Generic-Device-B,AA:BC:10:00:0A:64,SN-Other-02660,dual_band
Nokia,ONT,G-2425G-A,AA:BC:10:00:0A:65,SN-ONT-02661,single_band
TP-Link,ONU,G-140W-C,AA:BC:10:00:0A:66,SN-ONU-02662,dual_band
Cisco,Router,RV340,AA:BC:10:00:0A:67,SN-Router-02663,single_band
D-Link,Switch,DGS-1008A,AA:BC:10:00:0A:68,SN-Switch-02664,dual_band
Huawei,Modem,MB8600,AA:BC:10:00:0A:69,SN-Modem-02665,single_band
ZTE,Access Point,WAP150,AA:BC:10:00:0A:6A,SN-AccessPoint-02666,dual_band
Nokia,Other,Generic-Device-C,AA:BC:10:00:0A:6B,SN-Other-02667,single_band
TP-Link,ONT,HG8145V5,AA:BC:10:00:0A:6C,SN-ONT-02668,dual_band
Cisco,ONU,F601,AA:BC:10:00:0A:6D,SN-ONU-02669,single_band
D-Link,Router,AX1800,AA:BC:10:00:0A:6E,SN-Router-02670,dual_band
Huawei,Switch,SG108,AA:BC:10:00:0A:6F,SN-Switch-02671,single_band
ZTE,Modem,CM1200,AA:BC:10:00:0A:70,SN-Modem-02672,dual_band
Nokia,Access Point,U6-Lite,AA:BC:10:00:0A:71,SN-AccessPoint-02673,single_band
TP-Link,Other,Generic-Device-A,AA:BC:10:00:0A:72,SN-Other-02674,dual_band
Cisco,ONT,ZXHN-F680,AA:BC:10:00:0A:73,SN-ONT-02675,single_band
D-Link,ONU,AN5506-01,AA:BC:10:00:0A:74,SN-ONU-02676,dual_band
Huawei,Router,Archer C6,AA:BC:10:00:0A:75,SN-Router-02677,single_band
ZTE,Switch,CBS110,AA:BC:10:00:0A:76,SN-Switch-02678,dual_band
Nokia,Modem,TC4400,AA:BC:10:00:0A:77,SN-Modem-02679,single_band
TP-Link,Access Point,EAP225,AA:BC:10:00:0A:78,SN-AccessPoint-02680,dual_band
Cisco,Other,Generic-Device-B,AA:BC:10:00:0A:79,SN-Other-02681,single_band
D-Link,ONT,G-2425G-A,AA:BC:10:00:0A:7A,SN-ONT-02682,dual_band
Huawei,ONU,G-140W-C,AA:BC:10:00:0A:7B,SN-ONU-02683,single_band
ZTE,Router,RV340,AA:BC:10:00:0A:7C,SN-Router-02684,dual_band
Nokia,Switch,DGS-1008A,AA:BC:10:00:0A:7D,SN-Switch-02685,single_band
TP-Link,Modem,MB8600,AA:BC:10:00:0A:7E,SN-Modem-02686,dual_band
Cisco,Access Point,WAP150,AA:BC:10:00:0A:7F,SN-AccessPoint-02687,single_band
D-Link,Other,Generic-Device-C,AA:BC:10:00:0A:80,SN-Other-02688,dual_band
Huawei,ONT,HG8145V5,AA:BC:10:00:0A:81,SN-ONT-02689,single_band
ZTE,ONU,F601,AA:BC:10:00:0A:82,SN-ONU-02690,dual_band
Nokia,Router,AX1800,AA:BC:10:00:0A:83,SN-Router-02691,single_band
TP-Link,Switch,SG108,AA:BC:10:00:0A:84,SN-Switch-02692,dual_band
Cisco,Modem,CM1200,AA:BC:10:00:0A:85,SN-Modem-02693,single_band
D-Link,Access Point,U6-Lite,AA:BC:10:00:0A:86,SN-AccessPoint-02694,dual_band
Huawei,Other,Generic-Device-A,AA:BC:10:00:0A:87,SN-Other-02695,single_band
ZTE,ONT,ZXHN-F680,AA:BC:10:00:0A:88,SN-ONT-02696,dual_band
Nokia,ONU,AN5506-01,AA:BC:10:00:0A:89,SN-ONU-02697,single_band
TP-Link,Router,Archer C6,AA:BC:10:00:0A:8A,SN-Router-02698,dual_band
Cisco,Switch,CBS110,AA:BC:10:00:0A:8B,SN-Switch-02699,single_band
D-Link,Modem,TC4400,AA:BC:10:00:0A:8C,SN-Modem-02700,dual_band
Huawei,Access Point,EAP225,AA:BC:10:00:0A:8D,SN-AccessPoint-02701,single_band
ZTE,Other,Generic-Device-B,AA:BC:10:00:0A:8E,SN-Other-02702,dual_band
Nokia,ONT,G-2425G-A,AA:BC:10:00:0A:8F,SN-ONT-02703,single_band
TP-Link,ONU,G-140W-C,AA:BC:10:00:0A:90,SN-ONU-02704,dual_band
Cisco,Router,RV340,AA:BC:10:00:0A:91,SN-Router-02705,single_band
D-Link,Switch,DGS-1008A,AA:BC:10:00:0A:92,SN-Switch-02706,dual_band
Huawei,Modem,MB8600,AA:BC:10:00:0A:93,SN-Modem-02707,single_band
ZTE,Access Point,WAP150,AA:BC:10:00:0A:94,SN-AccessPoint-02708,dual_band
Nokia,Other,Generic-Device-C,AA:BC:10:00:0A:95,SN-Other-02709,single_band
TP-Link,ONT,HG8145V5,AA:BC:10:00:0A:96,SN-ONT-02710,dual_band
Cisco,ONU,F601,AA:BC:10:00:0A:97,SN-ONU-02711,single_band
D-Link,Router,AX1800,AA:BC:10:00:0A:98,SN-Router-02712,dual_band
Huawei,Switch,SG108,AA:BC:10:00:0A:99,SN-Switch-02713,single_band
ZTE,Modem,CM1200,AA:BC:10:00:0A:9A,SN-Modem-02714,dual_band
Nokia,Access Point,U6-Lite,AA:BC:10:00:0A:9B,SN-AccessPoint-02715,single_band
TP-Link,Other,Generic-Device-A,AA:BC:10:00:0A:9C,SN-Other-02716,dual_band
Cisco,ONT,ZXHN-F680,AA:BC:10:00:0A:9D,SN-ONT-02717,single_band
D-Link,ONU,AN5506-01,AA:BC:10:00:0A:9E,SN-ONU-02718,dual_band
Huawei,Router,Archer C6,AA:BC:10:00:0A:9F,SN-Router-02719,single_band
ZTE,Switch,CBS110,AA:BC:10:00:0A:A0,SN-Switch-02720,dual_band
Nokia,Modem,TC4400,AA:BC:10:00:0A:A1,SN-Modem-02721,single_band
TP-Link,Access Point,EAP225,AA:BC:10:00:0A:A2,SN-AccessPoint-02722,dual_band
Cisco,Other,Generic-Device-B,AA:BC:10:00:0A:A3,SN-Other-02723,single_band
D-Link,ONT,G-2425G-A,AA:BC:10:00:0A:A4,SN-ONT-02724,dual_band
Huawei,ONU,G-140W-C,AA:BC:10:00:0A:A5,SN-ONU-02725,single_band
ZTE,Router,RV340,AA:BC:10:00:0A:A6,SN-Router-02726,dual_band
Nokia,Switch,DGS-1008A,AA:BC:10:00:0A:A7,SN-Switch-02727,single_band
TP-Link,Modem,MB8600,AA:BC:10:00:0A:A8,SN-Modem-02728,dual_band
Cisco,Access Point,WAP150,AA:BC:10:00:0A:A9,SN-AccessPoint-02729,single_band
D-Link,Other,Generic-Device-C,AA:BC:10:00:0A:AA,SN-Other-02730,dual_band
Huawei,ONT,HG8145V5,AA:BC:10:00:0A:AB,SN-ONT-02731,single_band
ZTE,ONU,F601,AA:BC:10:00:0A:AC,SN-ONU-02732,dual_band
Nokia,Router,AX1800,AA:BC:10:00:0A:AD,SN-Router-02733,single_band
TP-Link,Switch,SG108,AA:BC:10:00:0A:AE,SN-Switch-02734,dual_band
Cisco,Modem,CM1200,AA:BC:10:00:0A:AF,SN-Modem-02735,single_band
D-Link,Access Point,U6-Lite,AA:BC:10:00:0A:B0,SN-AccessPoint-02736,dual_band
Huawei,Other,Generic-Device-A,AA:BC:10:00:0A:B1,SN-Other-02737,single_band
ZTE,ONT,ZXHN-F680,AA:BC:10:00:0A:B2,SN-ONT-02738,dual_band
Nokia,ONU,AN5506-01,AA:BC:10:00:0A:B3,SN-ONU-02739,single_band
TP-Link,Router,Archer C6,AA:BC:10:00:0A:B4,SN-Router-02740,dual_band
Cisco,Switch,CBS110,AA:BC:10:00:0A:B5,SN-Switch-02741,single_band
D-Link,Modem,TC4400,AA:BC:10:00:0A:B6,SN-Modem-02742,dual_band
Huawei,Access Point,EAP225,AA:BC:10:00:0A:B7,SN-AccessPoint-02743,single_band
ZTE,Other,Generic-Device-B,AA:BC:10:00:0A:B8,SN-Other-02744,dual_band
Nokia,ONT,G-2425G-A,AA:BC:10:00:0A:B9,SN-ONT-02745,single_band
TP-Link,ONU,G-140W-C,AA:BC:10:00:0A:BA,SN-ONU-02746,dual_band
Cisco,Router,RV340,AA:BC:10:00:0A:BB,SN-Router-02747,single_band
D-Link,Switch,DGS-1008A,AA:BC:10:00:0A:BC,SN-Switch-02748,dual_band
Huawei,Modem,MB8600,AA:BC:10:00:0A:BD,SN-Modem-02749,single_band
ZTE,Access Point,WAP150,AA:BC:10:00:0A:BE,SN-AccessPoint-02750,dual_band
Nokia,Other,Generic-Device-C,AA:BC:10:00:0A:BF,SN-Other-02751,single_band
TP-Link,ONT,HG8145V5,AA:BC:10:00:0A:C0,SN-ONT-02752,dual_band
Cisco,ONU,F601,AA:BC:10:00:0A:C1,SN-ONU-02753,single_band
D-Link,Router,AX1800,AA:BC:10:00:0A:C2,SN-Router-02754,dual_band
Huawei,Switch,SG108,AA:BC:10:00:0A:C3,SN-Switch-02755,single_band
ZTE,Modem,CM1200,AA:BC:10:00:0A:C4,SN-Modem-02756,dual_band
Nokia,Access Point,U6-Lite,AA:BC:10:00:0A:C5,SN-AccessPoint-02757,single_band
TP-Link,Other,Generic-Device-A,AA:BC:10:00:0A:C6,SN-Other-02758,dual_band
Cisco,ONT,ZXHN-F680,AA:BC:10:00:0A:C7,SN-ONT-02759,single_band
D-Link,ONU,AN5506-01,AA:BC:10:00:0A:C8,SN-ONU-02760,dual_band
Huawei,Router,Archer C6,AA:BC:10:00:0A:C9,SN-Router-02761,single_band
ZTE,Switch,CBS110,AA:BC:10:00:0A:CA,SN-Switch-02762,dual_band
Nokia,Modem,TC4400,AA:BC:10:00:0A:CB,SN-Modem-02763,single_band
TP-Link,Access Point,EAP225,AA:BC:10:00:0A:CC,SN-AccessPoint-02764,dual_band
Cisco,Other,Generic-Device-B,AA:BC:10:00:0A:CD,SN-Other-02765,single_band
D-Link,ONT,G-2425G-A,AA:BC:10:00:0A:CE,SN-ONT-02766,dual_band
Huawei,ONU,G-140W-C,AA:BC:10:00:0A:CF,SN-ONU-02767,single_band
ZTE,Router,RV340,AA:BC:10:00:0A:D0,SN-Router-02768,dual_band
Nokia,Switch,DGS-1008A,AA:BC:10:00:0A:D1,SN-Switch-02769,single_band
TP-Link,Modem,MB8600,AA:BC:10:00:0A:D2,SN-Modem-02770,dual_band
Cisco,Access Point,WAP150,AA:BC:10:00:0A:D3,SN-AccessPoint-02771,single_band
D-Link,Other,Generic-Device-C,AA:BC:10:00:0A:D4,SN-Other-02772,dual_band
Huawei,ONT,HG8145V5,AA:BC:10:00:0A:D5,SN-ONT-02773,single_band
ZTE,ONU,F601,AA:BC:10:00:0A:D6,SN-ONU-02774,dual_band
Nokia,Router,AX1800,AA:BC:10:00:0A:D7,SN-Router-02775,single_band
TP-Link,Switch,SG108,AA:BC:10:00:0A:D8,SN-Switch-02776,dual_band
Cisco,Modem,CM1200,AA:BC:10:00:0A:D9,SN-Modem-02777,single_band
D-Link,Access Point,U6-Lite,AA:BC:10:00:0A:DA,SN-AccessPoint-02778,dual_band
Huawei,Other,Generic-Device-A,AA:BC:10:00:0A:DB,SN-Other-02779,single_band
ZTE,ONT,ZXHN-F680,AA:BC:10:00:0A:DC,SN-ONT-02780,dual_band
Nokia,ONU,AN5506-01,AA:BC:10:00:0A:DD,SN-ONU-02781,single_band
TP-Link,Router,Archer C6,AA:BC:10:00:0A:DE,SN-Router-02782,dual_band
Cisco,Switch,CBS110,AA:BC:10:00:0A:DF,SN-Switch-02783,single_band
D-Link,Modem,TC4400,AA:BC:10:00:0A:E0,SN-Modem-02784,dual_band
Huawei,Access Point,EAP225,AA:BC:10:00:0A:E1,SN-AccessPoint-02785,single_band
ZTE,Other,Generic-Device-B,AA:BC:10:00:0A:E2,SN-Other-02786,dual_band
Nokia,ONT,G-2425G-A,AA:BC:10:00:0A:E3,SN-ONT-02787,single_band
TP-Link,ONU,G-140W-C,AA:BC:10:00:0A:E4,SN-ONU-02788,dual_band
Cisco,Router,RV340,AA:BC:10:00:0A:E5,SN-Router-02789,single_band
D-Link,Switch,DGS-1008A,AA:BC:10:00:0A:E6,SN-Switch-02790,dual_band
Huawei,Modem,MB8600,AA:BC:10:00:0A:E7,SN-Modem-02791,single_band
ZTE,Access Point,WAP150,AA:BC:10:00:0A:E8,SN-AccessPoint-02792,dual_band
Nokia,Other,Generic-Device-C,AA:BC:10:00:0A:E9,SN-Other-02793,single_band
TP-Link,ONT,HG8145V5,AA:BC:10:00:0A:EA,SN-ONT-02794,dual_band
Cisco,ONU,F601,AA:BC:10:00:0A:EB,SN-ONU-02795,single_band
D-Link,Router,AX1800,AA:BC:10:00:0A:EC,SN-Router-02796,dual_band
Huawei,Switch,SG108,AA:BC:10:00:0A:ED,SN-Switch-02797,single_band
ZTE,Modem,CM1200,AA:BC:10:00:0A:EE,SN-Modem-02798,dual_band
Nokia,Access Point,U6-Lite,AA:BC:10:00:0A:EF,SN-AccessPoint-02799,single_band
TP-Link,Other,Generic-Device-A,AA:BC:10:00:0A:F0,SN-Other-02800,dual_band
Cisco,ONT,ZXHN-F680,AA:BC:10:00:0A:F1,SN-ONT-02801,single_band
D-Link,ONU,AN5506-01,AA:BC:10:00:0A:F2,SN-ONU-02802,dual_band
Huawei,Router,Archer C6,AA:BC:10:00:0A:F3,SN-Router-02803,single_band
ZTE,Switch,CBS110,AA:BC:10:00:0A:F4,SN-Switch-02804,dual_band
Nokia,Modem,TC4400,AA:BC:10:00:0A:F5,SN-Modem-02805,single_band
TP-Link,Access Point,EAP225,AA:BC:10:00:0A:F6,SN-AccessPoint-02806,dual_band
Cisco,Other,Generic-Device-B,AA:BC:10:00:0A:F7,SN-Other-02807,single_band
D-Link,ONT,G-2425G-A,AA:BC:10:00:0A:F8,SN-ONT-02808,dual_band
Huawei,ONU,G-140W-C,AA:BC:10:00:0A:F9,SN-ONU-02809,single_band
ZTE,Router,RV340,AA:BC:10:00:0A:FA,SN-Router-02810,dual_band
Nokia,Switch,DGS-1008A,AA:BC:10:00:0A:FB,SN-Switch-02811,single_band
TP-Link,Modem,MB8600,AA:BC:10:00:0A:FC,SN-Modem-02812,dual_band
Cisco,Access Point,WAP150,AA:BC:10:00:0A:FD,SN-AccessPoint-02813,single_band
D-Link,Other,Generic-Device-C,AA:BC:10:00:0A:FE,SN-Other-02814,dual_band
Huawei,ONT,HG8145V5,AA:BC:10:00:0A:FF,SN-ONT-02815,single_band
ZTE,ONU,F601,AA:BC:10:00:0B:00,SN-ONU-02816,dual_band
Nokia,Router,AX1800,AA:BC:10:00:0B:01,SN-Router-02817,single_band
TP-Link,Switch,SG108,AA:BC:10:00:0B:02,SN-Switch-02818,dual_band
Cisco,Modem,CM1200,AA:BC:10:00:0B:03,SN-Modem-02819,single_band
D-Link,Access Point,U6-Lite,AA:BC:10:00:0B:04,SN-AccessPoint-02820,dual_band
Huawei,Other,Generic-Device-A,AA:BC:10:00:0B:05,SN-Other-02821,single_band
ZTE,ONT,ZXHN-F680,AA:BC:10:00:0B:06,SN-ONT-02822,dual_band
Nokia,ONU,AN5506-01,AA:BC:10:00:0B:07,SN-ONU-02823,single_band
TP-Link,Router,Archer C6,AA:BC:10:00:0B:08,SN-Router-02824,dual_band
Cisco,Switch,CBS110,AA:BC:10:00:0B:09,SN-Switch-02825,single_band
D-Link,Modem,TC4400,AA:BC:10:00:0B:0A,SN-Modem-02826,dual_band
Huawei,Access Point,EAP225,AA:BC:10:00:0B:0B,SN-AccessPoint-02827,single_band
ZTE,Other,Generic-Device-B,AA:BC:10:00:0B:0C,SN-Other-02828,dual_band
Nokia,ONT,G-2425G-A,AA:BC:10:00:0B:0D,SN-ONT-02829,single_band
TP-Link,ONU,G-140W-C,AA:BC:10:00:0B:0E,SN-ONU-02830,dual_band
Cisco,Router,RV340,AA:BC:10:00:0B:0F,SN-Router-02831,single_band
D-Link,Switch,DGS-1008A,AA:BC:10:00:0B:10,SN-Switch-02832,dual_band
Huawei,Modem,MB8600,AA:BC:10:00:0B:11,SN-Modem-02833,single_band
ZTE,Access Point,WAP150,AA:BC:10:00:0B:12,SN-AccessPoint-02834,dual_band
Nokia,Other,Generic-Device-C,AA:BC:10:00:0B:13,SN-Other-02835,single_band
TP-Link,ONT,HG8145V5,AA:BC:10:00:0B:14,SN-ONT-02836,dual_band
Cisco,ONU,F601,AA:BC:10:00:0B:15,SN-ONU-02837,single_band
D-Link,Router,AX1800,AA:BC:10:00:0B:16,SN-Router-02838,dual_band
Huawei,Switch,SG108,AA:BC:10:00:0B:17,SN-Switch-02839,single_band
ZTE,Modem,CM1200,AA:BC:10:00:0B:18,SN-Modem-02840,dual_band
Nokia,Access Point,U6-Lite,AA:BC:10:00:0B:19,SN-AccessPoint-02841,single_band
TP-Link,Other,Generic-Device-A,AA:BC:10:00:0B:1A,SN-Other-02842,dual_band
Cisco,ONT,ZXHN-F680,AA:BC:10:00:0B:1B,SN-ONT-02843,single_band
D-Link,ONU,AN5506-01,AA:BC:10:00:0B:1C,SN-ONU-02844,dual_band
Huawei,Router,Archer C6,AA:BC:10:00:0B:1D,SN-Router-02845,single_band
ZTE,Switch,CBS110,AA:BC:10:00:0B:1E,SN-Switch-02846,dual_band
Nokia,Modem,TC4400,AA:BC:10:00:0B:1F,SN-Modem-02847,single_band
TP-Link,Access Point,EAP225,AA:BC:10:00:0B:20,SN-AccessPoint-02848,dual_band
Cisco,Other,Generic-Device-B,AA:BC:10:00:0B:21,SN-Other-02849,single_band
D-Link,ONT,G-2425G-A,AA:BC:10:00:0B:22,SN-ONT-02850,dual_band
Huawei,ONU,G-140W-C,AA:BC:10:00:0B:23,SN-ONU-02851,single_band
ZTE,Router,RV340,AA:BC:10:00:0B:24,SN-Router-02852,dual_band
Nokia,Switch,DGS-1008A,AA:BC:10:00:0B:25,SN-Switch-02853,single_band
TP-Link,Modem,MB8600,AA:BC:10:00:0B:26,SN-Modem-02854,dual_band
Cisco,Access Point,WAP150,AA:BC:10:00:0B:27,SN-AccessPoint-02855,single_band
D-Link,Other,Generic-Device-C,AA:BC:10:00:0B:28,SN-Other-02856,dual_band
Huawei,ONT,HG8145V5,AA:BC:10:00:0B:29,SN-ONT-02857,single_band
ZTE,ONU,F601,AA:BC:10:00:0B:2A,SN-ONU-02858,dual_band
Nokia,Router,AX1800,AA:BC:10:00:0B:2B,SN-Router-02859,single_band
TP-Link,Switch,SG108,AA:BC:10:00:0B:2C,SN-Switch-02860,dual_band
Cisco,Modem,CM1200,AA:BC:10:00:0B:2D,SN-Modem-02861,single_band
D-Link,Access Point,U6-Lite,AA:BC:10:00:0B:2E,SN-AccessPoint-02862,dual_band
Huawei,Other,Generic-Device-A,AA:BC:10:00:0B:2F,SN-Other-02863,single_band
ZTE,ONT,ZXHN-F680,AA:BC:10:00:0B:30,SN-ONT-02864,dual_band
Nokia,ONU,AN5506-01,AA:BC:10:00:0B:31,SN-ONU-02865,single_band
TP-Link,Router,Archer C6,AA:BC:10:00:0B:32,SN-Router-02866,dual_band
Cisco,Switch,CBS110,AA:BC:10:00:0B:33,SN-Switch-02867,single_band
D-Link,Modem,TC4400,AA:BC:10:00:0B:34,SN-Modem-02868,dual_band
Huawei,Access Point,EAP225,AA:BC:10:00:0B:35,SN-AccessPoint-02869,single_band
ZTE,Other,Generic-Device-B,AA:BC:10:00:0B:36,SN-Other-02870,dual_band
Nokia,ONT,G-2425G-A,AA:BC:10:00:0B:37,SN-ONT-02871,single_band
TP-Link,ONU,G-140W-C,AA:BC:10:00:0B:38,SN-ONU-02872,dual_band
Cisco,Router,RV340,AA:BC:10:00:0B:39,SN-Router-02873,single_band
D-Link,Switch,DGS-1008A,AA:BC:10:00:0B:3A,SN-Switch-02874,dual_band
Huawei,Modem,MB8600,AA:BC:10:00:0B:3B,SN-Modem-02875,single_band
ZTE,Access Point,WAP150,AA:BC:10:00:0B:3C,SN-AccessPoint-02876,dual_band
Nokia,Other,Generic-Device-C,AA:BC:10:00:0B:3D,SN-Other-02877,single_band
TP-Link,ONT,HG8145V5,AA:BC:10:00:0B:3E,SN-ONT-02878,dual_band
Cisco,ONU,F601,AA:BC:10:00:0B:3F,SN-ONU-02879,single_band
D-Link,Router,AX1800,AA:BC:10:00:0B:40,SN-Router-02880,dual_band
Huawei,Switch,SG108,AA:BC:10:00:0B:41,SN-Switch-02881,single_band
ZTE,Modem,CM1200,AA:BC:10:00:0B:42,SN-Modem-02882,dual_band
Nokia,Access Point,U6-Lite,AA:BC:10:00:0B:43,SN-AccessPoint-02883,single_band
TP-Link,Other,Generic-Device-A,AA:BC:10:00:0B:44,SN-Other-02884,dual_band
Cisco,ONT,ZXHN-F680,AA:BC:10:00:0B:45,SN-ONT-02885,single_band
D-Link,ONU,AN5506-01,AA:BC:10:00:0B:46,SN-ONU-02886,dual_band
Huawei,Router,Archer C6,AA:BC:10:00:0B:47,SN-Router-02887,single_band
ZTE,Switch,CBS110,AA:BC:10:00:0B:48,SN-Switch-02888,dual_band
Nokia,Modem,TC4400,AA:BC:10:00:0B:49,SN-Modem-02889,single_band
TP-Link,Access Point,EAP225,AA:BC:10:00:0B:4A,SN-AccessPoint-02890,dual_band
Cisco,Other,Generic-Device-B,AA:BC:10:00:0B:4B,SN-Other-02891,single_band
D-Link,ONT,G-2425G-A,AA:BC:10:00:0B:4C,SN-ONT-02892,dual_band
Huawei,ONU,G-140W-C,AA:BC:10:00:0B:4D,SN-ONU-02893,single_band
ZTE,Router,RV340,AA:BC:10:00:0B:4E,SN-Router-02894,dual_band
Nokia,Switch,DGS-1008A,AA:BC:10:00:0B:4F,SN-Switch-02895,single_band
TP-Link,Modem,MB8600,AA:BC:10:00:0B:50,SN-Modem-02896,dual_band
Cisco,Access Point,WAP150,AA:BC:10:00:0B:51,SN-AccessPoint-02897,single_band
D-Link,Other,Generic-Device-C,AA:BC:10:00:0B:52,SN-Other-02898,dual_band
Huawei,ONT,HG8145V5,AA:BC:10:00:0B:53,SN-ONT-02899,single_band
ZTE,ONU,F601,AA:BC:10:00:0B:54,SN-ONU-02900,dual_band
Nokia,Router,AX1800,AA:BC:10:00:0B:55,SN-Router-02901,single_band
TP-Link,Switch,SG108,AA:BC:10:00:0B:56,SN-Switch-02902,dual_band
Cisco,Modem,CM1200,AA:BC:10:00:0B:57,SN-Modem-02903,single_band
D-Link,Access Point,U6-Lite,AA:BC:10:00:0B:58,SN-AccessPoint-02904,dual_band
Huawei,Other,Generic-Device-A,AA:BC:10:00:0B:59,SN-Other-02905,single_band
ZTE,ONT,ZXHN-F680,AA:BC:10:00:0B:5A,SN-ONT-02906,dual_band
Nokia,ONU,AN5506-01,AA:BC:10:00:0B:5B,SN-ONU-02907,single_band
TP-Link,Router,Archer C6,AA:BC:10:00:0B:5C,SN-Router-02908,dual_band
Cisco,Switch,CBS110,AA:BC:10:00:0B:5D,SN-Switch-02909,single_band
D-Link,Modem,TC4400,AA:BC:10:00:0B:5E,SN-Modem-02910,dual_band
Huawei,Access Point,EAP225,AA:BC:10:00:0B:5F,SN-AccessPoint-02911,single_band
ZTE,Other,Generic-Device-B,AA:BC:10:00:0B:60,SN-Other-02912,dual_band
Nokia,ONT,G-2425G-A,AA:BC:10:00:0B:61,SN-ONT-02913,single_band
TP-Link,ONU,G-140W-C,AA:BC:10:00:0B:62,SN-ONU-02914,dual_band
Cisco,Router,RV340,AA:BC:10:00:0B:63,SN-Router-02915,single_band
D-Link,Switch,DGS-1008A,AA:BC:10:00:0B:64,SN-Switch-02916,dual_band
Huawei,Modem,MB8600,AA:BC:10:00:0B:65,SN-Modem-02917,single_band
ZTE,Access Point,WAP150,AA:BC:10:00:0B:66,SN-AccessPoint-02918,dual_band
Nokia,Other,Generic-Device-C,AA:BC:10:00:0B:67,SN-Other-02919,single_band
TP-Link,ONT,HG8145V5,AA:BC:10:00:0B:68,SN-ONT-02920,dual_band
Cisco,ONU,F601,AA:BC:10:00:0B:69,SN-ONU-02921,single_band
D-Link,Router,AX1800,AA:BC:10:00:0B:6A,SN-Router-02922,dual_band
Huawei,Switch,SG108,AA:BC:10:00:0B:6B,SN-Switch-02923,single_band
ZTE,Modem,CM1200,AA:BC:10:00:0B:6C,SN-Modem-02924,dual_band
Nokia,Access Point,U6-Lite,AA:BC:10:00:0B:6D,SN-AccessPoint-02925,single_band
TP-Link,Other,Generic-Device-A,AA:BC:10:00:0B:6E,SN-Other-02926,dual_band
Cisco,ONT,ZXHN-F680,AA:BC:10:00:0B:6F,SN-ONT-02927,single_band
D-Link,ONU,AN5506-01,AA:BC:10:00:0B:70,SN-ONU-02928,dual_band
Huawei,Router,Archer C6,AA:BC:10:00:0B:71,SN-Router-02929,single_band
ZTE,Switch,CBS110,AA:BC:10:00:0B:72,SN-Switch-02930,dual_band
Nokia,Modem,TC4400,AA:BC:10:00:0B:73,SN-Modem-02931,single_band
TP-Link,Access Point,EAP225,AA:BC:10:00:0B:74,SN-AccessPoint-02932,dual_band
Cisco,Other,Generic-Device-B,AA:BC:10:00:0B:75,SN-Other-02933,single_band
D-Link,ONT,G-2425G-A,AA:BC:10:00:0B:76,SN-ONT-02934,dual_band
Huawei,ONU,G-140W-C,AA:BC:10:00:0B:77,SN-ONU-02935,single_band
ZTE,Router,RV340,AA:BC:10:00:0B:78,SN-Router-02936,dual_band
Nokia,Switch,DGS-1008A,AA:BC:10:00:0B:79,SN-Switch-02937,single_band
TP-Link,Modem,MB8600,AA:BC:10:00:0B:7A,SN-Modem-02938,dual_band
Cisco,Access Point,WAP150,AA:BC:10:00:0B:7B,SN-AccessPoint-02939,single_band
D-Link,Other,Generic-Device-C,AA:BC:10:00:0B:7C,SN-Other-02940,dual_band
Huawei,ONT,HG8145V5,AA:BC:10:00:0B:7D,SN-ONT-02941,single_band
ZTE,ONU,F601,AA:BC:10:00:0B:7E,SN-ONU-02942,dual_band
Nokia,Router,AX1800,AA:BC:10:00:0B:7F,SN-Router-02943,single_band
TP-Link,Switch,SG108,AA:BC:10:00:0B:80,SN-Switch-02944,dual_band
Cisco,Modem,CM1200,AA:BC:10:00:0B:81,SN-Modem-02945,single_band
D-Link,Access Point,U6-Lite,AA:BC:10:00:0B:82,SN-AccessPoint-02946,dual_band
Huawei,Other,Generic-Device-A,AA:BC:10:00:0B:83,SN-Other-02947,single_band
ZTE,ONT,ZXHN-F680,AA:BC:10:00:0B:84,SN-ONT-02948,dual_band
Nokia,ONU,AN5506-01,AA:BC:10:00:0B:85,SN-ONU-02949,single_band
TP-Link,Router,Archer C6,AA:BC:10:00:0B:86,SN-Router-02950,dual_band
Cisco,Switch,CBS110,AA:BC:10:00:0B:87,SN-Switch-02951,single_band
D-Link,Modem,TC4400,AA:BC:10:00:0B:88,SN-Modem-02952,dual_band
Huawei,Access Point,EAP225,AA:BC:10:00:0B:89,SN-AccessPoint-02953,single_band
ZTE,Other,Generic-Device-B,AA:BC:10:00:0B:8A,SN-Other-02954,dual_band
Nokia,ONT,G-2425G-A,AA:BC:10:00:0B:8B,SN-ONT-02955,single_band
TP-Link,ONU,G-140W-C,AA:BC:10:00:0B:8C,SN-ONU-02956,dual_band
Cisco,Router,RV340,AA:BC:10:00:0B:8D,SN-Router-02957,single_band
D-Link,Switch,DGS-1008A,AA:BC:10:00:0B:8E,SN-Switch-02958,dual_band
Huawei,Modem,MB8600,AA:BC:10:00:0B:8F,SN-Modem-02959,single_band
ZTE,Access Point,WAP150,AA:BC:10:00:0B:90,SN-AccessPoint-02960,dual_band
Nokia,Other,Generic-Device-C,AA:BC:10:00:0B:91,SN-Other-02961,single_band
TP-Link,ONT,HG8145V5,AA:BC:10:00:0B:92,SN-ONT-02962,dual_band
Cisco,ONU,F601,AA:BC:10:00:0B:93,SN-ONU-02963,single_band
D-Link,Router,AX1800,AA:BC:10:00:0B:94,SN-Router-02964,dual_band
Huawei,Switch,SG108,AA:BC:10:00:0B:95,SN-Switch-02965,single_band
ZTE,Modem,CM1200,AA:BC:10:00:0B:96,SN-Modem-02966,dual_band
Nokia,Access Point,U6-Lite,AA:BC:10:00:0B:97,SN-AccessPoint-02967,single_band
TP-Link,Other,Generic-Device-A,AA:BC:10:00:0B:98,SN-Other-02968,dual_band
Cisco,ONT,ZXHN-F680,AA:BC:10:00:0B:99,SN-ONT-02969,single_band
D-Link,ONU,AN5506-01,AA:BC:10:00:0B:9A,SN-ONU-02970,dual_band
Huawei,Router,Archer C6,AA:BC:10:00:0B:9B,SN-Router-02971,single_band
ZTE,Switch,CBS110,AA:BC:10:00:0B:9C,SN-Switch-02972,dual_band
Nokia,Modem,TC4400,AA:BC:10:00:0B:9D,SN-Modem-02973,single_band
TP-Link,Access Point,EAP225,AA:BC:10:00:0B:9E,SN-AccessPoint-02974,dual_band
Cisco,Other,Generic-Device-B,AA:BC:10:00:0B:9F,SN-Other-02975,single_band
D-Link,ONT,G-2425G-A,AA:BC:10:00:0B:A0,SN-ONT-02976,dual_band
Huawei,ONU,G-140W-C,AA:BC:10:00:0B:A1,SN-ONU-02977,single_band
ZTE,Router,RV340,AA:BC:10:00:0B:A2,SN-Router-02978,dual_band
Nokia,Switch,DGS-1008A,AA:BC:10:00:0B:A3,SN-Switch-02979,single_band
TP-Link,Modem,MB8600,AA:BC:10:00:0B:A4,SN-Modem-02980,dual_band
Cisco,Access Point,WAP150,AA:BC:10:00:0B:A5,SN-AccessPoint-02981,single_band
D-Link,Other,Generic-Device-C,AA:BC:10:00:0B:A6,SN-Other-02982,dual_band
Huawei,ONT,HG8145V5,AA:BC:10:00:0B:A7,SN-ONT-02983,single_band
ZTE,ONU,F601,AA:BC:10:00:0B:A8,SN-ONU-02984,dual_band
Nokia,Router,AX1800,AA:BC:10:00:0B:A9,SN-Router-02985,single_band
TP-Link,Switch,SG108,AA:BC:10:00:0B:AA,SN-Switch-02986,dual_band
Cisco,Modem,CM1200,AA:BC:10:00:0B:AB,SN-Modem-02987,single_band
D-Link,Access Point,U6-Lite,AA:BC:10:00:0B:AC,SN-AccessPoint-02988,dual_band
Huawei,Other,Generic-Device-A,AA:BC:10:00:0B:AD,SN-Other-02989,single_band
ZTE,ONT,ZXHN-F680,AA:BC:10:00:0B:AE,SN-ONT-02990,dual_band
Nokia,ONU,AN5506-01,AA:BC:10:00:0B:AF,SN-ONU-02991,single_band
TP-Link,Router,Archer C6,AA:BC:10:00:0B:B0,SN-Router-02992,dual_band
Cisco,Switch,CBS110,AA:BC:10:00:0B:B1,SN-Switch-02993,single_band
D-Link,Modem,TC4400,AA:BC:10:00:0B:B2,SN-Modem-02994,dual_band
Huawei,Access Point,EAP225,AA:BC:10:00:0B:B3,SN-AccessPoint-02995,single_band
ZTE,Other,Generic-Device-B,AA:BC:10:00:0B:B4,SN-Other-02996,dual_band
Nokia,ONT,G-2425G-A,AA:BC:10:00:0B:B5,SN-ONT-02997,single_band
TP-Link,ONU,G-140W-C,AA:BC:10:00:0B:B6,SN-ONU-02998,dual_band
Cisco,Router,RV340,AA:BC:10:00:0B:B7,SN-Router-02999,single_band
D-Link,Switch,DGS-1008A,AA:BC:10:00:0B:B8,SN-Switch-03000,dual_band
Huawei,Modem,MB8600,AA:BC:10:00:0B:B9,SN-Modem-03001,single_band
ZTE,Access Point,WAP150,AA:BC:10:00:0B:BA,SN-AccessPoint-03002,dual_band
Nokia,Other,Generic-Device-C,AA:BC:10:00:0B:BB,SN-Other-03003,single_band
TP-Link,ONT,HG8145V5,AA:BC:10:00:0B:BC,SN-ONT-03004,dual_band
Cisco,ONU,F601,AA:BC:10:00:0B:BD,SN-ONU-03005,single_band
D-Link,Router,AX1800,AA:BC:10:00:0B:BE,SN-Router-03006,dual_band
Huawei,Switch,SG108,AA:BC:10:00:0B:BF,SN-Switch-03007,single_band
ZTE,Modem,CM1200,AA:BC:10:00:0B:C0,SN-Modem-03008,dual_band
Nokia,Access Point,U6-Lite,AA:BC:10:00:0B:C1,SN-AccessPoint-03009,single_band
TP-Link,Other,Generic-Device-A,AA:BC:10:00:0B:C2,SN-Other-03010,dual_band
Cisco,ONT,ZXHN-F680,AA:BC:10:00:0B:C3,SN-ONT-03011,single_band
D-Link,ONU,AN5506-01,AA:BC:10:00:0B:C4,SN-ONU-03012,dual_band
Huawei,Router,Archer C6,AA:BC:10:00:0B:C5,SN-Router-03013,single_band
ZTE,Switch,CBS110,AA:BC:10:00:0B:C6,SN-Switch-03014,dual_band
Nokia,Modem,TC4400,AA:BC:10:00:0B:C7,SN-Modem-03015,single_band
TP-Link,Access Point,EAP225,AA:BC:10:00:0B:C8,SN-AccessPoint-03016,dual_band
Cisco,Other,Generic-Device-B,AA:BC:10:00:0B:C9,SN-Other-03017,single_band
D-Link,ONT,G-2425G-A,AA:BC:10:00:0B:CA,SN-ONT-03018,dual_band
Huawei,ONU,G-140W-C,AA:BC:10:00:0B:CB,SN-ONU-03019,single_band
ZTE,Router,RV340,AA:BC:10:00:0B:CC,SN-Router-03020,dual_band
Nokia,Switch,DGS-1008A,AA:BC:10:00:0B:CD,SN-Switch-03021,single_band
TP-Link,Modem,MB8600,AA:BC:10:00:0B:CE,SN-Modem-03022,dual_band
Cisco,Access Point,WAP150,AA:BC:10:00:0B:CF,SN-AccessPoint-03023,single_band
D-Link,Other,Generic-Device-C,AA:BC:10:00:0B:D0,SN-Other-03024,dual_band
Huawei,ONT,HG8145V5,AA:BC:10:00:0B:D1,SN-ONT-03025,single_band
ZTE,ONU,F601,AA:BC:10:00:0B:D2,SN-ONU-03026,dual_band
Nokia,Router,AX1800,AA:BC:10:00:0B:D3,SN-Router-03027,single_band
TP-Link,Switch,SG108,AA:BC:10:00:0B:D4,SN-Switch-03028,dual_band
Cisco,Modem,CM1200,AA:BC:10:00:0B:D5,SN-Modem-03029,single_band
D-Link,Access Point,U6-Lite,AA:BC:10:00:0B:D6,SN-AccessPoint-03030,dual_band
Huawei,Other,Generic-Device-A,AA:BC:10:00:0B:D7,SN-Other-03031,single_band
ZTE,ONT,ZXHN-F680,AA:BC:10:00:0B:D8,SN-ONT-03032,dual_band
Nokia,ONU,AN5506-01,AA:BC:10:00:0B:D9,SN-ONU-03033,single_band
TP-Link,Router,Archer C6,AA:BC:10:00:0B:DA,SN-Router-03034,dual_band
Cisco,Switch,CBS110,AA:BC:10:00:0B:DB,SN-Switch-03035,single_band
D-Link,Modem,TC4400,AA:BC:10:00:0B:DC,SN-Modem-03036,dual_band
Huawei,Access Point,EAP225,AA:BC:10:00:0B:DD,SN-AccessPoint-03037,single_band
ZTE,Other,Generic-Device-B,AA:BC:10:00:0B:DE,SN-Other-03038,dual_band
Nokia,ONT,G-2425G-A,AA:BC:10:00:0B:DF,SN-ONT-03039,single_band
TP-Link,ONU,G-140W-C,AA:BC:10:00:0B:E0,SN-ONU-03040,dual_band
Cisco,Router,RV340,AA:BC:10:00:0B:E1,SN-Router-03041,single_band
D-Link,Switch,DGS-1008A,AA:BC:10:00:0B:E2,SN-Switch-03042,dual_band
Huawei,Modem,MB8600,AA:BC:10:00:0B:E3,SN-Modem-03043,single_band
ZTE,Access Point,WAP150,AA:BC:10:00:0B:E4,SN-AccessPoint-03044,dual_band
Nokia,Other,Generic-Device-C,AA:BC:10:00:0B:E5,SN-Other-03045,single_band
TP-Link,ONT,HG8145V5,AA:BC:10:00:0B:E6,SN-ONT-03046,dual_band
Cisco,ONU,F601,AA:BC:10:00:0B:E7,SN-ONU-03047,single_band
D-Link,Router,AX1800,AA:BC:10:00:0B:E8,SN-Router-03048,dual_band
Huawei,Switch,SG108,AA:BC:10:00:0B:E9,SN-Switch-03049,single_band
ZTE,Modem,CM1200,AA:BC:10:00:0B:EA,SN-Modem-03050,dual_band
Nokia,Access Point,U6-Lite,AA:BC:10:00:0B:EB,SN-AccessPoint-03051,single_band
TP-Link,Other,Generic-Device-A,AA:BC:10:00:0B:EC,SN-Other-03052,dual_band
Cisco,ONT,ZXHN-F680,AA:BC:10:00:0B:ED,SN-ONT-03053,single_band
D-Link,ONU,AN5506-01,AA:BC:10:00:0B:EE,SN-ONU-03054,dual_band
Huawei,Router,Archer C6,AA:BC:10:00:0B:EF,SN-Router-03055,single_band
ZTE,Switch,CBS110,AA:BC:10:00:0B:F0,SN-Switch-03056,dual_band
Nokia,Modem,TC4400,AA:BC:10:00:0B:F1,SN-Modem-03057,single_band
TP-Link,Access Point,EAP225,AA:BC:10:00:0B:F2,SN-AccessPoint-03058,dual_band
Cisco,Other,Generic-Device-B,AA:BC:10:00:0B:F3,SN-Other-03059,single_band
D-Link,ONT,G-2425G-A,AA:BC:10:00:0B:F4,SN-ONT-03060,dual_band
Huawei,ONU,G-140W-C,AA:BC:10:00:0B:F5,SN-ONU-03061,single_band
ZTE,Router,RV340,AA:BC:10:00:0B:F6,SN-Router-03062,dual_band
Nokia,Switch,DGS-1008A,AA:BC:10:00:0B:F7,SN-Switch-03063,single_band
TP-Link,Modem,MB8600,AA:BC:10:00:0B:F8,SN-Modem-03064,dual_band
Cisco,Access Point,WAP150,AA:BC:10:00:0B:F9,SN-AccessPoint-03065,single_band
D-Link,Other,Generic-Device-C,AA:BC:10:00:0B:FA,SN-Other-03066,dual_band
Huawei,ONT,HG8145V5,AA:BC:10:00:0B:FB,SN-ONT-03067,single_band
ZTE,ONU,F601,AA:BC:10:00:0B:FC,SN-ONU-03068,dual_band
Nokia,Router,AX1800,AA:BC:10:00:0B:FD,SN-Router-03069,single_band
TP-Link,Switch,SG108,AA:BC:10:00:0B:FE,SN-Switch-03070,dual_band
Cisco,Modem,CM1200,AA:BC:10:00:0B:FF,SN-Modem-03071,single_band
D-Link,Access Point,U6-Lite,AA:BC:10:00:0C:00,SN-AccessPoint-03072,dual_band
Huawei,Other,Generic-Device-A,AA:BC:10:00:0C:01,SN-Other-03073,single_band
ZTE,ONT,ZXHN-F680,AA:BC:10:00:0C:02,SN-ONT-03074,dual_band
Nokia,ONU,AN5506-01,AA:BC:10:00:0C:03,SN-ONU-03075,single_band
TP-Link,Router,Archer C6,AA:BC:10:00:0C:04,SN-Router-03076,dual_band
Cisco,Switch,CBS110,AA:BC:10:00:0C:05,SN-Switch-03077,single_band
D-Link,Modem,TC4400,AA:BC:10:00:0C:06,SN-Modem-03078,dual_band
Huawei,Access Point,EAP225,AA:BC:10:00:0C:07,SN-AccessPoint-03079,single_band
ZTE,Other,Generic-Device-B,AA:BC:10:00:0C:08,SN-Other-03080,dual_band
Nokia,ONT,G-2425G-A,AA:BC:10:00:0C:09,SN-ONT-03081,single_band
TP-Link,ONU,G-140W-C,AA:BC:10:00:0C:0A,SN-ONU-03082,dual_band
Cisco,Router,RV340,AA:BC:10:00:0C:0B,SN-Router-03083,single_band
D-Link,Switch,DGS-1008A,AA:BC:10:00:0C:0C,SN-Switch-03084,dual_band
Huawei,Modem,MB8600,AA:BC:10:00:0C:0D,SN-Modem-03085,single_band
ZTE,Access Point,WAP150,AA:BC:10:00:0C:0E,SN-AccessPoint-03086,dual_band
Nokia,Other,Generic-Device-C,AA:BC:10:00:0C:0F,SN-Other-03087,single_band
TP-Link,ONT,HG8145V5,AA:BC:10:00:0C:10,SN-ONT-03088,dual_band
Cisco,ONU,F601,AA:BC:10:00:0C:11,SN-ONU-03089,single_band
D-Link,Router,AX1800,AA:BC:10:00:0C:12,SN-Router-03090,dual_band
Huawei,Switch,SG108,AA:BC:10:00:0C:13,SN-Switch-03091,single_band
ZTE,Modem,CM1200,AA:BC:10:00:0C:14,SN-Modem-03092,dual_band
Nokia,Access Point,U6-Lite,AA:BC:10:00:0C:15,SN-AccessPoint-03093,single_band
TP-Link,Other,Generic-Device-A,AA:BC:10:00:0C:16,SN-Other-03094,dual_band
Cisco,ONT,ZXHN-F680,AA:BC:10:00:0C:17,SN-ONT-03095,single_band
D-Link,ONU,AN5506-01,AA:BC:10:00:0C:18,SN-ONU-03096,dual_band
Huawei,Router,Archer C6,AA:BC:10:00:0C:19,SN-Router-03097,single_band
ZTE,Switch,CBS110,AA:BC:10:00:0C:1A,SN-Switch-03098,dual_band
Nokia,Modem,TC4400,AA:BC:10:00:0C:1B,SN-Modem-03099,single_band
TP-Link,Access Point,EAP225,AA:BC:10:00:0C:1C,SN-AccessPoint-03100,dual_band
Cisco,Other,Generic-Device-B,AA:BC:10:00:0C:1D,SN-Other-03101,single_band
D-Link,ONT,G-2425G-A,AA:BC:10:00:0C:1E,SN-ONT-03102,dual_band
Huawei,ONU,G-140W-C,AA:BC:10:00:0C:1F,SN-ONU-03103,single_band
ZTE,Router,RV340,AA:BC:10:00:0C:20,SN-Router-03104,dual_band
Nokia,Switch,DGS-1008A,AA:BC:10:00:0C:21,SN-Switch-03105,single_band
TP-Link,Modem,MB8600,AA:BC:10:00:0C:22,SN-Modem-03106,dual_band
Cisco,Access Point,WAP150,AA:BC:10:00:0C:23,SN-AccessPoint-03107,single_band
D-Link,Other,Generic-Device-C,AA:BC:10:00:0C:24,SN-Other-03108,dual_band
Huawei,ONT,HG8145V5,AA:BC:10:00:0C:25,SN-ONT-03109,single_band
ZTE,ONU,F601,AA:BC:10:00:0C:26,SN-ONU-03110,dual_band
Nokia,Router,AX1800,AA:BC:10:00:0C:27,SN-Router-03111,single_band
TP-Link,Switch,SG108,AA:BC:10:00:0C:28,SN-Switch-03112,dual_band
Cisco,Modem,CM1200,AA:BC:10:00:0C:29,SN-Modem-03113,single_band
D-Link,Access Point,U6-Lite,AA:BC:10:00:0C:2A,SN-AccessPoint-03114,dual_band
Huawei,Other,Generic-Device-A,AA:BC:10:00:0C:2B,SN-Other-03115,single_band
ZTE,ONT,ZXHN-F680,AA:BC:10:00:0C:2C,SN-ONT-03116,dual_band
Nokia,ONU,AN5506-01,AA:BC:10:00:0C:2D,SN-ONU-03117,single_band
TP-Link,Router,Archer C6,AA:BC:10:00:0C:2E,SN-Router-03118,dual_band
Cisco,Switch,CBS110,AA:BC:10:00:0C:2F,SN-Switch-03119,single_band
D-Link,Modem,TC4400,AA:BC:10:00:0C:30,SN-Modem-03120,dual_band
Huawei,Access Point,EAP225,AA:BC:10:00:0C:31,SN-AccessPoint-03121,single_band
ZTE,Other,Generic-Device-B,AA:BC:10:00:0C:32,SN-Other-03122,dual_band
Nokia,ONT,G-2425G-A,AA:BC:10:00:0C:33,SN-ONT-03123,single_band
TP-Link,ONU,G-140W-C,AA:BC:10:00:0C:34,SN-ONU-03124,dual_band
Cisco,Router,RV340,AA:BC:10:00:0C:35,SN-Router-03125,single_band
D-Link,Switch,DGS-1008A,AA:BC:10:00:0C:36,SN-Switch-03126,dual_band
Huawei,Modem,MB8600,AA:BC:10:00:0C:37,SN-Modem-03127,single_band
ZTE,Access Point,WAP150,AA:BC:10:00:0C:38,SN-AccessPoint-03128,dual_band
Nokia,Other,Generic-Device-C,AA:BC:10:00:0C:39,SN-Other-03129,single_band
TP-Link,ONT,HG8145V5,AA:BC:10:00:0C:3A,SN-ONT-03130,dual_band
Cisco,ONU,F601,AA:BC:10:00:0C:3B,SN-ONU-03131,single_band
D-Link,Router,AX1800,AA:BC:10:00:0C:3C,SN-Router-03132,dual_band
Huawei,Switch,SG108,AA:BC:10:00:0C:3D,SN-Switch-03133,single_band
ZTE,Modem,CM1200,AA:BC:10:00:0C:3E,SN-Modem-03134,dual_band
Nokia,Access Point,U6-Lite,AA:BC:10:00:0C:3F,SN-AccessPoint-03135,single_band
TP-Link,Other,Generic-Device-A,AA:BC:10:00:0C:40,SN-Other-03136,dual_band
Cisco,ONT,ZXHN-F680,AA:BC:10:00:0C:41,SN-ONT-03137,single_band
D-Link,ONU,AN5506-01,AA:BC:10:00:0C:42,SN-ONU-03138,dual_band
Huawei,Router,Archer C6,AA:BC:10:00:0C:43,SN-Router-03139,single_band
ZTE,Switch,CBS110,AA:BC:10:00:0C:44,SN-Switch-03140,dual_band
Nokia,Modem,TC4400,AA:BC:10:00:0C:45,SN-Modem-03141,single_band
TP-Link,Access Point,EAP225,AA:BC:10:00:0C:46,SN-AccessPoint-03142,dual_band
Cisco,Other,Generic-Device-B,AA:BC:10:00:0C:47,SN-Other-03143,single_band
D-Link,ONT,G-2425G-A,AA:BC:10:00:0C:48,SN-ONT-03144,dual_band
Huawei,ONU,G-140W-C,AA:BC:10:00:0C:49,SN-ONU-03145,single_band
ZTE,Router,RV340,AA:BC:10:00:0C:4A,SN-Router-03146,dual_band
Nokia,Switch,DGS-1008A,AA:BC:10:00:0C:4B,SN-Switch-03147,single_band
TP-Link,Modem,MB8600,AA:BC:10:00:0C:4C,SN-Modem-03148,dual_band
Cisco,Access Point,WAP150,AA:BC:10:00:0C:4D,SN-AccessPoint-03149,single_band
D-Link,Other,Generic-Device-C,AA:BC:10:00:0C:4E,SN-Other-03150,dual_band
Huawei,ONT,HG8145V5,AA:BC:10:00:0C:4F,SN-ONT-03151,single_band
ZTE,ONU,F601,AA:BC:10:00:0C:50,SN-ONU-03152,dual_band
Nokia,Router,AX1800,AA:BC:10:00:0C:51,SN-Router-03153,single_band
TP-Link,Switch,SG108,AA:BC:10:00:0C:52,SN-Switch-03154,dual_band
Cisco,Modem,CM1200,AA:BC:10:00:0C:53,SN-Modem-03155,single_band
D-Link,Access Point,U6-Lite,AA:BC:10:00:0C:54,SN-AccessPoint-03156,dual_band
Huawei,Other,Generic-Device-A,AA:BC:10:00:0C:55,SN-Other-03157,single_band
ZTE,ONT,ZXHN-F680,AA:BC:10:00:0C:56,SN-ONT-03158,dual_band
Nokia,ONU,AN5506-01,AA:BC:10:00:0C:57,SN-ONU-03159,single_band
TP-Link,Router,Archer C6,AA:BC:10:00:0C:58,SN-Router-03160,dual_band
Cisco,Switch,CBS110,AA:BC:10:00:0C:59,SN-Switch-03161,single_band
D-Link,Modem,TC4400,AA:BC:10:00:0C:5A,SN-Modem-03162,dual_band
Huawei,Access Point,EAP225,AA:BC:10:00:0C:5B,SN-AccessPoint-03163,single_band
ZTE,Other,Generic-Device-B,AA:BC:10:00:0C:5C,SN-Other-03164,dual_band
Nokia,ONT,G-2425G-A,AA:BC:10:00:0C:5D,SN-ONT-03165,single_band
TP-Link,ONU,G-140W-C,AA:BC:10:00:0C:5E,SN-ONU-03166,dual_band
Cisco,Router,RV340,AA:BC:10:00:0C:5F,SN-Router-03167,single_band
D-Link,Switch,DGS-1008A,AA:BC:10:00:0C:60,SN-Switch-03168,dual_band
Huawei,Modem,MB8600,AA:BC:10:00:0C:61,SN-Modem-03169,single_band
ZTE,Access Point,WAP150,AA:BC:10:00:0C:62,SN-AccessPoint-03170,dual_band
Nokia,Other,Generic-Device-C,AA:BC:10:00:0C:63,SN-Other-03171,single_band
TP-Link,ONT,HG8145V5,AA:BC:10:00:0C:64,SN-ONT-03172,dual_band
Cisco,ONU,F601,AA:BC:10:00:0C:65,SN-ONU-03173,single_band
D-Link,Router,AX1800,AA:BC:10:00:0C:66,SN-Router-03174,dual_band
Huawei,Switch,SG108,AA:BC:10:00:0C:67,SN-Switch-03175,single_band
ZTE,Modem,CM1200,AA:BC:10:00:0C:68,SN-Modem-03176,dual_band
Nokia,Access Point,U6-Lite,AA:BC:10:00:0C:69,SN-AccessPoint-03177,single_band
TP-Link,Other,Generic-Device-A,AA:BC:10:00:0C:6A,SN-Other-03178,dual_band
Cisco,ONT,ZXHN-F680,AA:BC:10:00:0C:6B,SN-ONT-03179,single_band
D-Link,ONU,AN5506-01,AA:BC:10:00:0C:6C,SN-ONU-03180,dual_band
Huawei,Router,Archer C6,AA:BC:10:00:0C:6D,SN-Router-03181,single_band
ZTE,Switch,CBS110,AA:BC:10:00:0C:6E,SN-Switch-03182,dual_band
Nokia,Modem,TC4400,AA:BC:10:00:0C:6F,SN-Modem-03183,single_band
TP-Link,Access Point,EAP225,AA:BC:10:00:0C:70,SN-AccessPoint-03184,dual_band
Cisco,Other,Generic-Device-B,AA:BC:10:00:0C:71,SN-Other-03185,single_band
D-Link,ONT,G-2425G-A,AA:BC:10:00:0C:72,SN-ONT-03186,dual_band
Huawei,ONU,G-140W-C,AA:BC:10:00:0C:73,SN-ONU-03187,single_band
ZTE,Router,RV340,AA:BC:10:00:0C:74,SN-Router-03188,dual_band
Nokia,Switch,DGS-1008A,AA:BC:10:00:0C:75,SN-Switch-03189,single_band
TP-Link,Modem,MB8600,AA:BC:10:00:0C:76,SN-Modem-03190,dual_band
Cisco,Access Point,WAP150,AA:BC:10:00:0C:77,SN-AccessPoint-03191,single_band
D-Link,Other,Generic-Device-C,AA:BC:10:00:0C:78,SN-Other-03192,dual_band
Huawei,ONT,HG8145V5,AA:BC:10:00:0C:79,SN-ONT-03193,single_band
ZTE,ONU,F601,AA:BC:10:00:0C:7A,SN-ONU-03194,dual_band
Nokia,Router,AX1800,AA:BC:10:00:0C:7B,SN-Router-03195,single_band
TP-Link,Switch,SG108,AA:BC:10:00:0C:7C,SN-Switch-03196,dual_band
Cisco,Modem,CM1200,AA:BC:10:00:0C:7D,SN-Modem-03197,single_band
D-Link,Access Point,U6-Lite,AA:BC:10:00:0C:7E,SN-AccessPoint-03198,dual_band
Huawei,Other,Generic-Device-A,AA:BC:10:00:0C:7F,SN-Other-03199,single_band
ZTE,ONT,ZXHN-F680,AA:BC:10:00:0C:80,SN-ONT-03200,dual_band
Nokia,ONU,AN5506-01,AA:BC:10:00:0C:81,SN-ONU-03201,single_band
TP-Link,Router,Archer C6,AA:BC:10:00:0C:82,SN-Router-03202,dual_band
Cisco,Switch,CBS110,AA:BC:10:00:0C:83,SN-Switch-03203,single_band
D-Link,Modem,TC4400,AA:BC:10:00:0C:84,SN-Modem-03204,dual_band
Huawei,Access Point,EAP225,AA:BC:10:00:0C:85,SN-AccessPoint-03205,single_band
ZTE,Other,Generic-Device-B,AA:BC:10:00:0C:86,SN-Other-03206,dual_band
Nokia,ONT,G-2425G-A,AA:BC:10:00:0C:87,SN-ONT-03207,single_band
TP-Link,ONU,G-140W-C,AA:BC:10:00:0C:88,SN-ONU-03208,dual_band
Cisco,Router,RV340,AA:BC:10:00:0C:89,SN-Router-03209,single_band
D-Link,Switch,DGS-1008A,AA:BC:10:00:0C:8A,SN-Switch-03210,dual_band
Huawei,Modem,MB8600,AA:BC:10:00:0C:8B,SN-Modem-03211,single_band
ZTE,Access Point,WAP150,AA:BC:10:00:0C:8C,SN-AccessPoint-03212,dual_band
Nokia,Other,Generic-Device-C,AA:BC:10:00:0C:8D,SN-Other-03213,single_band
TP-Link,ONT,HG8145V5,AA:BC:10:00:0C:8E,SN-ONT-03214,dual_band
Cisco,ONU,F601,AA:BC:10:00:0C:8F,SN-ONU-03215,single_band
D-Link,Router,AX1800,AA:BC:10:00:0C:90,SN-Router-03216,dual_band
Huawei,Switch,SG108,AA:BC:10:00:0C:91,SN-Switch-03217,single_band
ZTE,Modem,CM1200,AA:BC:10:00:0C:92,SN-Modem-03218,dual_band
Nokia,Access Point,U6-Lite,AA:BC:10:00:0C:93,SN-AccessPoint-03219,single_band
TP-Link,Other,Generic-Device-A,AA:BC:10:00:0C:94,SN-Other-03220,dual_band
Cisco,ONT,ZXHN-F680,AA:BC:10:00:0C:95,SN-ONT-03221,single_band
D-Link,ONU,AN5506-01,AA:BC:10:00:0C:96,SN-ONU-03222,dual_band
Huawei,Router,Archer C6,AA:BC:10:00:0C:97,SN-Router-03223,single_band
ZTE,Switch,CBS110,AA:BC:10:00:0C:98,SN-Switch-03224,dual_band
Nokia,Modem,TC4400,AA:BC:10:00:0C:99,SN-Modem-03225,single_band
TP-Link,Access Point,EAP225,AA:BC:10:00:0C:9A,SN-AccessPoint-03226,dual_band
Cisco,Other,Generic-Device-B,AA:BC:10:00:0C:9B,SN-Other-03227,single_band
D-Link,ONT,G-2425G-A,AA:BC:10:00:0C:9C,SN-ONT-03228,dual_band
Huawei,ONU,G-140W-C,AA:BC:10:00:0C:9D,SN-ONU-03229,single_band
ZTE,Router,RV340,AA:BC:10:00:0C:9E,SN-Router-03230,dual_band
Nokia,Switch,DGS-1008A,AA:BC:10:00:0C:9F,SN-Switch-03231,single_band
TP-Link,Modem,MB8600,AA:BC:10:00:0C:A0,SN-Modem-03232,dual_band
Cisco,Access Point,WAP150,AA:BC:10:00:0C:A1,SN-AccessPoint-03233,single_band
D-Link,Other,Generic-Device-C,AA:BC:10:00:0C:A2,SN-Other-03234,dual_band
Huawei,ONT,HG8145V5,AA:BC:10:00:0C:A3,SN-ONT-03235,single_band
ZTE,ONU,F601,AA:BC:10:00:0C:A4,SN-ONU-03236,dual_band
Nokia,Router,AX1800,AA:BC:10:00:0C:A5,SN-Router-03237,single_band
TP-Link,Switch,SG108,AA:BC:10:00:0C:A6,SN-Switch-03238,dual_band
Cisco,Modem,CM1200,AA:BC:10:00:0C:A7,SN-Modem-03239,single_band
D-Link,Access Point,U6-Lite,AA:BC:10:00:0C:A8,SN-AccessPoint-03240,dual_band
Huawei,Other,Generic-Device-A,AA:BC:10:00:0C:A9,SN-Other-03241,single_band
ZTE,ONT,ZXHN-F680,AA:BC:10:00:0C:AA,SN-ONT-03242,dual_band
Nokia,ONU,AN5506-01,AA:BC:10:00:0C:AB,SN-ONU-03243,single_band
TP-Link,Router,Archer C6,AA:BC:10:00:0C:AC,SN-Router-03244,dual_band
Cisco,Switch,CBS110,AA:BC:10:00:0C:AD,SN-Switch-03245,single_band
D-Link,Modem,TC4400,AA:BC:10:00:0C:AE,SN-Modem-03246,dual_band
Huawei,Access Point,EAP225,AA:BC:10:00:0C:AF,SN-AccessPoint-03247,single_band
ZTE,Other,Generic-Device-B,AA:BC:10:00:0C:B0,SN-Other-03248,dual_band
Nokia,ONT,G-2425G-A,AA:BC:10:00:0C:B1,SN-ONT-03249,single_band
TP-Link,ONU,G-140W-C,AA:BC:10:00:0C:B2,SN-ONU-03250,dual_band
Cisco,Router,RV340,AA:BC:10:00:0C:B3,SN-Router-03251,single_band
D-Link,Switch,DGS-1008A,AA:BC:10:00:0C:B4,SN-Switch-03252,dual_band
Huawei,Modem,MB8600,AA:BC:10:00:0C:B5,SN-Modem-03253,single_band
ZTE,Access Point,WAP150,AA:BC:10:00:0C:B6,SN-AccessPoint-03254,dual_band
Nokia,Other,Generic-Device-C,AA:BC:10:00:0C:B7,SN-Other-03255,single_band
TP-Link,ONT,HG8145V5,AA:BC:10:00:0C:B8,SN-ONT-03256,dual_band
Cisco,ONU,F601,AA:BC:10:00:0C:B9,SN-ONU-03257,single_band
D-Link,Router,AX1800,AA:BC:10:00:0C:BA,SN-Router-03258,dual_band
Huawei,Switch,SG108,AA:BC:10:00:0C:BB,SN-Switch-03259,single_band
ZTE,Modem,CM1200,AA:BC:10:00:0C:BC,SN-Modem-03260,dual_band
Nokia,Access Point,U6-Lite,AA:BC:10:00:0C:BD,SN-AccessPoint-03261,single_band
TP-Link,Other,Generic-Device-A,AA:BC:10:00:0C:BE,SN-Other-03262,dual_band
Cisco,ONT,ZXHN-F680,AA:BC:10:00:0C:BF,SN-ONT-03263,single_band
D-Link,ONU,AN5506-01,AA:BC:10:00:0C:C0,SN-ONU-03264,dual_band
Huawei,Router,Archer C6,AA:BC:10:00:0C:C1,SN-Router-03265,single_band
ZTE,Switch,CBS110,AA:BC:10:00:0C:C2,SN-Switch-03266,dual_band
Nokia,Modem,TC4400,AA:BC:10:00:0C:C3,SN-Modem-03267,single_band
TP-Link,Access Point,EAP225,AA:BC:10:00:0C:C4,SN-AccessPoint-03268,dual_band
Cisco,Other,Generic-Device-B,AA:BC:10:00:0C:C5,SN-Other-03269,single_band
D-Link,ONT,G-2425G-A,AA:BC:10:00:0C:C6,SN-ONT-03270,dual_band
Huawei,ONU,G-140W-C,AA:BC:10:00:0C:C7,SN-ONU-03271,single_band
ZTE,Router,RV340,AA:BC:10:00:0C:C8,SN-Router-03272,dual_band
Nokia,Switch,DGS-1008A,AA:BC:10:00:0C:C9,SN-Switch-03273,single_band
TP-Link,Modem,MB8600,AA:BC:10:00:0C:CA,SN-Modem-03274,dual_band
Cisco,Access Point,WAP150,AA:BC:10:00:0C:CB,SN-AccessPoint-03275,single_band
D-Link,Other,Generic-Device-C,AA:BC:10:00:0C:CC,SN-Other-03276,dual_band
Huawei,ONT,HG8145V5,AA:BC:10:00:0C:CD,SN-ONT-03277,single_band
ZTE,ONU,F601,AA:BC:10:00:0C:CE,SN-ONU-03278,dual_band
Nokia,Router,AX1800,AA:BC:10:00:0C:CF,SN-Router-03279,single_band
TP-Link,Switch,SG108,AA:BC:10:00:0C:D0,SN-Switch-03280,dual_band
Cisco,Modem,CM1200,AA:BC:10:00:0C:D1,SN-Modem-03281,single_band
D-Link,Access Point,U6-Lite,AA:BC:10:00:0C:D2,SN-AccessPoint-03282,dual_band
Huawei,Other,Generic-Device-A,AA:BC:10:00:0C:D3,SN-Other-03283,single_band
ZTE,ONT,ZXHN-F680,AA:BC:10:00:0C:D4,SN-ONT-03284,dual_band
Nokia,ONU,AN5506-01,AA:BC:10:00:0C:D5,SN-ONU-03285,single_band
TP-Link,Router,Archer C6,AA:BC:10:00:0C:D6,SN-Router-03286,dual_band
Cisco,Switch,CBS110,AA:BC:10:00:0C:D7,SN-Switch-03287,single_band
D-Link,Modem,TC4400,AA:BC:10:00:0C:D8,SN-Modem-03288,dual_band
Huawei,Access Point,EAP225,AA:BC:10:00:0C:D9,SN-AccessPoint-03289,single_band
ZTE,Other,Generic-Device-B,AA:BC:10:00:0C:DA,SN-Other-03290,dual_band
Nokia,ONT,G-2425G-A,AA:BC:10:00:0C:DB,SN-ONT-03291,single_band
TP-Link,ONU,G-140W-C,AA:BC:10:00:0C:DC,SN-ONU-03292,dual_band
Cisco,Router,RV340,AA:BC:10:00:0C:DD,SN-Router-03293,single_band
D-Link,Switch,DGS-1008A,AA:BC:10:00:0C:DE,SN-Switch-03294,dual_band
Huawei,Modem,MB8600,AA:BC:10:00:0C:DF,SN-Modem-03295,single_band
ZTE,Access Point,WAP150,AA:BC:10:00:0C:E0,SN-AccessPoint-03296,dual_band
Nokia,Other,Generic-Device-C,AA:BC:10:00:0C:E1,SN-Other-03297,single_band
TP-Link,ONT,HG8145V5,AA:BC:10:00:0C:E2,SN-ONT-03298,dual_band
Cisco,ONU,F601,AA:BC:10:00:0C:E3,SN-ONU-03299,single_band
D-Link,Router,AX1800,AA:BC:10:00:0C:E4,SN-Router-03300,dual_band
Huawei,Switch,SG108,AA:BC:10:00:0C:E5,SN-Switch-03301,single_band
ZTE,Modem,CM1200,AA:BC:10:00:0C:E6,SN-Modem-03302,dual_band
Nokia,Access Point,U6-Lite,AA:BC:10:00:0C:E7,SN-AccessPoint-03303,single_band
TP-Link,Other,Generic-Device-A,AA:BC:10:00:0C:E8,SN-Other-03304,dual_band
Cisco,ONT,ZXHN-F680,AA:BC:10:00:0C:E9,SN-ONT-03305,single_band
D-Link,ONU,AN5506-01,AA:BC:10:00:0C:EA,SN-ONU-03306,dual_band
Huawei,Router,Archer C6,AA:BC:10:00:0C:EB,SN-Router-03307,single_band
ZTE,Switch,CBS110,AA:BC:10:00:0C:EC,SN-Switch-03308,dual_band
Nokia,Modem,TC4400,AA:BC:10:00:0C:ED,SN-Modem-03309,single_band
TP-Link,Access Point,EAP225,AA:BC:10:00:0C:EE,SN-AccessPoint-03310,dual_band
Cisco,Other,Generic-Device-B,AA:BC:10:00:0C:EF,SN-Other-03311,single_band
D-Link,ONT,G-2425G-A,AA:BC:10:00:0C:F0,SN-ONT-03312,dual_band
Huawei,ONU,G-140W-C,AA:BC:10:00:0C:F1,SN-ONU-03313,single_band
ZTE,Router,RV340,AA:BC:10:00:0C:F2,SN-Router-03314,dual_band
Nokia,Switch,DGS-1008A,AA:BC:10:00:0C:F3,SN-Switch-03315,single_band
TP-Link,Modem,MB8600,AA:BC:10:00:0C:F4,SN-Modem-03316,dual_band
Cisco,Access Point,WAP150,AA:BC:10:00:0C:F5,SN-AccessPoint-03317,single_band
D-Link,Other,Generic-Device-C,AA:BC:10:00:0C:F6,SN-Other-03318,dual_band
Huawei,ONT,HG8145V5,AA:BC:10:00:0C:F7,SN-ONT-03319,single_band
ZTE,ONU,F601,AA:BC:10:00:0C:F8,SN-ONU-03320,dual_band
Nokia,Router,AX1800,AA:BC:10:00:0C:F9,SN-Router-03321,single_band
TP-Link,Switch,SG108,AA:BC:10:00:0C:FA,SN-Switch-03322,dual_band
Cisco,Modem,CM1200,AA:BC:10:00:0C:FB,SN-Modem-03323,single_band
D-Link,Access Point,U6-Lite,AA:BC:10:00:0C:FC,SN-AccessPoint-03324,dual_band
Huawei,Other,Generic-Device-A,AA:BC:10:00:0C:FD,SN-Other-03325,single_band
ZTE,ONT,ZXHN-F680,AA:BC:10:00:0C:FE,SN-ONT-03326,dual_band
Nokia,ONU,AN5506-01,AA:BC:10:00:0C:FF,SN-ONU-03327,single_band
TP-Link,Router,Archer C6,AA:BC:10:00:0D:00,SN-Router-03328,dual_band
Cisco,Switch,CBS110,AA:BC:10:00:0D:01,SN-Switch-03329,single_band
D-Link,Modem,TC4400,AA:BC:10:00:0D:02,SN-Modem-03330,dual_band
Huawei,Access Point,EAP225,AA:BC:10:00:0D:03,SN-AccessPoint-03331,single_band
ZTE,Other,Generic-Device-B,AA:BC:10:00:0D:04,SN-Other-03332,dual_band
Nokia,ONT,G-2425G-A,AA:BC:10:00:0D:05,SN-ONT-03333,single_band
TP-Link,ONU,G-140W-C,AA:BC:10:00:0D:06,SN-ONU-03334,dual_band
Cisco,Router,RV340,AA:BC:10:00:0D:07,SN-Router-03335,single_band
D-Link,Switch,DGS-1008A,AA:BC:10:00:0D:08,SN-Switch-03336,dual_band
Huawei,Modem,MB8600,AA:BC:10:00:0D:09,SN-Modem-03337,single_band
ZTE,Access Point,WAP150,AA:BC:10:00:0D:0A,SN-AccessPoint-03338,dual_band
Nokia,Other,Generic-Device-C,AA:BC:10:00:0D:0B,SN-Other-03339,single_band
TP-Link,ONT,HG8145V5,AA:BC:10:00:0D:0C,SN-ONT-03340,dual_band
Cisco,ONU,F601,AA:BC:10:00:0D:0D,SN-ONU-03341,single_band
D-Link,Router,AX1800,AA:BC:10:00:0D:0E,SN-Router-03342,dual_band
Huawei,Switch,SG108,AA:BC:10:00:0D:0F,SN-Switch-03343,single_band
ZTE,Modem,CM1200,AA:BC:10:00:0D:10,SN-Modem-03344,dual_band
Nokia,Access Point,U6-Lite,AA:BC:10:00:0D:11,SN-AccessPoint-03345,single_band
TP-Link,Other,Generic-Device-A,AA:BC:10:00:0D:12,SN-Other-03346,dual_band
Cisco,ONT,ZXHN-F680,AA:BC:10:00:0D:13,SN-ONT-03347,single_band
D-Link,ONU,AN5506-01,AA:BC:10:00:0D:14,SN-ONU-03348,dual_band
Huawei,Router,Archer C6,AA:BC:10:00:0D:15,SN-Router-03349,single_band
ZTE,Switch,CBS110,AA:BC:10:00:0D:16,SN-Switch-03350,dual_band
Nokia,Modem,TC4400,AA:BC:10:00:0D:17,SN-Modem-03351,single_band
TP-Link,Access Point,EAP225,AA:BC:10:00:0D:18,SN-AccessPoint-03352,dual_band
Cisco,Other,Generic-Device-B,AA:BC:10:00:0D:19,SN-Other-03353,single_band
D-Link,ONT,G-2425G-A,AA:BC:10:00:0D:1A,SN-ONT-03354,dual_band
Huawei,ONU,G-140W-C,AA:BC:10:00:0D:1B,SN-ONU-03355,single_band
ZTE,Router,RV340,AA:BC:10:00:0D:1C,SN-Router-03356,dual_band
Nokia,Switch,DGS-1008A,AA:BC:10:00:0D:1D,SN-Switch-03357,single_band
TP-Link,Modem,MB8600,AA:BC:10:00:0D:1E,SN-Modem-03358,dual_band
Cisco,Access Point,WAP150,AA:BC:10:00:0D:1F,SN-AccessPoint-03359,single_band
D-Link,Other,Generic-Device-C,AA:BC:10:00:0D:20,SN-Other-03360,dual_band
Huawei,ONT,HG8145V5,AA:BC:10:00:0D:21,SN-ONT-03361,single_band
ZTE,ONU,F601,AA:BC:10:00:0D:22,SN-ONU-03362,dual_band
Nokia,Router,AX1800,AA:BC:10:00:0D:23,SN-Router-03363,single_band
TP-Link,Switch,SG108,AA:BC:10:00:0D:24,SN-Switch-03364,dual_band
Cisco,Modem,CM1200,AA:BC:10:00:0D:25,SN-Modem-03365,single_band
D-Link,Access Point,U6-Lite,AA:BC:10:00:0D:26,SN-AccessPoint-03366,dual_band
Huawei,Other,Generic-Device-A,AA:BC:10:00:0D:27,SN-Other-03367,single_band
ZTE,ONT,ZXHN-F680,AA:BC:10:00:0D:28,SN-ONT-03368,dual_band
Nokia,ONU,AN5506-01,AA:BC:10:00:0D:29,SN-ONU-03369,single_band
TP-Link,Router,Archer C6,AA:BC:10:00:0D:2A,SN-Router-03370,dual_band
Cisco,Switch,CBS110,AA:BC:10:00:0D:2B,SN-Switch-03371,single_band
D-Link,Modem,TC4400,AA:BC:10:00:0D:2C,SN-Modem-03372,dual_band
Huawei,Access Point,EAP225,AA:BC:10:00:0D:2D,SN-AccessPoint-03373,single_band
ZTE,Other,Generic-Device-B,AA:BC:10:00:0D:2E,SN-Other-03374,dual_band
Nokia,ONT,G-2425G-A,AA:BC:10:00:0D:2F,SN-ONT-03375,single_band
TP-Link,ONU,G-140W-C,AA:BC:10:00:0D:30,SN-ONU-03376,dual_band
Cisco,Router,RV340,AA:BC:10:00:0D:31,SN-Router-03377,single_band
D-Link,Switch,DGS-1008A,AA:BC:10:00:0D:32,SN-Switch-03378,dual_band
Huawei,Modem,MB8600,AA:BC:10:00:0D:33,SN-Modem-03379,single_band
ZTE,Access Point,WAP150,AA:BC:10:00:0D:34,SN-AccessPoint-03380,dual_band
Nokia,Other,Generic-Device-C,AA:BC:10:00:0D:35,SN-Other-03381,single_band
TP-Link,ONT,HG8145V5,AA:BC:10:00:0D:36,SN-ONT-03382,dual_band
Cisco,ONU,F601,AA:BC:10:00:0D:37,SN-ONU-03383,single_band
D-Link,Router,AX1800,AA:BC:10:00:0D:38,SN-Router-03384,dual_band
Huawei,Switch,SG108,AA:BC:10:00:0D:39,SN-Switch-03385,single_band
ZTE,Modem,CM1200,AA:BC:10:00:0D:3A,SN-Modem-03386,dual_band
Nokia,Access Point,U6-Lite,AA:BC:10:00:0D:3B,SN-AccessPoint-03387,single_band
TP-Link,Other,Generic-Device-A,AA:BC:10:00:0D:3C,SN-Other-03388,dual_band
Cisco,ONT,ZXHN-F680,AA:BC:10:00:0D:3D,SN-ONT-03389,single_band
D-Link,ONU,AN5506-01,AA:BC:10:00:0D:3E,SN-ONU-03390,dual_band
Huawei,Router,Archer C6,AA:BC:10:00:0D:3F,SN-Router-03391,single_band
ZTE,Switch,CBS110,AA:BC:10:00:0D:40,SN-Switch-03392,dual_band
Nokia,Modem,TC4400,AA:BC:10:00:0D:41,SN-Modem-03393,single_band
TP-Link,Access Point,EAP225,AA:BC:10:00:0D:42,SN-AccessPoint-03394,dual_band
Cisco,Other,Generic-Device-B,AA:BC:10:00:0D:43,SN-Other-03395,single_band
D-Link,ONT,G-2425G-A,AA:BC:10:00:0D:44,SN-ONT-03396,dual_band
Huawei,ONU,G-140W-C,AA:BC:10:00:0D:45,SN-ONU-03397,single_band
ZTE,Router,RV340,AA:BC:10:00:0D:46,SN-Router-03398,dual_band
Nokia,Switch,DGS-1008A,AA:BC:10:00:0D:47,SN-Switch-03399,single_band
TP-Link,Modem,MB8600,AA:BC:10:00:0D:48,SN-Modem-03400,dual_band
Cisco,Access Point,WAP150,AA:BC:10:00:0D:49,SN-AccessPoint-03401,single_band
D-Link,Other,Generic-Device-C,AA:BC:10:00:0D:4A,SN-Other-03402,dual_band
Huawei,ONT,HG8145V5,AA:BC:10:00:0D:4B,SN-ONT-03403,single_band
ZTE,ONU,F601,AA:BC:10:00:0D:4C,SN-ONU-03404,dual_band
Nokia,Router,AX1800,AA:BC:10:00:0D:4D,SN-Router-03405,single_band
TP-Link,Switch,SG108,AA:BC:10:00:0D:4E,SN-Switch-03406,dual_band
Cisco,Modem,CM1200,AA:BC:10:00:0D:4F,SN-Modem-03407,single_band
D-Link,Access Point,U6-Lite,AA:BC:10:00:0D:50,SN-AccessPoint-03408,dual_band
Huawei,Other,Generic-Device-A,AA:BC:10:00:0D:51,SN-Other-03409,single_band
ZTE,ONT,ZXHN-F680,AA:BC:10:00:0D:52,SN-ONT-03410,dual_band
Nokia,ONU,AN5506-01,AA:BC:10:00:0D:53,SN-ONU-03411,single_band
TP-Link,Router,Archer C6,AA:BC:10:00:0D:54,SN-Router-03412,dual_band
Cisco,Switch,CBS110,AA:BC:10:00:0D:55,SN-Switch-03413,single_band
D-Link,Modem,TC4400,AA:BC:10:00:0D:56,SN-Modem-03414,dual_band
Huawei,Access Point,EAP225,AA:BC:10:00:0D:57,SN-AccessPoint-03415,single_band
ZTE,Other,Generic-Device-B,AA:BC:10:00:0D:58,SN-Other-03416,dual_band
Nokia,ONT,G-2425G-A,AA:BC:10:00:0D:59,SN-ONT-03417,single_band
TP-Link,ONU,G-140W-C,AA:BC:10:00:0D:5A,SN-ONU-03418,dual_band
Cisco,Router,RV340,AA:BC:10:00:0D:5B,SN-Router-03419,single_band
D-Link,Switch,DGS-1008A,AA:BC:10:00:0D:5C,SN-Switch-03420,dual_band
Huawei,Modem,MB8600,AA:BC:10:00:0D:5D,SN-Modem-03421,single_band
ZTE,Access Point,WAP150,AA:BC:10:00:0D:5E,SN-AccessPoint-03422,dual_band
Nokia,Other,Generic-Device-C,AA:BC:10:00:0D:5F,SN-Other-03423,single_band
TP-Link,ONT,HG8145V5,AA:BC:10:00:0D:60,SN-ONT-03424,dual_band
Cisco,ONU,F601,AA:BC:10:00:0D:61,SN-ONU-03425,single_band
D-Link,Router,AX1800,AA:BC:10:00:0D:62,SN-Router-03426,dual_band
Huawei,Switch,SG108,AA:BC:10:00:0D:63,SN-Switch-03427,single_band
ZTE,Modem,CM1200,AA:BC:10:00:0D:64,SN-Modem-03428,dual_band
Nokia,Access Point,U6-Lite,AA:BC:10:00:0D:65,SN-AccessPoint-03429,single_band
TP-Link,Other,Generic-Device-A,AA:BC:10:00:0D:66,SN-Other-03430,dual_band
Cisco,ONT,ZXHN-F680,AA:BC:10:00:0D:67,SN-ONT-03431,single_band
D-Link,ONU,AN5506-01,AA:BC:10:00:0D:68,SN-ONU-03432,dual_band
Huawei,Router,Archer C6,AA:BC:10:00:0D:69,SN-Router-03433,single_band
ZTE,Switch,CBS110,AA:BC:10:00:0D:6A,SN-Switch-03434,dual_band
Nokia,Modem,TC4400,AA:BC:10:00:0D:6B,SN-Modem-03435,single_band
TP-Link,Access Point,EAP225,AA:BC:10:00:0D:6C,SN-AccessPoint-03436,dual_band
Cisco,Other,Generic-Device-B,AA:BC:10:00:0D:6D,SN-Other-03437,single_band
D-Link,ONT,G-2425G-A,AA:BC:10:00:0D:6E,SN-ONT-03438,dual_band
Huawei,ONU,G-140W-C,AA:BC:10:00:0D:6F,SN-ONU-03439,single_band
ZTE,Router,RV340,AA:BC:10:00:0D:70,SN-Router-03440,dual_band
Nokia,Switch,DGS-1008A,AA:BC:10:00:0D:71,SN-Switch-03441,single_band
TP-Link,Modem,MB8600,AA:BC:10:00:0D:72,SN-Modem-03442,dual_band
Cisco,Access Point,WAP150,AA:BC:10:00:0D:73,SN-AccessPoint-03443,single_band
D-Link,Other,Generic-Device-C,AA:BC:10:00:0D:74,SN-Other-03444,dual_band
Huawei,ONT,HG8145V5,AA:BC:10:00:0D:75,SN-ONT-03445,single_band
ZTE,ONU,F601,AA:BC:10:00:0D:76,SN-ONU-03446,dual_band
Nokia,Router,AX1800,AA:BC:10:00:0D:77,SN-Router-03447,single_band
TP-Link,Switch,SG108,AA:BC:10:00:0D:78,SN-Switch-03448,dual_band
Cisco,Modem,CM1200,AA:BC:10:00:0D:79,SN-Modem-03449,single_band
D-Link,Access Point,U6-Lite,AA:BC:10:00:0D:7A,SN-AccessPoint-03450,dual_band
Huawei,Other,Generic-Device-A,AA:BC:10:00:0D:7B,SN-Other-03451,single_band
ZTE,ONT,ZXHN-F680,AA:BC:10:00:0D:7C,SN-ONT-03452,dual_band
Nokia,ONU,AN5506-01,AA:BC:10:00:0D:7D,SN-ONU-03453,single_band
TP-Link,Router,Archer C6,AA:BC:10:00:0D:7E,SN-Router-03454,dual_band
Cisco,Switch,CBS110,AA:BC:10:00:0D:7F,SN-Switch-03455,single_band
D-Link,Modem,TC4400,AA:BC:10:00:0D:80,SN-Modem-03456,dual_band
Huawei,Access Point,EAP225,AA:BC:10:00:0D:81,SN-AccessPoint-03457,single_band
ZTE,Other,Generic-Device-B,AA:BC:10:00:0D:82,SN-Other-03458,dual_band
Nokia,ONT,G-2425G-A,AA:BC:10:00:0D:83,SN-ONT-03459,single_band
TP-Link,ONU,G-140W-C,AA:BC:10:00:0D:84,SN-ONU-03460,dual_band
Cisco,Router,RV340,AA:BC:10:00:0D:85,SN-Router-03461,single_band
D-Link,Switch,DGS-1008A,AA:BC:10:00:0D:86,SN-Switch-03462,dual_band
Huawei,Modem,MB8600,AA:BC:10:00:0D:87,SN-Modem-03463,single_band
ZTE,Access Point,WAP150,AA:BC:10:00:0D:88,SN-AccessPoint-03464,dual_band
Nokia,Other,Generic-Device-C,AA:BC:10:00:0D:89,SN-Other-03465,single_band
TP-Link,ONT,HG8145V5,AA:BC:10:00:0D:8A,SN-ONT-03466,dual_band
Cisco,ONU,F601,AA:BC:10:00:0D:8B,SN-ONU-03467,single_band
D-Link,Router,AX1800,AA:BC:10:00:0D:8C,SN-Router-03468,dual_band
Huawei,Switch,SG108,AA:BC:10:00:0D:8D,SN-Switch-03469,single_band
ZTE,Modem,CM1200,AA:BC:10:00:0D:8E,SN-Modem-03470,dual_band
Nokia,Access Point,U6-Lite,AA:BC:10:00:0D:8F,SN-AccessPoint-03471,single_band
TP-Link,Other,Generic-Device-A,AA:BC:10:00:0D:90,SN-Other-03472,dual_band
Cisco,ONT,ZXHN-F680,AA:BC:10:00:0D:91,SN-ONT-03473,single_band
D-Link,ONU,AN5506-01,AA:BC:10:00:0D:92,SN-ONU-03474,dual_band
Huawei,Router,Archer C6,AA:BC:10:00:0D:93,SN-Router-03475,single_band
ZTE,Switch,CBS110,AA:BC:10:00:0D:94,SN-Switch-03476,dual_band
Nokia,Modem,TC4400,AA:BC:10:00:0D:95,SN-Modem-03477,single_band
TP-Link,Access Point,EAP225,AA:BC:10:00:0D:96,SN-AccessPoint-03478,dual_band
Cisco,Other,Generic-Device-B,AA:BC:10:00:0D:97,SN-Other-03479,single_band
D-Link,ONT,G-2425G-A,AA:BC:10:00:0D:98,SN-ONT-03480,dual_band
Huawei,ONU,G-140W-C,AA:BC:10:00:0D:99,SN-ONU-03481,single_band
ZTE,Router,RV340,AA:BC:10:00:0D:9A,SN-Router-03482,dual_band
Nokia,Switch,DGS-1008A,AA:BC:10:00:0D:9B,SN-Switch-03483,single_band
TP-Link,Modem,MB8600,AA:BC:10:00:0D:9C,SN-Modem-03484,dual_band
Cisco,Access Point,WAP150,AA:BC:10:00:0D:9D,SN-AccessPoint-03485,single_band
D-Link,Other,Generic-Device-C,AA:BC:10:00:0D:9E,SN-Other-03486,dual_band
Huawei,ONT,HG8145V5,AA:BC:10:00:0D:9F,SN-ONT-03487,single_band
ZTE,ONU,F601,AA:BC:10:00:0D:A0,SN-ONU-03488,dual_band
Nokia,Router,AX1800,AA:BC:10:00:0D:A1,SN-Router-03489,single_band
TP-Link,Switch,SG108,AA:BC:10:00:0D:A2,SN-Switch-03490,dual_band
Cisco,Modem,CM1200,AA:BC:10:00:0D:A3,SN-Modem-03491,single_band
D-Link,Access Point,U6-Lite,AA:BC:10:00:0D:A4,SN-AccessPoint-03492,dual_band
Huawei,Other,Generic-Device-A,AA:BC:10:00:0D:A5,SN-Other-03493,single_band
ZTE,ONT,ZXHN-F680,AA:BC:10:00:0D:A6,SN-ONT-03494,dual_band
Nokia,ONU,AN5506-01,AA:BC:10:00:0D:A7,SN-ONU-03495,single_band
TP-Link,Router,Archer C6,AA:BC:10:00:0D:A8,SN-Router-03496,dual_band
Cisco,Switch,CBS110,AA:BC:10:00:0D:A9,SN-Switch-03497,single_band
D-Link,Modem,TC4400,AA:BC:10:00:0D:AA,SN-Modem-03498,dual_band
Huawei,Access Point,EAP225,AA:BC:10:00:0D:AB,SN-AccessPoint-03499,single_band
ZTE,Other,Generic-Device-B,AA:BC:10:00:0D:AC,SN-Other-03500,dual_band
Nokia,ONT,G-2425G-A,AA:BC:10:00:0D:AD,SN-ONT-03501,single_band
TP-Link,ONU,G-140W-C,AA:BC:10:00:0D:AE,SN-ONU-03502,dual_band
Cisco,Router,RV340,AA:BC:10:00:0D:AF,SN-Router-03503,single_band
D-Link,Switch,DGS-1008A,AA:BC:10:00:0D:B0,SN-Switch-03504,dual_band
Huawei,Modem,MB8600,AA:BC:10:00:0D:B1,SN-Modem-03505,single_band
ZTE,Access Point,WAP150,AA:BC:10:00:0D:B2,SN-AccessPoint-03506,dual_band
Nokia,Other,Generic-Device-C,AA:BC:10:00:0D:B3,SN-Other-03507,single_band
TP-Link,ONT,HG8145V5,AA:BC:10:00:0D:B4,SN-ONT-03508,dual_band
Cisco,ONU,F601,AA:BC:10:00:0D:B5,SN-ONU-03509,single_band
D-Link,Router,AX1800,AA:BC:10:00:0D:B6,SN-Router-03510,dual_band
Huawei,Switch,SG108,AA:BC:10:00:0D:B7,SN-Switch-03511,single_band
ZTE,Modem,CM1200,AA:BC:10:00:0D:B8,SN-Modem-03512,dual_band
Nokia,Access Point,U6-Lite,AA:BC:10:00:0D:B9,SN-AccessPoint-03513,single_band
TP-Link,Other,Generic-Device-A,AA:BC:10:00:0D:BA,SN-Other-03514,dual_band
Cisco,ONT,ZXHN-F680,AA:BC:10:00:0D:BB,SN-ONT-03515,single_band
D-Link,ONU,AN5506-01,AA:BC:10:00:0D:BC,SN-ONU-03516,dual_band
Huawei,Router,Archer C6,AA:BC:10:00:0D:BD,SN-Router-03517,single_band
ZTE,Switch,CBS110,AA:BC:10:00:0D:BE,SN-Switch-03518,dual_band
Nokia,Modem,TC4400,AA:BC:10:00:0D:BF,SN-Modem-03519,single_band
TP-Link,Access Point,EAP225,AA:BC:10:00:0D:C0,SN-AccessPoint-03520,dual_band
Cisco,Other,Generic-Device-B,AA:BC:10:00:0D:C1,SN-Other-03521,single_band
D-Link,ONT,G-2425G-A,AA:BC:10:00:0D:C2,SN-ONT-03522,dual_band
Huawei,ONU,G-140W-C,AA:BC:10:00:0D:C3,SN-ONU-03523,single_band
ZTE,Router,RV340,AA:BC:10:00:0D:C4,SN-Router-03524,dual_band
Nokia,Switch,DGS-1008A,AA:BC:10:00:0D:C5,SN-Switch-03525,single_band
TP-Link,Modem,MB8600,AA:BC:10:00:0D:C6,SN-Modem-03526,dual_band
Cisco,Access Point,WAP150,AA:BC:10:00:0D:C7,SN-AccessPoint-03527,single_band
D-Link,Other,Generic-Device-C,AA:BC:10:00:0D:C8,SN-Other-03528,dual_band
Huawei,ONT,HG8145V5,AA:BC:10:00:0D:C9,SN-ONT-03529,single_band
ZTE,ONU,F601,AA:BC:10:00:0D:CA,SN-ONU-03530,dual_band
Nokia,Router,AX1800,AA:BC:10:00:0D:CB,SN-Router-03531,single_band
TP-Link,Switch,SG108,AA:BC:10:00:0D:CC,SN-Switch-03532,dual_band
Cisco,Modem,CM1200,AA:BC:10:00:0D:CD,SN-Modem-03533,single_band
D-Link,Access Point,U6-Lite,AA:BC:10:00:0D:CE,SN-AccessPoint-03534,dual_band
Huawei,Other,Generic-Device-A,AA:BC:10:00:0D:CF,SN-Other-03535,single_band
ZTE,ONT,ZXHN-F680,AA:BC:10:00:0D:D0,SN-ONT-03536,dual_band
Nokia,ONU,AN5506-01,AA:BC:10:00:0D:D1,SN-ONU-03537,single_band
TP-Link,Router,Archer C6,AA:BC:10:00:0D:D2,SN-Router-03538,dual_band
Cisco,Switch,CBS110,AA:BC:10:00:0D:D3,SN-Switch-03539,single_band
D-Link,Modem,TC4400,AA:BC:10:00:0D:D4,SN-Modem-03540,dual_band
Huawei,Access Point,EAP225,AA:BC:10:00:0D:D5,SN-AccessPoint-03541,single_band
ZTE,Other,Generic-Device-B,AA:BC:10:00:0D:D6,SN-Other-03542,dual_band
Nokia,ONT,G-2425G-A,AA:BC:10:00:0D:D7,SN-ONT-03543,single_band
TP-Link,ONU,G-140W-C,AA:BC:10:00:0D:D8,SN-ONU-03544,dual_band
Cisco,Router,RV340,AA:BC:10:00:0D:D9,SN-Router-03545,single_band
D-Link,Switch,DGS-1008A,AA:BC:10:00:0D:DA,SN-Switch-03546,dual_band
Huawei,Modem,MB8600,AA:BC:10:00:0D:DB,SN-Modem-03547,single_band
ZTE,Access Point,WAP150,AA:BC:10:00:0D:DC,SN-AccessPoint-03548,dual_band
Nokia,Other,Generic-Device-C,AA:BC:10:00:0D:DD,SN-Other-03549,single_band
TP-Link,ONT,HG8145V5,AA:BC:10:00:0D:DE,SN-ONT-03550,dual_band
Cisco,ONU,F601,AA:BC:10:00:0D:DF,SN-ONU-03551,single_band
D-Link,Router,AX1800,AA:BC:10:00:0D:E0,SN-Router-03552,dual_band
Huawei,Switch,SG108,AA:BC:10:00:0D:E1,SN-Switch-03553,single_band
ZTE,Modem,CM1200,AA:BC:10:00:0D:E2,SN-Modem-03554,dual_band
Nokia,Access Point,U6-Lite,AA:BC:10:00:0D:E3,SN-AccessPoint-03555,single_band
TP-Link,Other,Generic-Device-A,AA:BC:10:00:0D:E4,SN-Other-03556,dual_band
Cisco,ONT,ZXHN-F680,AA:BC:10:00:0D:E5,SN-ONT-03557,single_band
D-Link,ONU,AN5506-01,AA:BC:10:00:0D:E6,SN-ONU-03558,dual_band
Huawei,Router,Archer C6,AA:BC:10:00:0D:E7,SN-Router-03559,single_band
ZTE,Switch,CBS110,AA:BC:10:00:0D:E8,SN-Switch-03560,dual_band
Nokia,Modem,TC4400,AA:BC:10:00:0D:E9,SN-Modem-03561,single_band
TP-Link,Access Point,EAP225,AA:BC:10:00:0D:EA,SN-AccessPoint-03562,dual_band
Cisco,Other,Generic-Device-B,AA:BC:10:00:0D:EB,SN-Other-03563,single_band
D-Link,ONT,G-2425G-A,AA:BC:10:00:0D:EC,SN-ONT-03564,dual_band
Huawei,ONU,G-140W-C,AA:BC:10:00:0D:ED,SN-ONU-03565,single_band
ZTE,Router,RV340,AA:BC:10:00:0D:EE,SN-Router-03566,dual_band
Nokia,Switch,DGS-1008A,AA:BC:10:00:0D:EF,SN-Switch-03567,single_band
TP-Link,Modem,MB8600,AA:BC:10:00:0D:F0,SN-Modem-03568,dual_band
Cisco,Access Point,WAP150,AA:BC:10:00:0D:F1,SN-AccessPoint-03569,single_band
D-Link,Other,Generic-Device-C,AA:BC:10:00:0D:F2,SN-Other-03570,dual_band
Huawei,ONT,HG8145V5,AA:BC:10:00:0D:F3,SN-ONT-03571,single_band
ZTE,ONU,F601,AA:BC:10:00:0D:F4,SN-ONU-03572,dual_band
Nokia,Router,AX1800,AA:BC:10:00:0D:F5,SN-Router-03573,single_band
TP-Link,Switch,SG108,AA:BC:10:00:0D:F6,SN-Switch-03574,dual_band
Cisco,Modem,CM1200,AA:BC:10:00:0D:F7,SN-Modem-03575,single_band
D-Link,Access Point,U6-Lite,AA:BC:10:00:0D:F8,SN-AccessPoint-03576,dual_band
Huawei,Other,Generic-Device-A,AA:BC:10:00:0D:F9,SN-Other-03577,single_band
ZTE,ONT,ZXHN-F680,AA:BC:10:00:0D:FA,SN-ONT-03578,dual_band
Nokia,ONU,AN5506-01,AA:BC:10:00:0D:FB,SN-ONU-03579,single_band
TP-Link,Router,Archer C6,AA:BC:10:00:0D:FC,SN-Router-03580,dual_band
Cisco,Switch,CBS110,AA:BC:10:00:0D:FD,SN-Switch-03581,single_band
D-Link,Modem,TC4400,AA:BC:10:00:0D:FE,SN-Modem-03582,dual_band
Huawei,Access Point,EAP225,AA:BC:10:00:0D:FF,SN-AccessPoint-03583,single_band
ZTE,Other,Generic-Device-B,AA:BC:10:00:0E:00,SN-Other-03584,dual_band
Nokia,ONT,G-2425G-A,AA:BC:10:00:0E:01,SN-ONT-03585,single_band
TP-Link,ONU,G-140W-C,AA:BC:10:00:0E:02,SN-ONU-03586,dual_band
Cisco,Router,RV340,AA:BC:10:00:0E:03,SN-Router-03587,single_band
D-Link,Switch,DGS-1008A,AA:BC:10:00:0E:04,SN-Switch-03588,dual_band
Huawei,Modem,MB8600,AA:BC:10:00:0E:05,SN-Modem-03589,single_band
ZTE,Access Point,WAP150,AA:BC:10:00:0E:06,SN-AccessPoint-03590,dual_band
Nokia,Other,Generic-Device-C,AA:BC:10:00:0E:07,SN-Other-03591,single_band
TP-Link,ONT,HG8145V5,AA:BC:10:00:0E:08,SN-ONT-03592,dual_band
Cisco,ONU,F601,AA:BC:10:00:0E:09,SN-ONU-03593,single_band
D-Link,Router,AX1800,AA:BC:10:00:0E:0A,SN-Router-03594,dual_band
Huawei,Switch,SG108,AA:BC:10:00:0E:0B,SN-Switch-03595,single_band
ZTE,Modem,CM1200,AA:BC:10:00:0E:0C,SN-Modem-03596,dual_band
Nokia,Access Point,U6-Lite,AA:BC:10:00:0E:0D,SN-AccessPoint-03597,single_band
TP-Link,Other,Generic-Device-A,AA:BC:10:00:0E:0E,SN-Other-03598,dual_band
Cisco,ONT,ZXHN-F680,AA:BC:10:00:0E:0F,SN-ONT-03599,single_band
D-Link,ONU,AN5506-01,AA:BC:10:00:0E:10,SN-ONU-03600,dual_band
Huawei,Router,Archer C6,AA:BC:10:00:0E:11,SN-Router-03601,single_band
ZTE,Switch,CBS110,AA:BC:10:00:0E:12,SN-Switch-03602,dual_band
Nokia,Modem,TC4400,AA:BC:10:00:0E:13,SN-Modem-03603,single_band
TP-Link,Access Point,EAP225,AA:BC:10:00:0E:14,SN-AccessPoint-03604,dual_band
Cisco,Other,Generic-Device-B,AA:BC:10:00:0E:15,SN-Other-03605,single_band
D-Link,ONT,G-2425G-A,AA:BC:10:00:0E:16,SN-ONT-03606,dual_band
Huawei,ONU,G-140W-C,AA:BC:10:00:0E:17,SN-ONU-03607,single_band
ZTE,Router,RV340,AA:BC:10:00:0E:18,SN-Router-03608,dual_band
Nokia,Switch,DGS-1008A,AA:BC:10:00:0E:19,SN-Switch-03609,single_band
TP-Link,Modem,MB8600,AA:BC:10:00:0E:1A,SN-Modem-03610,dual_band
Cisco,Access Point,WAP150,AA:BC:10:00:0E:1B,SN-AccessPoint-03611,single_band
D-Link,Other,Generic-Device-C,AA:BC:10:00:0E:1C,SN-Other-03612,dual_band
Huawei,ONT,HG8145V5,AA:BC:10:00:0E:1D,SN-ONT-03613,single_band
ZTE,ONU,F601,AA:BC:10:00:0E:1E,SN-ONU-03614,dual_band
Nokia,Router,AX1800,AA:BC:10:00:0E:1F,SN-Router-03615,single_band
TP-Link,Switch,SG108,AA:BC:10:00:0E:20,SN-Switch-03616,dual_band
Cisco,Modem,CM1200,AA:BC:10:00:0E:21,SN-Modem-03617,single_band
D-Link,Access Point,U6-Lite,AA:BC:10:00:0E:22,SN-AccessPoint-03618,dual_band
Huawei,Other,Generic-Device-A,AA:BC:10:00:0E:23,SN-Other-03619,single_band
ZTE,ONT,ZXHN-F680,AA:BC:10:00:0E:24,SN-ONT-03620,dual_band
Nokia,ONU,AN5506-01,AA:BC:10:00:0E:25,SN-ONU-03621,single_band
TP-Link,Router,Archer C6,AA:BC:10:00:0E:26,SN-Router-03622,dual_band
Cisco,Switch,CBS110,AA:BC:10:00:0E:27,SN-Switch-03623,single_band
D-Link,Modem,TC4400,AA:BC:10:00:0E:28,SN-Modem-03624,dual_band
Huawei,Access Point,EAP225,AA:BC:10:00:0E:29,SN-AccessPoint-03625,single_band
ZTE,Other,Generic-Device-B,AA:BC:10:00:0E:2A,SN-Other-03626,dual_band
Nokia,ONT,G-2425G-A,AA:BC:10:00:0E:2B,SN-ONT-03627,single_band
TP-Link,ONU,G-140W-C,AA:BC:10:00:0E:2C,SN-ONU-03628,dual_band
Cisco,Router,RV340,AA:BC:10:00:0E:2D,SN-Router-03629,single_band
D-Link,Switch,DGS-1008A,AA:BC:10:00:0E:2E,SN-Switch-03630,dual_band
Huawei,Modem,MB8600,AA:BC:10:00:0E:2F,SN-Modem-03631,single_band
ZTE,Access Point,WAP150,AA:BC:10:00:0E:30,SN-AccessPoint-03632,dual_band
Nokia,Other,Generic-Device-C,AA:BC:10:00:0E:31,SN-Other-03633,single_band
TP-Link,ONT,HG8145V5,AA:BC:10:00:0E:32,SN-ONT-03634,dual_band
Cisco,ONU,F601,AA:BC:10:00:0E:33,SN-ONU-03635,single_band
D-Link,Router,AX1800,AA:BC:10:00:0E:34,SN-Router-03636,dual_band
Huawei,Switch,SG108,AA:BC:10:00:0E:35,SN-Switch-03637,single_band
ZTE,Modem,CM1200,AA:BC:10:00:0E:36,SN-Modem-03638,dual_band
Nokia,Access Point,U6-Lite,AA:BC:10:00:0E:37,SN-AccessPoint-03639,single_band
TP-Link,Other,Generic-Device-A,AA:BC:10:00:0E:38,SN-Other-03640,dual_band
Cisco,ONT,ZXHN-F680,AA:BC:10:00:0E:39,SN-ONT-03641,single_band
D-Link,ONU,AN5506-01,AA:BC:10:00:0E:3A,SN-ONU-03642,dual_band
Huawei,Router,Archer C6,AA:BC:10:00:0E:3B,SN-Router-03643,single_band
ZTE,Switch,CBS110,AA:BC:10:00:0E:3C,SN-Switch-03644,dual_band
Nokia,Modem,TC4400,AA:BC:10:00:0E:3D,SN-Modem-03645,single_band
TP-Link,Access Point,EAP225,AA:BC:10:00:0E:3E,SN-AccessPoint-03646,dual_band
Cisco,Other,Generic-Device-B,AA:BC:10:00:0E:3F,SN-Other-03647,single_band
D-Link,ONT,G-2425G-A,AA:BC:10:00:0E:40,SN-ONT-03648,dual_band
Huawei,ONU,G-140W-C,AA:BC:10:00:0E:41,SN-ONU-03649,single_band
ZTE,Router,RV340,AA:BC:10:00:0E:42,SN-Router-03650,dual_band
Nokia,Switch,DGS-1008A,AA:BC:10:00:0E:43,SN-Switch-03651,single_band
TP-Link,Modem,MB8600,AA:BC:10:00:0E:44,SN-Modem-03652,dual_band
Cisco,Access Point,WAP150,AA:BC:10:00:0E:45,SN-AccessPoint-03653,single_band
D-Link,Other,Generic-Device-C,AA:BC:10:00:0E:46,SN-Other-03654,dual_band
Huawei,ONT,HG8145V5,AA:BC:10:00:0E:47,SN-ONT-03655,single_band
ZTE,ONU,F601,AA:BC:10:00:0E:48,SN-ONU-03656,dual_band
Nokia,Router,AX1800,AA:BC:10:00:0E:49,SN-Router-03657,single_band
TP-Link,Switch,SG108,AA:BC:10:00:0E:4A,SN-Switch-03658,dual_band
Cisco,Modem,CM1200,AA:BC:10:00:0E:4B,SN-Modem-03659,single_band
D-Link,Access Point,U6-Lite,AA:BC:10:00:0E:4C,SN-AccessPoint-03660,dual_band
Huawei,Other,Generic-Device-A,AA:BC:10:00:0E:4D,SN-Other-03661,single_band
ZTE,ONT,ZXHN-F680,AA:BC:10:00:0E:4E,SN-ONT-03662,dual_band
Nokia,ONU,AN5506-01,AA:BC:10:00:0E:4F,SN-ONU-03663,single_band
TP-Link,Router,Archer C6,AA:BC:10:00:0E:50,SN-Router-03664,dual_band
Cisco,Switch,CBS110,AA:BC:10:00:0E:51,SN-Switch-03665,single_band
D-Link,Modem,TC4400,AA:BC:10:00:0E:52,SN-Modem-03666,dual_band
Huawei,Access Point,EAP225,AA:BC:10:00:0E:53,SN-AccessPoint-03667,single_band
ZTE,Other,Generic-Device-B,AA:BC:10:00:0E:54,SN-Other-03668,dual_band
Nokia,ONT,G-2425G-A,AA:BC:10:00:0E:55,SN-ONT-03669,single_band
TP-Link,ONU,G-140W-C,AA:BC:10:00:0E:56,SN-ONU-03670,dual_band
Cisco,Router,RV340,AA:BC:10:00:0E:57,SN-Router-03671,single_band
D-Link,Switch,DGS-1008A,AA:BC:10:00:0E:58,SN-Switch-03672,dual_band
Huawei,Modem,MB8600,AA:BC:10:00:0E:59,SN-Modem-03673,single_band
ZTE,Access Point,WAP150,AA:BC:10:00:0E:5A,SN-AccessPoint-03674,dual_band
Nokia,Other,Generic-Device-C,AA:BC:10:00:0E:5B,SN-Other-03675,single_band
TP-Link,ONT,HG8145V5,AA:BC:10:00:0E:5C,SN-ONT-03676,dual_band
Cisco,ONU,F601,AA:BC:10:00:0E:5D,SN-ONU-03677,single_band
D-Link,Router,AX1800,AA:BC:10:00:0E:5E,SN-Router-03678,dual_band
Huawei,Switch,SG108,AA:BC:10:00:0E:5F,SN-Switch-03679,single_band
ZTE,Modem,CM1200,AA:BC:10:00:0E:60,SN-Modem-03680,dual_band
Nokia,Access Point,U6-Lite,AA:BC:10:00:0E:61,SN-AccessPoint-03681,single_band
TP-Link,Other,Generic-Device-A,AA:BC:10:00:0E:62,SN-Other-03682,dual_band
Cisco,ONT,ZXHN-F680,AA:BC:10:00:0E:63,SN-ONT-03683,single_band
D-Link,ONU,AN5506-01,AA:BC:10:00:0E:64,SN-ONU-03684,dual_band
Huawei,Router,Archer C6,AA:BC:10:00:0E:65,SN-Router-03685,single_band
ZTE,Switch,CBS110,AA:BC:10:00:0E:66,SN-Switch-03686,dual_band
Nokia,Modem,TC4400,AA:BC:10:00:0E:67,SN-Modem-03687,single_band
TP-Link,Access Point,EAP225,AA:BC:10:00:0E:68,SN-AccessPoint-03688,dual_band
Cisco,Other,Generic-Device-B,AA:BC:10:00:0E:69,SN-Other-03689,single_band
D-Link,ONT,G-2425G-A,AA:BC:10:00:0E:6A,SN-ONT-03690,dual_band
Huawei,ONU,G-140W-C,AA:BC:10:00:0E:6B,SN-ONU-03691,single_band
ZTE,Router,RV340,AA:BC:10:00:0E:6C,SN-Router-03692,dual_band
Nokia,Switch,DGS-1008A,AA:BC:10:00:0E:6D,SN-Switch-03693,single_band
TP-Link,Modem,MB8600,AA:BC:10:00:0E:6E,SN-Modem-03694,dual_band
Cisco,Access Point,WAP150,AA:BC:10:00:0E:6F,SN-AccessPoint-03695,single_band
D-Link,Other,Generic-Device-C,AA:BC:10:00:0E:70,SN-Other-03696,dual_band
Huawei,ONT,HG8145V5,AA:BC:10:00:0E:71,SN-ONT-03697,single_band
ZTE,ONU,F601,AA:BC:10:00:0E:72,SN-ONU-03698,dual_band
Nokia,Router,AX1800,AA:BC:10:00:0E:73,SN-Router-03699,single_band
TP-Link,Switch,SG108,AA:BC:10:00:0E:74,SN-Switch-03700,dual_band
Cisco,Modem,CM1200,AA:BC:10:00:0E:75,SN-Modem-03701,single_band
D-Link,Access Point,U6-Lite,AA:BC:10:00:0E:76,SN-AccessPoint-03702,dual_band
Huawei,Other,Generic-Device-A,AA:BC:10:00:0E:77,SN-Other-03703,single_band
ZTE,ONT,ZXHN-F680,AA:BC:10:00:0E:78,SN-ONT-03704,dual_band
Nokia,ONU,AN5506-01,AA:BC:10:00:0E:79,SN-ONU-03705,single_band
TP-Link,Router,Archer C6,AA:BC:10:00:0E:7A,SN-Router-03706,dual_band
Cisco,Switch,CBS110,AA:BC:10:00:0E:7B,SN-Switch-03707,single_band
D-Link,Modem,TC4400,AA:BC:10:00:0E:7C,SN-Modem-03708,dual_band
Huawei,Access Point,EAP225,AA:BC:10:00:0E:7D,SN-AccessPoint-03709,single_band
ZTE,Other,Generic-Device-B,AA:BC:10:00:0E:7E,SN-Other-03710,dual_band
Nokia,ONT,G-2425G-A,AA:BC:10:00:0E:7F,SN-ONT-03711,single_band
TP-Link,ONU,G-140W-C,AA:BC:10:00:0E:80,SN-ONU-03712,dual_band
Cisco,Router,RV340,AA:BC:10:00:0E:81,SN-Router-03713,single_band
D-Link,Switch,DGS-1008A,AA:BC:10:00:0E:82,SN-Switch-03714,dual_band
Huawei,Modem,MB8600,AA:BC:10:00:0E:83,SN-Modem-03715,single_band
ZTE,Access Point,WAP150,AA:BC:10:00:0E:84,SN-AccessPoint-03716,dual_band
Nokia,Other,Generic-Device-C,AA:BC:10:00:0E:85,SN-Other-03717,single_band
TP-Link,ONT,HG8145V5,AA:BC:10:00:0E:86,SN-ONT-03718,dual_band
Cisco,ONU,F601,AA:BC:10:00:0E:87,SN-ONU-03719,single_band
D-Link,Router,AX1800,AA:BC:10:00:0E:88,SN-Router-03720,dual_band
Huawei,Switch,SG108,AA:BC:10:00:0E:89,SN-Switch-03721,single_band
ZTE,Modem,CM1200,AA:BC:10:00:0E:8A,SN-Modem-03722,dual_band
Nokia,Access Point,U6-Lite,AA:BC:10:00:0E:8B,SN-AccessPoint-03723,single_band
TP-Link,Other,Generic-Device-A,AA:BC:10:00:0E:8C,SN-Other-03724,dual_band
Cisco,ONT,ZXHN-F680,AA:BC:10:00:0E:8D,SN-ONT-03725,single_band
D-Link,ONU,AN5506-01,AA:BC:10:00:0E:8E,SN-ONU-03726,dual_band
Huawei,Router,Archer C6,AA:BC:10:00:0E:8F,SN-Router-03727,single_band
ZTE,Switch,CBS110,AA:BC:10:00:0E:90,SN-Switch-03728,dual_band
Nokia,Modem,TC4400,AA:BC:10:00:0E:91,SN-Modem-03729,single_band
TP-Link,Access Point,EAP225,AA:BC:10:00:0E:92,SN-AccessPoint-03730,dual_band
Cisco,Other,Generic-Device-B,AA:BC:10:00:0E:93,SN-Other-03731,single_band
D-Link,ONT,G-2425G-A,AA:BC:10:00:0E:94,SN-ONT-03732,dual_band
Huawei,ONU,G-140W-C,AA:BC:10:00:0E:95,SN-ONU-03733,single_band
ZTE,Router,RV340,AA:BC:10:00:0E:96,SN-Router-03734,dual_band
Nokia,Switch,DGS-1008A,AA:BC:10:00:0E:97,SN-Switch-03735,single_band
TP-Link,Modem,MB8600,AA:BC:10:00:0E:98,SN-Modem-03736,dual_band
Cisco,Access Point,WAP150,AA:BC:10:00:0E:99,SN-AccessPoint-03737,single_band
D-Link,Other,Generic-Device-C,AA:BC:10:00:0E:9A,SN-Other-03738,dual_band
Huawei,ONT,HG8145V5,AA:BC:10:00:0E:9B,SN-ONT-03739,single_band
ZTE,ONU,F601,AA:BC:10:00:0E:9C,SN-ONU-03740,dual_band
Nokia,Router,AX1800,AA:BC:10:00:0E:9D,SN-Router-03741,single_band
TP-Link,Switch,SG108,AA:BC:10:00:0E:9E,SN-Switch-03742,dual_band
Cisco,Modem,CM1200,AA:BC:10:00:0E:9F,SN-Modem-03743,single_band
D-Link,Access Point,U6-Lite,AA:BC:10:00:0E:A0,SN-AccessPoint-03744,dual_band
Huawei,Other,Generic-Device-A,AA:BC:10:00:0E:A1,SN-Other-03745,single_band
ZTE,ONT,ZXHN-F680,AA:BC:10:00:0E:A2,SN-ONT-03746,dual_band
Nokia,ONU,AN5506-01,AA:BC:10:00:0E:A3,SN-ONU-03747,single_band
TP-Link,Router,Archer C6,AA:BC:10:00:0E:A4,SN-Router-03748,dual_band
Cisco,Switch,CBS110,AA:BC:10:00:0E:A5,SN-Switch-03749,single_band
D-Link,Modem,TC4400,AA:BC:10:00:0E:A6,SN-Modem-03750,dual_band
Huawei,Access Point,EAP225,AA:BC:10:00:0E:A7,SN-AccessPoint-03751,single_band
ZTE,Other,Generic-Device-B,AA:BC:10:00:0E:A8,SN-Other-03752,dual_band
Nokia,ONT,G-2425G-A,AA:BC:10:00:0E:A9,SN-ONT-03753,single_band
TP-Link,ONU,G-140W-C,AA:BC:10:00:0E:AA,SN-ONU-03754,dual_band
Cisco,Router,RV340,AA:BC:10:00:0E:AB,SN-Router-03755,single_band
D-Link,Switch,DGS-1008A,AA:BC:10:00:0E:AC,SN-Switch-03756,dual_band
Huawei,Modem,MB8600,AA:BC:10:00:0E:AD,SN-Modem-03757,single_band
ZTE,Access Point,WAP150,AA:BC:10:00:0E:AE,SN-AccessPoint-03758,dual_band
Nokia,Other,Generic-Device-C,AA:BC:10:00:0E:AF,SN-Other-03759,single_band
TP-Link,ONT,HG8145V5,AA:BC:10:00:0E:B0,SN-ONT-03760,dual_band
Cisco,ONU,F601,AA:BC:10:00:0E:B1,SN-ONU-03761,single_band
D-Link,Router,AX1800,AA:BC:10:00:0E:B2,SN-Router-03762,dual_band
Huawei,Switch,SG108,AA:BC:10:00:0E:B3,SN-Switch-03763,single_band
ZTE,Modem,CM1200,AA:BC:10:00:0E:B4,SN-Modem-03764,dual_band
Nokia,Access Point,U6-Lite,AA:BC:10:00:0E:B5,SN-AccessPoint-03765,single_band
TP-Link,Other,Generic-Device-A,AA:BC:10:00:0E:B6,SN-Other-03766,dual_band
Cisco,ONT,ZXHN-F680,AA:BC:10:00:0E:B7,SN-ONT-03767,single_band
D-Link,ONU,AN5506-01,AA:BC:10:00:0E:B8,SN-ONU-03768,dual_band
Huawei,Router,Archer C6,AA:BC:10:00:0E:B9,SN-Router-03769,single_band
ZTE,Switch,CBS110,AA:BC:10:00:0E:BA,SN-Switch-03770,dual_band
Nokia,Modem,TC4400,AA:BC:10:00:0E:BB,SN-Modem-03771,single_band
TP-Link,Access Point,EAP225,AA:BC:10:00:0E:BC,SN-AccessPoint-03772,dual_band
Cisco,Other,Generic-Device-B,AA:BC:10:00:0E:BD,SN-Other-03773,single_band
D-Link,ONT,G-2425G-A,AA:BC:10:00:0E:BE,SN-ONT-03774,dual_band
Huawei,ONU,G-140W-C,AA:BC:10:00:0E:BF,SN-ONU-03775,single_band
ZTE,Router,RV340,AA:BC:10:00:0E:C0,SN-Router-03776,dual_band
Nokia,Switch,DGS-1008A,AA:BC:10:00:0E:C1,SN-Switch-03777,single_band
TP-Link,Modem,MB8600,AA:BC:10:00:0E:C2,SN-Modem-03778,dual_band
Cisco,Access Point,WAP150,AA:BC:10:00:0E:C3,SN-AccessPoint-03779,single_band
D-Link,Other,Generic-Device-C,AA:BC:10:00:0E:C4,SN-Other-03780,dual_band
Huawei,ONT,HG8145V5,AA:BC:10:00:0E:C5,SN-ONT-03781,single_band
ZTE,ONU,F601,AA:BC:10:00:0E:C6,SN-ONU-03782,dual_band
Nokia,Router,AX1800,AA:BC:10:00:0E:C7,SN-Router-03783,single_band
TP-Link,Switch,SG108,AA:BC:10:00:0E:C8,SN-Switch-03784,dual_band
Cisco,Modem,CM1200,AA:BC:10:00:0E:C9,SN-Modem-03785,single_band
D-Link,Access Point,U6-Lite,AA:BC:10:00:0E:CA,SN-AccessPoint-03786,dual_band
Huawei,Other,Generic-Device-A,AA:BC:10:00:0E:CB,SN-Other-03787,single_band
ZTE,ONT,ZXHN-F680,AA:BC:10:00:0E:CC,SN-ONT-03788,dual_band
Nokia,ONU,AN5506-01,AA:BC:10:00:0E:CD,SN-ONU-03789,single_band
TP-Link,Router,Archer C6,AA:BC:10:00:0E:CE,SN-Router-03790,dual_band
Cisco,Switch,CBS110,AA:BC:10:00:0E:CF,SN-Switch-03791,single_band
D-Link,Modem,TC4400,AA:BC:10:00:0E:D0,SN-Modem-03792,dual_band
Huawei,Access Point,EAP225,AA:BC:10:00:0E:D1,SN-AccessPoint-03793,single_band
ZTE,Other,Generic-Device-B,AA:BC:10:00:0E:D2,SN-Other-03794,dual_band
Nokia,ONT,G-2425G-A,AA:BC:10:00:0E:D3,SN-ONT-03795,single_band
TP-Link,ONU,G-140W-C,AA:BC:10:00:0E:D4,SN-ONU-03796,dual_band
Cisco,Router,RV340,AA:BC:10:00:0E:D5,SN-Router-03797,single_band
D-Link,Switch,DGS-1008A,AA:BC:10:00:0E:D6,SN-Switch-03798,dual_band
Huawei,Modem,MB8600,AA:BC:10:00:0E:D7,SN-Modem-03799,single_band
ZTE,Access Point,WAP150,AA:BC:10:00:0E:D8,SN-AccessPoint-03800,dual_band
Nokia,Other,Generic-Device-C,AA:BC:10:00:0E:D9,SN-Other-03801,single_band
TP-Link,ONT,HG8145V5,AA:BC:10:00:0E:DA,SN-ONT-03802,dual_band
Cisco,ONU,F601,AA:BC:10:00:0E:DB,SN-ONU-03803,single_band
D-Link,Router,AX1800,AA:BC:10:00:0E:DC,SN-Router-03804,dual_band
Huawei,Switch,SG108,AA:BC:10:00:0E:DD,SN-Switch-03805,single_band
ZTE,Modem,CM1200,AA:BC:10:00:0E:DE,SN-Modem-03806,dual_band
Nokia,Access Point,U6-Lite,AA:BC:10:00:0E:DF,SN-AccessPoint-03807,single_band
TP-Link,Other,Generic-Device-A,AA:BC:10:00:0E:E0,SN-Other-03808,dual_band
Cisco,ONT,ZXHN-F680,AA:BC:10:00:0E:E1,SN-ONT-03809,single_band
D-Link,ONU,AN5506-01,AA:BC:10:00:0E:E2,SN-ONU-03810,dual_band
Huawei,Router,Archer C6,AA:BC:10:00:0E:E3,SN-Router-03811,single_band
ZTE,Switch,CBS110,AA:BC:10:00:0E:E4,SN-Switch-03812,dual_band
Nokia,Modem,TC4400,AA:BC:10:00:0E:E5,SN-Modem-03813,single_band
TP-Link,Access Point,EAP225,AA:BC:10:00:0E:E6,SN-AccessPoint-03814,dual_band
Cisco,Other,Generic-Device-B,AA:BC:10:00:0E:E7,SN-Other-03815,single_band
D-Link,ONT,G-2425G-A,AA:BC:10:00:0E:E8,SN-ONT-03816,dual_band
Huawei,ONU,G-140W-C,AA:BC:10:00:0E:E9,SN-ONU-03817,single_band
ZTE,Router,RV340,AA:BC:10:00:0E:EA,SN-Router-03818,dual_band
Nokia,Switch,DGS-1008A,AA:BC:10:00:0E:EB,SN-Switch-03819,single_band
TP-Link,Modem,MB8600,AA:BC:10:00:0E:EC,SN-Modem-03820,dual_band
Cisco,Access Point,WAP150,AA:BC:10:00:0E:ED,SN-AccessPoint-03821,single_band
D-Link,Other,Generic-Device-C,AA:BC:10:00:0E:EE,SN-Other-03822,dual_band
Huawei,ONT,HG8145V5,AA:BC:10:00:0E:EF,SN-ONT-03823,single_band
ZTE,ONU,F601,AA:BC:10:00:0E:F0,SN-ONU-03824,dual_band
Nokia,Router,AX1800,AA:BC:10:00:0E:F1,SN-Router-03825,single_band
TP-Link,Switch,SG108,AA:BC:10:00:0E:F2,SN-Switch-03826,dual_band
Cisco,Modem,CM1200,AA:BC:10:00:0E:F3,SN-Modem-03827,single_band
D-Link,Access Point,U6-Lite,AA:BC:10:00:0E:F4,SN-AccessPoint-03828,dual_band
Huawei,Other,Generic-Device-A,AA:BC:10:00:0E:F5,SN-Other-03829,single_band
ZTE,ONT,ZXHN-F680,AA:BC:10:00:0E:F6,SN-ONT-03830,dual_band
Nokia,ONU,AN5506-01,AA:BC:10:00:0E:F7,SN-ONU-03831,single_band
TP-Link,Router,Archer C6,AA:BC:10:00:0E:F8,SN-Router-03832,dual_band
Cisco,Switch,CBS110,AA:BC:10:00:0E:F9,SN-Switch-03833,single_band
D-Link,Modem,TC4400,AA:BC:10:00:0E:FA,SN-Modem-03834,dual_band
Huawei,Access Point,EAP225,AA:BC:10:00:0E:FB,SN-AccessPoint-03835,single_band
ZTE,Other,Generic-Device-B,AA:BC:10:00:0E:FC,SN-Other-03836,dual_band
Nokia,ONT,G-2425G-A,AA:BC:10:00:0E:FD,SN-ONT-03837,single_band
TP-Link,ONU,G-140W-C,AA:BC:10:00:0E:FE,SN-ONU-03838,dual_band
Cisco,Router,RV340,AA:BC:10:00:0E:FF,SN-Router-03839,single_band
D-Link,Switch,DGS-1008A,AA:BC:10:00:0F:00,SN-Switch-03840,dual_band
Huawei,Modem,MB8600,AA:BC:10:00:0F:01,SN-Modem-03841,single_band
ZTE,Access Point,WAP150,AA:BC:10:00:0F:02,SN-AccessPoint-03842,dual_band
Nokia,Other,Generic-Device-C,AA:BC:10:00:0F:03,SN-Other-03843,single_band
TP-Link,ONT,HG8145V5,AA:BC:10:00:0F:04,SN-ONT-03844,dual_band
Cisco,ONU,F601,AA:BC:10:00:0F:05,SN-ONU-03845,single_band
D-Link,Router,AX1800,AA:BC:10:00:0F:06,SN-Router-03846,dual_band
Huawei,Switch,SG108,AA:BC:10:00:0F:07,SN-Switch-03847,single_band
ZTE,Modem,CM1200,AA:BC:10:00:0F:08,SN-Modem-03848,dual_band
Nokia,Access Point,U6-Lite,AA:BC:10:00:0F:09,SN-AccessPoint-03849,single_band
TP-Link,Other,Generic-Device-A,AA:BC:10:00:0F:0A,SN-Other-03850,dual_band
Cisco,ONT,ZXHN-F680,AA:BC:10:00:0F:0B,SN-ONT-03851,single_band
D-Link,ONU,AN5506-01,AA:BC:10:00:0F:0C,SN-ONU-03852,dual_band
Huawei,Router,Archer C6,AA:BC:10:00:0F:0D,SN-Router-03853,single_band
ZTE,Switch,CBS110,AA:BC:10:00:0F:0E,SN-Switch-03854,dual_band
Nokia,Modem,TC4400,AA:BC:10:00:0F:0F,SN-Modem-03855,single_band
TP-Link,Access Point,EAP225,AA:BC:10:00:0F:10,SN-AccessPoint-03856,dual_band
Cisco,Other,Generic-Device-B,AA:BC:10:00:0F:11,SN-Other-03857,single_band
D-Link,ONT,G-2425G-A,AA:BC:10:00:0F:12,SN-ONT-03858,dual_band
Huawei,ONU,G-140W-C,AA:BC:10:00:0F:13,SN-ONU-03859,single_band
ZTE,Router,RV340,AA:BC:10:00:0F:14,SN-Router-03860,dual_band
Nokia,Switch,DGS-1008A,AA:BC:10:00:0F:15,SN-Switch-03861,single_band
TP-Link,Modem,MB8600,AA:BC:10:00:0F:16,SN-Modem-03862,dual_band
Cisco,Access Point,WAP150,AA:BC:10:00:0F:17,SN-AccessPoint-03863,single_band
D-Link,Other,Generic-Device-C,AA:BC:10:00:0F:18,SN-Other-03864,dual_band
Huawei,ONT,HG8145V5,AA:BC:10:00:0F:19,SN-ONT-03865,single_band
ZTE,ONU,F601,AA:BC:10:00:0F:1A,SN-ONU-03866,dual_band
Nokia,Router,AX1800,AA:BC:10:00:0F:1B,SN-Router-03867,single_band
TP-Link,Switch,SG108,AA:BC:10:00:0F:1C,SN-Switch-03868,dual_band
Cisco,Modem,CM1200,AA:BC:10:00:0F:1D,SN-Modem-03869,single_band
D-Link,Access Point,U6-Lite,AA:BC:10:00:0F:1E,SN-AccessPoint-03870,dual_band
Huawei,Other,Generic-Device-A,AA:BC:10:00:0F:1F,SN-Other-03871,single_band
ZTE,ONT,ZXHN-F680,AA:BC:10:00:0F:20,SN-ONT-03872,dual_band
Nokia,ONU,AN5506-01,AA:BC:10:00:0F:21,SN-ONU-03873,single_band
TP-Link,Router,Archer C6,AA:BC:10:00:0F:22,SN-Router-03874,dual_band
Cisco,Switch,CBS110,AA:BC:10:00:0F:23,SN-Switch-03875,single_band
D-Link,Modem,TC4400,AA:BC:10:00:0F:24,SN-Modem-03876,dual_band
Huawei,Access Point,EAP225,AA:BC:10:00:0F:25,SN-AccessPoint-03877,single_band
ZTE,Other,Generic-Device-B,AA:BC:10:00:0F:26,SN-Other-03878,dual_band
Nokia,ONT,G-2425G-A,AA:BC:10:00:0F:27,SN-ONT-03879,single_band
TP-Link,ONU,G-140W-C,AA:BC:10:00:0F:28,SN-ONU-03880,dual_band
Cisco,Router,RV340,AA:BC:10:00:0F:29,SN-Router-03881,single_band
D-Link,Switch,DGS-1008A,AA:BC:10:00:0F:2A,SN-Switch-03882,dual_band
Huawei,Modem,MB8600,AA:BC:10:00:0F:2B,SN-Modem-03883,single_band
ZTE,Access Point,WAP150,AA:BC:10:00:0F:2C,SN-AccessPoint-03884,dual_band
Nokia,Other,Generic-Device-C,AA:BC:10:00:0F:2D,SN-Other-03885,single_band
TP-Link,ONT,HG8145V5,AA:BC:10:00:0F:2E,SN-ONT-03886,dual_band
Cisco,ONU,F601,AA:BC:10:00:0F:2F,SN-ONU-03887,single_band
D-Link,Router,AX1800,AA:BC:10:00:0F:30,SN-Router-03888,dual_band
Huawei,Switch,SG108,AA:BC:10:00:0F:31,SN-Switch-03889,single_band
ZTE,Modem,CM1200,AA:BC:10:00:0F:32,SN-Modem-03890,dual_band
Nokia,Access Point,U6-Lite,AA:BC:10:00:0F:33,SN-AccessPoint-03891,single_band
TP-Link,Other,Generic-Device-A,AA:BC:10:00:0F:34,SN-Other-03892,dual_band
Cisco,ONT,ZXHN-F680,AA:BC:10:00:0F:35,SN-ONT-03893,single_band
D-Link,ONU,AN5506-01,AA:BC:10:00:0F:36,SN-ONU-03894,dual_band
Huawei,Router,Archer C6,AA:BC:10:00:0F:37,SN-Router-03895,single_band
ZTE,Switch,CBS110,AA:BC:10:00:0F:38,SN-Switch-03896,dual_band
Nokia,Modem,TC4400,AA:BC:10:00:0F:39,SN-Modem-03897,single_band
TP-Link,Access Point,EAP225,AA:BC:10:00:0F:3A,SN-AccessPoint-03898,dual_band
Cisco,Other,Generic-Device-B,AA:BC:10:00:0F:3B,SN-Other-03899,single_band
D-Link,ONT,G-2425G-A,AA:BC:10:00:0F:3C,SN-ONT-03900,dual_band
Huawei,ONU,G-140W-C,AA:BC:10:00:0F:3D,SN-ONU-03901,single_band
ZTE,Router,RV340,AA:BC:10:00:0F:3E,SN-Router-03902,dual_band
Nokia,Switch,DGS-1008A,AA:BC:10:00:0F:3F,SN-Switch-03903,single_band
TP-Link,Modem,MB8600,AA:BC:10:00:0F:40,SN-Modem-03904,dual_band
Cisco,Access Point,WAP150,AA:BC:10:00:0F:41,SN-AccessPoint-03905,single_band
D-Link,Other,Generic-Device-C,AA:BC:10:00:0F:42,SN-Other-03906,dual_band
Huawei,ONT,HG8145V5,AA:BC:10:00:0F:43,SN-ONT-03907,single_band
ZTE,ONU,F601,AA:BC:10:00:0F:44,SN-ONU-03908,dual_band
Nokia,Router,AX1800,AA:BC:10:00:0F:45,SN-Router-03909,single_band
TP-Link,Switch,SG108,AA:BC:10:00:0F:46,SN-Switch-03910,dual_band
Cisco,Modem,CM1200,AA:BC:10:00:0F:47,SN-Modem-03911,single_band
D-Link,Access Point,U6-Lite,AA:BC:10:00:0F:48,SN-AccessPoint-03912,dual_band
Huawei,Other,Generic-Device-A,AA:BC:10:00:0F:49,SN-Other-03913,single_band
ZTE,ONT,ZXHN-F680,AA:BC:10:00:0F:4A,SN-ONT-03914,dual_band
Nokia,ONU,AN5506-01,AA:BC:10:00:0F:4B,SN-ONU-03915,single_band
TP-Link,Router,Archer C6,AA:BC:10:00:0F:4C,SN-Router-03916,dual_band
Cisco,Switch,CBS110,AA:BC:10:00:0F:4D,SN-Switch-03917,single_band
D-Link,Modem,TC4400,AA:BC:10:00:0F:4E,SN-Modem-03918,dual_band
Huawei,Access Point,EAP225,AA:BC:10:00:0F:4F,SN-AccessPoint-03919,single_band
ZTE,Other,Generic-Device-B,AA:BC:10:00:0F:50,SN-Other-03920,dual_band
Nokia,ONT,G-2425G-A,AA:BC:10:00:0F:51,SN-ONT-03921,single_band
TP-Link,ONU,G-140W-C,AA:BC:10:00:0F:52,SN-ONU-03922,dual_band
Cisco,Router,RV340,AA:BC:10:00:0F:53,SN-Router-03923,single_band
D-Link,Switch,DGS-1008A,AA:BC:10:00:0F:54,SN-Switch-03924,dual_band
Huawei,Modem,MB8600,AA:BC:10:00:0F:55,SN-Modem-03925,single_band
ZTE,Access Point,WAP150,AA:BC:10:00:0F:56,SN-AccessPoint-03926,dual_band
Nokia,Other,Generic-Device-C,AA:BC:10:00:0F:57,SN-Other-03927,single_band
TP-Link,ONT,HG8145V5,AA:BC:10:00:0F:58,SN-ONT-03928,dual_band
Cisco,ONU,F601,AA:BC:10:00:0F:59,SN-ONU-03929,single_band
D-Link,Router,AX1800,AA:BC:10:00:0F:5A,SN-Router-03930,dual_band
Huawei,Switch,SG108,AA:BC:10:00:0F:5B,SN-Switch-03931,single_band
ZTE,Modem,CM1200,AA:BC:10:00:0F:5C,SN-Modem-03932,dual_band
Nokia,Access Point,U6-Lite,AA:BC:10:00:0F:5D,SN-AccessPoint-03933,single_band
TP-Link,Other,Generic-Device-A,AA:BC:10:00:0F:5E,SN-Other-03934,dual_band
Cisco,ONT,ZXHN-F680,AA:BC:10:00:0F:5F,SN-ONT-03935,single_band
D-Link,ONU,AN5506-01,AA:BC:10:00:0F:60,SN-ONU-03936,dual_band
Huawei,Router,Archer C6,AA:BC:10:00:0F:61,SN-Router-03937,single_band
ZTE,Switch,CBS110,AA:BC:10:00:0F:62,SN-Switch-03938,dual_band
Nokia,Modem,TC4400,AA:BC:10:00:0F:63,SN-Modem-03939,single_band
TP-Link,Access Point,EAP225,AA:BC:10:00:0F:64,SN-AccessPoint-03940,dual_band
Cisco,Other,Generic-Device-B,AA:BC:10:00:0F:65,SN-Other-03941,single_band
D-Link,ONT,G-2425G-A,AA:BC:10:00:0F:66,SN-ONT-03942,dual_band
Huawei,ONU,G-140W-C,AA:BC:10:00:0F:67,SN-ONU-03943,single_band
ZTE,Router,RV340,AA:BC:10:00:0F:68,SN-Router-03944,dual_band
Nokia,Switch,DGS-1008A,AA:BC:10:00:0F:69,SN-Switch-03945,single_band
TP-Link,Modem,MB8600,AA:BC:10:00:0F:6A,SN-Modem-03946,dual_band
Cisco,Access Point,WAP150,AA:BC:10:00:0F:6B,SN-AccessPoint-03947,single_band
D-Link,Other,Generic-Device-C,AA:BC:10:00:0F:6C,SN-Other-03948,dual_band
Huawei,ONT,HG8145V5,AA:BC:10:00:0F:6D,SN-ONT-03949,single_band
ZTE,ONU,F601,AA:BC:10:00:0F:6E,SN-ONU-03950,dual_band
Nokia,Router,AX1800,AA:BC:10:00:0F:6F,SN-Router-03951,single_band
TP-Link,Switch,SG108,AA:BC:10:00:0F:70,SN-Switch-03952,dual_band
Cisco,Modem,CM1200,AA:BC:10:00:0F:71,SN-Modem-03953,single_band
D-Link,Access Point,U6-Lite,AA:BC:10:00:0F:72,SN-AccessPoint-03954,dual_band
Huawei,Other,Generic-Device-A,AA:BC:10:00:0F:73,SN-Other-03955,single_band
ZTE,ONT,ZXHN-F680,AA:BC:10:00:0F:74,SN-ONT-03956,dual_band
Nokia,ONU,AN5506-01,AA:BC:10:00:0F:75,SN-ONU-03957,single_band
TP-Link,Router,Archer C6,AA:BC:10:00:0F:76,SN-Router-03958,dual_band
Cisco,Switch,CBS110,AA:BC:10:00:0F:77,SN-Switch-03959,single_band
D-Link,Modem,TC4400,AA:BC:10:00:0F:78,SN-Modem-03960,dual_band
Huawei,Access Point,EAP225,AA:BC:10:00:0F:79,SN-AccessPoint-03961,single_band
ZTE,Other,Generic-Device-B,AA:BC:10:00:0F:7A,SN-Other-03962,dual_band
Nokia,ONT,G-2425G-A,AA:BC:10:00:0F:7B,SN-ONT-03963,single_band
TP-Link,ONU,G-140W-C,AA:BC:10:00:0F:7C,SN-ONU-03964,dual_band
Cisco,Router,RV340,AA:BC:10:00:0F:7D,SN-Router-03965,single_band
D-Link,Switch,DGS-1008A,AA:BC:10:00:0F:7E,SN-Switch-03966,dual_band
Huawei,Modem,MB8600,AA:BC:10:00:0F:7F,SN-Modem-03967,single_band
ZTE,Access Point,WAP150,AA:BC:10:00:0F:80,SN-AccessPoint-03968,dual_band
Nokia,Other,Generic-Device-C,AA:BC:10:00:0F:81,SN-Other-03969,single_band
TP-Link,ONT,HG8145V5,AA:BC:10:00:0F:82,SN-ONT-03970,dual_band
Cisco,ONU,F601,AA:BC:10:00:0F:83,SN-ONU-03971,single_band
D-Link,Router,AX1800,AA:BC:10:00:0F:84,SN-Router-03972,dual_band
Huawei,Switch,SG108,AA:BC:10:00:0F:85,SN-Switch-03973,single_band
ZTE,Modem,CM1200,AA:BC:10:00:0F:86,SN-Modem-03974,dual_band
Nokia,Access Point,U6-Lite,AA:BC:10:00:0F:87,SN-AccessPoint-03975,single_band
TP-Link,Other,Generic-Device-A,AA:BC:10:00:0F:88,SN-Other-03976,dual_band
Cisco,ONT,ZXHN-F680,AA:BC:10:00:0F:89,SN-ONT-03977,single_band
D-Link,ONU,AN5506-01,AA:BC:10:00:0F:8A,SN-ONU-03978,dual_band
Huawei,Router,Archer C6,AA:BC:10:00:0F:8B,SN-Router-03979,single_band
ZTE,Switch,CBS110,AA:BC:10:00:0F:8C,SN-Switch-03980,dual_band
Nokia,Modem,TC4400,AA:BC:10:00:0F:8D,SN-Modem-03981,single_band
TP-Link,Access Point,EAP225,AA:BC:10:00:0F:8E,SN-AccessPoint-03982,dual_band
Cisco,Other,Generic-Device-B,AA:BC:10:00:0F:8F,SN-Other-03983,single_band
D-Link,ONT,G-2425G-A,AA:BC:10:00:0F:90,SN-ONT-03984,dual_band
Huawei,ONU,G-140W-C,AA:BC:10:00:0F:91,SN-ONU-03985,single_band
ZTE,Router,RV340,AA:BC:10:00:0F:92,SN-Router-03986,dual_band
Nokia,Switch,DGS-1008A,AA:BC:10:00:0F:93,SN-Switch-03987,single_band
TP-Link,Modem,MB8600,AA:BC:10:00:0F:94,SN-Modem-03988,dual_band
Cisco,Access Point,WAP150,AA:BC:10:00:0F:95,SN-AccessPoint-03989,single_band
D-Link,Other,Generic-Device-C,AA:BC:10:00:0F:96,SN-Other-03990,dual_band
Huawei,ONT,HG8145V5,AA:BC:10:00:0F:97,SN-ONT-03991,single_band
ZTE,ONU,F601,AA:BC:10:00:0F:98,SN-ONU-03992,dual_band
Nokia,Router,AX1800,AA:BC:10:00:0F:99,SN-Router-03993,single_band
TP-Link,Switch,SG108,AA:BC:10:00:0F:9A,SN-Switch-03994,dual_band
Cisco,Modem,CM1200,AA:BC:10:00:0F:9B,SN-Modem-03995,single_band
D-Link,Access Point,U6-Lite,AA:BC:10:00:0F:9C,SN-AccessPoint-03996,dual_band
Huawei,Other,Generic-Device-A,AA:BC:10:00:0F:9D,SN-Other-03997,single_band
ZTE,ONT,ZXHN-F680,AA:BC:10:00:0F:9E,SN-ONT-03998,dual_band
Nokia,ONU,AN5506-01,AA:BC:10:00:0F:9F,SN-ONU-03999,single_band
TP-Link,Router,Archer C6,AA:BC:10:00:0F:A0,SN-Router-04000,dual_band
Cisco,Switch,CBS110,AA:BC:10:00:0F:A1,SN-Switch-04001,single_band
D-Link,Modem,TC4400,AA:BC:10:00:0F:A2,SN-Modem-04002,dual_band
Huawei,Access Point,EAP225,AA:BC:10:00:0F:A3,SN-AccessPoint-04003,single_band
ZTE,Other,Generic-Device-B,AA:BC:10:00:0F:A4,SN-Other-04004,dual_band
Nokia,ONT,G-2425G-A,AA:BC:10:00:0F:A5,SN-ONT-04005,single_band
TP-Link,ONU,G-140W-C,AA:BC:10:00:0F:A6,SN-ONU-04006,dual_band
Cisco,Router,RV340,AA:BC:10:00:0F:A7,SN-Router-04007,single_band
D-Link,Switch,DGS-1008A,AA:BC:10:00:0F:A8,SN-Switch-04008,dual_band
Huawei,Modem,MB8600,AA:BC:10:00:0F:A9,SN-Modem-04009,single_band
ZTE,Access Point,WAP150,AA:BC:10:00:0F:AA,SN-AccessPoint-04010,dual_band
Nokia,Other,Generic-Device-C,AA:BC:10:00:0F:AB,SN-Other-04011,single_band
TP-Link,ONT,HG8145V5,AA:BC:10:00:0F:AC,SN-ONT-04012,dual_band
Cisco,ONU,F601,AA:BC:10:00:0F:AD,SN-ONU-04013,single_band
D-Link,Router,AX1800,AA:BC:10:00:0F:AE,SN-Router-04014,dual_band
Huawei,Switch,SG108,AA:BC:10:00:0F:AF,SN-Switch-04015,single_band
ZTE,Modem,CM1200,AA:BC:10:00:0F:B0,SN-Modem-04016,dual_band
Nokia,Access Point,U6-Lite,AA:BC:10:00:0F:B1,SN-AccessPoint-04017,single_band
TP-Link,Other,Generic-Device-A,AA:BC:10:00:0F:B2,SN-Other-04018,dual_band
Cisco,ONT,ZXHN-F680,AA:BC:10:00:0F:B3,SN-ONT-04019,single_band
D-Link,ONU,AN5506-01,AA:BC:10:00:0F:B4,SN-ONU-04020,dual_band
Huawei,Router,Archer C6,AA:BC:10:00:0F:B5,SN-Router-04021,single_band
ZTE,Switch,CBS110,AA:BC:10:00:0F:B6,SN-Switch-04022,dual_band
Nokia,Modem,TC4400,AA:BC:10:00:0F:B7,SN-Modem-04023,single_band
TP-Link,Access Point,EAP225,AA:BC:10:00:0F:B8,SN-AccessPoint-04024,dual_band
Cisco,Other,Generic-Device-B,AA:BC:10:00:0F:B9,SN-Other-04025,single_band
D-Link,ONT,G-2425G-A,AA:BC:10:00:0F:BA,SN-ONT-04026,dual_band
Huawei,ONU,G-140W-C,AA:BC:10:00:0F:BB,SN-ONU-04027,single_band
ZTE,Router,RV340,AA:BC:10:00:0F:BC,SN-Router-04028,dual_band
Nokia,Switch,DGS-1008A,AA:BC:10:00:0F:BD,SN-Switch-04029,single_band
TP-Link,Modem,MB8600,AA:BC:10:00:0F:BE,SN-Modem-04030,dual_band
Cisco,Access Point,WAP150,AA:BC:10:00:0F:BF,SN-AccessPoint-04031,single_band
D-Link,Other,Generic-Device-C,AA:BC:10:00:0F:C0,SN-Other-04032,dual_band
Huawei,ONT,HG8145V5,AA:BC:10:00:0F:C1,SN-ONT-04033,single_band
ZTE,ONU,F601,AA:BC:10:00:0F:C2,SN-ONU-04034,dual_band
Nokia,Router,AX1800,AA:BC:10:00:0F:C3,SN-Router-04035,single_band
TP-Link,Switch,SG108,AA:BC:10:00:0F:C4,SN-Switch-04036,dual_band
Cisco,Modem,CM1200,AA:BC:10:00:0F:C5,SN-Modem-04037,single_band
D-Link,Access Point,U6-Lite,AA:BC:10:00:0F:C6,SN-AccessPoint-04038,dual_band
Huawei,Other,Generic-Device-A,AA:BC:10:00:0F:C7,SN-Other-04039,single_band
ZTE,ONT,ZXHN-F680,AA:BC:10:00:0F:C8,SN-ONT-04040,dual_band
Nokia,ONU,AN5506-01,AA:BC:10:00:0F:C9,SN-ONU-04041,single_band
TP-Link,Router,Archer C6,AA:BC:10:00:0F:CA,SN-Router-04042,dual_band
Cisco,Switch,CBS110,AA:BC:10:00:0F:CB,SN-Switch-04043,single_band
D-Link,Modem,TC4400,AA:BC:10:00:0F:CC,SN-Modem-04044,dual_band
Huawei,Access Point,EAP225,AA:BC:10:00:0F:CD,SN-AccessPoint-04045,single_band
ZTE,Other,Generic-Device-B,AA:BC:10:00:0F:CE,SN-Other-04046,dual_band
Nokia,ONT,G-2425G-A,AA:BC:10:00:0F:CF,SN-ONT-04047,single_band
TP-Link,ONU,G-140W-C,AA:BC:10:00:0F:D0,SN-ONU-04048,dual_band
Cisco,Router,RV340,AA:BC:10:00:0F:D1,SN-Router-04049,single_band
D-Link,Switch,DGS-1008A,AA:BC:10:00:0F:D2,SN-Switch-04050,dual_band
Huawei,Modem,MB8600,AA:BC:10:00:0F:D3,SN-Modem-04051,single_band
ZTE,Access Point,WAP150,AA:BC:10:00:0F:D4,SN-AccessPoint-04052,dual_band
Nokia,Other,Generic-Device-C,AA:BC:10:00:0F:D5,SN-Other-04053,single_band
TP-Link,ONT,HG8145V5,AA:BC:10:00:0F:D6,SN-ONT-04054,dual_band
Cisco,ONU,F601,AA:BC:10:00:0F:D7,SN-ONU-04055,single_band
D-Link,Router,AX1800,AA:BC:10:00:0F:D8,SN-Router-04056,dual_band
Huawei,Switch,SG108,AA:BC:10:00:0F:D9,SN-Switch-04057,single_band
ZTE,Modem,CM1200,AA:BC:10:00:0F:DA,SN-Modem-04058,dual_band
Nokia,Access Point,U6-Lite,AA:BC:10:00:0F:DB,SN-AccessPoint-04059,single_band
TP-Link,Other,Generic-Device-A,AA:BC:10:00:0F:DC,SN-Other-04060,dual_band
Cisco,ONT,ZXHN-F680,AA:BC:10:00:0F:DD,SN-ONT-04061,single_band
D-Link,ONU,AN5506-01,AA:BC:10:00:0F:DE,SN-ONU-04062,dual_band
Huawei,Router,Archer C6,AA:BC:10:00:0F:DF,SN-Router-04063,single_band
ZTE,Switch,CBS110,AA:BC:10:00:0F:E0,SN-Switch-04064,dual_band
Nokia,Modem,TC4400,AA:BC:10:00:0F:E1,SN-Modem-04065,single_band
TP-Link,Access Point,EAP225,AA:BC:10:00:0F:E2,SN-AccessPoint-04066,dual_band
Cisco,Other,Generic-Device-B,AA:BC:10:00:0F:E3,SN-Other-04067,single_band
D-Link,ONT,G-2425G-A,AA:BC:10:00:0F:E4,SN-ONT-04068,dual_band
Huawei,ONU,G-140W-C,AA:BC:10:00:0F:E5,SN-ONU-04069,single_band
ZTE,Router,RV340,AA:BC:10:00:0F:E6,SN-Router-04070,dual_band
Nokia,Switch,DGS-1008A,AA:BC:10:00:0F:E7,SN-Switch-04071,single_band
TP-Link,Modem,MB8600,AA:BC:10:00:0F:E8,SN-Modem-04072,dual_band
Cisco,Access Point,WAP150,AA:BC:10:00:0F:E9,SN-AccessPoint-04073,single_band
D-Link,Other,Generic-Device-C,AA:BC:10:00:0F:EA,SN-Other-04074,dual_band
Huawei,ONT,HG8145V5,AA:BC:10:00:0F:EB,SN-ONT-04075,single_band
ZTE,ONU,F601,AA:BC:10:00:0F:EC,SN-ONU-04076,dual_band
Nokia,Router,AX1800,AA:BC:10:00:0F:ED,SN-Router-04077,single_band
TP-Link,Switch,SG108,AA:BC:10:00:0F:EE,SN-Switch-04078,dual_band
Cisco,Modem,CM1200,AA:BC:10:00:0F:EF,SN-Modem-04079,single_band
D-Link,Access Point,U6-Lite,AA:BC:10:00:0F:F0,SN-AccessPoint-04080,dual_band
Huawei,Other,Generic-Device-A,AA:BC:10:00:0F:F1,SN-Other-04081,single_band
ZTE,ONT,ZXHN-F680,AA:BC:10:00:0F:F2,SN-ONT-04082,dual_band
Nokia,ONU,AN5506-01,AA:BC:10:00:0F:F3,SN-ONU-04083,single_band
TP-Link,Router,Archer C6,AA:BC:10:00:0F:F4,SN-Router-04084,dual_band
Cisco,Switch,CBS110,AA:BC:10:00:0F:F5,SN-Switch-04085,single_band
D-Link,Modem,TC4400,AA:BC:10:00:0F:F6,SN-Modem-04086,dual_band
Huawei,Access Point,EAP225,AA:BC:10:00:0F:F7,SN-AccessPoint-04087,single_band
ZTE,Other,Generic-Device-B,AA:BC:10:00:0F:F8,SN-Other-04088,dual_band
Nokia,ONT,G-2425G-A,AA:BC:10:00:0F:F9,SN-ONT-04089,single_band
TP-Link,ONU,G-140W-C,AA:BC:10:00:0F:FA,SN-ONU-04090,dual_band
Cisco,Router,RV340,AA:BC:10:00:0F:FB,SN-Router-04091,single_band
D-Link,Switch,DGS-1008A,AA:BC:10:00:0F:FC,SN-Switch-04092,dual_band
Huawei,Modem,MB8600,AA:BC:10:00:0F:FD,SN-Modem-04093,single_band
ZTE,Access Point,WAP150,AA:BC:10:00:0F:FE,SN-AccessPoint-04094,dual_band
Nokia,Other,Generic-Device-C,AA:BC:10:00:0F:FF,SN-Other-04095,single_band
TP-Link,ONT,HG8145V5,AA:BC:10:00:10:00,SN-ONT-04096,dual_band
Cisco,ONU,F601,AA:BC:10:00:10:01,SN-ONU-04097,single_band
D-Link,Router,AX1800,AA:BC:10:00:10:02,SN-Router-04098,dual_band
Huawei,Switch,SG108,AA:BC:10:00:10:03,SN-Switch-04099,single_band
ZTE,Modem,CM1200,AA:BC:10:00:10:04,SN-Modem-04100,dual_band
Nokia,Access Point,U6-Lite,AA:BC:10:00:10:05,SN-AccessPoint-04101,single_band
TP-Link,Other,Generic-Device-A,AA:BC:10:00:10:06,SN-Other-04102,dual_band
Cisco,ONT,ZXHN-F680,AA:BC:10:00:10:07,SN-ONT-04103,single_band
D-Link,ONU,AN5506-01,AA:BC:10:00:10:08,SN-ONU-04104,dual_band
Huawei,Router,Archer C6,AA:BC:10:00:10:09,SN-Router-04105,single_band
ZTE,Switch,CBS110,AA:BC:10:00:10:0A,SN-Switch-04106,dual_band
Nokia,Modem,TC4400,AA:BC:10:00:10:0B,SN-Modem-04107,single_band
TP-Link,Access Point,EAP225,AA:BC:10:00:10:0C,SN-AccessPoint-04108,dual_band
Cisco,Other,Generic-Device-B,AA:BC:10:00:10:0D,SN-Other-04109,single_band
D-Link,ONT,G-2425G-A,AA:BC:10:00:10:0E,SN-ONT-04110,dual_band
Huawei,ONU,G-140W-C,AA:BC:10:00:10:0F,SN-ONU-04111,single_band
ZTE,Router,RV340,AA:BC:10:00:10:10,SN-Router-04112,dual_band
Nokia,Switch,DGS-1008A,AA:BC:10:00:10:11,SN-Switch-04113,single_band
TP-Link,Modem,MB8600,AA:BC:10:00:10:12,SN-Modem-04114,dual_band
Cisco,Access Point,WAP150,AA:BC:10:00:10:13,SN-AccessPoint-04115,single_band
D-Link,Other,Generic-Device-C,AA:BC:10:00:10:14,SN-Other-04116,dual_band
Huawei,ONT,HG8145V5,AA:BC:10:00:10:15,SN-ONT-04117,single_band
ZTE,ONU,F601,AA:BC:10:00:10:16,SN-ONU-04118,dual_band
Nokia,Router,AX1800,AA:BC:10:00:10:17,SN-Router-04119,single_band
TP-Link,Switch,SG108,AA:BC:10:00:10:18,SN-Switch-04120,dual_band
Cisco,Modem,CM1200,AA:BC:10:00:10:19,SN-Modem-04121,single_band
D-Link,Access Point,U6-Lite,AA:BC:10:00:10:1A,SN-AccessPoint-04122,dual_band
Huawei,Other,Generic-Device-A,AA:BC:10:00:10:1B,SN-Other-04123,single_band
ZTE,ONT,ZXHN-F680,AA:BC:10:00:10:1C,SN-ONT-04124,dual_band
Nokia,ONU,AN5506-01,AA:BC:10:00:10:1D,SN-ONU-04125,single_band
TP-Link,Router,Archer C6,AA:BC:10:00:10:1E,SN-Router-04126,dual_band
Cisco,Switch,CBS110,AA:BC:10:00:10:1F,SN-Switch-04127,single_band
D-Link,Modem,TC4400,AA:BC:10:00:10:20,SN-Modem-04128,dual_band
Huawei,Access Point,EAP225,AA:BC:10:00:10:21,SN-AccessPoint-04129,single_band
ZTE,Other,Generic-Device-B,AA:BC:10:00:10:22,SN-Other-04130,dual_band
Nokia,ONT,G-2425G-A,AA:BC:10:00:10:23,SN-ONT-04131,single_band
TP-Link,ONU,G-140W-C,AA:BC:10:00:10:24,SN-ONU-04132,dual_band
Cisco,Router,RV340,AA:BC:10:00:10:25,SN-Router-04133,single_band
D-Link,Switch,DGS-1008A,AA:BC:10:00:10:26,SN-Switch-04134,dual_band
Huawei,Modem,MB8600,AA:BC:10:00:10:27,SN-Modem-04135,single_band
ZTE,Access Point,WAP150,AA:BC:10:00:10:28,SN-AccessPoint-04136,dual_band
Nokia,Other,Generic-Device-C,AA:BC:10:00:10:29,SN-Other-04137,single_band
TP-Link,ONT,HG8145V5,AA:BC:10:00:10:2A,SN-ONT-04138,dual_band
Cisco,ONU,F601,AA:BC:10:00:10:2B,SN-ONU-04139,single_band
D-Link,Router,AX1800,AA:BC:10:00:10:2C,SN-Router-04140,dual_band
Huawei,Switch,SG108,AA:BC:10:00:10:2D,SN-Switch-04141,single_band
ZTE,Modem,CM1200,AA:BC:10:00:10:2E,SN-Modem-04142,dual_band
Nokia,Access Point,U6-Lite,AA:BC:10:00:10:2F,SN-AccessPoint-04143,single_band
TP-Link,Other,Generic-Device-A,AA:BC:10:00:10:30,SN-Other-04144,dual_band
Cisco,ONT,ZXHN-F680,AA:BC:10:00:10:31,SN-ONT-04145,single_band
D-Link,ONU,AN5506-01,AA:BC:10:00:10:32,SN-ONU-04146,dual_band
Huawei,Router,Archer C6,AA:BC:10:00:10:33,SN-Router-04147,single_band
ZTE,Switch,CBS110,AA:BC:10:00:10:34,SN-Switch-04148,dual_band
Nokia,Modem,TC4400,AA:BC:10:00:10:35,SN-Modem-04149,single_band
TP-Link,Access Point,EAP225,AA:BC:10:00:10:36,SN-AccessPoint-04150,dual_band
Cisco,Other,Generic-Device-B,AA:BC:10:00:10:37,SN-Other-04151,single_band
D-Link,ONT,G-2425G-A,AA:BC:10:00:10:38,SN-ONT-04152,dual_band
Huawei,ONU,G-140W-C,AA:BC:10:00:10:39,SN-ONU-04153,single_band
ZTE,Router,RV340,AA:BC:10:00:10:3A,SN-Router-04154,dual_band
Nokia,Switch,DGS-1008A,AA:BC:10:00:10:3B,SN-Switch-04155,single_band
TP-Link,Modem,MB8600,AA:BC:10:00:10:3C,SN-Modem-04156,dual_band
Cisco,Access Point,WAP150,AA:BC:10:00:10:3D,SN-AccessPoint-04157,single_band
D-Link,Other,Generic-Device-C,AA:BC:10:00:10:3E,SN-Other-04158,dual_band
Huawei,ONT,HG8145V5,AA:BC:10:00:10:3F,SN-ONT-04159,single_band
ZTE,ONU,F601,AA:BC:10:00:10:40,SN-ONU-04160,dual_band
Nokia,Router,AX1800,AA:BC:10:00:10:41,SN-Router-04161,single_band
TP-Link,Switch,SG108,AA:BC:10:00:10:42,SN-Switch-04162,dual_band
Cisco,Modem,CM1200,AA:BC:10:00:10:43,SN-Modem-04163,single_band
D-Link,Access Point,U6-Lite,AA:BC:10:00:10:44,SN-AccessPoint-04164,dual_band
Huawei,Other,Generic-Device-A,AA:BC:10:00:10:45,SN-Other-04165,single_band
ZTE,ONT,ZXHN-F680,AA:BC:10:00:10:46,SN-ONT-04166,dual_band
Nokia,ONU,AN5506-01,AA:BC:10:00:10:47,SN-ONU-04167,single_band
TP-Link,Router,Archer C6,AA:BC:10:00:10:48,SN-Router-04168,dual_band
Cisco,Switch,CBS110,AA:BC:10:00:10:49,SN-Switch-04169,single_band
D-Link,Modem,TC4400,AA:BC:10:00:10:4A,SN-Modem-04170,dual_band
Huawei,Access Point,EAP225,AA:BC:10:00:10:4B,SN-AccessPoint-04171,single_band
ZTE,Other,Generic-Device-B,AA:BC:10:00:10:4C,SN-Other-04172,dual_band
Nokia,ONT,G-2425G-A,AA:BC:10:00:10:4D,SN-ONT-04173,single_band
TP-Link,ONU,G-140W-C,AA:BC:10:00:10:4E,SN-ONU-04174,dual_band
Cisco,Router,RV340,AA:BC:10:00:10:4F,SN-Router-04175,single_band
D-Link,Switch,DGS-1008A,AA:BC:10:00:10:50,SN-Switch-04176,dual_band
Huawei,Modem,MB8600,AA:BC:10:00:10:51,SN-Modem-04177,single_band
ZTE,Access Point,WAP150,AA:BC:10:00:10:52,SN-AccessPoint-04178,dual_band
Nokia,Other,Generic-Device-C,AA:BC:10:00:10:53,SN-Other-04179,single_band
TP-Link,ONT,HG8145V5,AA:BC:10:00:10:54,SN-ONT-04180,dual_band
Cisco,ONU,F601,AA:BC:10:00:10:55,SN-ONU-04181,single_band
D-Link,Router,AX1800,AA:BC:10:00:10:56,SN-Router-04182,dual_band
Huawei,Switch,SG108,AA:BC:10:00:10:57,SN-Switch-04183,single_band
ZTE,Modem,CM1200,AA:BC:10:00:10:58,SN-Modem-04184,dual_band
Nokia,Access Point,U6-Lite,AA:BC:10:00:10:59,SN-AccessPoint-04185,single_band
TP-Link,Other,Generic-Device-A,AA:BC:10:00:10:5A,SN-Other-04186,dual_band
Cisco,ONT,ZXHN-F680,AA:BC:10:00:10:5B,SN-ONT-04187,single_band
D-Link,ONU,AN5506-01,AA:BC:10:00:10:5C,SN-ONU-04188,dual_band
Huawei,Router,Archer C6,AA:BC:10:00:10:5D,SN-Router-04189,single_band
ZTE,Switch,CBS110,AA:BC:10:00:10:5E,SN-Switch-04190,dual_band
Nokia,Modem,TC4400,AA:BC:10:00:10:5F,SN-Modem-04191,single_band
TP-Link,Access Point,EAP225,AA:BC:10:00:10:60,SN-AccessPoint-04192,dual_band
Cisco,Other,Generic-Device-B,AA:BC:10:00:10:61,SN-Other-04193,single_band
D-Link,ONT,G-2425G-A,AA:BC:10:00:10:62,SN-ONT-04194,dual_band
Huawei,ONU,G-140W-C,AA:BC:10:00:10:63,SN-ONU-04195,single_band
ZTE,Router,RV340,AA:BC:10:00:10:64,SN-Router-04196,dual_band
Nokia,Switch,DGS-1008A,AA:BC:10:00:10:65,SN-Switch-04197,single_band
TP-Link,Modem,MB8600,AA:BC:10:00:10:66,SN-Modem-04198,dual_band
Cisco,Access Point,WAP150,AA:BC:10:00:10:67,SN-AccessPoint-04199,single_band
D-Link,Other,Generic-Device-C,AA:BC:10:00:10:68,SN-Other-04200,dual_band
Huawei,ONT,HG8145V5,AA:BC:10:00:10:69,SN-ONT-04201,single_band
ZTE,ONU,F601,AA:BC:10:00:10:6A,SN-ONU-04202,dual_band
Nokia,Router,AX1800,AA:BC:10:00:10:6B,SN-Router-04203,single_band
TP-Link,Switch,SG108,AA:BC:10:00:10:6C,SN-Switch-04204,dual_band
Cisco,Modem,CM1200,AA:BC:10:00:10:6D,SN-Modem-04205,single_band
D-Link,Access Point,U6-Lite,AA:BC:10:00:10:6E,SN-AccessPoint-04206,dual_band
Huawei,Other,Generic-Device-A,AA:BC:10:00:10:6F,SN-Other-04207,single_band
ZTE,ONT,ZXHN-F680,AA:BC:10:00:10:70,SN-ONT-04208,dual_band
Nokia,ONU,AN5506-01,AA:BC:10:00:10:71,SN-ONU-04209,single_band
TP-Link,Router,Archer C6,AA:BC:10:00:10:72,SN-Router-04210,dual_band
Cisco,Switch,CBS110,AA:BC:10:00:10:73,SN-Switch-04211,single_band
D-Link,Modem,TC4400,AA:BC:10:00:10:74,SN-Modem-04212,dual_band
Huawei,Access Point,EAP225,AA:BC:10:00:10:75,SN-AccessPoint-04213,single_band
ZTE,Other,Generic-Device-B,AA:BC:10:00:10:76,SN-Other-04214,dual_band
Nokia,ONT,G-2425G-A,AA:BC:10:00:10:77,SN-ONT-04215,single_band
TP-Link,ONU,G-140W-C,AA:BC:10:00:10:78,SN-ONU-04216,dual_band
Cisco,Router,RV340,AA:BC:10:00:10:79,SN-Router-04217,single_band
D-Link,Switch,DGS-1008A,AA:BC:10:00:10:7A,SN-Switch-04218,dual_band
Huawei,Modem,MB8600,AA:BC:10:00:10:7B,SN-Modem-04219,single_band
ZTE,Access Point,WAP150,AA:BC:10:00:10:7C,SN-AccessPoint-04220,dual_band
Nokia,Other,Generic-Device-C,AA:BC:10:00:10:7D,SN-Other-04221,single_band
TP-Link,ONT,HG8145V5,AA:BC:10:00:10:7E,SN-ONT-04222,dual_band
Cisco,ONU,F601,AA:BC:10:00:10:7F,SN-ONU-04223,single_band
D-Link,Router,AX1800,AA:BC:10:00:10:80,SN-Router-04224,dual_band
Huawei,Switch,SG108,AA:BC:10:00:10:81,SN-Switch-04225,single_band
ZTE,Modem,CM1200,AA:BC:10:00:10:82,SN-Modem-04226,dual_band
Nokia,Access Point,U6-Lite,AA:BC:10:00:10:83,SN-AccessPoint-04227,single_band
TP-Link,Other,Generic-Device-A,AA:BC:10:00:10:84,SN-Other-04228,dual_band
Cisco,ONT,ZXHN-F680,AA:BC:10:00:10:85,SN-ONT-04229,single_band
D-Link,ONU,AN5506-01,AA:BC:10:00:10:86,SN-ONU-04230,dual_band
Huawei,Router,Archer C6,AA:BC:10:00:10:87,SN-Router-04231,single_band
ZTE,Switch,CBS110,AA:BC:10:00:10:88,SN-Switch-04232,dual_band
Nokia,Modem,TC4400,AA:BC:10:00:10:89,SN-Modem-04233,single_band
TP-Link,Access Point,EAP225,AA:BC:10:00:10:8A,SN-AccessPoint-04234,dual_band
Cisco,Other,Generic-Device-B,AA:BC:10:00:10:8B,SN-Other-04235,single_band
D-Link,ONT,G-2425G-A,AA:BC:10:00:10:8C,SN-ONT-04236,dual_band
Huawei,ONU,G-140W-C,AA:BC:10:00:10:8D,SN-ONU-04237,single_band
ZTE,Router,RV340,AA:BC:10:00:10:8E,SN-Router-04238,dual_band
Nokia,Switch,DGS-1008A,AA:BC:10:00:10:8F,SN-Switch-04239,single_band
TP-Link,Modem,MB8600,AA:BC:10:00:10:90,SN-Modem-04240,dual_band
Cisco,Access Point,WAP150,AA:BC:10:00:10:91,SN-AccessPoint-04241,single_band
D-Link,Other,Generic-Device-C,AA:BC:10:00:10:92,SN-Other-04242,dual_band
Huawei,ONT,HG8145V5,AA:BC:10:00:10:93,SN-ONT-04243,single_band
ZTE,ONU,F601,AA:BC:10:00:10:94,SN-ONU-04244,dual_band
Nokia,Router,AX1800,AA:BC:10:00:10:95,SN-Router-04245,single_band
TP-Link,Switch,SG108,AA:BC:10:00:10:96,SN-Switch-04246,dual_band
Cisco,Modem,CM1200,AA:BC:10:00:10:97,SN-Modem-04247,single_band
D-Link,Access Point,U6-Lite,AA:BC:10:00:10:98,SN-AccessPoint-04248,dual_band
Huawei,Other,Generic-Device-A,AA:BC:10:00:10:99,SN-Other-04249,single_band
ZTE,ONT,ZXHN-F680,AA:BC:10:00:10:9A,SN-ONT-04250,dual_band
Nokia,ONU,AN5506-01,AA:BC:10:00:10:9B,SN-ONU-04251,single_band
TP-Link,Router,Archer C6,AA:BC:10:00:10:9C,SN-Router-04252,dual_band
Cisco,Switch,CBS110,AA:BC:10:00:10:9D,SN-Switch-04253,single_band
D-Link,Modem,TC4400,AA:BC:10:00:10:9E,SN-Modem-04254,dual_band
Huawei,Access Point,EAP225,AA:BC:10:00:10:9F,SN-AccessPoint-04255,single_band
ZTE,Other,Generic-Device-B,AA:BC:10:00:10:A0,SN-Other-04256,dual_band
Nokia,ONT,G-2425G-A,AA:BC:10:00:10:A1,SN-ONT-04257,single_band
TP-Link,ONU,G-140W-C,AA:BC:10:00:10:A2,SN-ONU-04258,dual_band
Cisco,Router,RV340,AA:BC:10:00:10:A3,SN-Router-04259,single_band
D-Link,Switch,DGS-1008A,AA:BC:10:00:10:A4,SN-Switch-04260,dual_band
Huawei,Modem,MB8600,AA:BC:10:00:10:A5,SN-Modem-04261,single_band
ZTE,Access Point,WAP150,AA:BC:10:00:10:A6,SN-AccessPoint-04262,dual_band
Nokia,Other,Generic-Device-C,AA:BC:10:00:10:A7,SN-Other-04263,single_band
TP-Link,ONT,HG8145V5,AA:BC:10:00:10:A8,SN-ONT-04264,dual_band
Cisco,ONU,F601,AA:BC:10:00:10:A9,SN-ONU-04265,single_band
D-Link,Router,AX1800,AA:BC:10:00:10:AA,SN-Router-04266,dual_band
Huawei,Switch,SG108,AA:BC:10:00:10:AB,SN-Switch-04267,single_band
ZTE,Modem,CM1200,AA:BC:10:00:10:AC,SN-Modem-04268,dual_band
Nokia,Access Point,U6-Lite,AA:BC:10:00:10:AD,SN-AccessPoint-04269,single_band
TP-Link,Other,Generic-Device-A,AA:BC:10:00:10:AE,SN-Other-04270,dual_band
Cisco,ONT,ZXHN-F680,AA:BC:10:00:10:AF,SN-ONT-04271,single_band
D-Link,ONU,AN5506-01,AA:BC:10:00:10:B0,SN-ONU-04272,dual_band
Huawei,Router,Archer C6,AA:BC:10:00:10:B1,SN-Router-04273,single_band
ZTE,Switch,CBS110,AA:BC:10:00:10:B2,SN-Switch-04274,dual_band
Nokia,Modem,TC4400,AA:BC:10:00:10:B3,SN-Modem-04275,single_band
TP-Link,Access Point,EAP225,AA:BC:10:00:10:B4,SN-AccessPoint-04276,dual_band
Cisco,Other,Generic-Device-B,AA:BC:10:00:10:B5,SN-Other-04277,single_band
D-Link,ONT,G-2425G-A,AA:BC:10:00:10:B6,SN-ONT-04278,dual_band
Huawei,ONU,G-140W-C,AA:BC:10:00:10:B7,SN-ONU-04279,single_band
ZTE,Router,RV340,AA:BC:10:00:10:B8,SN-Router-04280,dual_band
Nokia,Switch,DGS-1008A,AA:BC:10:00:10:B9,SN-Switch-04281,single_band
TP-Link,Modem,MB8600,AA:BC:10:00:10:BA,SN-Modem-04282,dual_band
Cisco,Access Point,WAP150,AA:BC:10:00:10:BB,SN-AccessPoint-04283,single_band
D-Link,Other,Generic-Device-C,AA:BC:10:00:10:BC,SN-Other-04284,dual_band
Huawei,ONT,HG8145V5,AA:BC:10:00:10:BD,SN-ONT-04285,single_band
ZTE,ONU,F601,AA:BC:10:00:10:BE,SN-ONU-04286,dual_band
Nokia,Router,AX1800,AA:BC:10:00:10:BF,SN-Router-04287,single_band
TP-Link,Switch,SG108,AA:BC:10:00:10:C0,SN-Switch-04288,dual_band
Cisco,Modem,CM1200,AA:BC:10:00:10:C1,SN-Modem-04289,single_band
D-Link,Access Point,U6-Lite,AA:BC:10:00:10:C2,SN-AccessPoint-04290,dual_band
Huawei,Other,Generic-Device-A,AA:BC:10:00:10:C3,SN-Other-04291,single_band
ZTE,ONT,ZXHN-F680,AA:BC:10:00:10:C4,SN-ONT-04292,dual_band
Nokia,ONU,AN5506-01,AA:BC:10:00:10:C5,SN-ONU-04293,single_band
TP-Link,Router,Archer C6,AA:BC:10:00:10:C6,SN-Router-04294,dual_band
Cisco,Switch,CBS110,AA:BC:10:00:10:C7,SN-Switch-04295,single_band
D-Link,Modem,TC4400,AA:BC:10:00:10:C8,SN-Modem-04296,dual_band
Huawei,Access Point,EAP225,AA:BC:10:00:10:C9,SN-AccessPoint-04297,single_band
ZTE,Other,Generic-Device-B,AA:BC:10:00:10:CA,SN-Other-04298,dual_band
Nokia,ONT,G-2425G-A,AA:BC:10:00:10:CB,SN-ONT-04299,single_band
TP-Link,ONU,G-140W-C,AA:BC:10:00:10:CC,SN-ONU-04300,dual_band
Cisco,Router,RV340,AA:BC:10:00:10:CD,SN-Router-04301,single_band
D-Link,Switch,DGS-1008A,AA:BC:10:00:10:CE,SN-Switch-04302,dual_band
Huawei,Modem,MB8600,AA:BC:10:00:10:CF,SN-Modem-04303,single_band
ZTE,Access Point,WAP150,AA:BC:10:00:10:D0,SN-AccessPoint-04304,dual_band
Nokia,Other,Generic-Device-C,AA:BC:10:00:10:D1,SN-Other-04305,single_band
TP-Link,ONT,HG8145V5,AA:BC:10:00:10:D2,SN-ONT-04306,dual_band
Cisco,ONU,F601,AA:BC:10:00:10:D3,SN-ONU-04307,single_band
D-Link,Router,AX1800,AA:BC:10:00:10:D4,SN-Router-04308,dual_band
Huawei,Switch,SG108,AA:BC:10:00:10:D5,SN-Switch-04309,single_band
ZTE,Modem,CM1200,AA:BC:10:00:10:D6,SN-Modem-04310,dual_band
Nokia,Access Point,U6-Lite,AA:BC:10:00:10:D7,SN-AccessPoint-04311,single_band
TP-Link,Other,Generic-Device-A,AA:BC:10:00:10:D8,SN-Other-04312,dual_band
Cisco,ONT,ZXHN-F680,AA:BC:10:00:10:D9,SN-ONT-04313,single_band
D-Link,ONU,AN5506-01,AA:BC:10:00:10:DA,SN-ONU-04314,dual_band
Huawei,Router,Archer C6,AA:BC:10:00:10:DB,SN-Router-04315,single_band
ZTE,Switch,CBS110,AA:BC:10:00:10:DC,SN-Switch-04316,dual_band
Nokia,Modem,TC4400,AA:BC:10:00:10:DD,SN-Modem-04317,single_band
TP-Link,Access Point,EAP225,AA:BC:10:00:10:DE,SN-AccessPoint-04318,dual_band
Cisco,Other,Generic-Device-B,AA:BC:10:00:10:DF,SN-Other-04319,single_band
D-Link,ONT,G-2425G-A,AA:BC:10:00:10:E0,SN-ONT-04320,dual_band
Huawei,ONU,G-140W-C,AA:BC:10:00:10:E1,SN-ONU-04321,single_band
ZTE,Router,RV340,AA:BC:10:00:10:E2,SN-Router-04322,dual_band
Nokia,Switch,DGS-1008A,AA:BC:10:00:10:E3,SN-Switch-04323,single_band
TP-Link,Modem,MB8600,AA:BC:10:00:10:E4,SN-Modem-04324,dual_band
Cisco,Access Point,WAP150,AA:BC:10:00:10:E5,SN-AccessPoint-04325,single_band
D-Link,Other,Generic-Device-C,AA:BC:10:00:10:E6,SN-Other-04326,dual_band
Huawei,ONT,HG8145V5,AA:BC:10:00:10:E7,SN-ONT-04327,single_band
ZTE,ONU,F601,AA:BC:10:00:10:E8,SN-ONU-04328,dual_band
Nokia,Router,AX1800,AA:BC:10:00:10:E9,SN-Router-04329,single_band
TP-Link,Switch,SG108,AA:BC:10:00:10:EA,SN-Switch-04330,dual_band
Cisco,Modem,CM1200,AA:BC:10:00:10:EB,SN-Modem-04331,single_band
D-Link,Access Point,U6-Lite,AA:BC:10:00:10:EC,SN-AccessPoint-04332,dual_band
Huawei,Other,Generic-Device-A,AA:BC:10:00:10:ED,SN-Other-04333,single_band
ZTE,ONT,ZXHN-F680,AA:BC:10:00:10:EE,SN-ONT-04334,dual_band
Nokia,ONU,AN5506-01,AA:BC:10:00:10:EF,SN-ONU-04335,single_band
TP-Link,Router,Archer C6,AA:BC:10:00:10:F0,SN-Router-04336,dual_band
Cisco,Switch,CBS110,AA:BC:10:00:10:F1,SN-Switch-04337,single_band
D-Link,Modem,TC4400,AA:BC:10:00:10:F2,SN-Modem-04338,dual_band
Huawei,Access Point,EAP225,AA:BC:10:00:10:F3,SN-AccessPoint-04339,single_band
ZTE,Other,Generic-Device-B,AA:BC:10:00:10:F4,SN-Other-04340,dual_band
Nokia,ONT,G-2425G-A,AA:BC:10:00:10:F5,SN-ONT-04341,single_band
TP-Link,ONU,G-140W-C,AA:BC:10:00:10:F6,SN-ONU-04342,dual_band
Cisco,Router,RV340,AA:BC:10:00:10:F7,SN-Router-04343,single_band
D-Link,Switch,DGS-1008A,AA:BC:10:00:10:F8,SN-Switch-04344,dual_band
Huawei,Modem,MB8600,AA:BC:10:00:10:F9,SN-Modem-04345,single_band
ZTE,Access Point,WAP150,AA:BC:10:00:10:FA,SN-AccessPoint-04346,dual_band
Nokia,Other,Generic-Device-C,AA:BC:10:00:10:FB,SN-Other-04347,single_band
TP-Link,ONT,HG8145V5,AA:BC:10:00:10:FC,SN-ONT-04348,dual_band
Cisco,ONU,F601,AA:BC:10:00:10:FD,SN-ONU-04349,single_band
D-Link,Router,AX1800,AA:BC:10:00:10:FE,SN-Router-04350,dual_band
Huawei,Switch,SG108,AA:BC:10:00:10:FF,SN-Switch-04351,single_band
ZTE,Modem,CM1200,AA:BC:10:00:11:00,SN-Modem-04352,dual_band
Nokia,Access Point,U6-Lite,AA:BC:10:00:11:01,SN-AccessPoint-04353,single_band
TP-Link,Other,Generic-Device-A,AA:BC:10:00:11:02,SN-Other-04354,dual_band
Cisco,ONT,ZXHN-F680,AA:BC:10:00:11:03,SN-ONT-04355,single_band
D-Link,ONU,AN5506-01,AA:BC:10:00:11:04,SN-ONU-04356,dual_band
Huawei,Router,Archer C6,AA:BC:10:00:11:05,SN-Router-04357,single_band
ZTE,Switch,CBS110,AA:BC:10:00:11:06,SN-Switch-04358,dual_band
Nokia,Modem,TC4400,AA:BC:10:00:11:07,SN-Modem-04359,single_band
TP-Link,Access Point,EAP225,AA:BC:10:00:11:08,SN-AccessPoint-04360,dual_band
Cisco,Other,Generic-Device-B,AA:BC:10:00:11:09,SN-Other-04361,single_band
D-Link,ONT,G-2425G-A,AA:BC:10:00:11:0A,SN-ONT-04362,dual_band
Huawei,ONU,G-140W-C,AA:BC:10:00:11:0B,SN-ONU-04363,single_band
ZTE,Router,RV340,AA:BC:10:00:11:0C,SN-Router-04364,dual_band
Nokia,Switch,DGS-1008A,AA:BC:10:00:11:0D,SN-Switch-04365,single_band
TP-Link,Modem,MB8600,AA:BC:10:00:11:0E,SN-Modem-04366,dual_band
Cisco,Access Point,WAP150,AA:BC:10:00:11:0F,SN-AccessPoint-04367,single_band
D-Link,Other,Generic-Device-C,AA:BC:10:00:11:10,SN-Other-04368,dual_band
Huawei,ONT,HG8145V5,AA:BC:10:00:11:11,SN-ONT-04369,single_band
ZTE,ONU,F601,AA:BC:10:00:11:12,SN-ONU-04370,dual_band
Nokia,Router,AX1800,AA:BC:10:00:11:13,SN-Router-04371,single_band
TP-Link,Switch,SG108,AA:BC:10:00:11:14,SN-Switch-04372,dual_band
Cisco,Modem,CM1200,AA:BC:10:00:11:15,SN-Modem-04373,single_band
D-Link,Access Point,U6-Lite,AA:BC:10:00:11:16,SN-AccessPoint-04374,dual_band
Huawei,Other,Generic-Device-A,AA:BC:10:00:11:17,SN-Other-04375,single_band
ZTE,ONT,ZXHN-F680,AA:BC:10:00:11:18,SN-ONT-04376,dual_band
Nokia,ONU,AN5506-01,AA:BC:10:00:11:19,SN-ONU-04377,single_band
TP-Link,Router,Archer C6,AA:BC:10:00:11:1A,SN-Router-04378,dual_band
Cisco,Switch,CBS110,AA:BC:10:00:11:1B,SN-Switch-04379,single_band
D-Link,Modem,TC4400,AA:BC:10:00:11:1C,SN-Modem-04380,dual_band
Huawei,Access Point,EAP225,AA:BC:10:00:11:1D,SN-AccessPoint-04381,single_band
ZTE,Other,Generic-Device-B,AA:BC:10:00:11:1E,SN-Other-04382,dual_band
Nokia,ONT,G-2425G-A,AA:BC:10:00:11:1F,SN-ONT-04383,single_band
TP-Link,ONU,G-140W-C,AA:BC:10:00:11:20,SN-ONU-04384,dual_band
Cisco,Router,RV340,AA:BC:10:00:11:21,SN-Router-04385,single_band
D-Link,Switch,DGS-1008A,AA:BC:10:00:11:22,SN-Switch-04386,dual_band
Huawei,Modem,MB8600,AA:BC:10:00:11:23,SN-Modem-04387,single_band
ZTE,Access Point,WAP150,AA:BC:10:00:11:24,SN-AccessPoint-04388,dual_band
Nokia,Other,Generic-Device-C,AA:BC:10:00:11:25,SN-Other-04389,single_band
TP-Link,ONT,HG8145V5,AA:BC:10:00:11:26,SN-ONT-04390,dual_band
Cisco,ONU,F601,AA:BC:10:00:11:27,SN-ONU-04391,single_band
D-Link,Router,AX1800,AA:BC:10:00:11:28,SN-Router-04392,dual_band
Huawei,Switch,SG108,AA:BC:10:00:11:29,SN-Switch-04393,single_band
ZTE,Modem,CM1200,AA:BC:10:00:11:2A,SN-Modem-04394,dual_band
Nokia,Access Point,U6-Lite,AA:BC:10:00:11:2B,SN-AccessPoint-04395,single_band
TP-Link,Other,Generic-Device-A,AA:BC:10:00:11:2C,SN-Other-04396,dual_band
Cisco,ONT,ZXHN-F680,AA:BC:10:00:11:2D,SN-ONT-04397,single_band
D-Link,ONU,AN5506-01,AA:BC:10:00:11:2E,SN-ONU-04398,dual_band
Huawei,Router,Archer C6,AA:BC:10:00:11:2F,SN-Router-04399,single_band
ZTE,Switch,CBS110,AA:BC:10:00:11:30,SN-Switch-04400,dual_band
Nokia,Modem,TC4400,AA:BC:10:00:11:31,SN-Modem-04401,single_band
TP-Link,Access Point,EAP225,AA:BC:10:00:11:32,SN-AccessPoint-04402,dual_band
Cisco,Other,Generic-Device-B,AA:BC:10:00:11:33,SN-Other-04403,single_band
D-Link,ONT,G-2425G-A,AA:BC:10:00:11:34,SN-ONT-04404,dual_band
Huawei,ONU,G-140W-C,AA:BC:10:00:11:35,SN-ONU-04405,single_band
ZTE,Router,RV340,AA:BC:10:00:11:36,SN-Router-04406,dual_band
Nokia,Switch,DGS-1008A,AA:BC:10:00:11:37,SN-Switch-04407,single_band
TP-Link,Modem,MB8600,AA:BC:10:00:11:38,SN-Modem-04408,dual_band
Cisco,Access Point,WAP150,AA:BC:10:00:11:39,SN-AccessPoint-04409,single_band
D-Link,Other,Generic-Device-C,AA:BC:10:00:11:3A,SN-Other-04410,dual_band
Huawei,ONT,HG8145V5,AA:BC:10:00:11:3B,SN-ONT-04411,single_band
ZTE,ONU,F601,AA:BC:10:00:11:3C,SN-ONU-04412,dual_band
Nokia,Router,AX1800,AA:BC:10:00:11:3D,SN-Router-04413,single_band
TP-Link,Switch,SG108,AA:BC:10:00:11:3E,SN-Switch-04414,dual_band
Cisco,Modem,CM1200,AA:BC:10:00:11:3F,SN-Modem-04415,single_band
D-Link,Access Point,U6-Lite,AA:BC:10:00:11:40,SN-AccessPoint-04416,dual_band
Huawei,Other,Generic-Device-A,AA:BC:10:00:11:41,SN-Other-04417,single_band
ZTE,ONT,ZXHN-F680,AA:BC:10:00:11:42,SN-ONT-04418,dual_band
Nokia,ONU,AN5506-01,AA:BC:10:00:11:43,SN-ONU-04419,single_band
TP-Link,Router,Archer C6,AA:BC:10:00:11:44,SN-Router-04420,dual_band
Cisco,Switch,CBS110,AA:BC:10:00:11:45,SN-Switch-04421,single_band
D-Link,Modem,TC4400,AA:BC:10:00:11:46,SN-Modem-04422,dual_band
Huawei,Access Point,EAP225,AA:BC:10:00:11:47,SN-AccessPoint-04423,single_band
ZTE,Other,Generic-Device-B,AA:BC:10:00:11:48,SN-Other-04424,dual_band
Nokia,ONT,G-2425G-A,AA:BC:10:00:11:49,SN-ONT-04425,single_band
TP-Link,ONU,G-140W-C,AA:BC:10:00:11:4A,SN-ONU-04426,dual_band
Cisco,Router,RV340,AA:BC:10:00:11:4B,SN-Router-04427,single_band
D-Link,Switch,DGS-1008A,AA:BC:10:00:11:4C,SN-Switch-04428,dual_band
Huawei,Modem,MB8600,AA:BC:10:00:11:4D,SN-Modem-04429,single_band
ZTE,Access Point,WAP150,AA:BC:10:00:11:4E,SN-AccessPoint-04430,dual_band
Nokia,Other,Generic-Device-C,AA:BC:10:00:11:4F,SN-Other-04431,single_band
TP-Link,ONT,HG8145V5,AA:BC:10:00:11:50,SN-ONT-04432,dual_band
Cisco,ONU,F601,AA:BC:10:00:11:51,SN-ONU-04433,single_band
D-Link,Router,AX1800,AA:BC:10:00:11:52,SN-Router-04434,dual_band
Huawei,Switch,SG108,AA:BC:10:00:11:53,SN-Switch-04435,single_band
ZTE,Modem,CM1200,AA:BC:10:00:11:54,SN-Modem-04436,dual_band
Nokia,Access Point,U6-Lite,AA:BC:10:00:11:55,SN-AccessPoint-04437,single_band
TP-Link,Other,Generic-Device-A,AA:BC:10:00:11:56,SN-Other-04438,dual_band
Cisco,ONT,ZXHN-F680,AA:BC:10:00:11:57,SN-ONT-04439,single_band
D-Link,ONU,AN5506-01,AA:BC:10:00:11:58,SN-ONU-04440,dual_band
Huawei,Router,Archer C6,AA:BC:10:00:11:59,SN-Router-04441,single_band
ZTE,Switch,CBS110,AA:BC:10:00:11:5A,SN-Switch-04442,dual_band
Nokia,Modem,TC4400,AA:BC:10:00:11:5B,SN-Modem-04443,single_band
TP-Link,Access Point,EAP225,AA:BC:10:00:11:5C,SN-AccessPoint-04444,dual_band
Cisco,Other,Generic-Device-B,AA:BC:10:00:11:5D,SN-Other-04445,single_band
D-Link,ONT,G-2425G-A,AA:BC:10:00:11:5E,SN-ONT-04446,dual_band
Huawei,ONU,G-140W-C,AA:BC:10:00:11:5F,SN-ONU-04447,single_band
ZTE,Router,RV340,AA:BC:10:00:11:60,SN-Router-04448,dual_band
Nokia,Switch,DGS-1008A,AA:BC:10:00:11:61,SN-Switch-04449,single_band
TP-Link,Modem,MB8600,AA:BC:10:00:11:62,SN-Modem-04450,dual_band
Cisco,Access Point,WAP150,AA:BC:10:00:11:63,SN-AccessPoint-04451,single_band
D-Link,Other,Generic-Device-C,AA:BC:10:00:11:64,SN-Other-04452,dual_band
Huawei,ONT,HG8145V5,AA:BC:10:00:11:65,SN-ONT-04453,single_band
ZTE,ONU,F601,AA:BC:10:00:11:66,SN-ONU-04454,dual_band
Nokia,Router,AX1800,AA:BC:10:00:11:67,SN-Router-04455,single_band
TP-Link,Switch,SG108,AA:BC:10:00:11:68,SN-Switch-04456,dual_band
Cisco,Modem,CM1200,AA:BC:10:00:11:69,SN-Modem-04457,single_band
D-Link,Access Point,U6-Lite,AA:BC:10:00:11:6A,SN-AccessPoint-04458,dual_band
Huawei,Other,Generic-Device-A,AA:BC:10:00:11:6B,SN-Other-04459,single_band
ZTE,ONT,ZXHN-F680,AA:BC:10:00:11:6C,SN-ONT-04460,dual_band
Nokia,ONU,AN5506-01,AA:BC:10:00:11:6D,SN-ONU-04461,single_band
TP-Link,Router,Archer C6,AA:BC:10:00:11:6E,SN-Router-04462,dual_band
Cisco,Switch,CBS110,AA:BC:10:00:11:6F,SN-Switch-04463,single_band
D-Link,Modem,TC4400,AA:BC:10:00:11:70,SN-Modem-04464,dual_band
Huawei,Access Point,EAP225,AA:BC:10:00:11:71,SN-AccessPoint-04465,single_band
ZTE,Other,Generic-Device-B,AA:BC:10:00:11:72,SN-Other-04466,dual_band
Nokia,ONT,G-2425G-A,AA:BC:10:00:11:73,SN-ONT-04467,single_band
TP-Link,ONU,G-140W-C,AA:BC:10:00:11:74,SN-ONU-04468,dual_band
Cisco,Router,RV340,AA:BC:10:00:11:75,SN-Router-04469,single_band
D-Link,Switch,DGS-1008A,AA:BC:10:00:11:76,SN-Switch-04470,dual_band
Huawei,Modem,MB8600,AA:BC:10:00:11:77,SN-Modem-04471,single_band
ZTE,Access Point,WAP150,AA:BC:10:00:11:78,SN-AccessPoint-04472,dual_band
Nokia,Other,Generic-Device-C,AA:BC:10:00:11:79,SN-Other-04473,single_band
TP-Link,ONT,HG8145V5,AA:BC:10:00:11:7A,SN-ONT-04474,dual_band
Cisco,ONU,F601,AA:BC:10:00:11:7B,SN-ONU-04475,single_band
D-Link,Router,AX1800,AA:BC:10:00:11:7C,SN-Router-04476,dual_band
Huawei,Switch,SG108,AA:BC:10:00:11:7D,SN-Switch-04477,single_band
ZTE,Modem,CM1200,AA:BC:10:00:11:7E,SN-Modem-04478,dual_band
Nokia,Access Point,U6-Lite,AA:BC:10:00:11:7F,SN-AccessPoint-04479,single_band
TP-Link,Other,Generic-Device-A,AA:BC:10:00:11:80,SN-Other-04480,dual_band
Cisco,ONT,ZXHN-F680,AA:BC:10:00:11:81,SN-ONT-04481,single_band
D-Link,ONU,AN5506-01,AA:BC:10:00:11:82,SN-ONU-04482,dual_band
Huawei,Router,Archer C6,AA:BC:10:00:11:83,SN-Router-04483,single_band
ZTE,Switch,CBS110,AA:BC:10:00:11:84,SN-Switch-04484,dual_band
Nokia,Modem,TC4400,AA:BC:10:00:11:85,SN-Modem-04485,single_band
TP-Link,Access Point,EAP225,AA:BC:10:00:11:86,SN-AccessPoint-04486,dual_band
Cisco,Other,Generic-Device-B,AA:BC:10:00:11:87,SN-Other-04487,single_band
D-Link,ONT,G-2425G-A,AA:BC:10:00:11:88,SN-ONT-04488,dual_band
Huawei,ONU,G-140W-C,AA:BC:10:00:11:89,SN-ONU-04489,single_band
ZTE,Router,RV340,AA:BC:10:00:11:8A,SN-Router-04490,dual_band
Nokia,Switch,DGS-1008A,AA:BC:10:00:11:8B,SN-Switch-04491,single_band
TP-Link,Modem,MB8600,AA:BC:10:00:11:8C,SN-Modem-04492,dual_band
Cisco,Access Point,WAP150,AA:BC:10:00:11:8D,SN-AccessPoint-04493,single_band
D-Link,Other,Generic-Device-C,AA:BC:10:00:11:8E,SN-Other-04494,dual_band
Huawei,ONT,HG8145V5,AA:BC:10:00:11:8F,SN-ONT-04495,single_band
ZTE,ONU,F601,AA:BC:10:00:11:90,SN-ONU-04496,dual_band
Nokia,Router,AX1800,AA:BC:10:00:11:91,SN-Router-04497,single_band
TP-Link,Switch,SG108,AA:BC:10:00:11:92,SN-Switch-04498,dual_band
Cisco,Modem,CM1200,AA:BC:10:00:11:93,SN-Modem-04499,single_band
D-Link,Access Point,U6-Lite,AA:BC:10:00:11:94,SN-AccessPoint-04500,dual_band
Huawei,Other,Generic-Device-A,AA:BC:10:00:11:95,SN-Other-04501,single_band
ZTE,ONT,ZXHN-F680,AA:BC:10:00:11:96,SN-ONT-04502,dual_band
Nokia,ONU,AN5506-01,AA:BC:10:00:11:97,SN-ONU-04503,single_band
TP-Link,Router,Archer C6,AA:BC:10:00:11:98,SN-Router-04504,dual_band
Cisco,Switch,CBS110,AA:BC:10:00:11:99,SN-Switch-04505,single_band
D-Link,Modem,TC4400,AA:BC:10:00:11:9A,SN-Modem-04506,dual_band
Huawei,Access Point,EAP225,AA:BC:10:00:11:9B,SN-AccessPoint-04507,single_band
ZTE,Other,Generic-Device-B,AA:BC:10:00:11:9C,SN-Other-04508,dual_band
Nokia,ONT,G-2425G-A,AA:BC:10:00:11:9D,SN-ONT-04509,single_band
TP-Link,ONU,G-140W-C,AA:BC:10:00:11:9E,SN-ONU-04510,dual_band
Cisco,Router,RV340,AA:BC:10:00:11:9F,SN-Router-04511,single_band
D-Link,Switch,DGS-1008A,AA:BC:10:00:11:A0,SN-Switch-04512,dual_band
Huawei,Modem,MB8600,AA:BC:10:00:11:A1,SN-Modem-04513,single_band
ZTE,Access Point,WAP150,AA:BC:10:00:11:A2,SN-AccessPoint-04514,dual_band
Nokia,Other,Generic-Device-C,AA:BC:10:00:11:A3,SN-Other-04515,single_band
TP-Link,ONT,HG8145V5,AA:BC:10:00:11:A4,SN-ONT-04516,dual_band
Cisco,ONU,F601,AA:BC:10:00:11:A5,SN-ONU-04517,single_band
D-Link,Router,AX1800,AA:BC:10:00:11:A6,SN-Router-04518,dual_band
Huawei,Switch,SG108,AA:BC:10:00:11:A7,SN-Switch-04519,single_band
ZTE,Modem,CM1200,AA:BC:10:00:11:A8,SN-Modem-04520,dual_band
Nokia,Access Point,U6-Lite,AA:BC:10:00:11:A9,SN-AccessPoint-04521,single_band
TP-Link,Other,Generic-Device-A,AA:BC:10:00:11:AA,SN-Other-04522,dual_band
Cisco,ONT,ZXHN-F680,AA:BC:10:00:11:AB,SN-ONT-04523,single_band
D-Link,ONU,AN5506-01,AA:BC:10:00:11:AC,SN-ONU-04524,dual_band
Huawei,Router,Archer C6,AA:BC:10:00:11:AD,SN-Router-04525,single_band
ZTE,Switch,CBS110,AA:BC:10:00:11:AE,SN-Switch-04526,dual_band
Nokia,Modem,TC4400,AA:BC:10:00:11:AF,SN-Modem-04527,single_band
TP-Link,Access Point,EAP225,AA:BC:10:00:11:B0,SN-AccessPoint-04528,dual_band
Cisco,Other,Generic-Device-B,AA:BC:10:00:11:B1,SN-Other-04529,single_band
D-Link,ONT,G-2425G-A,AA:BC:10:00:11:B2,SN-ONT-04530,dual_band
Huawei,ONU,G-140W-C,AA:BC:10:00:11:B3,SN-ONU-04531,single_band
ZTE,Router,RV340,AA:BC:10:00:11:B4,SN-Router-04532,dual_band
Nokia,Switch,DGS-1008A,AA:BC:10:00:11:B5,SN-Switch-04533,single_band
TP-Link,Modem,MB8600,AA:BC:10:00:11:B6,SN-Modem-04534,dual_band
Cisco,Access Point,WAP150,AA:BC:10:00:11:B7,SN-AccessPoint-04535,single_band
D-Link,Other,Generic-Device-C,AA:BC:10:00:11:B8,SN-Other-04536,dual_band
Huawei,ONT,HG8145V5,AA:BC:10:00:11:B9,SN-ONT-04537,single_band
ZTE,ONU,F601,AA:BC:10:00:11:BA,SN-ONU-04538,dual_band
Nokia,Router,AX1800,AA:BC:10:00:11:BB,SN-Router-04539,single_band
TP-Link,Switch,SG108,AA:BC:10:00:11:BC,SN-Switch-04540,dual_band
Cisco,Modem,CM1200,AA:BC:10:00:11:BD,SN-Modem-04541,single_band
D-Link,Access Point,U6-Lite,AA:BC:10:00:11:BE,SN-AccessPoint-04542,dual_band
Huawei,Other,Generic-Device-A,AA:BC:10:00:11:BF,SN-Other-04543,single_band
ZTE,ONT,ZXHN-F680,AA:BC:10:00:11:C0,SN-ONT-04544,dual_band
Nokia,ONU,AN5506-01,AA:BC:10:00:11:C1,SN-ONU-04545,single_band
TP-Link,Router,Archer C6,AA:BC:10:00:11:C2,SN-Router-04546,dual_band
Cisco,Switch,CBS110,AA:BC:10:00:11:C3,SN-Switch-04547,single_band
D-Link,Modem,TC4400,AA:BC:10:00:11:C4,SN-Modem-04548,dual_band
Huawei,Access Point,EAP225,AA:BC:10:00:11:C5,SN-AccessPoint-04549,single_band
ZTE,Other,Generic-Device-B,AA:BC:10:00:11:C6,SN-Other-04550,dual_band
Nokia,ONT,G-2425G-A,AA:BC:10:00:11:C7,SN-ONT-04551,single_band
TP-Link,ONU,G-140W-C,AA:BC:10:00:11:C8,SN-ONU-04552,dual_band
Cisco,Router,RV340,AA:BC:10:00:11:C9,SN-Router-04553,single_band
D-Link,Switch,DGS-1008A,AA:BC:10:00:11:CA,SN-Switch-04554,dual_band
Huawei,Modem,MB8600,AA:BC:10:00:11:CB,SN-Modem-04555,single_band
ZTE,Access Point,WAP150,AA:BC:10:00:11:CC,SN-AccessPoint-04556,dual_band
Nokia,Other,Generic-Device-C,AA:BC:10:00:11:CD,SN-Other-04557,single_band
TP-Link,ONT,HG8145V5,AA:BC:10:00:11:CE,SN-ONT-04558,dual_band
Cisco,ONU,F601,AA:BC:10:00:11:CF,SN-ONU-04559,single_band
D-Link,Router,AX1800,AA:BC:10:00:11:D0,SN-Router-04560,dual_band
Huawei,Switch,SG108,AA:BC:10:00:11:D1,SN-Switch-04561,single_band
ZTE,Modem,CM1200,AA:BC:10:00:11:D2,SN-Modem-04562,dual_band
Nokia,Access Point,U6-Lite,AA:BC:10:00:11:D3,SN-AccessPoint-04563,single_band
TP-Link,Other,Generic-Device-A,AA:BC:10:00:11:D4,SN-Other-04564,dual_band
Cisco,ONT,ZXHN-F680,AA:BC:10:00:11:D5,SN-ONT-04565,single_band
D-Link,ONU,AN5506-01,AA:BC:10:00:11:D6,SN-ONU-04566,dual_band
Huawei,Router,Archer C6,AA:BC:10:00:11:D7,SN-Router-04567,single_band
ZTE,Switch,CBS110,AA:BC:10:00:11:D8,SN-Switch-04568,dual_band
Nokia,Modem,TC4400,AA:BC:10:00:11:D9,SN-Modem-04569,single_band
TP-Link,Access Point,EAP225,AA:BC:10:00:11:DA,SN-AccessPoint-04570,dual_band
Cisco,Other,Generic-Device-B,AA:BC:10:00:11:DB,SN-Other-04571,single_band
D-Link,ONT,G-2425G-A,AA:BC:10:00:11:DC,SN-ONT-04572,dual_band
Huawei,ONU,G-140W-C,AA:BC:10:00:11:DD,SN-ONU-04573,single_band
ZTE,Router,RV340,AA:BC:10:00:11:DE,SN-Router-04574,dual_band
Nokia,Switch,DGS-1008A,AA:BC:10:00:11:DF,SN-Switch-04575,single_band
TP-Link,Modem,MB8600,AA:BC:10:00:11:E0,SN-Modem-04576,dual_band
Cisco,Access Point,WAP150,AA:BC:10:00:11:E1,SN-AccessPoint-04577,single_band
D-Link,Other,Generic-Device-C,AA:BC:10:00:11:E2,SN-Other-04578,dual_band
Huawei,ONT,HG8145V5,AA:BC:10:00:11:E3,SN-ONT-04579,single_band
ZTE,ONU,F601,AA:BC:10:00:11:E4,SN-ONU-04580,dual_band
Nokia,Router,AX1800,AA:BC:10:00:11:E5,SN-Router-04581,single_band
TP-Link,Switch,SG108,AA:BC:10:00:11:E6,SN-Switch-04582,dual_band
Cisco,Modem,CM1200,AA:BC:10:00:11:E7,SN-Modem-04583,single_band
D-Link,Access Point,U6-Lite,AA:BC:10:00:11:E8,SN-AccessPoint-04584,dual_band
Huawei,Other,Generic-Device-A,AA:BC:10:00:11:E9,SN-Other-04585,single_band
ZTE,ONT,ZXHN-F680,AA:BC:10:00:11:EA,SN-ONT-04586,dual_band
Nokia,ONU,AN5506-01,AA:BC:10:00:11:EB,SN-ONU-04587,single_band
TP-Link,Router,Archer C6,AA:BC:10:00:11:EC,SN-Router-04588,dual_band
Cisco,Switch,CBS110,AA:BC:10:00:11:ED,SN-Switch-04589,single_band
D-Link,Modem,TC4400,AA:BC:10:00:11:EE,SN-Modem-04590,dual_band
Huawei,Access Point,EAP225,AA:BC:10:00:11:EF,SN-AccessPoint-04591,single_band
ZTE,Other,Generic-Device-B,AA:BC:10:00:11:F0,SN-Other-04592,dual_band
Nokia,ONT,G-2425G-A,AA:BC:10:00:11:F1,SN-ONT-04593,single_band
TP-Link,ONU,G-140W-C,AA:BC:10:00:11:F2,SN-ONU-04594,dual_band
Cisco,Router,RV340,AA:BC:10:00:11:F3,SN-Router-04595,single_band
D-Link,Switch,DGS-1008A,AA:BC:10:00:11:F4,SN-Switch-04596,dual_band
Huawei,Modem,MB8600,AA:BC:10:00:11:F5,SN-Modem-04597,single_band
ZTE,Access Point,WAP150,AA:BC:10:00:11:F6,SN-AccessPoint-04598,dual_band
Nokia,Other,Generic-Device-C,AA:BC:10:00:11:F7,SN-Other-04599,single_band
TP-Link,ONT,HG8145V5,AA:BC:10:00:11:F8,SN-ONT-04600,dual_band
Cisco,ONU,F601,AA:BC:10:00:11:F9,SN-ONU-04601,single_band
D-Link,Router,AX1800,AA:BC:10:00:11:FA,SN-Router-04602,dual_band
Huawei,Switch,SG108,AA:BC:10:00:11:FB,SN-Switch-04603,single_band
ZTE,Modem,CM1200,AA:BC:10:00:11:FC,SN-Modem-04604,dual_band
Nokia,Access Point,U6-Lite,AA:BC:10:00:11:FD,SN-AccessPoint-04605,single_band
TP-Link,Other,Generic-Device-A,AA:BC:10:00:11:FE,SN-Other-04606,dual_band
Cisco,ONT,ZXHN-F680,AA:BC:10:00:11:FF,SN-ONT-04607,single_band
D-Link,ONU,AN5506-01,AA:BC:10:00:12:00,SN-ONU-04608,dual_band
Huawei,Router,Archer C6,AA:BC:10:00:12:01,SN-Router-04609,single_band
ZTE,Switch,CBS110,AA:BC:10:00:12:02,SN-Switch-04610,dual_band
Nokia,Modem,TC4400,AA:BC:10:00:12:03,SN-Modem-04611,single_band
TP-Link,Access Point,EAP225,AA:BC:10:00:12:04,SN-AccessPoint-04612,dual_band
Cisco,Other,Generic-Device-B,AA:BC:10:00:12:05,SN-Other-04613,single_band
D-Link,ONT,G-2425G-A,AA:BC:10:00:12:06,SN-ONT-04614,dual_band
Huawei,ONU,G-140W-C,AA:BC:10:00:12:07,SN-ONU-04615,single_band
ZTE,Router,RV340,AA:BC:10:00:12:08,SN-Router-04616,dual_band
Nokia,Switch,DGS-1008A,AA:BC:10:00:12:09,SN-Switch-04617,single_band
TP-Link,Modem,MB8600,AA:BC:10:00:12:0A,SN-Modem-04618,dual_band
Cisco,Access Point,WAP150,AA:BC:10:00:12:0B,SN-AccessPoint-04619,single_band
D-Link,Other,Generic-Device-C,AA:BC:10:00:12:0C,SN-Other-04620,dual_band
Huawei,ONT,HG8145V5,AA:BC:10:00:12:0D,SN-ONT-04621,single_band
ZTE,ONU,F601,AA:BC:10:00:12:0E,SN-ONU-04622,dual_band
Nokia,Router,AX1800,AA:BC:10:00:12:0F,SN-Router-04623,single_band
TP-Link,Switch,SG108,AA:BC:10:00:12:10,SN-Switch-04624,dual_band
Cisco,Modem,CM1200,AA:BC:10:00:12:11,SN-Modem-04625,single_band
D-Link,Access Point,U6-Lite,AA:BC:10:00:12:12,SN-AccessPoint-04626,dual_band
Huawei,Other,Generic-Device-A,AA:BC:10:00:12:13,SN-Other-04627,single_band
ZTE,ONT,ZXHN-F680,AA:BC:10:00:12:14,SN-ONT-04628,dual_band
Nokia,ONU,AN5506-01,AA:BC:10:00:12:15,SN-ONU-04629,single_band
TP-Link,Router,Archer C6,AA:BC:10:00:12:16,SN-Router-04630,dual_band
Cisco,Switch,CBS110,AA:BC:10:00:12:17,SN-Switch-04631,single_band
D-Link,Modem,TC4400,AA:BC:10:00:12:18,SN-Modem-04632,dual_band
Huawei,Access Point,EAP225,AA:BC:10:00:12:19,SN-AccessPoint-04633,single_band
ZTE,Other,Generic-Device-B,AA:BC:10:00:12:1A,SN-Other-04634,dual_band
Nokia,ONT,G-2425G-A,AA:BC:10:00:12:1B,SN-ONT-04635,single_band
TP-Link,ONU,G-140W-C,AA:BC:10:00:12:1C,SN-ONU-04636,dual_band
Cisco,Router,RV340,AA:BC:10:00:12:1D,SN-Router-04637,single_band
D-Link,Switch,DGS-1008A,AA:BC:10:00:12:1E,SN-Switch-04638,dual_band
Huawei,Modem,MB8600,AA:BC:10:00:12:1F,SN-Modem-04639,single_band
ZTE,Access Point,WAP150,AA:BC:10:00:12:20,SN-AccessPoint-04640,dual_band
Nokia,Other,Generic-Device-C,AA:BC:10:00:12:21,SN-Other-04641,single_band
TP-Link,ONT,HG8145V5,AA:BC:10:00:12:22,SN-ONT-04642,dual_band
Cisco,ONU,F601,AA:BC:10:00:12:23,SN-ONU-04643,single_band
D-Link,Router,AX1800,AA:BC:10:00:12:24,SN-Router-04644,dual_band
Huawei,Switch,SG108,AA:BC:10:00:12:25,SN-Switch-04645,single_band
ZTE,Modem,CM1200,AA:BC:10:00:12:26,SN-Modem-04646,dual_band
Nokia,Access Point,U6-Lite,AA:BC:10:00:12:27,SN-AccessPoint-04647,single_band
TP-Link,Other,Generic-Device-A,AA:BC:10:00:12:28,SN-Other-04648,dual_band
Cisco,ONT,ZXHN-F680,AA:BC:10:00:12:29,SN-ONT-04649,single_band
D-Link,ONU,AN5506-01,AA:BC:10:00:12:2A,SN-ONU-04650,dual_band
Huawei,Router,Archer C6,AA:BC:10:00:12:2B,SN-Router-04651,single_band
ZTE,Switch,CBS110,AA:BC:10:00:12:2C,SN-Switch-04652,dual_band
Nokia,Modem,TC4400,AA:BC:10:00:12:2D,SN-Modem-04653,single_band
TP-Link,Access Point,EAP225,AA:BC:10:00:12:2E,SN-AccessPoint-04654,dual_band
Cisco,Other,Generic-Device-B,AA:BC:10:00:12:2F,SN-Other-04655,single_band
D-Link,ONT,G-2425G-A,AA:BC:10:00:12:30,SN-ONT-04656,dual_band
Huawei,ONU,G-140W-C,AA:BC:10:00:12:31,SN-ONU-04657,single_band
ZTE,Router,RV340,AA:BC:10:00:12:32,SN-Router-04658,dual_band
Nokia,Switch,DGS-1008A,AA:BC:10:00:12:33,SN-Switch-04659,single_band
TP-Link,Modem,MB8600,AA:BC:10:00:12:34,SN-Modem-04660,dual_band
Cisco,Access Point,WAP150,AA:BC:10:00:12:35,SN-AccessPoint-04661,single_band
D-Link,Other,Generic-Device-C,AA:BC:10:00:12:36,SN-Other-04662,dual_band
Huawei,ONT,HG8145V5,AA:BC:10:00:12:37,SN-ONT-04663,single_band
ZTE,ONU,F601,AA:BC:10:00:12:38,SN-ONU-04664,dual_band
Nokia,Router,AX1800,AA:BC:10:00:12:39,SN-Router-04665,single_band
TP-Link,Switch,SG108,AA:BC:10:00:12:3A,SN-Switch-04666,dual_band
Cisco,Modem,CM1200,AA:BC:10:00:12:3B,SN-Modem-04667,single_band
D-Link,Access Point,U6-Lite,AA:BC:10:00:12:3C,SN-AccessPoint-04668,dual_band
Huawei,Other,Generic-Device-A,AA:BC:10:00:12:3D,SN-Other-04669,single_band
ZTE,ONT,ZXHN-F680,AA:BC:10:00:12:3E,SN-ONT-04670,dual_band
Nokia,ONU,AN5506-01,AA:BC:10:00:12:3F,SN-ONU-04671,single_band
TP-Link,Router,Archer C6,AA:BC:10:00:12:40,SN-Router-04672,dual_band
Cisco,Switch,CBS110,AA:BC:10:00:12:41,SN-Switch-04673,single_band
D-Link,Modem,TC4400,AA:BC:10:00:12:42,SN-Modem-04674,dual_band
Huawei,Access Point,EAP225,AA:BC:10:00:12:43,SN-AccessPoint-04675,single_band
ZTE,Other,Generic-Device-B,AA:BC:10:00:12:44,SN-Other-04676,dual_band
Nokia,ONT,G-2425G-A,AA:BC:10:00:12:45,SN-ONT-04677,single_band
TP-Link,ONU,G-140W-C,AA:BC:10:00:12:46,SN-ONU-04678,dual_band
Cisco,Router,RV340,AA:BC:10:00:12:47,SN-Router-04679,single_band
D-Link,Switch,DGS-1008A,AA:BC:10:00:12:48,SN-Switch-04680,dual_band
Huawei,Modem,MB8600,AA:BC:10:00:12:49,SN-Modem-04681,single_band
ZTE,Access Point,WAP150,AA:BC:10:00:12:4A,SN-AccessPoint-04682,dual_band
Nokia,Other,Generic-Device-C,AA:BC:10:00:12:4B,SN-Other-04683,single_band
TP-Link,ONT,HG8145V5,AA:BC:10:00:12:4C,SN-ONT-04684,dual_band
Cisco,ONU,F601,AA:BC:10:00:12:4D,SN-ONU-04685,single_band
D-Link,Router,AX1800,AA:BC:10:00:12:4E,SN-Router-04686,dual_band
Huawei,Switch,SG108,AA:BC:10:00:12:4F,SN-Switch-04687,single_band
ZTE,Modem,CM1200,AA:BC:10:00:12:50,SN-Modem-04688,dual_band
Nokia,Access Point,U6-Lite,AA:BC:10:00:12:51,SN-AccessPoint-04689,single_band
TP-Link,Other,Generic-Device-A,AA:BC:10:00:12:52,SN-Other-04690,dual_band
Cisco,ONT,ZXHN-F680,AA:BC:10:00:12:53,SN-ONT-04691,single_band
D-Link,ONU,AN5506-01,AA:BC:10:00:12:54,SN-ONU-04692,dual_band
Huawei,Router,Archer C6,AA:BC:10:00:12:55,SN-Router-04693,single_band
ZTE,Switch,CBS110,AA:BC:10:00:12:56,SN-Switch-04694,dual_band
Nokia,Modem,TC4400,AA:BC:10:00:12:57,SN-Modem-04695,single_band
TP-Link,Access Point,EAP225,AA:BC:10:00:12:58,SN-AccessPoint-04696,dual_band
Cisco,Other,Generic-Device-B,AA:BC:10:00:12:59,SN-Other-04697,single_band
D-Link,ONT,G-2425G-A,AA:BC:10:00:12:5A,SN-ONT-04698,dual_band
Huawei,ONU,G-140W-C,AA:BC:10:00:12:5B,SN-ONU-04699,single_band
ZTE,Router,RV340,AA:BC:10:00:12:5C,SN-Router-04700,dual_band
Nokia,Switch,DGS-1008A,AA:BC:10:00:12:5D,SN-Switch-04701,single_band
TP-Link,Modem,MB8600,AA:BC:10:00:12:5E,SN-Modem-04702,dual_band
Cisco,Access Point,WAP150,AA:BC:10:00:12:5F,SN-AccessPoint-04703,single_band
D-Link,Other,Generic-Device-C,AA:BC:10:00:12:60,SN-Other-04704,dual_band
Huawei,ONT,HG8145V5,AA:BC:10:00:12:61,SN-ONT-04705,single_band
ZTE,ONU,F601,AA:BC:10:00:12:62,SN-ONU-04706,dual_band
Nokia,Router,AX1800,AA:BC:10:00:12:63,SN-Router-04707,single_band
TP-Link,Switch,SG108,AA:BC:10:00:12:64,SN-Switch-04708,dual_band
Cisco,Modem,CM1200,AA:BC:10:00:12:65,SN-Modem-04709,single_band
D-Link,Access Point,U6-Lite,AA:BC:10:00:12:66,SN-AccessPoint-04710,dual_band
Huawei,Other,Generic-Device-A,AA:BC:10:00:12:67,SN-Other-04711,single_band
ZTE,ONT,ZXHN-F680,AA:BC:10:00:12:68,SN-ONT-04712,dual_band
Nokia,ONU,AN5506-01,AA:BC:10:00:12:69,SN-ONU-04713,single_band
TP-Link,Router,Archer C6,AA:BC:10:00:12:6A,SN-Router-04714,dual_band
Cisco,Switch,CBS110,AA:BC:10:00:12:6B,SN-Switch-04715,single_band
D-Link,Modem,TC4400,AA:BC:10:00:12:6C,SN-Modem-04716,dual_band
Huawei,Access Point,EAP225,AA:BC:10:00:12:6D,SN-AccessPoint-04717,single_band
ZTE,Other,Generic-Device-B,AA:BC:10:00:12:6E,SN-Other-04718,dual_band
Nokia,ONT,G-2425G-A,AA:BC:10:00:12:6F,SN-ONT-04719,single_band
TP-Link,ONU,G-140W-C,AA:BC:10:00:12:70,SN-ONU-04720,dual_band
Cisco,Router,RV340,AA:BC:10:00:12:71,SN-Router-04721,single_band
D-Link,Switch,DGS-1008A,AA:BC:10:00:12:72,SN-Switch-04722,dual_band
Huawei,Modem,MB8600,AA:BC:10:00:12:73,SN-Modem-04723,single_band
ZTE,Access Point,WAP150,AA:BC:10:00:12:74,SN-AccessPoint-04724,dual_band
Nokia,Other,Generic-Device-C,AA:BC:10:00:12:75,SN-Other-04725,single_band
TP-Link,ONT,HG8145V5,AA:BC:10:00:12:76,SN-ONT-04726,dual_band
Cisco,ONU,F601,AA:BC:10:00:12:77,SN-ONU-04727,single_band
D-Link,Router,AX1800,AA:BC:10:00:12:78,SN-Router-04728,dual_band
Huawei,Switch,SG108,AA:BC:10:00:12:79,SN-Switch-04729,single_band
ZTE,Modem,CM1200,AA:BC:10:00:12:7A,SN-Modem-04730,dual_band
Nokia,Access Point,U6-Lite,AA:BC:10:00:12:7B,SN-AccessPoint-04731,single_band
TP-Link,Other,Generic-Device-A,AA:BC:10:00:12:7C,SN-Other-04732,dual_band
Cisco,ONT,ZXHN-F680,AA:BC:10:00:12:7D,SN-ONT-04733,single_band
D-Link,ONU,AN5506-01,AA:BC:10:00:12:7E,SN-ONU-04734,dual_band
Huawei,Router,Archer C6,AA:BC:10:00:12:7F,SN-Router-04735,single_band
ZTE,Switch,CBS110,AA:BC:10:00:12:80,SN-Switch-04736,dual_band
Nokia,Modem,TC4400,AA:BC:10:00:12:81,SN-Modem-04737,single_band
TP-Link,Access Point,EAP225,AA:BC:10:00:12:82,SN-AccessPoint-04738,dual_band
Cisco,Other,Generic-Device-B,AA:BC:10:00:12:83,SN-Other-04739,single_band
D-Link,ONT,G-2425G-A,AA:BC:10:00:12:84,SN-ONT-04740,dual_band
Huawei,ONU,G-140W-C,AA:BC:10:00:12:85,SN-ONU-04741,single_band
ZTE,Router,RV340,AA:BC:10:00:12:86,SN-Router-04742,dual_band
Nokia,Switch,DGS-1008A,AA:BC:10:00:12:87,SN-Switch-04743,single_band
TP-Link,Modem,MB8600,AA:BC:10:00:12:88,SN-Modem-04744,dual_band
Cisco,Access Point,WAP150,AA:BC:10:00:12:89,SN-AccessPoint-04745,single_band
D-Link,Other,Generic-Device-C,AA:BC:10:00:12:8A,SN-Other-04746,dual_band
Huawei,ONT,HG8145V5,AA:BC:10:00:12:8B,SN-ONT-04747,single_band
ZTE,ONU,F601,AA:BC:10:00:12:8C,SN-ONU-04748,dual_band
Nokia,Router,AX1800,AA:BC:10:00:12:8D,SN-Router-04749,single_band
TP-Link,Switch,SG108,AA:BC:10:00:12:8E,SN-Switch-04750,dual_band
Cisco,Modem,CM1200,AA:BC:10:00:12:8F,SN-Modem-04751,single_band
D-Link,Access Point,U6-Lite,AA:BC:10:00:12:90,SN-AccessPoint-04752,dual_band
Huawei,Other,Generic-Device-A,AA:BC:10:00:12:91,SN-Other-04753,single_band
ZTE,ONT,ZXHN-F680,AA:BC:10:00:12:92,SN-ONT-04754,dual_band
Nokia,ONU,AN5506-01,AA:BC:10:00:12:93,SN-ONU-04755,single_band
TP-Link,Router,Archer C6,AA:BC:10:00:12:94,SN-Router-04756,dual_band
Cisco,Switch,CBS110,AA:BC:10:00:12:95,SN-Switch-04757,single_band
D-Link,Modem,TC4400,AA:BC:10:00:12:96,SN-Modem-04758,dual_band
Huawei,Access Point,EAP225,AA:BC:10:00:12:97,SN-AccessPoint-04759,single_band
ZTE,Other,Generic-Device-B,AA:BC:10:00:12:98,SN-Other-04760,dual_band
Nokia,ONT,G-2425G-A,AA:BC:10:00:12:99,SN-ONT-04761,single_band
TP-Link,ONU,G-140W-C,AA:BC:10:00:12:9A,SN-ONU-04762,dual_band
Cisco,Router,RV340,AA:BC:10:00:12:9B,SN-Router-04763,single_band
D-Link,Switch,DGS-1008A,AA:BC:10:00:12:9C,SN-Switch-04764,dual_band
Huawei,Modem,MB8600,AA:BC:10:00:12:9D,SN-Modem-04765,single_band
ZTE,Access Point,WAP150,AA:BC:10:00:12:9E,SN-AccessPoint-04766,dual_band
Nokia,Other,Generic-Device-C,AA:BC:10:00:12:9F,SN-Other-04767,single_band
TP-Link,ONT,HG8145V5,AA:BC:10:00:12:A0,SN-ONT-04768,dual_band
Cisco,ONU,F601,AA:BC:10:00:12:A1,SN-ONU-04769,single_band
D-Link,Router,AX1800,AA:BC:10:00:12:A2,SN-Router-04770,dual_band
Huawei,Switch,SG108,AA:BC:10:00:12:A3,SN-Switch-04771,single_band
ZTE,Modem,CM1200,AA:BC:10:00:12:A4,SN-Modem-04772,dual_band
Nokia,Access Point,U6-Lite,AA:BC:10:00:12:A5,SN-AccessPoint-04773,single_band
TP-Link,Other,Generic-Device-A,AA:BC:10:00:12:A6,SN-Other-04774,dual_band
Cisco,ONT,ZXHN-F680,AA:BC:10:00:12:A7,SN-ONT-04775,single_band
D-Link,ONU,AN5506-01,AA:BC:10:00:12:A8,SN-ONU-04776,dual_band
Huawei,Router,Archer C6,AA:BC:10:00:12:A9,SN-Router-04777,single_band
ZTE,Switch,CBS110,AA:BC:10:00:12:AA,SN-Switch-04778,dual_band
Nokia,Modem,TC4400,AA:BC:10:00:12:AB,SN-Modem-04779,single_band
TP-Link,Access Point,EAP225,AA:BC:10:00:12:AC,SN-AccessPoint-04780,dual_band
Cisco,Other,Generic-Device-B,AA:BC:10:00:12:AD,SN-Other-04781,single_band
D-Link,ONT,G-2425G-A,AA:BC:10:00:12:AE,SN-ONT-04782,dual_band
Huawei,ONU,G-140W-C,AA:BC:10:00:12:AF,SN-ONU-04783,single_band
ZTE,Router,RV340,AA:BC:10:00:12:B0,SN-Router-04784,dual_band
Nokia,Switch,DGS-1008A,AA:BC:10:00:12:B1,SN-Switch-04785,single_band
TP-Link,Modem,MB8600,AA:BC:10:00:12:B2,SN-Modem-04786,dual_band
Cisco,Access Point,WAP150,AA:BC:10:00:12:B3,SN-AccessPoint-04787,single_band
D-Link,Other,Generic-Device-C,AA:BC:10:00:12:B4,SN-Other-04788,dual_band
Huawei,ONT,HG8145V5,AA:BC:10:00:12:B5,SN-ONT-04789,single_band
ZTE,ONU,F601,AA:BC:10:00:12:B6,SN-ONU-04790,dual_band
Nokia,Router,AX1800,AA:BC:10:00:12:B7,SN-Router-04791,single_band
TP-Link,Switch,SG108,AA:BC:10:00:12:B8,SN-Switch-04792,dual_band
Cisco,Modem,CM1200,AA:BC:10:00:12:B9,SN-Modem-04793,single_band
D-Link,Access Point,U6-Lite,AA:BC:10:00:12:BA,SN-AccessPoint-04794,dual_band
Huawei,Other,Generic-Device-A,AA:BC:10:00:12:BB,SN-Other-04795,single_band
ZTE,ONT,ZXHN-F680,AA:BC:10:00:12:BC,SN-ONT-04796,dual_band
Nokia,ONU,AN5506-01,AA:BC:10:00:12:BD,SN-ONU-04797,single_band
TP-Link,Router,Archer C6,AA:BC:10:00:12:BE,SN-Router-04798,dual_band
Cisco,Switch,CBS110,AA:BC:10:00:12:BF,SN-Switch-04799,single_band
D-Link,Modem,TC4400,AA:BC:10:00:12:C0,SN-Modem-04800,dual_band
Huawei,Access Point,EAP225,AA:BC:10:00:12:C1,SN-AccessPoint-04801,single_band
ZTE,Other,Generic-Device-B,AA:BC:10:00:12:C2,SN-Other-04802,dual_band
Nokia,ONT,G-2425G-A,AA:BC:10:00:12:C3,SN-ONT-04803,single_band
TP-Link,ONU,G-140W-C,AA:BC:10:00:12:C4,SN-ONU-04804,dual_band
Cisco,Router,RV340,AA:BC:10:00:12:C5,SN-Router-04805,single_band
D-Link,Switch,DGS-1008A,AA:BC:10:00:12:C6,SN-Switch-04806,dual_band
Huawei,Modem,MB8600,AA:BC:10:00:12:C7,SN-Modem-04807,single_band
ZTE,Access Point,WAP150,AA:BC:10:00:12:C8,SN-AccessPoint-04808,dual_band
Nokia,Other,Generic-Device-C,AA:BC:10:00:12:C9,SN-Other-04809,single_band
TP-Link,ONT,HG8145V5,AA:BC:10:00:12:CA,SN-ONT-04810,dual_band
Cisco,ONU,F601,AA:BC:10:00:12:CB,SN-ONU-04811,single_band
D-Link,Router,AX1800,AA:BC:10:00:12:CC,SN-Router-04812,dual_band
Huawei,Switch,SG108,AA:BC:10:00:12:CD,SN-Switch-04813,single_band
ZTE,Modem,CM1200,AA:BC:10:00:12:CE,SN-Modem-04814,dual_band
Nokia,Access Point,U6-Lite,AA:BC:10:00:12:CF,SN-AccessPoint-04815,single_band
TP-Link,Other,Generic-Device-A,AA:BC:10:00:12:D0,SN-Other-04816,dual_band
Cisco,ONT,ZXHN-F680,AA:BC:10:00:12:D1,SN-ONT-04817,single_band
D-Link,ONU,AN5506-01,AA:BC:10:00:12:D2,SN-ONU-04818,dual_band
Huawei,Router,Archer C6,AA:BC:10:00:12:D3,SN-Router-04819,single_band
ZTE,Switch,CBS110,AA:BC:10:00:12:D4,SN-Switch-04820,dual_band
Nokia,Modem,TC4400,AA:BC:10:00:12:D5,SN-Modem-04821,single_band
TP-Link,Access Point,EAP225,AA:BC:10:00:12:D6,SN-AccessPoint-04822,dual_band
Cisco,Other,Generic-Device-B,AA:BC:10:00:12:D7,SN-Other-04823,single_band
D-Link,ONT,G-2425G-A,AA:BC:10:00:12:D8,SN-ONT-04824,dual_band
Huawei,ONU,G-140W-C,AA:BC:10:00:12:D9,SN-ONU-04825,single_band
ZTE,Router,RV340,AA:BC:10:00:12:DA,SN-Router-04826,dual_band
Nokia,Switch,DGS-1008A,AA:BC:10:00:12:DB,SN-Switch-04827,single_band
TP-Link,Modem,MB8600,AA:BC:10:00:12:DC,SN-Modem-04828,dual_band
Cisco,Access Point,WAP150,AA:BC:10:00:12:DD,SN-AccessPoint-04829,single_band
D-Link,Other,Generic-Device-C,AA:BC:10:00:12:DE,SN-Other-04830,dual_band
Huawei,ONT,HG8145V5,AA:BC:10:00:12:DF,SN-ONT-04831,single_band
ZTE,ONU,F601,AA:BC:10:00:12:E0,SN-ONU-04832,dual_band
Nokia,Router,AX1800,AA:BC:10:00:12:E1,SN-Router-04833,single_band
TP-Link,Switch,SG108,AA:BC:10:00:12:E2,SN-Switch-04834,dual_band
Cisco,Modem,CM1200,AA:BC:10:00:12:E3,SN-Modem-04835,single_band
D-Link,Access Point,U6-Lite,AA:BC:10:00:12:E4,SN-AccessPoint-04836,dual_band
Huawei,Other,Generic-Device-A,AA:BC:10:00:12:E5,SN-Other-04837,single_band
ZTE,ONT,ZXHN-F680,AA:BC:10:00:12:E6,SN-ONT-04838,dual_band
Nokia,ONU,AN5506-01,AA:BC:10:00:12:E7,SN-ONU-04839,single_band
TP-Link,Router,Archer C6,AA:BC:10:00:12:E8,SN-Router-04840,dual_band
Cisco,Switch,CBS110,AA:BC:10:00:12:E9,SN-Switch-04841,single_band
D-Link,Modem,TC4400,AA:BC:10:00:12:EA,SN-Modem-04842,dual_band
Huawei,Access Point,EAP225,AA:BC:10:00:12:EB,SN-AccessPoint-04843,single_band
ZTE,Other,Generic-Device-B,AA:BC:10:00:12:EC,SN-Other-04844,dual_band
Nokia,ONT,G-2425G-A,AA:BC:10:00:12:ED,SN-ONT-04845,single_band
TP-Link,ONU,G-140W-C,AA:BC:10:00:12:EE,SN-ONU-04846,dual_band
Cisco,Router,RV340,AA:BC:10:00:12:EF,SN-Router-04847,single_band
D-Link,Switch,DGS-1008A,AA:BC:10:00:12:F0,SN-Switch-04848,dual_band
Huawei,Modem,MB8600,AA:BC:10:00:12:F1,SN-Modem-04849,single_band
ZTE,Access Point,WAP150,AA:BC:10:00:12:F2,SN-AccessPoint-04850,dual_band
Nokia,Other,Generic-Device-C,AA:BC:10:00:12:F3,SN-Other-04851,single_band
TP-Link,ONT,HG8145V5,AA:BC:10:00:12:F4,SN-ONT-04852,dual_band
Cisco,ONU,F601,AA:BC:10:00:12:F5,SN-ONU-04853,single_band
D-Link,Router,AX1800,AA:BC:10:00:12:F6,SN-Router-04854,dual_band
Huawei,Switch,SG108,AA:BC:10:00:12:F7,SN-Switch-04855,single_band
ZTE,Modem,CM1200,AA:BC:10:00:12:F8,SN-Modem-04856,dual_band
Nokia,Access Point,U6-Lite,AA:BC:10:00:12:F9,SN-AccessPoint-04857,single_band
TP-Link,Other,Generic-Device-A,AA:BC:10:00:12:FA,SN-Other-04858,dual_band
Cisco,ONT,ZXHN-F680,AA:BC:10:00:12:FB,SN-ONT-04859,single_band
D-Link,ONU,AN5506-01,AA:BC:10:00:12:FC,SN-ONU-04860,dual_band
Huawei,Router,Archer C6,AA:BC:10:00:12:FD,SN-Router-04861,single_band
ZTE,Switch,CBS110,AA:BC:10:00:12:FE,SN-Switch-04862,dual_band
Nokia,Modem,TC4400,AA:BC:10:00:12:FF,SN-Modem-04863,single_band
TP-Link,Access Point,EAP225,AA:BC:10:00:13:00,SN-AccessPoint-04864,dual_band
Cisco,Other,Generic-Device-B,AA:BC:10:00:13:01,SN-Other-04865,single_band
D-Link,ONT,G-2425G-A,AA:BC:10:00:13:02,SN-ONT-04866,dual_band
Huawei,ONU,G-140W-C,AA:BC:10:00:13:03,SN-ONU-04867,single_band
ZTE,Router,RV340,AA:BC:10:00:13:04,SN-Router-04868,dual_band
Nokia,Switch,DGS-1008A,AA:BC:10:00:13:05,SN-Switch-04869,single_band
TP-Link,Modem,MB8600,AA:BC:10:00:13:06,SN-Modem-04870,dual_band
Cisco,Access Point,WAP150,AA:BC:10:00:13:07,SN-AccessPoint-04871,single_band
D-Link,Other,Generic-Device-C,AA:BC:10:00:13:08,SN-Other-04872,dual_band
Huawei,ONT,HG8145V5,AA:BC:10:00:13:09,SN-ONT-04873,single_band
ZTE,ONU,F601,AA:BC:10:00:13:0A,SN-ONU-04874,dual_band
Nokia,Router,AX1800,AA:BC:10:00:13:0B,SN-Router-04875,single_band
TP-Link,Switch,SG108,AA:BC:10:00:13:0C,SN-Switch-04876,dual_band
Cisco,Modem,CM1200,AA:BC:10:00:13:0D,SN-Modem-04877,single_band
D-Link,Access Point,U6-Lite,AA:BC:10:00:13:0E,SN-AccessPoint-04878,dual_band
Huawei,Other,Generic-Device-A,AA:BC:10:00:13:0F,SN-Other-04879,single_band
ZTE,ONT,ZXHN-F680,AA:BC:10:00:13:10,SN-ONT-04880,dual_band
Nokia,ONU,AN5506-01,AA:BC:10:00:13:11,SN-ONU-04881,single_band
TP-Link,Router,Archer C6,AA:BC:10:00:13:12,SN-Router-04882,dual_band
Cisco,Switch,CBS110,AA:BC:10:00:13:13,SN-Switch-04883,single_band
D-Link,Modem,TC4400,AA:BC:10:00:13:14,SN-Modem-04884,dual_band
Huawei,Access Point,EAP225,AA:BC:10:00:13:15,SN-AccessPoint-04885,single_band
ZTE,Other,Generic-Device-B,AA:BC:10:00:13:16,SN-Other-04886,dual_band
Nokia,ONT,G-2425G-A,AA:BC:10:00:13:17,SN-ONT-04887,single_band
TP-Link,ONU,G-140W-C,AA:BC:10:00:13:18,SN-ONU-04888,dual_band
Cisco,Router,RV340,AA:BC:10:00:13:19,SN-Router-04889,single_band
D-Link,Switch,DGS-1008A,AA:BC:10:00:13:1A,SN-Switch-04890,dual_band
Huawei,Modem,MB8600,AA:BC:10:00:13:1B,SN-Modem-04891,single_band
ZTE,Access Point,WAP150,AA:BC:10:00:13:1C,SN-AccessPoint-04892,dual_band
Nokia,Other,Generic-Device-C,AA:BC:10:00:13:1D,SN-Other-04893,single_band
TP-Link,ONT,HG8145V5,AA:BC:10:00:13:1E,SN-ONT-04894,dual_band
Cisco,ONU,F601,AA:BC:10:00:13:1F,SN-ONU-04895,single_band
D-Link,Router,AX1800,AA:BC:10:00:13:20,SN-Router-04896,dual_band
Huawei,Switch,SG108,AA:BC:10:00:13:21,SN-Switch-04897,single_band
ZTE,Modem,CM1200,AA:BC:10:00:13:22,SN-Modem-04898,dual_band
Nokia,Access Point,U6-Lite,AA:BC:10:00:13:23,SN-AccessPoint-04899,single_band
TP-Link,Other,Generic-Device-A,AA:BC:10:00:13:24,SN-Other-04900,dual_band
Cisco,ONT,ZXHN-F680,AA:BC:10:00:13:25,SN-ONT-04901,single_band
D-Link,ONU,AN5506-01,AA:BC:10:00:13:26,SN-ONU-04902,dual_band
Huawei,Router,Archer C6,AA:BC:10:00:13:27,SN-Router-04903,single_band
ZTE,Switch,CBS110,AA:BC:10:00:13:28,SN-Switch-04904,dual_band
Nokia,Modem,TC4400,AA:BC:10:00:13:29,SN-Modem-04905,single_band
TP-Link,Access Point,EAP225,AA:BC:10:00:13:2A,SN-AccessPoint-04906,dual_band
Cisco,Other,Generic-Device-B,AA:BC:10:00:13:2B,SN-Other-04907,single_band
D-Link,ONT,G-2425G-A,AA:BC:10:00:13:2C,SN-ONT-04908,dual_band
Huawei,ONU,G-140W-C,AA:BC:10:00:13:2D,SN-ONU-04909,single_band
ZTE,Router,RV340,AA:BC:10:00:13:2E,SN-Router-04910,dual_band
Nokia,Switch,DGS-1008A,AA:BC:10:00:13:2F,SN-Switch-04911,single_band
TP-Link,Modem,MB8600,AA:BC:10:00:13:30,SN-Modem-04912,dual_band
Cisco,Access Point,WAP150,AA:BC:10:00:13:31,SN-AccessPoint-04913,single_band
D-Link,Other,Generic-Device-C,AA:BC:10:00:13:32,SN-Other-04914,dual_band
Huawei,ONT,HG8145V5,AA:BC:10:00:13:33,SN-ONT-04915,single_band
ZTE,ONU,F601,AA:BC:10:00:13:34,SN-ONU-04916,dual_band
Nokia,Router,AX1800,AA:BC:10:00:13:35,SN-Router-04917,single_band
TP-Link,Switch,SG108,AA:BC:10:00:13:36,SN-Switch-04918,dual_band
Cisco,Modem,CM1200,AA:BC:10:00:13:37,SN-Modem-04919,single_band
D-Link,Access Point,U6-Lite,AA:BC:10:00:13:38,SN-AccessPoint-04920,dual_band
Huawei,Other,Generic-Device-A,AA:BC:10:00:13:39,SN-Other-04921,single_band
ZTE,ONT,ZXHN-F680,AA:BC:10:00:13:3A,SN-ONT-04922,dual_band
Nokia,ONU,AN5506-01,AA:BC:10:00:13:3B,SN-ONU-04923,single_band
TP-Link,Router,Archer C6,AA:BC:10:00:13:3C,SN-Router-04924,dual_band
Cisco,Switch,CBS110,AA:BC:10:00:13:3D,SN-Switch-04925,single_band
D-Link,Modem,TC4400,AA:BC:10:00:13:3E,SN-Modem-04926,dual_band
Huawei,Access Point,EAP225,AA:BC:10:00:13:3F,SN-AccessPoint-04927,single_band
ZTE,Other,Generic-Device-B,AA:BC:10:00:13:40,SN-Other-04928,dual_band
Nokia,ONT,G-2425G-A,AA:BC:10:00:13:41,SN-ONT-04929,single_band
TP-Link,ONU,G-140W-C,AA:BC:10:00:13:42,SN-ONU-04930,dual_band
Cisco,Router,RV340,AA:BC:10:00:13:43,SN-Router-04931,single_band
D-Link,Switch,DGS-1008A,AA:BC:10:00:13:44,SN-Switch-04932,dual_band
Huawei,Modem,MB8600,AA:BC:10:00:13:45,SN-Modem-04933,single_band
ZTE,Access Point,WAP150,AA:BC:10:00:13:46,SN-AccessPoint-04934,dual_band
Nokia,Other,Generic-Device-C,AA:BC:10:00:13:47,SN-Other-04935,single_band
TP-Link,ONT,HG8145V5,AA:BC:10:00:13:48,SN-ONT-04936,dual_band
Cisco,ONU,F601,AA:BC:10:00:13:49,SN-ONU-04937,single_band
D-Link,Router,AX1800,AA:BC:10:00:13:4A,SN-Router-04938,dual_band
Huawei,Switch,SG108,AA:BC:10:00:13:4B,SN-Switch-04939,single_band
ZTE,Modem,CM1200,AA:BC:10:00:13:4C,SN-Modem-04940,dual_band
Nokia,Access Point,U6-Lite,AA:BC:10:00:13:4D,SN-AccessPoint-04941,single_band
TP-Link,Other,Generic-Device-A,AA:BC:10:00:13:4E,SN-Other-04942,dual_band
Cisco,ONT,ZXHN-F680,AA:BC:10:00:13:4F,SN-ONT-04943,single_band
D-Link,ONU,AN5506-01,AA:BC:10:00:13:50,SN-ONU-04944,dual_band
Huawei,Router,Archer C6,AA:BC:10:00:13:51,SN-Router-04945,single_band
ZTE,Switch,CBS110,AA:BC:10:00:13:52,SN-Switch-04946,dual_band
Nokia,Modem,TC4400,AA:BC:10:00:13:53,SN-Modem-04947,single_band
TP-Link,Access Point,EAP225,AA:BC:10:00:13:54,SN-AccessPoint-04948,dual_band
Cisco,Other,Generic-Device-B,AA:BC:10:00:13:55,SN-Other-04949,single_band
D-Link,ONT,G-2425G-A,AA:BC:10:00:13:56,SN-ONT-04950,dual_band
Huawei,ONU,G-140W-C,AA:BC:10:00:13:57,SN-ONU-04951,single_band
ZTE,Router,RV340,AA:BC:10:00:13:58,SN-Router-04952,dual_band
Nokia,Switch,DGS-1008A,AA:BC:10:00:13:59,SN-Switch-04953,single_band
TP-Link,Modem,MB8600,AA:BC:10:00:13:5A,SN-Modem-04954,dual_band
Cisco,Access Point,WAP150,AA:BC:10:00:13:5B,SN-AccessPoint-04955,single_band
D-Link,Other,Generic-Device-C,AA:BC:10:00:13:5C,SN-Other-04956,dual_band
Huawei,ONT,HG8145V5,AA:BC:10:00:13:5D,SN-ONT-04957,single_band
ZTE,ONU,F601,AA:BC:10:00:13:5E,SN-ONU-04958,dual_band
Nokia,Router,AX1800,AA:BC:10:00:13:5F,SN-Router-04959,single_band
TP-Link,Switch,SG108,AA:BC:10:00:13:60,SN-Switch-04960,dual_band
Cisco,Modem,CM1200,AA:BC:10:00:13:61,SN-Modem-04961,single_band
D-Link,Access Point,U6-Lite,AA:BC:10:00:13:62,SN-AccessPoint-04962,dual_band
Huawei,Other,Generic-Device-A,AA:BC:10:00:13:63,SN-Other-04963,single_band
ZTE,ONT,ZXHN-F680,AA:BC:10:00:13:64,SN-ONT-04964,dual_band
Nokia,ONU,AN5506-01,AA:BC:10:00:13:65,SN-ONU-04965,single_band
TP-Link,Router,Archer C6,AA:BC:10:00:13:66,SN-Router-04966,dual_band
Cisco,Switch,CBS110,AA:BC:10:00:13:67,SN-Switch-04967,single_band
D-Link,Modem,TC4400,AA:BC:10:00:13:68,SN-Modem-04968,dual_band
Huawei,Access Point,EAP225,AA:BC:10:00:13:69,SN-AccessPoint-04969,single_band
ZTE,Other,Generic-Device-B,AA:BC:10:00:13:6A,SN-Other-04970,dual_band
Nokia,ONT,G-2425G-A,AA:BC:10:00:13:6B,SN-ONT-04971,single_band
TP-Link,ONU,G-140W-C,AA:BC:10:00:13:6C,SN-ONU-04972,dual_band
Cisco,Router,RV340,AA:BC:10:00:13:6D,SN-Router-04973,single_band
D-Link,Switch,DGS-1008A,AA:BC:10:00:13:6E,SN-Switch-04974,dual_band
Huawei,Modem,MB8600,AA:BC:10:00:13:6F,SN-Modem-04975,single_band
ZTE,Access Point,WAP150,AA:BC:10:00:13:70,SN-AccessPoint-04976,dual_band
Nokia,Other,Generic-Device-C,AA:BC:10:00:13:71,SN-Other-04977,single_band
TP-Link,ONT,HG8145V5,AA:BC:10:00:13:72,SN-ONT-04978,dual_band
Cisco,ONU,F601,AA:BC:10:00:13:73,SN-ONU-04979,single_band
D-Link,Router,AX1800,AA:BC:10:00:13:74,SN-Router-04980,dual_band
Huawei,Switch,SG108,AA:BC:10:00:13:75,SN-Switch-04981,single_band
ZTE,Modem,CM1200,AA:BC:10:00:13:76,SN-Modem-04982,dual_band
Nokia,Access Point,U6-Lite,AA:BC:10:00:13:77,SN-AccessPoint-04983,single_band
TP-Link,Other,Generic-Device-A,AA:BC:10:00:13:78,SN-Other-04984,dual_band
Cisco,ONT,ZXHN-F680,AA:BC:10:00:13:79,SN-ONT-04985,single_band
D-Link,ONU,AN5506-01,AA:BC:10:00:13:7A,SN-ONU-04986,dual_band
Huawei,Router,Archer C6,AA:BC:10:00:13:7B,SN-Router-04987,single_band
ZTE,Switch,CBS110,AA:BC:10:00:13:7C,SN-Switch-04988,dual_band
Nokia,Modem,TC4400,AA:BC:10:00:13:7D,SN-Modem-04989,single_band
TP-Link,Access Point,EAP225,AA:BC:10:00:13:7E,SN-AccessPoint-04990,dual_band
Cisco,Other,Generic-Device-B,AA:BC:10:00:13:7F,SN-Other-04991,single_band
D-Link,ONT,G-2425G-A,AA:BC:10:00:13:80,SN-ONT-04992,dual_band
Huawei,ONU,G-140W-C,AA:BC:10:00:13:81,SN-ONU-04993,single_band
ZTE,Router,RV340,AA:BC:10:00:13:82,SN-Router-04994,dual_band
Nokia,Switch,DGS-1008A,AA:BC:10:00:13:83,SN-Switch-04995,single_band
TP-Link,Modem,MB8600,AA:BC:10:00:13:84,SN-Modem-04996,dual_band
Cisco,Access Point,WAP150,AA:BC:10:00:13:85,SN-AccessPoint-04997,single_band
D-Link,Other,Generic-Device-C,AA:BC:10:00:13:86,SN-Other-04998,dual_band
Huawei,ONT,HG8145V5,AA:BC:10:00:13:87,SN-ONT-04999,single_band
ZTE,ONU,F601,AA:BC:10:00:13:88,SN-ONU-05000,dual_band
